row,col,lat,lon,p_land,p_water,p_land_vs_water,mass_land_water,logp_land,logp_water,argmax_token,argmax_prob,p_land_lower,p_water_lower,p_land_space,p_water_space,p_land_upper,p_water_upper
0,0,85,-175,9.999995e-01,5.351755e-09,1.000000,1.000000,-0.00000,-19.04584,Land,1.000000,1.508334e-08,4.382151e-13,1.044859e-07,1.227139e-14,2.944860e-10,7.898383e-14
0,1,85,-165,9.999992e-01,5.399603e-09,1.000000,0.999999,-0.00000,-19.03694,Land,0.999999,3.973397e-08,6.973770e-13,1.731372e-07,2.225666e-14,1.049034e-09,1.412859e-13
0,2,85,-155,9.999992e-01,1.146618e-08,1.000000,0.999999,-0.00000,-18.28386,Land,0.999999,4.013878e-08,8.486483e-13,1.191622e-07,1.893192e-14,1.166490e-09,1.404971e-13
0,3,85,-145,9.999993e-01,9.560289e-09,1.000000,0.999999,-0.00000,-18.46565,Land,0.999999,5.122513e-08,1.100443e-12,1.143369e-07,1.779385e-14,8.635452e-10,1.770101e-13
0,4,85,-135,9.999990e-01,1.998627e-09,1.000000,0.999999,-0.00000,-20.03081,Land,0.999999,1.959384e-08,2.982916e-13,3.373006e-07,2.902538e-14,4.508829e-10,6.859365e-14
0,5,85,-125,9.999994e-01,6.486662e-10,1.000000,0.999999,-0.00000,-21.15610,Land,0.999999,2.316506e-08,1.327544e-13,1.475377e-07,7.096412e-15,4.430646e-10,2.923338e-14
0,6,85,-115,9.999984e-01,8.355333e-10,1.000000,0.999998,-0.00000,-20.90295,Land,0.999998,3.944850e-08,3.849858e-13,5.749354e-07,7.238527e-14,1.099800e-09,1.040399e-13
0,7,85,-105,9.999992e-01,1.573343e-09,1.000000,0.999999,-0.00000,-20.27006,Land,0.999999,2.376743e-08,2.784956e-13,1.883612e-07,2.167759e-14,6.756727e-10,6.744121e-14
0,8,85,-95,9.999968e-01,1.252955e-09,1.000000,0.999997,-0.00000,-20.49776,Land,0.999997,9.382625e-08,1.305540e-13,1.223181e-07,9.481989e-15,1.029772e-09,1.976880e-14
0,9,85,-85,9.999968e-01,4.889947e-10,1.000000,0.999997,-0.00000,-21.43867,Land,0.999997,1.060907e-07,2.086869e-13,2.015700e-07,2.224852e-14,1.238294e-09,3.220513e-14
0,10,85,-75,9.999954e-01,2.935677e-09,1.000000,0.999995,-0.00000,-19.64633,Land,0.999995,1.337018e-07,2.485674e-13,3.052793e-07,2.949850e-14,3.098095e-09,5.812193e-14
0,11,85,-65,9.999940e-01,6.818845e-09,1.000000,0.999994,-0.00001,-18.80358,Land,0.999994,2.327931e-07,6.326652e-13,1.447510e-07,3.136390e-14,3.560087e-09,9.964271e-14
0,12,85,-55,9.999977e-01,6.830298e-09,1.000000,0.999998,-0.00000,-18.80190,Land,0.999998,5.541730e-08,6.431186e-13,1.788090e-07,4.819407e-14,1.591425e-09,1.024051e-13
0,13,85,-45,9.999961e-01,1.058336e-09,1.000000,0.999996,-0.00000,-20.66657,Land,0.999996,6.480625e-08,1.452176e-13,2.774131e-07,1.264198e-14,2.286939e-09,4.051118e-14
0,14,85,-35,9.999960e-01,2.642571e-09,1.000000,0.999996,-0.00000,-19.75151,Land,0.999996,9.641283e-08,1.560220e-13,1.904009e-07,9.670823e-15,2.038289e-09,3.492002e-14
0,15,85,-25,9.999975e-01,1.369604e-09,1.000000,0.999997,-0.00000,-20.40874,Land,0.999997,4.401125e-08,2.235958e-13,2.281835e-07,2.815565e-14,1.381357e-09,4.592841e-14
0,16,85,-15,9.999994e-01,3.993048e-09,1.000000,0.999999,-0.00000,-19.33871,Land,0.999999,5.391209e-08,3.990533e-13,4.423004e-08,3.144947e-15,9.334631e-10,5.601112e-14
0,17,85,-5,9.999974e-01,2.574743e-09,1.000000,0.999997,-0.00000,-19.77752,Land,0.999997,4.308883e-08,3.466288e-13,2.050750e-07,3.063471e-14,1.655530e-09,7.587792e-14
0,18,85,5,9.999976e-01,1.217793e-09,1.000000,0.999998,-0.00000,-20.52623,Land,0.999998,4.517928e-08,2.006670e-13,2.535032e-07,2.522554e-14,2.130704e-09,5.218183e-14
0,19,85,15,9.999992e-01,2.574220e-08,1.000000,0.999999,-0.00000,-17.47513,Land,0.999999,4.811286e-08,1.649251e-12,3.120287e-08,6.770151e-15,1.046067e-09,1.976409e-13
0,20,85,25,9.999975e-01,7.808386e-09,1.000000,0.999997,-0.00000,-18.66807,Land,0.999997,2.966148e-08,8.174623e-13,3.213023e-07,1.039441e-13,1.329233e-09,1.741225e-13
0,21,85,35,9.999956e-01,3.357849e-09,1.000000,0.999996,-0.00000,-19.51197,Land,0.999996,1.160873e-07,2.870458e-13,1.918796e-07,1.945956e-14,3.057869e-09,6.386972e-14
0,22,85,45,9.999955e-01,8.829818e-09,1.000000,0.999995,-0.00000,-18.54513,Land,0.999995,1.746383e-07,3.756467e-13,1.247445e-07,1.236499e-14,3.782412e-09,7.422418e-14
0,23,85,55,9.999897e-01,1.291294e-07,1.000000,0.999990,-0.00001,-15.86245,Land,0.999990,3.646953e-07,2.802192e-12,1.289020e-07,4.596399e-14,1.034127e-08,3.696141e-13
0,24,85,65,9.999956e-01,1.208473e-08,1.000000,0.999996,-0.00000,-18.23132,Land,0.999996,1.017881e-07,4.170414e-13,1.092206e-07,2.662387e-14,2.837130e-09,6.511982e-14
0,25,85,75,9.999974e-01,3.931875e-09,1.000000,0.999997,-0.00000,-19.35415,Land,0.999997,4.960865e-08,8.949578e-14,1.162736e-07,8.021611e-15,1.349655e-09,2.266073e-14
0,26,85,85,9.999959e-01,1.474205e-08,1.000000,0.999996,-0.00000,-18.03256,Land,0.999996,1.458535e-07,1.245267e-12,2.502015e-07,1.111559e-13,3.648959e-09,1.614654e-13
0,27,85,95,9.999957e-01,6.643097e-09,1.000000,0.999996,-0.00000,-18.82969,Land,0.999996,1.032736e-07,3.496145e-13,1.376983e-07,2.616992e-14,2.389139e-09,8.817764e-14
0,28,85,105,9.999985e-01,3.251842e-09,1.000000,0.999998,-0.00000,-19.54404,Land,0.999998,5.681822e-08,6.106037e-13,3.726374e-07,5.660304e-14,1.282022e-09,1.614927e-13
0,29,85,115,9.999971e-01,1.675869e-09,1.000000,0.999997,-0.00000,-20.20693,Land,0.999997,5.810054e-08,5.575186e-13,1.144793e-06,1.013160e-13,1.214318e-09,1.510329e-13
0,30,85,125,9.999991e-01,6.516994e-10,1.000000,0.999999,-0.00000,-21.15144,Land,0.999999,3.751318e-08,2.039368e-13,1.903548e-07,1.021696e-14,8.064700e-10,4.537367e-14
0,31,85,135,9.999983e-01,9.354468e-10,1.000000,0.999998,-0.00000,-20.79000,Land,0.999998,4.114802e-08,2.831858e-13,4.943217e-07,2.726030e-14,1.028690e-09,7.060974e-14
0,32,85,145,9.999986e-01,1.391970e-09,1.000000,0.999999,-0.00000,-20.39255,Land,0.999999,2.189817e-08,1.797023e-13,4.496758e-07,2.228557e-14,7.712586e-10,5.985444e-14
0,33,85,155,9.999990e-01,1.533970e-08,1.000000,0.999999,-0.00000,-17.99282,Land,0.999999,5.255861e-08,1.221997e-12,1.496471e-07,3.512905e-14,1.493360e-09,3.067954e-13
0,34,85,165,9.999993e-01,2.491232e-09,1.000000,0.999999,-0.00000,-19.81049,Land,0.999999,2.098495e-08,3.121622e-13,1.591972e-07,1.508277e-14,6.379297e-10,8.711858e-14
0,35,85,175,9.999994e-01,1.799260e-09,1.000000,0.999999,-0.00000,-20.13589,Land,0.999999,1.735330e-08,2.475015e-13,1.656019e-07,1.483878e-14,7.765377e-10,5.247626e-14
1,0,75,-175,9.999973e-01,1.198451e-08,1.000000,0.999997,-0.00000,-18.23965,Land,0.999997,1.896582e-07,1.337589e-12,9.680854e-08,8.312975e-14,2.725029e-09,1.427355e-13
1,1,75,-165,9.999980e-01,1.627952e-09,1.000000,0.999998,-0.00000,-20.23594,Land,0.999998,4.360477e-08,2.672316e-13,1.829613e-07,3.546621e-14,1.118825e-09,6.068899e-14
1,2,75,-155,9.999971e-01,2.011869e-09,1.000000,0.999997,-0.00000,-20.02420,Land,0.999997,1.110414e-07,6.210394e-13,2.456307e-07,6.762539e-14,1.640251e-09,9.719722e-14
1,3,75,-145,9.999980e-01,1.758528e-09,1.000000,0.999998,-0.00000,-20.15879,Land,0.999998,4.212513e-08,3.084794e-13,1.971827e-07,5.241827e-14,1.610409e-09,8.550379e-14
1,4,75,-135,9.999976e-01,4.664880e-10,1.000000,0.999998,-0.00000,-21.48579,Land,0.999998,6.938438e-08,2.108410e-13,4.329859e-07,3.901542e-14,1.456122e-09,4.290346e-14
1,5,75,-125,9.999969e-01,2.933599e-09,1.000000,0.999997,-0.00000,-19.64704,Land,0.999997,9.883619e-08,7.544275e-13,4.776756e-07,1.270857e-13,2.096933e-09,1.134222e-13
1,6,75,-115,9.999969e-01,3.024035e-09,1.000000,0.999997,-0.00000,-19.61667,Land,0.999997,1.000316e-07,5.359706e-13,4.478570e-07,1.144126e-13,4.050869e-09,1.511025e-13
1,7,75,-105,9.999966e-01,3.194589e-09,1.000000,0.999997,-0.00000,-19.56181,Land,0.999997,1.651793e-07,1.224956e-12,4.799243e-07,2.129840e-13,4.957697e-09,2.821724e-13
1,8,75,-95,9.999980e-01,1.436055e-08,1.000000,0.999998,-0.00000,-18.05878,Land,0.999998,3.150141e-08,7.287317e-13,1.971357e-07,1.215848e-13,1.158687e-09,1.603228e-13
1,9,75,-85,9.999963e-01,8.629734e-09,1.000000,0.999996,-0.00000,-18.56805,Land,0.999996,5.191116e-08,8.584619e-13,5.008084e-07,1.790133e-13,1.736884e-09,1.709946e-13
1,10,75,-75,9.999977e-01,4.001770e-09,1.000000,0.999998,-0.00000,-19.33653,Land,0.999998,1.155054e-07,4.003159e-13,2.469828e-07,8.100600e-14,1.267170e-09,4.931523e-14
1,11,75,-65,9.999976e-01,6.270940e-08,1.000000,0.999998,-0.00000,-16.58475,Land,0.999998,1.733126e-07,1.675890e-12,1.480728e-07,1.387308e-13,1.698005e-09,1.984917e-13
1,12,75,-55,9.999970e-01,9.760348e-08,1.000000,0.999997,-0.00000,-16.14235,Land,0.999997,2.228293e-07,1.451003e-12,1.609363e-07,1.517994e-13,2.022172e-09,1.380358e-13
1,13,75,-45,9.999967e-01,2.357205e-08,1.000000,0.999997,-0.00000,-17.56320,Land,0.999997,9.996360e-08,1.218567e-12,4.787240e-07,2.478887e-13,1.787633e-09,1.836729e-13
1,14,75,-35,9.999966e-01,6.876874e-09,1.000000,0.999997,-0.00000,-18.79510,Land,0.999997,3.123069e-08,3.852951e-13,2.649441e-07,6.788926e-14,8.467016e-10,7.424048e-14
1,15,75,-25,9.999963e-01,4.804662e-08,1.000000,0.999996,-0.00000,-16.85109,Land,0.999996,1.158662e-07,1.256981e-12,3.483584e-07,1.950376e-13,1.313581e-09,1.836257e-13
1,16,75,-15,9.999969e-01,3.913758e-09,1.000000,0.999997,-0.00000,-19.35877,Land,0.999997,3.244826e-08,2.411373e-13,3.180339e-07,6.008499e-14,1.444083e-09,7.743534e-14
1,17,75,-5,9.999957e-01,7.622336e-09,1.000000,0.999996,-0.00000,-18.69218,Land,0.999996,5.349449e-08,7.774503e-13,3.742897e-07,1.541588e-13,2.117884e-09,1.876123e-13
1,18,75,5,9.999947e-01,1.020399e-08,1.000000,0.999995,-0.00001,-18.40049,Land,0.999995,6.268435e-08,8.228083e-13,5.581480e-07,1.784372e-13,2.778047e-09,2.197593e-13
1,19,75,15,9.999964e-01,4.889630e-09,1.000000,0.999996,-0.00000,-19.13615,Land,0.999996,5.470747e-08,6.382402e-13,4.276378e-07,1.652200e-13,2.161695e-09,1.678945e-13
1,20,75,25,9.999973e-01,3.009743e-09,1.000000,0.999997,-0.00000,-19.62141,Land,0.999997,3.646597e-08,3.897055e-13,4.661964e-07,9.891051e-14,1.170385e-09,9.139112e-14
1,21,75,35,9.999968e-01,2.735299e-09,1.000000,0.999997,-0.00000,-19.71703,Land,0.999997,3.284762e-08,2.508170e-13,5.384241e-07,7.762246e-14,8.654484e-10,5.609137e-14
1,22,75,45,9.999982e-01,4.735943e-09,1.000000,0.999998,-0.00000,-19.16809,Land,0.999998,4.695224e-08,5.916857e-13,3.333648e-07,1.405243e-13,6.798377e-10,1.163908e-13
1,23,75,55,9.999971e-01,1.220382e-08,1.000000,0.999997,-0.00000,-18.22152,Land,0.999997,7.433972e-08,6.038507e-13,2.208004e-07,1.017716e-13,1.040984e-09,8.331157e-14
1,24,75,65,9.999979e-01,2.832324e-08,1.000000,0.999998,-0.00000,-17.37958,Land,0.999998,1.091859e-07,5.153966e-13,1.205271e-07,5.552170e-14,1.174039e-09,8.326532e-14
1,25,75,75,9.999932e-01,9.996687e-09,1.000000,0.999993,-0.00001,-18.42101,Land,0.999993,1.857159e-07,9.995485e-13,8.529953e-07,2.574275e-13,3.385916e-09,2.545531e-13
1,26,75,85,9.999980e-01,8.277656e-09,1.000000,0.999998,-0.00000,-18.60971,Land,0.999998,2.786937e-08,5.383646e-13,2.903995e-07,1.062583e-13,7.197210e-10,9.901979e-14
1,27,75,95,9.999975e-01,9.386125e-09,1.000000,0.999997,-0.00000,-18.48403,Land,0.999997,6.082978e-08,9.369427e-13,2.312610e-07,1.232544e-13,1.319570e-09,1.724195e-13
1,28,75,105,9.999960e-01,3.379363e-09,1.000000,0.999996,-0.00000,-19.50558,Land,0.999996,1.499698e-07,1.253852e-12,8.383281e-07,2.690090e-13,5.124406e-09,2.621777e-13
1,29,75,115,9.999963e-01,1.260699e-09,1.000000,0.999996,-0.00000,-20.49160,Land,0.999996,1.409006e-07,4.788091e-13,6.742672e-07,9.528574e-14,5.337724e-09,1.335532e-13
1,30,75,125,9.999936e-01,9.949218e-09,1.000000,0.999994,-0.00001,-18.42577,Land,0.999994,1.364621e-07,1.724874e-12,6.667643e-07,3.512518e-13,3.163304e-09,2.781568e-13
1,31,75,135,9.999959e-01,9.197603e-10,1.000000,0.999996,-0.00000,-20.80691,Land,0.999996,8.652215e-08,3.098356e-13,6.127761e-07,5.525932e-14,2.354995e-09,6.770203e-14
1,32,75,145,9.999967e-01,2.938347e-09,1.000000,0.999997,-0.00000,-19.64542,Land,0.999997,8.413819e-08,5.631474e-13,3.521175e-07,1.084646e-13,2.141458e-09,1.505773e-13
1,33,75,155,9.999959e-01,4.141234e-09,1.000000,0.999996,-0.00000,-19.30227,Land,0.999996,1.553678e-07,7.502474e-13,2.805300e-07,8.639673e-14,4.832989e-09,1.388186e-13
1,34,75,165,9.999973e-01,5.331456e-09,1.000000,0.999997,-0.00000,-19.04964,Land,0.999997,6.102777e-08,4.944059e-13,2.052966e-07,5.902056e-14,2.122230e-09,1.069954e-13
1,35,75,175,9.999980e-01,6.445720e-08,1.000000,0.999998,-0.00000,-16.55726,Land,0.999998,1.240716e-07,1.842400e-12,1.910577e-07,1.800929e-13,1.917052e-09,2.142253e-13
2,0,65,-175,9.999964e-01,3.800474e-08,1.000000,0.999996,-0.00000,-17.08555,Land,0.999996,5.039170e-07,3.871634e-12,1.614432e-07,2.030548e-13,3.520911e-09,2.269084e-13
2,1,65,-165,9.999947e-01,7.227809e-08,1.000000,0.999995,-0.00001,-16.44274,Land,0.999995,5.150585e-07,4.267002e-12,1.628265e-07,2.204854e-13,4.112616e-09,2.699265e-13
2,2,65,-155,9.999992e-01,3.757306e-09,1.000000,0.999999,-0.00000,-19.39956,Land,0.999999,6.689023e-08,4.807886e-13,9.483850e-08,3.187432e-14,9.645392e-10,5.330101e-14
2,3,65,-145,9.999967e-01,1.228286e-08,1.000000,0.999997,-0.00000,-18.21506,Land,0.999997,1.407931e-07,1.755977e-12,3.630630e-07,2.465503e-13,2.580208e-09,3.445703e-13
2,4,65,-135,9.999954e-01,8.983136e-09,1.000000,0.999995,-0.00000,-18.52792,Land,0.999995,2.749389e-07,1.465825e-12,4.299546e-07,1.946270e-13,3.541024e-09,2.083706e-13
2,5,65,-125,9.999953e-01,3.847371e-08,1.000000,0.999995,-0.00000,-17.07329,Land,0.999995,2.020345e-07,4.282562e-12,3.091212e-07,5.276517e-13,2.733357e-09,5.370713e-13
2,6,65,-115,9.999966e-01,1.666185e-08,1.000000,0.999997,-0.00000,-17.91014,Land,0.999997,9.542510e-08,2.132851e-12,4.309492e-07,3.763313e-13,3.575335e-09,4.636677e-13
2,7,65,-105,9.999974e-01,3.449951e-09,1.000000,0.999997,-0.00000,-19.48491,Land,0.999997,9.570460e-08,8.667956e-13,4.486757e-07,1.579335e-13,3.674293e-09,1.862783e-13
2,8,65,-95,9.999982e-01,3.079619e-08,1.000000,0.999998,-0.00000,-17.29588,Land,0.999998,5.393612e-08,2.463333e-12,1.516008e-07,3.480194e-13,1.459666e-09,3.603834e-13
2,9,65,-85,9.999976e-01,2.682373e-09,1.000000,0.999998,-0.00000,-19.73656,Land,0.999998,6.576547e-08,6.119043e-13,3.173728e-07,1.101437e-13,2.070220e-09,1.166431e-13
2,10,65,-75,9.999981e-01,2.210520e-09,1.000000,0.999998,-0.00000,-19.93004,Land,0.999998,2.555192e-07,4.429875e-13,6.441938e-08,4.501144e-14,2.086895e-09,6.284325e-14
2,11,65,-65,9.999802e-01,5.113434e-06,0.999995,0.999985,-0.00002,-12.18364,Land,0.999980,8.185241e-07,4.277687e-11,3.116454e-07,3.468704e-12,7.261028e-09,2.037571e-12
2,12,65,-55,9.999966e-01,9.493217e-09,1.000000,0.999997,-0.00000,-18.47269,Land,0.999997,2.979273e-07,7.663041e-13,1.403414e-07,8.530819e-14,2.786743e-09,1.167237e-13
2,13,65,-45,9.999983e-01,6.198107e-09,1.000000,0.999998,-0.00000,-18.89902,Land,0.999998,4.499401e-08,6.198106e-13,1.463380e-07,8.675468e-14,8.299470e-10,7.976469e-14
2,14,65,-35,9.999954e-01,3.292302e-08,1.000000,0.999995,-0.00000,-17.22909,Land,0.999995,3.263473e-07,1.293036e-12,1.796357e-07,6.782194e-14,1.513274e-09,1.070642e-13
2,15,65,-25,9.999979e-01,1.477449e-09,1.000000,0.999998,-0.00000,-20.33295,Land,0.999998,9.417525e-08,2.912077e-13,8.161066e-08,2.685617e-14,8.839398e-10,3.633709e-14
2,16,65,-15,9.999979e-01,9.302558e-09,1.000000,0.999998,-0.00000,-18.49298,Land,0.999998,7.853680e-08,6.459518e-13,1.637924e-07,6.385915e-14,3.159873e-09,1.641467e-13
2,17,65,-5,9.999983e-01,1.089433e-08,1.000000,0.999998,-0.00000,-18.33502,Land,0.999998,3.704012e-08,3.669921e-13,1.003422e-07,2.439770e-14,1.146756e-09,6.177137e-14
2,18,65,5,9.999966e-01,2.123619e-08,1.000000,0.999997,-0.00000,-17.66756,Land,0.999997,7.499833e-08,1.211938e-12,1.856669e-07,1.085102e-13,3.899134e-09,3.513009e-13
2,19,65,15,9.999966e-01,2.618253e-08,1.000000,0.999997,-0.00000,-17.45817,Land,0.999997,1.209561e-07,1.567091e-12,1.860188e-07,1.530193e-13,5.835787e-09,4.779930e-13
2,20,65,25,9.999971e-01,5.106279e-09,1.000000,0.999997,-0.00000,-19.09279,Land,0.999997,3.013037e-07,1.027563e-12,2.025054e-07,1.138789e-13,3.260115e-09,1.479597e-13
2,21,65,35,9.999980e-01,6.455055e-09,1.000000,0.999998,-0.00000,-18.85840,Land,0.999998,7.465292e-08,4.482129e-13,1.791450e-07,6.172012e-14,1.599989e-09,9.761543e-14
2,22,65,45,9.999982e-01,1.830761e-09,1.000000,0.999998,-0.00000,-20.11853,Land,0.999998,6.877984e-08,3.739796e-13,1.889546e-07,5.753734e-14,9.404586e-10,6.192431e-14
2,23,65,55,9.999986e-01,2.098372e-09,1.000000,0.999999,-0.00000,-19.98210,Land,0.999999,5.514850e-08,1.072696e-13,2.104640e-07,2.502205e-14,6.258298e-10,2.174878e-14
2,24,65,65,9.999904e-01,5.544373e-06,0.999994,0.999996,-0.00001,-12.10273,Land,0.999990,4.074450e-07,3.101331e-11,1.729640e-07,3.604748e-12,3.740473e-09,1.693438e-12
2,25,65,75,9.999983e-01,1.010204e-08,1.000000,0.999998,-0.00000,-18.41053,Land,0.999998,1.181169e-07,4.506308e-13,1.830698e-07,6.854449e-14,2.779289e-09,9.540213e-14
2,26,65,85,9.999986e-01,3.815173e-09,1.000000,0.999999,-0.00000,-19.38428,Land,0.999999,4.949777e-08,3.041860e-13,1.848671e-07,6.199725e-14,1.081979e-09,6.203202e-14
2,27,65,95,9.999979e-01,2.581658e-08,1.000000,0.999998,-0.00000,-17.47225,Land,0.999998,6.103700e-08,1.904567e-12,2.130839e-07,3.008248e-13,2.970746e-09,4.068676e-13
2,28,65,105,9.999971e-01,2.587197e-09,1.000000,0.999997,-0.00000,-19.77269,Land,0.999997,1.800234e-07,1.443932e-12,5.135072e-07,1.823432e-13,5.942135e-09,2.541222e-13
2,29,65,115,9.999955e-01,1.450024e-08,1.000000,0.999996,-0.00000,-18.04910,Land,0.999996,1.415734e-07,2.014476e-12,5.901298e-07,3.640077e-13,7.640325e-09,5.077622e-13
2,30,65,125,9.999925e-01,1.906384e-07,1.000000,0.999993,-0.00001,-15.47289,Land,0.999993,3.468140e-07,1.225769e-11,4.268685e-07,1.409036e-12,6.249991e-09,1.661647e-12
2,31,65,135,9.999952e-01,8.993875e-09,1.000000,0.999995,-0.00000,-18.52672,Land,0.999995,1.387631e-07,1.146025e-12,4.725000e-07,1.915314e-13,4.380707e-09,2.600416e-13
2,32,65,145,9.999968e-01,1.921237e-08,1.000000,0.999997,-0.00000,-17.76771,Land,0.999997,1.193545e-07,2.220218e-12,5.221856e-07,4.337399e-13,3.576593e-09,5.280586e-13
2,33,65,155,9.999974e-01,1.303757e-08,1.000000,0.999997,-0.00000,-18.15543,Land,0.999997,1.103792e-07,1.536726e-12,2.890078e-07,2.257356e-13,2.999405e-09,2.992210e-13
2,34,65,165,9.999973e-01,4.495312e-08,1.000000,0.999997,-0.00000,-16.91765,Land,0.999997,2.563487e-07,2.008874e-12,1.597541e-07,1.330885e-13,3.037905e-09,1.959716e-13
2,35,65,175,9.999983e-01,2.095084e-08,1.000000,0.999998,-0.00000,-17.68109,Land,0.999998,1.643054e-07,1.169937e-12,9.624099e-08,5.171646e-14,1.479323e-09,8.573718e-14
3,0,55,-175,9.999950e-01,7.774126e-07,0.999999,0.999996,-0.00000,-14.06729,Land,0.999995,4.009749e-07,1.804264e-11,1.857956e-07,6.490207e-13,4.583548e-09,1.003183e-12
3,1,55,-165,9.999962e-01,2.774150e-08,1.000000,0.999996,-0.00000,-17.40034,Land,0.999996,3.879889e-07,3.952749e-12,1.546825e-07,1.853308e-13,3.024483e-09,2.617489e-13
3,2,55,-155,9.999985e-01,5.483969e-08,1.000000,0.999999,-0.00000,-16.71885,Land,0.999999,5.270759e-08,3.629023e-12,1.877353e-07,3.392835e-13,1.480069e-09,5.175824e-13
3,3,55,-145,9.999975e-01,5.902021e-09,1.000000,0.999998,-0.00000,-18.94797,Land,0.999998,1.480388e-07,1.073526e-12,1.598571e-07,8.246500e-14,2.754394e-09,1.680573e-13
3,4,55,-135,9.999978e-01,1.484905e-08,1.000000,0.999998,-0.00000,-18.02533,Land,0.999998,7.752420e-08,1.207781e-12,1.606496e-07,1.003206e-13,2.306373e-09,1.866153e-13
3,5,55,-125,9.999969e-01,5.762390e-07,0.999999,0.999998,-0.00000,-14.36674,Land,0.999997,8.811115e-08,8.227022e-12,1.676350e-07,6.142906e-13,3.141951e-09,1.109739e-12
3,6,55,-115,9.999970e-01,1.162688e-08,1.000000,0.999997,-0.00000,-18.26995,Land,0.999997,1.899847e-07,3.481378e-12,4.403014e-07,3.650616e-13,6.604376e-09,6.092655e-13
3,7,55,-105,9.999979e-01,2.751972e-09,1.000000,0.999998,-0.00000,-19.71095,Land,0.999998,1.394669e-07,9.259020e-13,4.783699e-07,1.230611e-13,3.589987e-09,1.601689e-13
3,8,55,-95,9.999970e-01,7.720466e-09,1.000000,0.999997,-0.00000,-18.67939,Land,0.999997,8.526082e-08,1.646640e-12,7.115884e-07,3.074497e-13,4.446753e-09,2.805374e-13
3,9,55,-85,9.999973e-01,1.721323e-09,1.000000,0.999997,-0.00000,-20.18017,Land,0.999997,1.022109e-07,9.089780e-13,5.122505e-07,1.618812e-13,2.534361e-09,1.345818e-13
3,10,55,-75,9.999984e-01,1.804372e-08,1.000000,0.999998,-0.00000,-17.83047,Land,0.999998,5.889525e-08,1.043490e-12,1.116357e-07,9.739722e-14,1.193842e-09,1.343750e-13
3,11,55,-65,9.999984e-01,4.714597e-09,1.000000,0.999998,-0.00000,-19.17260,Land,0.999998,1.435814e-07,5.727940e-13,1.161302e-07,4.895870e-14,2.325933e-09,8.124861e-14
3,12,55,-55,9.999760e-01,1.485508e-05,0.999985,0.999991,-0.00002,-11.11717,Land,0.999976,5.997541e-07,8.283427e-11,1.480658e-07,5.846877e-12,7.636737e-09,5.140372e-12
3,13,55,-45,9.999952e-01,1.258309e-07,1.000000,0.999995,-0.00000,-15.88833,Land,0.999995,2.775698e-07,2.620802e-12,2.290848e-07,2.934413e-13,2.830731e-09,3.116567e-13
3,14,55,-35,9.999925e-01,1.201525e-07,1.000000,0.999993,-0.00001,-15.93450,Land,0.999992,3.507758e-07,4.188866e-12,2.830953e-07,1.928432e-13,3.117302e-09,3.825384e-13
3,15,55,-25,9.999959e-01,1.287911e-07,1.000000,0.999996,-0.00000,-15.86507,Land,0.999996,1.782545e-07,3.215802e-12,8.031047e-08,1.644373e-13,2.923363e-09,1.920319e-13
3,16,55,-15,9.999955e-01,2.389955e-07,1.000000,0.999996,-0.00000,-15.24682,Land,0.999995,1.394445e-07,4.477130e-12,1.708406e-07,1.918415e-13,5.073242e-09,6.368649e-13
3,17,55,-5,9.999971e-01,5.277640e-08,1.000000,0.999997,-0.00000,-16.75720,Land,0.999997,5.351332e-08,1.751913e-12,1.733257e-07,1.817647e-13,2.634677e-09,3.180076e-13
3,18,55,5,9.999983e-01,1.535036e-08,1.000000,0.999998,-0.00000,-17.99213,Land,0.999998,2.835886e-08,7.684511e-13,1.527708e-07,9.119715e-14,1.885714e-09,1.504473e-13
3,19,55,15,9.999981e-01,2.595434e-09,1.000000,0.999998,-0.00000,-19.76951,Land,0.999998,4.567877e-08,3.421196e-13,1.747062e-07,4.405326e-14,1.364162e-09,7.189184e-14
3,20,55,25,9.999918e-01,6.025242e-08,1.000000,0.999992,-0.00001,-16.62472,Land,0.999992,2.509938e-07,7.984509e-12,5.326587e-07,1.086710e-12,5.424058e-09,1.061055e-12
3,21,55,35,9.999975e-01,7.238283e-09,1.000000,0.999997,-0.00000,-18.74388,Land,0.999997,5.901303e-08,9.888021e-13,3.732306e-07,1.813824e-13,3.353838e-09,2.482947e-13
3,22,55,45,9.999973e-01,9.286624e-09,1.000000,0.999997,-0.00000,-18.49469,Land,0.999997,1.121316e-07,6.293773e-13,3.473832e-07,1.248735e-13,1.241375e-09,9.421362e-14
3,23,55,55,9.999953e-01,5.411978e-08,1.000000,0.999995,-0.00000,-16.73207,Land,0.999995,2.730762e-07,2.145931e-12,2.979984e-07,3.733837e-13,3.924621e-09,3.039800e-13
3,24,55,65,9.999960e-01,9.592500e-09,1.000000,0.999996,-0.00000,-18.46228,Land,0.999996,1.646789e-07,7.444125e-13,4.427225e-07,1.585560e-13,3.209324e-09,2.012483e-13
3,25,55,75,9.999986e-01,1.931388e-08,1.000000,0.999999,-0.00000,-17.76244,Land,0.999999,5.103251e-08,1.194857e-12,2.684962e-07,3.133322e-13,1.622049e-09,2.931438e-13
3,26,55,85,9.999963e-01,2.727245e-09,1.000000,0.999996,-0.00000,-19.71997,Land,0.999996,1.122293e-07,1.279946e-12,8.491856e-07,2.957639e-13,4.341631e-09,2.244622e-13
3,27,55,95,9.999964e-01,9.468107e-09,1.000000,0.999996,-0.00000,-18.47534,Land,0.999996,1.482303e-07,2.332529e-12,5.291390e-07,3.405857e-13,4.278789e-09,3.921329e-13
3,28,55,105,9.999974e-01,1.457048e-09,1.000000,0.999997,-0.00000,-20.34685,Land,0.999997,1.331609e-07,8.892495e-13,6.226248e-07,1.616031e-13,3.242233e-09,1.835130e-13
3,29,55,115,9.999979e-01,8.059904e-09,1.000000,0.999998,-0.00000,-18.63636,Land,0.999998,1.254343e-07,1.850386e-12,3.302752e-07,2.308223e-13,6.020067e-09,3.835480e-13
3,30,55,125,9.999955e-01,9.152560e-07,0.999999,0.999996,-0.00000,-13.90406,Land,0.999995,1.017049e-07,9.135192e-12,2.045648e-07,1.232361e-12,3.557261e-09,1.095472e-12
3,31,55,135,9.999974e-01,8.414358e-09,1.000000,0.999997,-0.00000,-18.59333,Land,0.999997,1.596853e-07,1.446862e-12,2.014107e-07,1.187944e-13,2.937483e-09,2.406662e-13
3,32,55,145,9.999966e-01,1.792134e-08,1.000000,0.999997,-0.00000,-17.83727,Land,0.999997,1.297072e-07,3.086814e-12,2.992156e-07,4.448886e-13,4.442349e-09,8.314706e-13
3,33,55,155,9.999978e-01,4.933037e-09,1.000000,0.999998,-0.00000,-19.12731,Land,0.999998,8.392791e-08,7.317596e-13,2.648915e-07,1.383855e-13,1.406522e-09,1.645403e-13
3,34,55,165,9.999980e-01,2.762557e-08,1.000000,0.999998,-0.00000,-17.40452,Land,0.999998,6.827764e-08,3.486968e-12,1.529502e-07,4.028474e-13,2.653551e-09,6.134658e-13
3,35,55,175,9.999953e-01,1.423216e-07,1.000000,0.999995,-0.00000,-15.76518,Land,0.999995,2.091433e-07,5.602847e-12,4.087379e-07,5.055978e-13,3.632375e-09,6.328289e-13
4,0,45,-175,9.999959e-01,4.042215e-07,1.000000,0.999996,-0.00000,-14.72130,Land,0.999996,2.337307e-07,8.484817e-12,2.064796e-07,4.342699e-13,4.541845e-09,8.074220e-13
4,1,45,-165,9.999962e-01,1.891893e-07,1.000000,0.999996,-0.00000,-15.48052,Land,0.999996,4.868911e-07,1.279576e-11,1.838553e-07,4.776092e-13,6.010832e-09,1.046582e-12
4,2,45,-155,9.999979e-01,7.378177e-09,1.000000,0.999998,-0.00000,-18.72474,Land,0.999998,1.227803e-07,2.268132e-12,2.018263e-07,1.694894e-13,2.172706e-09,3.468065e-13
4,3,45,-145,9.999977e-01,8.382072e-09,1.000000,0.999998,-0.00000,-18.59717,Land,0.999998,1.188620e-07,1.821923e-12,1.615945e-07,1.851315e-13,2.472488e-09,3.406857e-13
4,4,45,-135,9.999980e-01,2.786087e-09,1.000000,0.999998,-0.00000,-19.69863,Land,0.999998,1.398240e-07,7.171410e-13,2.950465e-07,9.173470e-14,2.529932e-09,1.187527e-13
4,5,45,-125,9.999973e-01,2.902586e-08,1.000000,0.999997,-0.00000,-17.35508,Land,0.999997,1.441388e-07,1.772083e-12,2.841321e-07,1.413062e-13,1.518674e-09,1.876607e-13
4,6,45,-115,9.999975e-01,1.984327e-08,1.000000,0.999997,-0.00000,-17.73540,Land,0.999997,1.667047e-07,4.371967e-12,3.565848e-07,4.549464e-13,5.517918e-09,6.207844e-13
4,7,45,-105,9.999970e-01,1.616038e-09,1.000000,0.999997,-0.00000,-20.24329,Land,0.999997,1.360339e-07,6.353298e-13,8.799502e-07,1.112521e-13,3.517242e-09,1.183288e-13
4,8,45,-95,9.999977e-01,5.637510e-09,1.000000,0.999998,-0.00000,-18.99382,Land,0.999998,1.033372e-07,1.974609e-12,3.896017e-07,2.534741e-13,3.040365e-09,3.108937e-13
4,9,45,-85,9.999978e-01,3.341715e-09,1.000000,0.999998,-0.00000,-19.51678,Land,0.999998,7.754357e-08,9.064848e-13,3.680145e-07,1.437880e-13,2.490990e-09,1.702715e-13
4,10,45,-75,9.999966e-01,3.176730e-08,1.000000,0.999997,-0.00000,-17.26483,Land,0.999997,1.477154e-07,3.420690e-12,2.958267e-07,3.859129e-13,3.321683e-09,4.806878e-13
4,11,45,-65,9.999982e-01,8.736881e-09,1.000000,0.999998,-0.00000,-18.55571,Land,0.999998,4.183421e-08,6.314177e-13,1.241879e-07,1.292598e-13,8.899702e-10,1.043373e-13
4,12,45,-55,9.999965e-01,1.270137e-07,1.000000,0.999997,-0.00000,-15.87897,Land,0.999997,3.718959e-07,6.396275e-12,1.725743e-07,4.185387e-13,4.942717e-09,6.064930e-13
4,13,45,-45,9.999976e-01,3.529561e-08,1.000000,0.999998,-0.00000,-17.15951,Land,0.999998,1.289468e-07,1.495237e-12,1.108078e-07,7.771015e-14,3.188489e-10,4.700574e-14
4,14,45,-35,9.999891e-01,4.352536e-06,0.999996,0.999993,-0.00001,-12.34475,Land,0.999989,1.999958e-07,4.217868e-11,1.788191e-07,2.033838e-12,4.334309e-09,3.140975e-12
4,15,45,-25,9.999935e-01,4.751241e-09,1.000000,0.999994,-0.00001,-19.16486,Land,0.999994,1.363322e-07,1.584492e-12,2.532145e-07,1.476215e-13,1.314515e-09,1.762765e-13
4,16,45,-15,9.999981e-01,4.305349e-09,1.000000,0.999998,-0.00000,-19.26341,Land,0.999998,6.068710e-08,6.073964e-13,1.774200e-07,6.307361e-14,2.028951e-09,1.208557e-13
4,17,45,-5,9.999974e-01,8.466441e-08,1.000000,0.999997,-0.00000,-16.28457,Land,0.999997,4.844292e-08,1.855387e-12,1.634814e-07,1.521308e-13,3.195558e-09,3.479128e-13
4,18,45,5,9.999979e-01,1.027000e-07,1.000000,0.999998,-0.00000,-16.09145,Land,0.999998,3.349470e-08,2.093113e-12,1.472989e-07,1.793653e-13,2.248481e-09,3.726312e-13
4,19,45,15,9.999969e-01,6.584522e-09,1.000000,0.999997,-0.00000,-18.83854,Land,0.999997,1.071282e-07,1.190983e-12,4.039339e-07,1.921924e-13,3.489923e-09,2.533787e-13
4,20,45,25,9.999962e-01,8.380744e-09,1.000000,0.999996,-0.00000,-18.59733,Land,0.999996,1.288076e-07,1.834322e-12,3.769958e-07,2.400862e-13,3.577363e-09,3.031815e-13
4,21,45,35,9.999985e-01,6.139877e-09,1.000000,0.999999,-0.00000,-18.90846,Land,0.999999,4.282270e-08,6.536120e-13,1.274753e-07,8.686059e-14,1.627388e-09,1.302073e-13
4,22,45,45,9.999985e-01,8.703830e-10,1.000000,0.999999,-0.00000,-20.86209,Land,0.999999,7.184979e-08,1.199546e-13,1.233927e-07,2.436524e-14,1.022028e-09,2.812548e-14
4,23,45,55,9.999982e-01,5.411191e-09,1.000000,0.999998,-0.00000,-19.03480,Land,0.999998,5.798243e-08,6.681941e-13,2.414288e-07,8.833475e-14,1.912275e-09,1.232193e-13
4,24,45,65,9.999966e-01,4.215182e-09,1.000000,0.999997,-0.00000,-19.28457,Land,0.999997,1.015941e-07,1.975341e-13,2.024474e-07,4.503669e-14,8.928686e-10,3.982206e-14
4,25,45,75,9.999989e-01,2.649274e-08,1.000000,0.999999,-0.00000,-17.44640,Land,0.999999,5.519131e-08,5.620396e-13,8.147760e-08,6.642404e-14,1.290334e-09,1.403450e-13
4,26,45,85,9.999959e-01,1.607510e-08,1.000000,0.999996,-0.00000,-17.94599,Land,0.999996,1.138449e-07,2.169049e-12,2.700290e-07,3.275312e-13,2.907999e-09,4.226040e-13
4,27,45,95,9.999970e-01,1.671365e-08,1.000000,0.999997,-0.00000,-17.90704,Land,0.999997,6.799177e-08,1.725521e-12,6.127946e-07,3.822835e-13,4.541354e-09,4.226210e-13
4,28,45,105,9.999980e-01,3.165954e-09,1.000000,0.999998,-0.00000,-19.57081,Land,0.999998,9.056357e-08,7.776389e-13,5.064382e-07,1.153681e-13,2.970366e-09,1.524102e-13
4,29,45,115,9.999981e-01,8.519715e-09,1.000000,0.999998,-0.00000,-18.58088,Land,0.999998,7.976455e-08,1.376863e-12,3.359395e-07,2.150921e-13,2.723560e-09,2.722656e-13
4,30,45,125,9.999981e-01,3.256333e-08,1.000000,0.999998,-0.00000,-17.24008,Land,0.999998,1.007856e-07,3.518760e-12,2.721508e-07,2.186118e-13,3.072449e-09,4.155128e-13
4,31,45,135,9.999974e-01,9.722540e-09,1.000000,0.999997,-0.00000,-18.44882,Land,0.999997,1.614265e-07,1.914672e-12,3.353005e-07,2.082427e-13,5.123634e-09,3.361096e-13
4,32,45,145,9.999972e-01,8.199024e-08,1.000000,0.999997,-0.00000,-16.31667,Land,0.999997,8.685374e-08,2.666826e-12,2.646581e-07,4.247478e-13,4.368021e-09,8.611817e-13
4,33,45,155,9.999981e-01,7.675692e-09,1.000000,0.999998,-0.00000,-18.68521,Land,0.999998,6.136781e-08,8.859455e-13,2.782254e-07,1.413750e-13,2.179817e-09,1.959846e-13
4,34,45,165,9.999975e-01,4.122169e-08,1.000000,0.999998,-0.00000,-17.00430,Land,0.999997,1.938100e-07,4.278656e-12,2.062874e-07,2.263431e-13,3.871474e-09,4.965371e-13
4,35,45,175,9.999972e-01,5.560153e-07,0.999999,0.999998,-0.00000,-14.40247,Land,0.999997,1.278531e-07,8.806818e-12,2.414033e-07,5.512961e-13,2.522497e-09,1.018196e-12
5,0,35,-175,9.912163e-01,8.730343e-03,0.991269,0.999947,-0.00882,-4.74095,Land,0.991216,5.189517e-07,1.430421e-08,1.097609e-06,2.801153e-09,1.685903e-08,1.210881e-10
5,1,35,-165,7.151154e-03,9.928440e-01,0.007151,0.999995,-4.94048,-0.00718,Water,0.992844,7.210130e-08,5.313502e-08,7.687996e-09,2.006487e-08,3.392240e-09,3.009734e-10
5,2,35,-155,9.999821e-01,1.169403e-05,0.999988,0.999994,-0.00002,-11.35643,Land,0.999982,4.749017e-07,9.426537e-11,1.645894e-07,2.976513e-12,1.083690e-08,3.632772e-12
5,3,35,-145,9.999884e-01,8.624762e-06,0.999991,0.999997,-0.00001,-11.66087,Land,0.999988,1.045030e-07,4.510047e-11,1.388508e-07,1.318474e-12,6.211200e-09,1.523675e-12
5,4,35,-135,9.999955e-01,6.552524e-07,0.999999,0.999996,-0.00000,-14.23825,Land,0.999995,9.140805e-08,4.194707e-12,3.492051e-07,6.618445e-13,5.515724e-09,8.122587e-13
5,5,35,-125,9.999971e-01,1.230530e-06,0.999999,0.999998,-0.00000,-13.60807,Land,0.999997,1.741865e-07,1.567857e-11,1.129556e-07,3.800315e-13,2.711150e-09,9.102703e-13
5,6,35,-115,9.999980e-01,9.814092e-09,1.000000,0.999998,-0.00000,-18.43945,Land,0.999998,7.428415e-08,9.705953e-13,7.230749e-07,2.014461e-13,1.705401e-09,1.773454e-13
5,7,35,-105,9.999977e-01,9.352647e-10,1.000000,0.999998,-0.00000,-20.79019,Land,0.999998,5.599328e-08,2.849195e-13,1.093489e-06,1.016565e-13,1.401024e-09,8.719487e-14
5,8,35,-95,9.999976e-01,4.183249e-08,1.000000,0.999998,-0.00000,-16.98959,Land,0.999998,6.726418e-08,3.642585e-12,3.294600e-07,4.902885e-13,2.198980e-09,5.376217e-13
5,9,35,-85,9.999982e-01,3.075675e-08,1.000000,0.999998,-0.00000,-17.29716,Land,0.999998,4.905924e-08,2.409561e-12,3.599649e-07,3.561215e-13,1.320968e-09,2.783541e-13
5,10,35,-75,9.999972e-01,4.789770e-08,1.000000,0.999997,-0.00000,-16.85420,Land,0.999997,1.032266e-07,2.358606e-12,2.484099e-07,3.476510e-13,1.764044e-09,2.545056e-13
5,11,35,-65,9.999898e-01,2.003124e-07,1.000000,0.999990,-0.00001,-15.42339,Land,0.999990,7.372522e-07,6.444898e-12,1.767729e-07,2.286294e-13,5.246983e-09,3.372781e-13
5,12,35,-55,9.999885e-01,6.186065e-06,0.999994,0.999995,-0.00001,-11.99321,Land,0.999989,2.963185e-07,3.892066e-11,1.504939e-07,2.285610e-12,3.682321e-09,2.231161e-12
5,13,35,-45,9.999973e-01,3.612429e-08,1.000000,0.999997,-0.00000,-17.13630,Land,0.999997,1.099515e-07,1.307005e-12,1.598011e-07,1.136902e-13,1.046239e-09,1.154393e-13
5,14,35,-35,9.852006e-01,1.465060e-02,0.985347,0.999851,-0.01491,-4.22327,Land,0.985201,3.639946e-06,5.854446e-08,1.794199e-06,6.115612e-09,2.698615e-08,8.990435e-10
5,15,35,-25,9.999883e-01,5.501438e-06,0.999994,0.999994,-0.00001,-12.11050,Land,0.999988,3.542410e-07,4.997163e-11,1.584519e-07,2.129196e-12,3.248790e-09,1.673193e-12
5,16,35,-15,9.999974e-01,2.288273e-07,1.000000,0.999998,-0.00000,-15.29030,Land,0.999997,8.067756e-08,6.580754e-12,2.672209e-07,7.385064e-13,1.964997e-09,5.662174e-13
5,17,35,-5,9.999941e-01,1.092141e-06,0.999999,0.999995,-0.00001,-13.72737,Land,0.999994,7.877535e-08,9.492627e-12,2.317514e-07,8.140055e-13,3.652776e-09,1.254891e-12
5,18,35,5,9.999979e-01,2.448549e-07,1.000000,0.999998,-0.00000,-15.22260,Land,0.999998,3.000601e-08,2.748435e-12,1.590009e-07,2.610003e-13,1.454609e-09,3.791294e-13
5,19,35,15,9.999977e-01,3.369389e-08,1.000000,0.999998,-0.00000,-17.20595,Land,0.999998,7.201912e-08,1.779067e-12,4.956526e-07,3.075053e-13,1.974846e-09,3.082435e-13
5,20,35,25,9.999944e-01,8.047088e-08,1.000000,0.999994,-0.00001,-16.33537,Land,0.999994,2.599214e-07,3.673992e-12,1.364137e-07,1.959252e-13,4.048796e-09,3.184617e-13
5,21,35,35,9.999967e-01,3.222109e-09,1.000000,0.999997,-0.00000,-19.55323,Land,0.999997,3.852355e-08,3.367794e-13,4.133967e-07,8.432832e-14,2.009060e-09,9.701022e-14
5,22,35,45,9.999977e-01,1.016261e-07,1.000000,0.999998,-0.00000,-16.10197,Land,0.999998,2.079717e-07,3.369235e-12,1.261277e-07,2.381455e-13,1.986038e-09,3.240598e-13
5,23,35,55,9.999972e-01,3.679285e-08,1.000000,0.999997,-0.00000,-17.11796,Land,0.999997,1.370691e-07,1.094336e-12,1.899603e-07,1.625534e-13,1.833987e-09,1.549259e-13
5,24,35,65,9.999973e-01,4.773315e-09,1.000000,0.999997,-0.00000,-19.16022,Land,0.999997,7.637290e-08,1.695616e-13,1.593215e-07,2.085773e-14,2.245898e-09,4.604150e-14
5,25,35,75,9.999978e-01,1.873875e-08,1.000000,0.999998,-0.00000,-17.79267,Land,0.999998,1.016908e-07,1.028166e-12,2.093816e-07,1.592570e-13,2.180076e-09,2.123835e-13
5,26,35,85,9.999983e-01,1.046006e-08,1.000000,0.999998,-0.00000,-18.37570,Land,0.999998,5.538339e-08,1.032850e-12,2.013684e-07,1.283978e-13,1.263616e-09,1.585208e-13
5,27,35,95,9.999948e-01,4.596649e-07,1.000000,0.999995,-0.00001,-14.59277,Land,0.999995,1.356129e-07,1.087724e-11,2.407242e-07,1.320155e-12,5.182459e-09,1.635425e-12
5,28,35,105,9.999976e-01,2.226208e-09,1.000000,0.999998,-0.00000,-19.92297,Land,0.999998,4.261470e-08,5.131490e-13,1.106502e-06,1.857702e-13,1.947505e-09,1.784688e-13
5,29,35,115,9.999975e-01,2.635215e-09,1.000000,0.999997,-0.00000,-19.75430,Land,0.999997,4.271846e-08,5.689078e-13,1.122754e-06,1.537152e-13,1.954554e-09,1.648215e-13
5,30,35,125,9.999942e-01,3.254170e-06,0.999997,0.999997,-0.00001,-12.63557,Land,0.999994,2.054265e-07,3.908369e-11,1.604848e-07,7.014022e-13,4.548029e-09,1.564679e-12
5,31,35,135,9.999940e-01,5.213462e-08,1.000000,0.999994,-0.00001,-16.76944,Land,0.999994,1.286966e-07,1.544834e-12,6.759447e-07,3.470682e-13,3.886813e-09,2.611407e-13
5,32,35,145,9.999973e-01,3.425413e-08,1.000000,0.999997,-0.00000,-17.18946,Land,0.999997,6.492083e-08,1.214825e-12,5.345434e-07,1.695134e-13,2.661355e-09,2.121018e-13
5,33,35,155,9.999957e-01,1.328011e-07,1.000000,0.999996,-0.00000,-15.83441,Land,0.999996,1.639765e-07,5.366280e-12,4.741956e-07,5.069625e-13,7.487249e-09,4.376871e-13
5,34,35,165,9.527340e-01,4.718833e-02,0.952808,0.999922,-0.04842,-3.05361,Land,0.952734,1.568906e-06,2.997903e-08,7.122601e-07,6.722975e-09,7.875993e-08,6.185228e-10
5,35,35,175,9.999661e-01,2.847607e-05,0.999972,0.999995,-0.00003,-10.46645,Land,0.999966,1.692369e-07,5.069074e-11,1.352810e-07,3.675171e-12,5.980729e-09,1.604020e-12
6,0,25,-175,6.740666e-04,9.993135e-01,0.000674,0.999988,-7.30218,-0.00069,Water,0.999313,5.776018e-08,2.742646e-07,7.777060e-09,1.177319e-07,3.611946e-09,9.766472e-10
6,1,25,-165,4.108838e-02,9.588247e-01,0.041092,0.999913,-3.19203,-0.04205,Water,0.958825,1.883759e-06,8.019961e-07,1.567904e-07,1.660216e-07,6.184595e-08,6.118266e-09
6,2,25,-155,9.999095e-01,7.814801e-05,0.999922,0.999988,-0.00009,-9.45691,Land,0.999909,1.627366e-06,1.040683e-09,1.763728e-07,1.535680e-11,2.402609e-08,1.397903e-11
6,3,25,-145,9.953720e-01,4.612325e-03,0.995388,0.999984,-0.00464,-5.37902,Land,0.995372,1.805318e-07,2.700750e-09,7.305671e-08,1.468054e-10,4.194556e-09,1.659918e-11
6,4,25,-135,9.999799e-01,8.624171e-06,0.999991,0.999989,-0.00002,-11.66094,Land,0.999980,7.469975e-07,1.257145e-10,2.595008e-07,6.358582e-12,1.611750e-08,7.455206e-12
6,5,25,-125,9.987034e-01,1.114937e-03,0.998885,0.999818,-0.00130,-6.79896,Land,0.998703,2.149078e-06,1.254878e-08,4.038600e-06,2.746858e-09,4.931999e-08,3.760234e-10
6,6,25,-115,9.999958e-01,1.240840e-07,1.000000,0.999996,-0.00000,-15.90231,Land,0.999996,1.597020e-07,7.618073e-12,3.800050e-07,1.372782e-12,3.887139e-09,1.166969e-12
6,7,25,-105,9.999962e-01,1.400123e-08,1.000000,0.999996,-0.00000,-18.08412,Land,0.999996,8.785935e-08,9.653529e-13,1.000654e-06,2.573895e-13,2.735657e-09,1.743499e-13
6,8,25,-95,9.999982e-01,2.270819e-08,1.000000,0.999998,-0.00000,-17.60054,Land,0.999998,8.223449e-08,2.158941e-12,2.073168e-07,1.933874e-13,1.825849e-09,2.340840e-13
6,9,25,-85,9.999981e-01,1.581879e-08,1.000000,0.999998,-0.00000,-17.96207,Land,0.999998,4.183588e-08,2.177422e-12,2.501168e-07,3.032717e-13,1.343720e-09,3.326941e-13
6,10,25,-75,9.999965e-01,3.553300e-08,1.000000,0.999996,-0.00000,-17.15280,Land,0.999996,1.876777e-07,2.116410e-12,1.393834e-07,1.614403e-13,3.584467e-09,2.104819e-13
6,11,25,-65,9.999738e-01,1.365428e-06,0.999999,0.999975,-0.00003,-13.50404,Land,0.999974,4.621587e-07,2.604309e-11,4.190552e-07,1.548826e-12,1.279155e-08,2.430305e-12
6,12,25,-55,9.980567e-01,1.866791e-03,0.998133,0.999923,-0.00195,-6.28353,Land,0.998057,9.841840e-07,4.673280e-09,5.243197e-07,5.446301e-10,8.604884e-09,1.109958e-10
6,13,25,-45,9.999636e-01,1.143382e-05,0.999989,0.999975,-0.00004,-11.37894,Land,0.999964,4.278008e-07,9.984729e-11,5.302645e-07,8.566081e-12,3.412664e-09,4.035809e-12
6,14,25,-35,9.596313e-02,9.039360e-01,0.095973,0.999899,-2.34379,-0.10100,Water,0.903936,2.252516e-06,9.838439e-07,3.487083e-07,1.755795e-07,1.992750e-08,7.507716e-09
6,15,25,-25,9.999906e-01,1.132549e-06,0.999999,0.999992,-0.00001,-13.69104,Land,0.999991,1.992602e-07,1.637861e-11,2.443476e-07,9.311605e-13,1.261644e-09,4.753708e-13
6,16,25,-15,9.999794e-01,7.767556e-06,0.999992,0.999987,-0.00002,-11.76555,Land,0.999979,5.659466e-07,1.127387e-10,2.693922e-07,1.209274e-11,1.673379e-08,7.388323e-12
6,17,25,-5,9.999868e-01,2.327403e-06,0.999998,0.999989,-0.00001,-12.97076,Land,0.999987,3.816042e-07,3.639876e-11,3.022529e-07,2.076116e-12,8.875813e-09,2.391647e-12
6,18,25,5,9.999971e-01,1.800628e-07,1.000000,0.999997,-0.00000,-15.52996,Land,0.999997,6.189316e-08,3.586950e-12,2.770669e-07,3.973739e-13,2.465587e-09,4.732551e-13
6,19,25,15,9.999968e-01,1.479450e-07,1.000000,0.999997,-0.00000,-15.72643,Land,0.999997,1.260650e-07,8.123969e-12,2.486702e-07,8.497473e-13,4.030244e-09,9.430023e-13
6,20,25,25,9.999958e-01,3.579256e-09,1.000000,0.999996,-0.00000,-19.44811,Land,0.999996,2.982183e-07,4.923443e-13,1.559095e-07,5.129294e-14,3.845676e-09,6.067336e-14
6,21,25,35,9.999965e-01,3.508518e-08,1.000000,0.999997,-0.00000,-17.16549,Land,0.999996,6.234404e-08,2.051753e-12,2.171532e-07,2.275141e-13,3.558775e-09,2.825939e-13
6,22,25,45,9.999928e-01,3.285795e-08,1.000000,0.999993,-0.00001,-17.23107,Land,0.999993,2.944506e-07,2.447512e-12,7.333608e-07,6.040410e-13,3.805906e-09,4.852764e-13
6,23,25,55,9.999956e-01,2.237779e-08,1.000000,0.999996,-0.00000,-17.61520,Land,0.999996,1.504187e-07,1.658508e-12,2.865661e-07,2.375788e-13,3.758844e-09,2.948230e-13
6,24,25,65,9.999859e-01,5.256632e-08,1.000000,0.999986,-0.00001,-16.76119,Land,0.999986,2.913022e-07,1.747234e-12,1.995597e-07,1.060290e-13,1.544471e-08,3.691682e-13
6,25,25,75,9.999974e-01,4.445029e-08,1.000000,0.999997,-0.00000,-16.92889,Land,0.999997,5.650676e-08,5.667690e-13,9.578806e-08,6.041570e-14,9.934938e-10,9.044991e-14
6,26,25,85,9.999960e-01,1.820856e-08,1.000000,0.999996,-0.00000,-17.82137,Land,0.999996,2.482437e-07,4.601831e-12,4.742005e-07,5.232788e-13,7.545161e-09,6.105009e-13
6,27,25,95,9.999944e-01,1.373664e-08,1.000000,0.999994,-0.00001,-18.10320,Land,0.999994,1.908500e-07,2.098798e-12,6.528596e-07,3.658353e-13,5.859377e-09,2.795055e-13
6,28,25,105,9.999963e-01,6.222051e-09,1.000000,0.999996,-0.00000,-18.89517,Land,0.999996,8.384946e-08,8.086653e-13,9.854268e-07,2.338584e-13,4.681902e-09,1.959431e-13
6,29,25,115,9.999957e-01,5.518409e-08,1.000000,0.999996,-0.00000,-16.71259,Land,0.999996,1.326510e-07,3.958789e-12,4.049526e-07,7.059077e-13,3.223020e-09,5.430199e-13
6,30,25,125,9.998628e-01,8.522747e-05,0.999915,0.999948,-0.00014,-9.37019,Land,0.999863,2.734047e-06,1.271558e-09,8.507391e-07,7.415276e-11,4.232403e-08,8.435061e-11
6,31,25,135,9.999927e-01,7.448097e-07,0.999999,0.999993,-0.00001,-14.11014,Land,0.999993,2.111772e-07,2.319725e-11,4.608264e-07,4.220289e-12,7.049651e-09,2.708367e-12
6,32,25,145,9.999947e-01,5.938880e-07,0.999999,0.999995,-0.00001,-14.33658,Land,0.999995,1.064971e-07,1.015343e-11,3.733511e-07,1.794595e-12,3.745449e-09,1.271704e-12
6,33,25,155,9.999953e-01,2.172581e-07,1.000000,0.999996,-0.00000,-15.34218,Land,0.999995,3.862510e-07,1.881539e-11,3.239153e-07,9.249989e-13,9.933298e-09,8.113462e-13
6,34,25,165,9.923813e-01,7.581748e-03,0.992418,0.999963,-0.00765,-4.88201,Land,0.992381,1.681304e-06,8.102529e-09,5.776987e-07,9.705891e-10,4.072058e-08,1.700034e-10
6,35,25,175,3.494360e-04,9.996458e-01,0.000349,0.999995,-7.95919,-0.00035,Water,0.999646,2.262787e-08,1.063327e-07,3.198331e-09,6.618901e-08,1.261343e-09,5.869929e-10
7,0,15,-175,9.985273e-01,1.434413e-03,0.998566,0.999962,-0.00147,-6.54700,Land,0.998527,1.126647e-06,7.128336e-09,6.641780e-07,4.637539e-10,3.015360e-08,1.986105e-10
7,1,15,-165,9.956027e-01,4.333321e-03,0.995666,0.999936,-0.00441,-5.44142,Land,0.995603,1.953531e-06,1.396685e-08,8.577144e-07,1.391257e-09,3.683761e-08,3.066070e-10
7,2,15,-155,9.999742e-01,1.628694e-05,0.999984,0.999991,-0.00003,-11.02515,Land,0.999974,5.941684e-07,2.028115e-10,1.212429e-07,6.614960e-12,1.204154e-08,4.074247e-12
7,3,15,-145,9.992804e-01,6.421470e-04,0.999358,0.999923,-0.00072,-7.35069,Land,0.999280,1.272917e-06,6.592410e-09,9.151835e-07,5.350937e-10,3.854694e-08,2.680432e-10
7,4,15,-135,9.997053e-01,2.424285e-04,0.999758,0.999948,-0.00029,-8.32480,Land,0.999705,6.932558e-07,1.118718e-09,4.714407e-07,1.289819e-10,2.605051e-08,7.201154e-11
7,5,15,-125,2.368335e-02,9.761551e-01,0.023687,0.999838,-3.74298,-0.02413,Water,0.976155,1.465065e-06,9.873124e-07,2.774086e-07,4.041163e-07,4.333615e-08,1.858750e-08
7,6,15,-115,9.999942e-01,1.539984e-07,1.000000,0.999994,-0.00001,-15.68632,Land,0.999994,2.044906e-07,1.152990e-11,2.635880e-07,7.969966e-13,6.240338e-09,1.375771e-12
7,7,15,-105,9.999949e-01,1.134627e-07,1.000000,0.999995,-0.00001,-15.99179,Land,0.999995,2.492144e-07,7.503865e-12,3.294455e-07,6.717802e-13,6.144599e-09,8.857424e-13
7,8,15,-95,9.999935e-01,2.073427e-08,1.000000,0.999993,-0.00001,-17.69148,Land,0.999993,1.936374e-07,4.119845e-12,5.286948e-07,4.685503e-13,3.046463e-09,3.826882e-13
7,9,15,-85,9.999965e-01,2.307198e-08,1.000000,0.999997,-0.00000,-17.58465,Land,0.999996,1.598387e-07,2.766600e-12,1.569996e-07,1.525907e-13,3.423335e-09,2.535106e-13
7,10,15,-75,9.999953e-01,3.935036e-09,1.000000,0.999995,-0.00000,-19.35335,Land,0.999995,1.222802e-07,7.223778e-13,2.398055e-07,5.242358e-14,2.632201e-09,1.100327e-13
7,11,15,-65,9.999785e-01,3.060392e-07,1.000000,0.999979,-0.00002,-14.99955,Land,0.999978,2.421938e-07,8.919617e-12,3.408778e-07,9.857982e-13,7.601874e-09,1.039684e-12
7,12,15,-55,9.979816e-01,1.920966e-03,0.998079,0.999903,-0.00202,-6.25493,Land,0.997982,1.028838e-06,2.297494e-09,6.242790e-07,5.429856e-10,1.318782e-08,1.192371e-10
7,13,15,-45,9.999848e-01,1.218813e-06,0.999999,0.999986,-0.00002,-13.61763,Land,0.999985,2.289397e-07,2.002633e-11,3.281898e-07,1.599976e-12,1.958469e-09,1.350974e-12
7,14,15,-35,1.054899e-01,8.943648e-01,0.105505,0.999855,-2.24914,-0.11164,Water,0.894365,1.201851e-06,7.631090e-07,4.712663e-07,2.348902e-07,1.812407e-08,7.597171e-09
7,15,15,-25,9.999049e-01,6.964555e-05,0.999930,0.999975,-0.00010,-9.57209,Land,0.999905,3.404231e-07,3.306720e-10,2.789071e-07,2.155399e-11,9.555011e-09,1.552923e-11
7,16,15,-15,9.999928e-01,4.206432e-07,1.000000,0.999993,-0.00001,-14.68148,Land,0.999993,3.393072e-07,1.001606e-11,1.881065e-07,5.962419e-13,6.052157e-09,5.695362e-13
7,17,15,-5,9.999945e-01,7.248302e-07,0.999999,0.999995,-0.00001,-14.13733,Land,0.999994,2.690332e-07,7.729408e-12,1.382851e-07,5.794740e-13,7.763233e-09,6.096744e-13
7,18,15,5,9.999978e-01,4.803214e-09,1.000000,0.999998,-0.00000,-19.15398,Land,0.999998,5.684278e-08,4.083527e-13,2.517244e-07,6.427106e-14,1.312115e-09,6.479763e-14
7,19,15,15,9.999902e-01,3.922567e-08,1.000000,0.999990,-0.00001,-17.05393,Land,0.999990,5.852732e-07,3.926070e-12,3.600130e-07,3.322441e-13,1.188915e-08,4.406954e-13
7,20,15,25,9.999939e-01,1.572249e-08,1.000000,0.999994,-0.00001,-17.96817,Land,0.999994,3.300930e-07,1.386373e-12,2.092773e-07,1.176141e-13,3.121081e-09,1.120021e-13
7,21,15,35,9.999979e-01,2.169783e-08,1.000000,0.999998,-0.00000,-17.64605,Land,0.999998,1.324220e-07,1.181036e-12,8.344945e-08,8.210930e-14,1.812655e-09,1.176204e-13
7,22,15,45,9.999968e-01,3.497967e-09,1.000000,0.999997,-0.00000,-19.47108,Land,0.999997,7.307412e-08,3.527359e-13,3.398168e-07,9.947531e-14,1.626391e-09,9.047730e-14
7,23,15,55,9.999957e-01,7.321557e-09,1.000000,0.999996,-0.00000,-18.73244,Land,0.999996,2.216533e-07,1.370024e-12,2.969531e-07,1.799156e-13,4.879083e-09,2.973121e-13
7,24,15,65,9.999876e-01,1.105458e-07,1.000000,0.999988,-0.00001,-16.01784,Land,0.999988,2.067513e-07,2.262527e-12,1.456108e-07,1.453210e-13,1.882280e-08,7.758338e-13
7,25,15,75,9.999880e-01,1.433506e-08,1.000000,0.999988,-0.00001,-18.06056,Land,0.999988,2.185042e-07,1.085868e-12,1.916761e-07,7.531631e-14,5.799630e-09,2.570107e-13
7,26,15,85,9.999930e-01,1.868776e-08,1.000000,0.999993,-0.00001,-17.79540,Land,0.999993,2.675933e-07,2.399668e-12,4.139194e-07,1.708532e-13,4.340162e-09,2.523906e-13
7,27,15,95,9.999964e-01,1.166745e-08,1.000000,0.999996,-0.00000,-18.26646,Land,0.999996,1.475253e-07,2.602705e-12,3.474486e-07,2.089633e-13,4.115271e-09,3.152680e-13
7,28,15,105,9.999968e-01,4.063583e-09,1.000000,0.999997,-0.00000,-19.32120,Land,0.999997,1.656038e-07,9.937902e-13,2.852203e-07,9.412476e-14,4.375320e-09,1.463544e-13
7,29,15,115,9.999939e-01,6.713576e-08,1.000000,0.999994,-0.00001,-16.51655,Land,0.999994,1.256369e-07,4.400016e-12,5.294814e-07,5.417066e-13,7.922133e-09,9.875646e-13
7,30,15,125,9.998928e-01,3.385010e-05,0.999966,0.999927,-0.00011,-10.29357,Land,0.999893,6.224256e-07,3.048501e-10,8.011402e-07,3.355576e-11,1.018913e-08,1.117317e-11
7,31,15,135,9.999913e-01,4.050846e-08,1.000000,0.999991,-0.00001,-17.02175,Land,0.999991,2.044167e-07,3.330445e-12,2.681912e-07,3.785241e-13,4.531624e-09,4.238638e-13
7,32,15,145,9.999943e-01,2.499262e-08,1.000000,0.999994,-0.00001,-17.50469,Land,0.999994,2.641044e-07,1.956389e-12,3.788400e-07,1.635652e-13,1.536749e-08,4.009426e-13
7,33,15,155,9.999936e-01,3.208472e-07,1.000000,0.999994,-0.00001,-14.95230,Land,0.999994,5.761146e-07,1.543524e-11,2.921204e-07,8.030475e-13,1.534080e-08,1.226642e-12
7,34,15,165,9.999849e-01,6.328937e-06,0.999994,0.999991,-0.00002,-11.97038,Land,0.999985,7.080679e-07,6.786908e-11,2.826967e-07,2.399868e-12,1.702433e-08,3.069741e-12
7,35,15,175,9.999192e-01,6.909337e-05,0.999931,0.999988,-0.00008,-9.58005,Land,0.999919,4.893153e-07,4.364119e-10,5.936753e-07,3.048089e-11,1.220444e-08,2.217779e-11
8,0,5,-175,9.999485e-01,3.418747e-05,0.999966,0.999983,-0.00005,-10.28365,Land,0.999949,1.194180e-06,3.781633e-10,3.583178e-07,1.533780e-11,1.473745e-08,1.033726e-11
8,1,5,-165,9.998778e-01,9.497268e-05,0.999905,0.999973,-0.00012,-9.26192,Land,0.999878,1.584394e-06,1.099216e-09,4.897721e-07,6.286333e-11,1.464446e-08,4.324149e-11
8,2,5,-155,9.999768e-01,9.493748e-06,0.999991,0.999986,-0.00002,-11.56488,Land,0.999977,8.200441e-07,1.567260e-10,2.552411e-07,6.234554e-12,1.165683e-08,8.037332e-12
8,3,5,-145,9.999249e-01,6.674712e-05,0.999933,0.999992,-0.00008,-9.61460,Land,0.999925,6.071161e-07,2.511883e-10,2.627997e-07,1.111208e-11,1.292929e-08,1.617172e-11
8,4,5,-135,9.999776e-01,1.425204e-05,0.999986,0.999992,-0.00002,-11.15861,Land,0.999978,5.146888e-07,1.943055e-10,2.792874e-07,1.097437e-11,1.395887e-08,1.742623e-11
8,5,5,-125,9.999738e-01,1.170314e-05,0.999988,0.999985,-0.00003,-11.35565,Land,0.999974,8.879241e-07,2.654068e-10,8.022961e-07,1.248073e-11,1.784108e-08,1.606714e-11
8,6,5,-115,9.999960e-01,6.383435e-08,1.000000,0.999996,-0.00000,-16.56697,Land,0.999996,2.151720e-07,4.691279e-12,2.982239e-07,2.838687e-13,6.801991e-09,7.408975e-13
8,7,5,-105,9.999961e-01,7.074376e-08,1.000000,0.999996,-0.00000,-16.46420,Land,0.999996,2.508790e-07,1.108911e-11,8.287033e-07,1.449338e-12,7.315948e-09,1.610621e-12
8,8,5,-95,9.999970e-01,1.621175e-08,1.000000,0.999997,-0.00000,-17.93753,Land,0.999997,6.440711e-08,2.619605e-12,5.527004e-07,2.167627e-13,2.151626e-09,3.057678e-13
8,9,5,-85,9.999911e-01,1.465231e-08,1.000000,0.999991,-0.00001,-18.03867,Land,0.999991,3.442779e-07,7.929574e-12,6.548744e-07,3.159789e-13,4.597966e-09,5.846843e-13
8,10,5,-75,9.999955e-01,1.202028e-08,1.000000,0.999996,-0.00000,-18.23667,Land,0.999995,2.210088e-07,2.499272e-12,3.804984e-07,1.118225e-13,2.736151e-09,2.510201e-13
8,11,5,-65,9.999941e-01,2.955300e-08,1.000000,0.999994,-0.00001,-17.33708,Land,0.999994,2.261663e-07,1.802894e-12,2.751029e-07,1.498493e-13,3.382369e-09,1.739708e-13
8,12,5,-55,9.999919e-01,7.834640e-07,0.999999,0.999993,-0.00001,-14.05954,Land,0.999992,2.686607e-07,2.271757e-11,1.724317e-07,1.562843e-12,3.282452e-09,1.294652e-12
8,13,5,-45,9.999931e-01,5.072877e-07,0.999999,0.999994,-0.00001,-14.49419,Land,0.999993,4.749984e-07,1.206556e-11,1.793673e-07,3.995538e-13,3.195023e-09,6.153184e-13
8,14,5,-35,9.999896e-01,6.542155e-07,0.999999,0.999990,-0.00001,-14.23983,Land,0.999990,3.337419e-07,1.292100e-11,2.670982e-07,6.312329e-13,4.998695e-09,8.844353e-13
8,15,5,-25,9.999885e-01,2.495702e-07,1.000000,0.999989,-0.00001,-15.20353,Land,0.999989,3.154204e-07,7.485170e-12,2.138342e-07,6.002742e-13,3.755303e-09,5.926655e-13
8,16,5,-15,9.999884e-01,2.904111e-06,0.999997,0.999991,-0.00001,-12.74938,Land,0.999988,3.307146e-07,3.033787e-11,2.169270e-07,1.165765e-12,9.209419e-09,2.059498e-12
8,17,5,-5,9.999895e-01,2.994451e-06,0.999997,0.999992,-0.00001,-12.71875,Land,0.999989,1.732657e-07,3.206886e-11,3.357481e-07,3.411693e-12,6.443037e-09,3.315834e-12
8,18,5,5,9.999975e-01,2.906411e-08,1.000000,0.999998,-0.00000,-17.35376,Land,0.999997,1.120519e-07,4.567104e-12,1.913676e-07,3.475164e-13,2.064848e-09,5.855914e-13
8,19,5,15,9.999965e-01,7.775841e-08,1.000000,0.999997,-0.00000,-16.36966,Land,0.999997,1.456536e-07,2.494995e-12,1.575566e-07,1.891134e-13,4.392699e-09,4.173143e-13
8,20,5,25,9.999938e-01,4.647307e-09,1.000000,0.999994,-0.00001,-19.18698,Land,0.999994,2.967709e-07,2.522213e-12,4.995314e-07,2.874682e-13,3.644334e-09,4.031398e-13
8,21,5,35,9.999958e-01,9.098952e-09,1.000000,0.999996,-0.00000,-18.51511,Land,0.999996,1.124586e-07,1.073708e-12,3.804390e-07,1.471408e-13,2.067165e-09,1.586959e-13
8,22,5,45,9.999936e-01,2.828665e-09,1.000000,0.999994,-0.00001,-19.68346,Land,0.999994,3.954770e-07,9.292196e-13,4.319438e-07,1.338655e-13,2.531255e-09,1.592779e-13
8,23,5,55,9.999965e-01,3.629639e-08,1.000000,0.999997,-0.00000,-17.13155,Land,0.999997,4.024902e-07,3.125815e-12,1.475503e-07,1.866355e-13,3.468015e-09,2.801999e-13
8,24,5,65,9.999949e-01,1.195869e-08,1.000000,0.999995,-0.00001,-18.24181,Land,0.999995,2.901486e-07,1.240029e-12,1.641111e-07,7.442481e-14,5.040479e-09,1.536696e-13
8,25,5,75,9.999924e-01,4.890513e-08,1.000000,0.999992,-0.00001,-16.83338,Land,0.999992,3.423252e-07,4.020547e-12,2.681640e-07,2.959762e-13,3.803913e-09,3.987416e-13
8,26,5,85,9.999949e-01,2.358564e-08,1.000000,0.999995,-0.00001,-17.56263,Land,0.999995,1.707356e-07,6.541166e-12,4.648257e-07,5.269754e-13,3.982598e-09,9.545477e-13
8,27,5,95,9.999958e-01,2.986439e-08,1.000000,0.999996,-0.00000,-17.32660,Land,0.999996,1.309501e-07,6.155255e-12,4.795870e-07,4.638861e-13,5.280188e-09,7.794024e-13
8,28,5,105,9.999968e-01,1.777199e-08,1.000000,0.999997,-0.00000,-17.84564,Land,0.999997,1.188199e-07,2.733910e-12,5.901764e-07,3.933263e-13,5.339086e-09,5.470407e-13
8,29,5,115,9.999966e-01,1.825935e-08,1.000000,0.999997,-0.00000,-17.81859,Land,0.999997,1.442969e-07,2.569553e-12,2.805930e-07,2.136992e-13,4.168130e-09,4.185473e-13
8,30,5,125,9.999844e-01,1.384149e-06,0.999999,0.999986,-0.00002,-13.49042,Land,0.999984,1.176093e-06,7.627114e-11,7.745023e-07,3.366646e-12,1.713532e-08,4.968373e-12
8,31,5,135,9.999937e-01,1.217185e-07,1.000000,0.999994,-0.00001,-15.92156,Land,0.999994,4.208345e-07,1.236463e-11,3.642129e-07,7.088729e-13,1.342448e-08,1.785662e-12
8,32,5,145,9.999938e-01,7.768148e-08,1.000000,0.999994,-0.00001,-16.37065,Land,0.999994,1.355398e-07,4.115992e-12,5.479897e-07,5.207199e-13,8.604196e-09,1.392637e-12
8,33,5,155,9.999957e-01,3.481096e-08,1.000000,0.999996,-0.00000,-17.17333,Land,0.999996,2.489321e-07,2.149768e-12,4.324018e-07,2.003348e-13,9.492656e-09,3.396740e-13
8,34,5,165,9.995896e-01,3.829454e-04,0.999617,0.999972,-0.00041,-7.86762,Land,0.999590,1.630048e-06,2.496236e-09,6.217018e-07,1.703688e-10,2.825766e-08,1.020493e-10
8,35,5,175,9.999291e-01,5.947014e-05,0.999941,0.999989,-0.00007,-9.73004,Land,0.999929,6.205962e-07,5.772424e-10,4.768591e-07,2.917511e-11,1.528126e-08,2.569144e-11
9,0,-5,-175,7.408938e-01,2.584754e-01,0.741361,0.999369,-0.29990,-1.35295,Land,0.740894,9.526830e-06,6.252171e-07,2.522361e-06,1.032594e-07,1.358749e-07,1.146307e-08
9,1,-5,-165,9.725488e-01,2.708978e-02,0.972900,0.999639,-0.02783,-3.60860,Land,0.972549,1.127650e-05,1.701384e-07,2.503675e-06,1.504155e-08,1.507889e-07,4.444447e-09
9,2,-5,-155,9.994964e-01,4.662367e-04,0.999534,0.999963,-0.00050,-7.67082,Land,0.999496,1.245311e-06,2.258899e-09,6.948118e-07,2.072725e-10,2.658469e-08,8.394628e-11
9,3,-5,-145,9.999182e-01,6.372184e-05,0.999936,0.999982,-0.00008,-9.66098,Land,0.999918,8.544644e-07,3.424387e-10,2.586514e-07,2.292187e-11,1.308801e-08,2.067933e-11
9,4,-5,-135,9.999903e-01,1.966756e-06,0.999998,0.999992,-0.00001,-13.13913,Land,0.999990,7.070275e-07,2.867701e-11,1.777296e-07,9.008767e-13,7.291363e-09,1.709919e-12
9,5,-5,-125,9.693168e-01,3.053132e-02,0.969464,0.999848,-0.03116,-3.48900,Land,0.969317,4.056013e-06,5.579049e-08,2.520913e-06,1.452400e-08,8.497596e-08,1.947226e-09
9,6,-5,-115,9.999942e-01,5.838521e-08,1.000000,0.999994,-0.00001,-16.65620,Land,0.999994,2.830288e-07,3.296896e-12,2.333362e-07,2.731710e-13,4.660020e-09,2.532106e-13
9,7,-5,-105,9.999934e-01,5.608782e-07,0.999999,0.999994,-0.00001,-14.39376,Land,0.999993,4.931322e-07,1.962395e-11,2.054856e-07,8.110495e-13,8.864308e-09,1.156908e-12
9,8,-5,-95,9.999908e-01,1.651179e-07,1.000000,0.999991,-0.00001,-15.61661,Land,0.999991,4.357362e-07,1.882789e-11,4.772031e-07,1.278213e-12,8.841983e-09,1.129914e-12
9,9,-5,-85,9.999863e-01,5.262164e-07,0.999999,0.999987,-0.00001,-14.45755,Land,0.999986,5.917215e-07,8.166518e-11,6.767542e-07,3.835995e-12,1.430587e-08,7.558526e-12
9,10,-5,-75,9.999873e-01,6.026689e-08,1.000000,0.999987,-0.00001,-16.62448,Land,0.999987,3.550764e-07,3.295034e-11,1.432270e-06,3.852268e-12,1.259389e-08,4.627194e-12
9,11,-5,-65,9.999927e-01,5.085078e-08,1.000000,0.999993,-0.00001,-16.79437,Land,0.999993,1.894632e-07,5.463745e-12,3.631342e-07,6.102969e-13,6.640005e-09,1.082394e-12
9,12,-5,-55,9.999816e-01,3.086433e-06,0.999997,0.999985,-0.00002,-12.68849,Land,0.999982,4.980899e-07,6.597828e-11,2.538287e-07,3.822445e-12,1.480269e-08,1.043366e-11
9,13,-5,-45,9.999880e-01,1.894651e-07,1.000000,0.999988,-0.00001,-15.47906,Land,0.999988,4.223334e-07,1.425274e-11,4.414807e-07,1.079559e-12,7.505879e-09,1.601488e-12
9,14,-5,-35,9.999795e-01,1.295735e-05,0.999987,0.999992,-0.00002,-11.25385,Land,0.999980,2.648960e-07,1.188368e-10,2.186831e-07,3.662082e-12,7.608384e-09,1.215765e-11
9,15,-5,-25,9.999905e-01,1.100699e-08,1.000000,0.999990,-0.00001,-18.32474,Land,0.999990,2.737794e-07,1.569984e-12,1.767242e-07,1.015335e-13,1.086278e-08,1.901272e-13
9,16,-5,-15,9.999828e-01,7.797121e-06,0.999992,0.999991,-0.00002,-11.76176,Land,0.999983,3.420514e-07,6.486149e-11,2.235187e-07,4.454370e-12,7.029243e-09,4.479213e-12
9,17,-5,-5,9.999917e-01,3.741800e-07,1.000000,0.999992,-0.00001,-14.79853,Land,0.999992,1.125422e-07,2.074848e-11,6.201694e-07,2.740293e-12,3.837163e-09,2.497302e-12
9,18,-5,5,9.999911e-01,2.783965e-07,1.000000,0.999991,-0.00001,-15.09422,Land,0.999991,1.588888e-07,2.125790e-11,6.143288e-07,3.296848e-12,3.163201e-09,2.908748e-12
9,19,-5,15,9.999947e-01,2.285505e-08,1.000000,0.999995,-0.00001,-17.59409,Land,0.999995,2.793254e-07,2.418811e-12,1.463087e-07,1.785322e-13,1.196020e-08,3.599392e-13
9,20,-5,25,9.999945e-01,6.112306e-09,1.000000,0.999995,-0.00001,-18.91296,Land,0.999995,2.547656e-07,2.512911e-12,3.120027e-07,2.613760e-13,9.991363e-09,3.851984e-13
9,21,-5,35,9.999953e-01,2.873319e-08,1.000000,0.999995,-0.00000,-17.36521,Land,0.999995,1.553029e-07,3.582693e-12,2.632734e-07,4.160991e-13,4.576069e-09,5.480421e-13
9,22,-5,45,9.999908e-01,5.569909e-08,1.000000,0.999991,-0.00001,-16.70330,Land,0.999991,3.822984e-07,7.338584e-12,5.023258e-07,6.984182e-13,1.017344e-08,9.386313e-13
9,23,-5,55,9.999887e-01,1.507973e-07,1.000000,0.999989,-0.00001,-15.70733,Land,0.999989,2.098838e-07,2.265877e-11,4.743207e-07,2.591540e-12,1.125247e-08,5.519878e-12
9,24,-5,65,9.999830e-01,1.103584e-06,0.999999,0.999984,-0.00002,-13.71695,Land,0.999983,5.008032e-07,2.638542e-11,2.483023e-07,1.639663e-12,1.745161e-08,2.294572e-12
9,25,-5,75,9.999868e-01,2.304449e-06,0.999998,0.999989,-0.00001,-12.98067,Land,0.999987,4.174763e-07,3.735828e-11,2.183350e-07,2.022430e-12,1.425745e-08,3.472175e-12
9,26,-5,85,9.999906e-01,7.712797e-08,1.000000,0.999991,-0.00001,-16.37780,Land,0.999991,5.247994e-07,1.826166e-11,5.120795e-07,1.756722e-12,2.320880e-08,3.243926e-12
9,27,-5,95,9.999934e-01,2.707352e-07,1.000000,0.999994,-0.00001,-15.12212,Land,0.999993,2.511427e-07,1.849568e-11,5.089497e-07,1.590257e-12,9.836272e-09,1.650247e-12
9,28,-5,105,9.999926e-01,5.165580e-08,1.000000,0.999993,-0.00001,-16.77866,Land,0.999993,4.881898e-07,4.910544e-12,6.975598e-07,5.585810e-13,1.123524e-08,7.387727e-13
9,29,-5,115,9.999920e-01,7.530194e-08,1.000000,0.999992,-0.00001,-16.40176,Land,0.999992,4.602874e-07,1.232386e-11,5.883952e-07,8.218857e-13,1.723005e-08,1.753161e-12
9,30,-5,125,9.999619e-01,1.601933e-05,0.999984,0.999978,-0.00004,-11.04171,Land,0.999962,1.551714e-06,2.828115e-10,3.538511e-07,8.565307e-12,4.046156e-08,1.849972e-11
9,31,-5,135,9.999858e-01,8.550280e-07,0.999999,0.999987,-0.00001,-13.97213,Land,0.999986,9.365880e-07,3.535847e-11,2.394182e-07,1.190793e-12,1.852461e-08,3.655120e-12
9,32,-5,145,9.999938e-01,6.247556e-08,1.000000,0.999994,-0.00001,-16.58849,Land,0.999994,4.034443e-07,2.071098e-12,2.295088e-07,1.439912e-13,1.180505e-08,4.143136e-13
9,33,-5,155,9.999925e-01,4.145756e-07,1.000000,0.999993,-0.00001,-14.69601,Land,0.999993,5.643944e-07,2.916058e-11,3.271920e-07,1.627317e-12,1.432732e-08,2.843523e-12
9,34,-5,165,9.990417e-01,8.526341e-04,0.999147,0.999894,-0.00096,-7.06718,Land,0.999042,3.872580e-06,7.333941e-09,7.948992e-07,2.392738e-10,6.806455e-08,2.476093e-10
9,35,-5,175,9.464303e-01,5.307929e-02,0.946895,0.999510,-0.05506,-2.93597,Land,0.946430,8.083819e-06,2.922115e-07,3.823554e-06,3.193435e-08,1.824143e-07,7.903190e-09
10,0,-15,-175,7.589240e-01,2.408096e-01,0.759126,0.999734,-0.27585,-1.42375,Land,0.758924,8.104179e-06,2.854280e-07,9.981628e-07,4.160519e-08,7.811828e-08,4.913459e-09
10,1,-15,-165,7.987211e-01,2.010709e-01,0.798887,0.999792,-0.22474,-1.60410,Land,0.798721,4.460175e-06,2.608282e-07,1.112720e-06,4.042825e-08,8.985084e-08,4.990563e-09
10,2,-15,-155,9.999932e-01,2.492915e-06,0.999998,0.999996,-0.00001,-12.90206,Land,0.999993,4.535187e-07,1.585177e-11,1.560875e-07,5.208736e-13,9.499217e-09,1.021338e-12
10,3,-15,-145,9.999871e-01,1.984656e-06,0.999998,0.999989,-0.00001,-13.13006,Land,0.999987,4.504232e-07,1.556999e-11,1.374995e-07,8.245293e-13,8.301796e-09,1.297639e-12
10,4,-15,-135,9.999680e-01,2.722743e-05,0.999973,0.999995,-0.00003,-10.51129,Land,0.999968,3.586887e-07,1.001842e-10,9.933510e-08,2.436139e-12,1.393336e-08,7.629313e-12
10,5,-15,-125,9.999219e-01,6.211699e-05,0.999938,0.999984,-0.00008,-9.68649,Land,0.999922,1.004844e-06,3.331772e-10,2.611664e-07,1.665411e-11,2.408445e-08,1.961679e-11
10,6,-15,-115,9.999941e-01,2.855820e-08,1.000000,0.999994,-0.00001,-17.37132,Land,0.999994,2.228254e-07,4.505157e-12,5.181248e-07,3.757957e-13,6.553162e-09,6.335377e-13
10,7,-15,-105,9.999947e-01,1.660965e-08,1.000000,0.999995,-0.00001,-17.91328,Land,0.999995,1.355534e-07,2.111953e-12,4.893226e-07,2.689260e-13,5.171158e-09,3.458397e-13
10,8,-15,-95,9.999953e-01,2.611639e-08,1.000000,0.999995,-0.00000,-17.46070,Land,0.999995,4.536678e-07,5.965650e-12,3.304122e-07,2.740091e-13,1.180862e-08,6.086907e-13
10,9,-15,-85,9.999840e-01,3.225428e-07,1.000000,0.999984,-0.00002,-14.94703,Land,0.999984,4.193087e-07,2.378262e-11,4.039685e-07,1.179520e-12,6.876449e-09,1.261878e-12
10,10,-15,-75,9.999961e-01,8.198870e-09,1.000000,0.999996,-0.00000,-18.61927,Land,0.999996,1.336620e-07,2.150928e-12,1.782057e-07,1.344291e-13,2.230918e-09,1.786987e-13
10,11,-15,-65,9.999935e-01,1.098768e-07,1.000000,0.999994,-0.00001,-16.02391,Land,0.999994,2.511818e-07,3.607607e-12,1.917104e-07,2.061087e-13,2.284902e-09,2.036958e-13
10,12,-15,-55,9.999927e-01,1.214992e-07,1.000000,0.999993,-0.00001,-15.92336,Land,0.999993,1.772165e-07,3.799837e-12,1.153697e-07,2.465169e-13,6.320090e-09,3.373640e-13
10,13,-15,-45,9.999881e-01,1.589472e-06,0.999998,0.999990,-0.00001,-13.35211,Land,0.999988,9.552772e-08,1.473830e-11,1.332356e-07,1.151721e-12,3.254371e-09,9.492284e-13
10,14,-15,-35,9.999841e-01,7.741231e-06,0.999992,0.999992,-0.00002,-11.76895,Land,0.999984,3.320865e-07,4.029468e-11,9.480627e-08,1.042652e-12,7.672672e-09,2.192712e-12
10,15,-15,-25,9.999922e-01,2.134326e-07,1.000000,0.999992,-0.00001,-15.35994,Land,0.999992,3.243939e-07,8.610814e-12,9.514385e-08,6.219939e-13,4.972792e-09,3.905188e-13
10,16,-15,-15,9.999815e-01,5.392996e-06,0.999995,0.999987,-0.00002,-12.13041,Land,0.999981,1.211219e-06,6.815112e-11,1.504687e-07,1.565215e-12,2.397199e-08,3.380854e-12
10,17,-15,-5,9.999964e-01,5.939513e-08,1.000000,0.999996,-0.00000,-16.63905,Land,0.999996,1.034649e-07,2.001016e-12,1.037611e-07,1.144973e-13,2.752611e-09,1.184854e-13
10,18,-15,5,9.999959e-01,5.999059e-08,1.000000,0.999996,-0.00000,-16.62908,Land,0.999996,1.198995e-07,3.548631e-12,2.039446e-07,2.996595e-13,2.801506e-09,3.523029e-13
10,19,-15,15,9.999919e-01,1.988950e-08,1.000000,0.999992,-0.00001,-17.73307,Land,0.999992,3.584562e-07,1.707295e-12,1.185989e-07,1.144462e-13,5.694135e-09,1.501738e-13
10,20,-15,25,9.999937e-01,2.062499e-08,1.000000,0.999994,-0.00001,-17.69676,Land,0.999994,2.009156e-07,2.645869e-12,1.186322e-07,2.478395e-13,2.521661e-09,1.754274e-13
10,21,-15,35,9.999971e-01,6.407883e-08,1.000000,0.999997,-0.00000,-16.56315,Land,0.999997,1.111182e-07,2.677715e-12,7.545217e-08,1.406185e-13,2.883377e-09,2.288135e-13
10,22,-15,45,9.999959e-01,1.660573e-09,1.000000,0.999996,-0.00000,-20.21610,Land,0.999996,8.834611e-08,4.027748e-13,1.063784e-07,3.682830e-14,2.203787e-09,5.740632e-14
10,23,-15,55,9.999976e-01,8.346156e-09,1.000000,0.999998,-0.00000,-18.60146,Land,0.999998,1.886860e-07,9.871440e-13,8.448960e-08,5.450817e-14,4.531521e-09,1.363322e-13
10,24,-15,65,9.999909e-01,7.049249e-07,0.999999,0.999992,-0.00001,-14.16517,Land,0.999991,4.881087e-07,2.033380e-11,2.386957e-07,7.474413e-13,1.881207e-08,2.653075e-12
10,25,-15,75,9.999895e-01,5.470952e-07,0.999999,0.999990,-0.00001,-14.41864,Land,0.999989,3.906599e-07,2.096663e-11,2.408047e-07,7.133274e-13,1.298814e-08,1.917210e-12
10,26,-15,85,9.999957e-01,5.359059e-08,1.000000,0.999996,-0.00000,-16.74189,Land,0.999996,5.621350e-07,7.686840e-12,2.019006e-07,2.549464e-13,1.118407e-08,6.069189e-13
10,27,-15,95,9.999948e-01,4.340172e-08,1.000000,0.999995,-0.00001,-16.95277,Land,0.999995,5.309825e-07,9.704520e-12,2.648316e-07,4.791949e-13,1.612719e-08,9.684748e-13
10,28,-15,105,9.999960e-01,9.886546e-09,1.000000,0.999996,-0.00000,-18.43209,Land,0.999996,1.589360e-07,1.743401e-12,5.244500e-07,2.198969e-13,6.452604e-09,3.527689e-13
10,29,-15,115,9.999919e-01,3.189731e-08,1.000000,0.999992,-0.00001,-17.26074,Land,0.999992,2.870064e-07,6.553410e-12,8.291946e-07,7.035809e-13,1.337081e-08,1.035066e-12
10,30,-15,125,9.999955e-01,2.491320e-07,1.000000,0.999996,-0.00000,-15.20528,Land,0.999995,2.923226e-07,5.200660e-12,8.516211e-08,2.703567e-13,3.535117e-09,3.295326e-13
10,31,-15,135,9.999938e-01,1.315488e-07,1.000000,0.999994,-0.00001,-15.84389,Land,0.999994,2.580124e-07,7.753071e-12,1.507637e-07,4.542831e-13,6.230069e-09,7.864668e-13
10,32,-15,145,9.999957e-01,2.249249e-08,1.000000,0.999996,-0.00000,-17.61008,Land,0.999996,2.580989e-07,3.092717e-12,2.728945e-07,3.300666e-13,4.137275e-09,3.760919e-13
10,33,-15,155,9.999964e-01,4.303024e-08,1.000000,0.999996,-0.00000,-16.96136,Land,0.999996,1.168980e-07,1.174037e-12,1.211153e-07,1.039361e-13,2.959537e-09,1.394426e-13
10,34,-15,165,9.993404e-01,6.253009e-04,0.999375,0.999966,-0.00066,-7.37728,Land,0.999340,1.316863e-06,2.761155e-09,4.768540e-07,1.194725e-10,4.075117e-08,1.439074e-10
10,35,-15,175,9.985567e-01,1.419836e-03,0.998580,0.999977,-0.00144,-6.55721,Land,0.998557,6.177705e-07,1.429244e-09,3.886336e-07,1.353205e-10,1.558280e-08,6.276381e-11
11,0,-25,-175,3.909153e-02,9.608309e-01,0.039095,0.999922,-3.24185,-0.03996,Water,0.960831,1.115215e-06,4.160132e-07,1.377168e-07,1.851596e-07,2.105308e-08,8.412502e-09
11,1,-25,-165,9.799125e-01,1.989221e-02,0.980104,0.999805,-0.02029,-3.91743,Land,0.979913,6.312578e-06,8.082095e-08,8.091609e-07,4.473330e-09,1.223117e-07,1.958737e-09
11,2,-25,-155,1.139805e-01,8.855140e-01,0.114038,0.999495,-2.17173,-0.12159,Water,0.885514,3.543352e-06,1.231755e-06,1.108666e-06,5.852061e-07,1.319275e-07,3.670453e-08
11,3,-25,-145,9.955696e-01,4.349317e-03,0.995650,0.999919,-0.00444,-5.43774,Land,0.995570,3.379855e-06,1.601875e-08,7.723981e-07,1.425233e-09,6.237132e-08,7.042963e-10
11,4,-25,-135,9.999679e-01,1.923594e-05,0.999981,0.999987,-0.00003,-10.85873,Land,0.999968,4.316216e-07,3.032850e-10,2.542474e-07,2.331837e-11,8.577012e-09,1.920716e-11
11,5,-25,-125,9.999762e-01,1.860871e-05,0.999981,0.999995,-0.00002,-10.89188,Land,0.999976,5.995537e-07,1.340458e-10,1.439753e-07,5.225317e-12,1.131974e-08,5.127213e-12
11,6,-25,-115,9.999924e-01,2.103648e-07,1.000000,0.999993,-0.00001,-15.37442,Land,0.999992,3.375381e-07,2.010658e-11,6.440483e-07,1.419918e-12,1.124694e-08,2.142825e-12
11,7,-25,-105,9.999903e-01,6.432450e-07,0.999999,0.999991,-0.00001,-14.25674,Land,0.999990,7.336434e-07,6.052543e-11,4.670282e-07,4.251279e-12,1.477666e-08,5.274238e-12
11,8,-25,-95,9.999829e-01,5.634118e-06,0.999994,0.999988,-0.00002,-12.08667,Land,0.999983,8.688679e-07,1.361819e-10,2.454847e-07,4.264344e-12,2.268849e-08,8.733493e-12
11,9,-25,-85,9.998336e-01,1.287283e-04,0.999871,0.999962,-0.00017,-8.95781,Land,0.999834,1.786313e-06,1.816990e-09,4.861517e-07,8.899204e-11,5.161728e-08,1.113737e-10
11,10,-25,-75,9.999757e-01,5.510862e-07,0.999999,0.999976,-0.00002,-14.41137,Land,0.999976,1.211013e-06,1.285289e-10,5.123283e-07,4.751192e-12,2.116700e-08,9.252658e-12
11,11,-25,-65,9.999837e-01,2.419998e-06,0.999998,0.999986,-0.00002,-12.93174,Land,0.999984,4.980541e-07,5.812120e-11,3.497836e-07,4.197601e-12,1.242336e-08,4.255157e-12
11,12,-25,-55,9.999930e-01,6.080326e-08,1.000000,0.999993,-0.00001,-16.61562,Land,0.999993,1.325169e-07,2.743803e-12,1.373465e-07,2.546144e-13,2.440360e-09,1.817042e-13
11,13,-25,-45,9.997800e-01,1.978943e-04,0.999802,0.999978,-0.00022,-8.52778,Land,0.999780,7.337604e-08,2.978930e-10,1.025580e-07,3.236379e-11,1.831109e-09,7.494723e-12
11,14,-25,-35,9.988792e-01,1.087032e-03,0.998913,0.999966,-0.00112,-6.82430,Land,0.998879,3.993137e-07,2.195186e-09,4.028038e-07,2.739131e-10,1.000848e-08,6.426518e-11
11,15,-25,-25,9.999498e-01,3.706312e-05,0.999963,0.999987,-0.00005,-10.20289,Land,0.999950,3.086631e-07,1.247815e-10,2.585035e-07,1.086438e-11,9.933807e-09,7.682970e-12
11,16,-25,-15,9.992298e-01,7.306445e-04,0.999269,0.999960,-0.00077,-7.22158,Land,0.999230,4.989574e-07,1.791615e-09,3.022041e-07,2.052013e-10,1.341036e-08,6.287983e-11
11,17,-25,-5,9.997766e-01,2.073928e-04,0.999793,0.999984,-0.00022,-8.48090,Land,0.999777,5.326316e-07,5.868921e-10,3.290067e-07,6.688429e-11,1.228711e-08,2.908330e-11
11,18,-25,5,9.998580e-01,1.281640e-04,0.999872,0.999986,-0.00014,-8.96220,Land,0.999858,3.717408e-07,6.074263e-10,5.551874e-07,1.519990e-10,1.101606e-08,4.527242e-11
11,19,-25,15,9.999890e-01,2.226009e-06,0.999998,0.999991,-0.00001,-13.01530,Land,0.999989,2.778141e-07,2.667538e-11,1.627405e-07,1.829352e-12,6.303416e-09,1.547094e-12
11,20,-25,25,9.999837e-01,2.863003e-06,0.999997,0.999987,-0.00002,-12.76364,Land,0.999984,4.150544e-07,4.009613e-11,2.298914e-07,2.337584e-12,1.298927e-08,2.611392e-12
11,21,-25,35,9.999854e-01,2.733685e-06,0.999997,0.999988,-0.00001,-12.80986,Land,0.999985,1.652409e-07,3.935915e-11,1.196467e-07,3.289299e-12,4.940464e-09,2.179350e-12
11,22,-25,45,9.999949e-01,7.016841e-08,1.000000,0.999995,-0.00001,-16.47237,Land,0.999995,1.132051e-07,6.129601e-12,1.522793e-07,3.993218e-13,3.891019e-09,4.644884e-13
11,23,-25,55,9.999947e-01,5.451119e-08,1.000000,0.999995,-0.00001,-16.72486,Land,0.999995,2.221084e-07,4.688911e-12,1.069786e-07,2.694849e-13,7.694663e-09,4.553826e-13
11,24,-25,65,9.999967e-01,1.350963e-07,1.000000,0.999997,-0.00000,-15.81728,Land,0.999997,1.360127e-07,4.683794e-12,1.188207e-07,2.040293e-13,1.031218e-08,7.088243e-13
11,25,-25,75,9.999949e-01,1.924480e-08,1.000000,0.999995,-0.00001,-17.76602,Land,0.999995,8.717340e-08,1.688305e-12,1.198488e-07,8.357885e-14,2.973270e-09,1.913354e-13
11,26,-25,85,9.999909e-01,5.841835e-07,0.999999,0.999991,-0.00001,-14.35305,Land,0.999991,5.834321e-07,2.977361e-11,1.455354e-07,6.506944e-13,1.686787e-08,2.122634e-12
11,27,-25,95,9.999741e-01,7.020728e-06,0.999993,0.999981,-0.00003,-11.86664,Land,0.999974,9.237854e-07,1.859399e-10,2.522974e-07,4.366760e-12,3.897123e-08,1.167385e-11
11,28,-25,105,9.999952e-01,4.701339e-08,1.000000,0.999995,-0.00000,-16.87283,Land,0.999995,2.287131e-07,7.850752e-12,4.337519e-07,6.468118e-13,7.930681e-09,9.524788e-13
11,29,-25,115,9.999944e-01,1.314323e-07,1.000000,0.999995,-0.00001,-15.84477,Land,0.999994,2.618896e-07,8.783058e-12,4.213346e-07,5.062062e-13,1.099147e-08,1.065977e-12
11,30,-25,125,9.999893e-01,3.579516e-06,0.999996,0.999993,-0.00001,-12.54028,Land,0.999989,3.726999e-07,4.415336e-11,7.810713e-08,2.373468e-12,7.806584e-09,2.060391e-12
11,31,-25,135,9.999905e-01,8.240634e-07,0.999999,0.999991,-0.00001,-14.00902,Land,0.999990,2.977472e-07,2.984292e-11,9.149285e-08,1.976337e-12,2.870710e-09,1.486667e-12
11,32,-25,145,9.999939e-01,2.443050e-08,1.000000,0.999994,-0.00001,-17.52743,Land,0.999994,1.524741e-07,2.284928e-12,1.408814e-07,2.083587e-13,4.735392e-09,2.593566e-13
11,33,-25,155,9.999890e-01,7.462139e-07,0.999999,0.999990,-0.00001,-14.10825,Land,0.999989,2.828056e-07,9.285559e-12,1.735606e-07,8.693323e-13,3.642006e-09,4.758817e-13
11,34,-25,165,9.981328e-01,1.835990e-03,0.998164,0.999969,-0.00187,-6.30017,Land,0.998133,1.494786e-06,6.260634e-09,2.658532e-07,2.147833e-10,4.076540e-08,2.068050e-10
11,35,-25,175,9.169646e-01,8.289195e-02,0.917096,0.999857,-0.08669,-2.49022,Land,0.916965,2.884976e-06,8.731951e-08,9.245891e-07,1.832807e-08,6.478498e-08,3.707837e-09
12,0,-35,-175,1.582570e-02,9.841423e-01,0.015826,0.999968,-4.14612,-0.01598,Water,0.984142,1.665012e-07,1.563802e-07,4.663663e-08,1.179634e-07,5.341291e-09,2.672978e-09
12,1,-35,-165,9.404511e-01,5.939135e-02,0.940599,0.999842,-0.06140,-2.82361,Land,0.940451,4.467088e-06,1.779243e-07,7.461859e-07,9.527974e-09,6.947974e-08,2.085441e-09
12,2,-35,-155,9.996882e-01,2.764428e-04,0.999724,0.999965,-0.00031,-8.19351,Land,0.999688,1.407096e-06,1.515324e-09,3.871938e-07,6.657014e-11,2.432644e-08,7.156012e-11
12,3,-35,-145,9.999354e-01,4.054064e-05,0.999959,0.999976,-0.00006,-10.11321,Land,0.999935,1.330496e-06,5.970245e-10,3.516677e-07,1.544537e-11,1.415851e-08,2.256338e-11
12,4,-35,-135,9.999399e-01,4.599725e-05,0.999954,0.999986,-0.00006,-9.98693,Land,0.999940,8.522790e-07,5.457871e-10,1.723022e-07,2.653024e-11,6.699370e-09,1.853014e-11
12,5,-35,-125,9.999921e-01,1.550145e-06,0.999998,0.999994,-0.00001,-13.37716,Land,0.999992,7.318752e-07,3.548839e-11,6.630101e-08,5.804057e-13,1.695622e-09,6.236210e-13
12,6,-35,-115,9.999851e-01,3.684902e-06,0.999996,0.999989,-0.00001,-12.51127,Land,0.999985,5.302962e-07,9.020826e-11,3.028704e-07,3.024693e-12,1.861463e-08,5.850768e-12
12,7,-35,-105,9.999209e-01,5.686700e-05,0.999943,0.999978,-0.00008,-9.77480,Land,0.999921,1.529204e-06,1.283772e-09,3.170951e-07,2.255954e-11,2.936392e-08,3.720490e-11
12,8,-35,-95,9.978562e-01,2.102498e-03,0.997897,0.999959,-0.00215,-6.16463,Land,0.997856,1.675329e-06,1.233628e-08,3.754270e-07,3.024783e-10,5.199705e-08,2.620469e-10
12,9,-35,-85,9.750243e-01,2.465280e-02,0.975339,0.999677,-0.02529,-3.70286,Land,0.975024,6.815827e-06,1.680863e-07,1.876125e-06,1.629429e-08,2.044149e-07,5.941772e-09
12,10,-35,-75,9.966724e-01,3.263228e-03,0.996737,0.999936,-0.00333,-5.72504,Land,0.996672,2.769470e-06,2.821331e-08,7.560913e-07,1.482353e-09,3.983289e-08,5.469814e-10
12,11,-35,-65,9.999628e-01,2.258096e-05,0.999977,0.999985,-0.00004,-10.69840,Land,0.999963,9.181775e-07,3.584789e-10,3.161144e-07,1.425421e-11,1.179440e-08,2.021258e-11
12,12,-35,-55,9.999104e-01,5.882075e-05,0.999941,0.999969,-0.00009,-9.74102,Land,0.999910,7.293977e-07,5.853643e-10,3.920882e-07,3.176423e-11,9.578118e-09,1.899723e-11
12,13,-35,-45,9.994849e-01,4.872805e-04,0.999513,0.999972,-0.00052,-7.62667,Land,0.999485,1.028549e-06,1.858161e-09,4.950135e-07,1.029451e-10,1.176554e-08,6.276308e-11
12,14,-35,-35,9.981912e-01,1.774736e-03,0.998225,0.999966,-0.00181,-6.33410,Land,0.998191,7.365086e-07,4.466085e-09,2.959655e-07,2.036296e-10,1.116472e-08,4.618223e-11
12,15,-35,-25,9.865203e-01,1.338285e-02,0.986616,0.999903,-0.01357,-4.31378,Land,0.986520,1.327451e-06,1.975769e-08,9.272095e-07,2.716661e-09,2.088405e-08,2.678687e-10
12,16,-35,-15,9.746050e-01,2.525224e-02,0.974744,0.999857,-0.02572,-3.67884,Land,0.974605,2.279079e-06,3.782799e-08,1.362370e-06,8.895049e-09,2.393649e-08,4.712306e-10
12,17,-35,-5,9.841650e-03,9.901431e-01,0.009842,0.999985,-4.62113,-0.00991,Water,0.990143,1.060522e-07,1.835708e-07,8.131447e-08,2.550370e-07,2.364073e-09,1.448863e-09
12,18,-35,5,5.033204e-01,4.963815e-01,0.503471,0.999702,-0.68653,-0.70041,Land,0.503320,6.508741e-06,9.381918e-07,2.633632e-06,3.029749e-07,1.243299e-07,1.265522e-08
12,19,-35,15,9.962141e-01,3.714805e-03,0.996285,0.999929,-0.00379,-5.59543,Land,0.996214,5.541210e-06,2.471218e-08,6.228959e-07,1.140566e-09,6.113267e-08,5.848968e-10
12,20,-35,25,9.999577e-01,2.472237e-05,0.999975,0.999982,-0.00004,-10.60780,Land,0.999958,8.250716e-07,2.249733e-10,1.563646e-07,6.833520e-12,1.151918e-08,6.015706e-12
12,21,-35,35,9.999467e-01,3.648522e-05,0.999964,0.999983,-0.00005,-10.21860,Land,0.999947,6.895795e-07,2.492587e-10,1.956251e-07,9.672214e-12,1.973795e-08,8.046615e-12
12,22,-35,45,9.999442e-01,3.113336e-05,0.999969,0.999975,-0.00006,-10.37723,Land,0.999944,5.622527e-07,2.228536e-10,2.679311e-07,9.031349e-12,1.374527e-08,1.145314e-11
12,23,-35,55,9.999915e-01,9.631788e-07,0.999999,0.999992,-0.00001,-13.85303,Land,0.999992,1.677831e-07,1.057607e-11,9.386943e-08,3.978623e-13,3.267924e-09,6.442822e-13
12,24,-35,65,9.999218e-01,5.539515e-05,0.999945,0.999977,-0.00008,-9.80102,Land,0.999922,8.708468e-07,4.285720e-10,2.364432e-07,9.818609e-12,3.137396e-08,1.939385e-11
12,25,-35,75,3.186152e-01,6.809997e-01,0.318738,0.999615,-1.14377,-0.38419,Water,0.681000,6.507197e-06,2.221956e-06,2.113843e-06,4.066110e-07,2.348800e-07,3.282353e-08
12,26,-35,85,9.911120e-01,8.824113e-03,0.991175,0.999936,-0.00893,-4.73027,Land,0.991112,6.208048e-07,2.346012e-08,1.192185e-06,3.562807e-09,3.438588e-08,3.697019e-10
12,27,-35,95,9.995060e-01,4.732870e-04,0.999527,0.999979,-0.00049,-7.65581,Land,0.999506,4.806084e-07,2.033650e-09,3.432634e-07,1.064538e-10,2.965095e-08,8.416826e-11
12,28,-35,105,9.999876e-01,2.389042e-06,0.999998,0.999990,-0.00001,-12.94462,Land,0.999988,4.353719e-07,3.738800e-11,2.429199e-07,1.107529e-12,1.165797e-08,2.810295e-12
12,29,-35,115,9.999902e-01,4.115321e-07,1.000000,0.999991,-0.00001,-14.70338,Land,0.999990,2.411639e-07,1.103789e-11,2.243783e-07,6.097398e-13,5.739568e-09,8.370062e-13
12,30,-35,125,9.999868e-01,4.592568e-06,0.999995,0.999991,-0.00001,-12.29107,Land,0.999987,7.933914e-07,6.942119e-11,1.013157e-07,1.938534e-12,7.319450e-09,3.213369e-12
12,31,-35,135,9.999442e-01,3.340531e-05,0.999967,0.999978,-0.00006,-10.30680,Land,0.999944,8.448268e-07,3.247976e-10,2.155809e-07,1.949207e-11,6.036662e-09,2.076219e-11
12,32,-35,145,9.999788e-01,1.507778e-06,0.999998,0.999980,-0.00002,-13.40487,Land,0.999979,8.820590e-07,4.128867e-11,2.323694e-07,1.716068e-12,5.212930e-09,1.760040e-12
12,33,-35,155,9.999956e-01,3.617064e-07,1.000000,0.999996,-0.00000,-14.83243,Land,0.999996,3.740804e-07,7.499757e-12,2.012527e-07,1.851445e-13,6.657086e-09,4.800744e-13
12,34,-35,165,9.704437e-01,2.938197e-02,0.970613,0.999826,-0.03000,-3.52737,Land,0.970444,3.915065e-06,1.399758e-07,7.720927e-07,5.558513e-09,8.272652e-08,2.924556e-09
12,35,-35,175,5.009899e-02,9.498381e-01,0.050102,0.999937,-2.99375,-0.05146,Water,0.949838,5.426448e-07,2.353578e-07,1.497765e-07,1.483518e-07,1.706354e-08,7.478934e-09
13,0,-45,-175,1.640213e-05,9.999784e-01,0.000016,0.999995,-11.01810,-0.00002,Water,0.999978,7.528393e-09,1.226719e-07,3.270509e-10,1.727638e-07,4.081459e-10,4.241568e-09
13,1,-45,-165,1.673563e-05,9.999746e-01,0.000017,0.999991,-10.99797,-0.00003,Water,0.999975,1.536744e-08,4.835109e-07,7.744329e-10,5.540366e-07,6.482977e-10,8.966730e-09
13,2,-45,-155,4.680851e-05,9.999449e-01,0.000047,0.999992,-9.96945,-0.00006,Water,0.999945,2.488001e-08,3.791670e-07,1.341006e-09,4.853095e-07,9.083715e-10,8.801314e-09
13,3,-45,-145,4.065586e-03,9.959111e-01,0.004066,0.999977,-5.50520,-0.00410,Water,0.995911,3.514856e-07,6.925364e-07,3.870209e-08,3.913260e-07,5.729273e-09,1.059188e-08
13,4,-45,-135,1.628490e-03,9.983583e-01,0.001629,0.999987,-6.42010,-0.00164,Water,0.998358,1.554515e-07,3.848129e-07,1.958786e-08,4.027389e-07,5.411857e-09,9.221801e-09
13,5,-45,-125,5.709950e-03,9.942486e-01,0.005710,0.999959,-5.16555,-0.00577,Water,0.994249,6.452731e-07,8.379132e-07,7.582628e-08,5.363192e-07,1.719988e-08,1.571020e-08
13,6,-45,-115,7.320306e-02,9.267295e-01,0.073208,0.999933,-2.61452,-0.07609,Water,0.926729,2.840464e-06,1.532577e-06,6.658566e-07,4.517850e-07,3.249159e-08,7.932598e-09
13,7,-45,-105,8.790266e-05,9.999005e-01,0.000088,0.999988,-9.33928,-0.00010,Water,0.999900,3.172405e-08,2.695485e-07,1.410941e-09,3.386910e-07,2.295699e-09,1.435274e-08
13,8,-45,-95,4.460891e-07,9.999969e-01,0.000000,0.999997,-14.62275,-0.00000,Water,0.999997,8.164966e-10,1.827836e-07,3.747976e-11,2.987515e-07,6.492049e-11,3.942546e-09
13,9,-45,-85,5.606392e-06,9.999877e-01,0.000006,0.999993,-12.09160,-0.00001,Water,0.999988,5.882930e-09,2.922247e-07,2.890313e-10,3.539316e-07,4.770632e-10,1.008420e-08
13,10,-45,-75,3.670604e-05,9.999570e-01,0.000037,0.999994,-10.21257,-0.00004,Water,0.999957,1.518179e-08,6.407369e-07,9.145450e-10,3.709903e-07,5.692186e-10,7.888966e-09
13,11,-45,-65,1.655425e-03,9.983320e-01,0.001655,0.999987,-6.40370,-0.00167,Water,0.998332,1.383797e-07,4.481613e-07,1.014378e-08,1.285713e-07,5.216601e-09,9.957725e-09
13,12,-45,-55,1.499599e-03,9.984757e-01,0.001500,0.999975,-6.50256,-0.00153,Water,0.998476,2.044290e-07,4.877024e-07,2.426475e-08,3.861666e-07,6.292431e-09,1.016775e-08
13,13,-45,-45,1.027834e-06,9.999977e-01,0.000001,0.999999,-13.78806,-0.00000,Water,0.999998,7.238048e-10,4.814278e-08,1.214794e-10,1.949446e-07,5.114434e-11,8.977365e-10
13,14,-45,-35,1.275317e-04,9.998678e-01,0.000128,0.999995,-8.96715,-0.00013,Water,0.999868,1.815638e-08,2.568856e-07,4.613030e-09,3.978771e-07,4.864129e-10,2.376474e-09
13,15,-45,-25,3.905684e-06,9.999951e-01,0.000004,0.999999,-12.45308,-0.00000,Water,0.999995,8.139437e-10,7.500668e-08,3.451737e-10,2.090513e-07,4.764117e-11,5.169194e-10
13,16,-45,-15,5.291217e-06,9.999914e-01,0.000005,0.999997,-12.14946,-0.00001,Water,0.999991,2.609878e-09,2.361292e-07,4.867631e-10,4.996281e-07,1.262637e-10,1.923371e-09
13,17,-45,-5,4.753961e-07,9.999984e-01,0.000000,0.999999,-14.55912,-0.00000,Water,0.999998,6.439323e-10,8.918519e-08,5.984513e-11,2.870580e-07,2.592284e-11,9.094924e-10
13,18,-45,5,5.031796e-05,9.999434e-01,0.000050,0.999994,-9.89715,-0.00006,Water,0.999943,1.530227e-08,4.244104e-07,1.730460e-09,3.959405e-07,5.648281e-10,4.218255e-09
13,19,-45,15,1.617589e-05,9.999791e-01,0.000016,0.999995,-11.03199,-0.00002,Water,0.999979,9.130318e-09,4.544247e-07,7.683869e-10,6.796403e-07,3.288019e-10,3.676114e-09
13,20,-45,25,8.651838e-06,9.999884e-01,0.000009,0.999997,-11.65774,-0.00001,Water,0.999988,3.209277e-09,3.068675e-07,5.992046e-10,3.777549e-07,1.521026e-10,2.847612e-09
13,21,-45,35,1.712161e-06,9.999968e-01,0.000002,0.999999,-13.27775,-0.00000,Water,0.999997,8.946749e-10,1.586578e-07,1.334012e-10,3.188722e-07,3.569061e-11,1.127977e-09
13,22,-45,45,2.240172e-04,9.997645e-01,0.000224,0.999988,-8.40379,-0.00024,Water,0.999764,4.350440e-08,5.658905e-07,6.119896e-09,3.935792e-07,3.951622e-09,1.126558e-08
13,23,-45,55,1.026360e-02,9.897139e-01,0.010264,0.999978,-4.57915,-0.01034,Water,0.989714,3.781285e-07,6.660634e-07,6.144188e-08,2.142106e-07,1.829444e-08,1.181565e-08
13,24,-45,65,1.274805e-01,8.722779e-01,0.127511,0.999758,-2.05979,-0.13665,Water,0.872278,5.973022e-06,1.883137e-06,1.286127e-06,5.018067e-07,2.394903e-07,4.126633e-08
13,25,-45,75,2.263555e-01,7.732426e-01,0.226447,0.999598,-1.48565,-0.25716,Water,0.773243,7.895853e-06,2.752552e-06,3.243534e-06,7.890143e-07,4.123852e-07,7.090653e-08
13,26,-45,85,3.474438e-02,9.650709e-01,0.034751,0.999815,-3.35974,-0.03555,Water,0.965071,1.775631e-06,1.631090e-06,5.211313e-07,9.702360e-07,1.224319e-07,5.885118e-08
13,27,-45,95,6.484404e-05,9.999213e-01,0.000065,0.999986,-9.64353,-0.00008,Water,0.999921,3.169702e-08,3.128429e-07,1.968823e-09,4.636146e-07,3.009679e-09,1.466096e-08
13,28,-45,105,4.897617e-04,9.994947e-01,0.000490,0.999984,-7.62159,-0.00051,Water,0.999495,7.233709e-08,3.438382e-07,6.137790e-09,3.357720e-07,6.852485e-09,1.400751e-08
13,29,-45,115,1.097166e-01,8.900089e-01,0.109747,0.999725,-2.20985,-0.11652,Water,0.890009,4.943628e-06,1.985102e-06,1.820186e-06,1.034894e-06,1.225164e-07,2.994261e-08
13,30,-45,125,5.502354e-03,9.944392e-01,0.005503,0.999942,-5.20258,-0.00558,Water,0.994439,6.559993e-07,7.013597e-07,7.485066e-08,6.926342e-07,2.487207e-08,2.907809e-08
13,31,-45,135,1.306092e-04,9.998615e-01,0.000131,0.999992,-8.94330,-0.00014,Water,0.999861,4.229573e-08,2.813737e-07,2.490734e-09,4.258311e-07,2.028544e-09,1.076815e-08
13,32,-45,145,2.120812e-04,9.997763e-01,0.000212,0.999988,-8.45854,-0.00022,Water,0.999776,5.205474e-08,6.140562e-07,4.409871e-09,4.987298e-07,1.821177e-09,1.284301e-08
13,33,-45,155,4.107446e-03,9.958637e-01,0.004108,0.999971,-5.49495,-0.00414,Water,0.995864,2.375746e-07,3.182185e-07,4.914960e-08,5.293245e-07,1.450712e-08,1.654085e-08
13,34,-45,165,9.023362e-05,9.998898e-01,0.000090,0.999980,-9.31311,-0.00011,Water,0.999890,5.262833e-08,5.810234e-07,1.792436e-09,5.247670e-07,3.218150e-09,2.840960e-08
13,35,-45,175,5.524560e-05,9.999361e-01,0.000055,0.999991,-9.80372,-0.00006,Water,0.999936,1.296555e-08,1.553653e-07,5.763322e-10,1.998129e-07,1.111968e-09,7.387761e-09
14,0,-55,-175,7.477788e-05,9.999009e-01,0.000075,0.999976,-9.50099,-0.00010,Water,0.999901,6.724498e-08,1.031410e-06,1.865018e-09,3.567581e-07,2.007264e-09,1.419062e-08
14,1,-55,-165,4.018804e-05,9.999457e-01,0.000040,0.999986,-10.12194,-0.00005,Water,0.999946,3.262597e-08,1.074713e-06,9.785621e-10,2.807479e-07,9.443681e-10,9.985427e-09
14,2,-55,-155,1.162292e-05,9.999860e-01,0.000012,0.999998,-11.36253,-0.00001,Water,0.999986,6.125676e-09,2.134313e-07,2.619894e-10,1.086269e-07,1.130326e-10,1.625840e-09
14,3,-55,-145,2.425826e-04,9.997475e-01,0.000243,0.999990,-8.32417,-0.00025,Water,0.999748,8.582301e-08,7.854848e-07,2.760539e-09,2.354309e-07,1.302060e-09,5.649817e-09
14,4,-55,-135,3.709920e-05,9.999601e-01,0.000037,0.999997,-10.20192,-0.00004,Water,0.999960,1.131731e-08,3.831633e-07,5.608715e-10,1.019626e-07,1.410216e-10,1.388549e-09
14,5,-55,-125,3.244176e-04,9.996616e-01,0.000324,0.999986,-8.03348,-0.00034,Water,0.999662,8.434354e-08,7.441563e-07,4.929552e-09,2.716048e-07,1.337673e-09,8.397294e-09
14,6,-55,-115,2.455313e-04,9.997476e-01,0.000246,0.999993,-8.31209,-0.00025,Water,0.999748,8.568701e-08,5.943231e-07,2.794660e-09,2.107134e-07,1.291828e-09,5.326644e-09
14,7,-55,-105,2.625716e-06,9.999932e-01,0.000003,0.999996,-12.85016,-0.00001,Water,0.999993,4.984366e-09,4.498535e-07,7.428191e-11,1.628903e-07,1.565217e-10,1.020935e-08
14,8,-55,-95,9.445704e-07,9.999977e-01,0.000001,0.999999,-13.87254,-0.00000,Water,0.999998,9.737065e-10,2.152128e-07,4.017944e-11,1.429882e-07,3.877862e-11,2.819580e-09
14,9,-55,-85,3.885865e-06,9.999945e-01,0.000004,0.999998,-12.45816,-0.00001,Water,0.999994,3.317166e-09,2.047379e-07,1.151900e-10,1.855761e-07,1.193092e-10,4.143624e-09
14,10,-55,-75,1.845851e-05,9.999795e-01,0.000018,0.999998,-10.89998,-0.00002,Water,0.999979,5.589212e-09,4.241182e-07,4.099105e-10,2.372743e-07,1.183074e-10,1.962477e-09
14,11,-55,-65,1.769773e-05,9.999770e-01,0.000018,0.999995,-10.94207,-0.00002,Water,0.999977,1.492779e-08,2.545732e-07,4.245510e-10,2.478682e-07,4.892940e-10,5.544341e-09
14,12,-55,-55,3.903044e-05,9.999535e-01,0.000039,0.999993,-10.15117,-0.00005,Water,0.999954,1.734381e-08,7.795857e-07,1.701143e-09,5.607225e-07,3.878342e-10,5.062871e-09
14,13,-55,-45,2.474265e-02,9.751261e-01,0.024746,0.999869,-3.69923,-0.02519,Water,0.975126,2.912510e-06,2.528696e-06,3.208407e-07,7.654574e-07,2.504480e-08,2.178008e-08
14,14,-55,-35,1.026838e-03,9.989585e-01,0.001027,0.999985,-6.88127,-0.00104,Water,0.998958,1.616014e-07,9.530924e-07,1.213481e-08,3.974331e-07,2.163361e-09,7.871825e-09
14,15,-55,-25,9.785093e-05,9.998882e-01,0.000098,0.999986,-9.23207,-0.00011,Water,0.999888,5.438796e-08,6.500736e-07,2.582679e-09,4.264702e-07,1.193876e-09,7.573244e-09
14,16,-55,-15,2.243275e-06,9.999956e-01,0.000002,0.999998,-13.00757,-0.00000,Water,0.999996,3.158495e-09,1.644989e-07,1.352566e-10,2.158628e-07,7.670347e-11,2.037565e-09
14,17,-55,-5,2.016219e-05,9.999622e-01,0.000020,0.999982,-10.81170,-0.00004,Water,0.999962,2.409831e-08,3.789478e-07,5.362197e-10,2.715218e-07,4.793998e-10,8.477087e-09
14,18,-55,5,1.339627e-05,9.999758e-01,0.000013,0.999989,-11.22053,-0.00002,Water,0.999976,1.465857e-08,6.535151e-07,1.117191e-09,9.963746e-07,4.009256e-10,9.640970e-09
14,19,-55,15,1.475816e-05,9.999798e-01,0.000015,0.999995,-11.12371,-0.00002,Water,0.999980,9.957747e-09,2.145738e-07,6.279311e-10,4.526717e-07,5.611383e-10,7.856257e-09
14,20,-55,25,2.184114e-05,9.999710e-01,0.000022,0.999993,-10.73172,-0.00003,Water,0.999971,1.980605e-08,7.924087e-07,1.578714e-09,7.338268e-07,4.354737e-10,5.362871e-09
14,21,-55,35,1.728011e-04,9.998237e-01,0.000173,0.999997,-8.66337,-0.00018,Water,0.999824,2.067789e-08,2.870711e-07,5.114194e-09,3.812901e-07,3.656008e-10,2.222614e-09
14,22,-55,45,4.449938e-04,9.995371e-01,0.000445,0.999982,-7.71745,-0.00046,Water,0.999537,1.183495e-07,5.849732e-07,8.561057e-09,4.404624e-07,3.008262e-09,1.215797e-08
14,23,-55,55,6.623493e-06,9.999814e-01,0.000007,0.999988,-11.92489,-0.00002,Water,0.999981,9.881779e-09,5.743157e-07,8.965962e-10,9.707113e-07,4.016731e-10,1.292982e-08
14,24,-55,65,1.010945e-02,9.898516e-01,0.010110,0.999961,-4.59429,-0.01020,Water,0.989852,1.041402e-06,2.299570e-06,9.550297e-08,5.626210e-07,1.310710e-08,1.345226e-08
14,25,-55,75,2.274993e-04,9.997595e-01,0.000228,0.999987,-8.38836,-0.00024,Water,0.999760,5.767924e-08,5.736899e-07,4.239659e-09,4.128190e-07,1.304044e-09,6.463869e-09
14,26,-55,85,3.300830e-03,9.966685e-01,0.003301,0.999969,-5.71358,-0.00334,Water,0.996669,6.160088e-07,1.244543e-06,3.120484e-08,3.146346e-07,1.143313e-08,2.020088e-08
14,27,-55,95,2.423808e-04,9.997452e-01,0.000242,0.999988,-8.32500,-0.00025,Water,0.999745,5.379999e-08,7.726094e-07,5.623785e-09,4.597395e-07,2.565817e-09,1.164134e-08
14,28,-55,105,5.181338e-06,9.999911e-01,0.000005,0.999996,-12.17045,-0.00001,Water,0.999991,2.983548e-09,4.335857e-07,2.211524e-10,2.818831e-07,1.526511e-10,4.714817e-09
14,29,-55,115,8.666579e-05,9.999012e-01,0.000087,0.999988,-9.35345,-0.00010,Water,0.999901,8.194415e-08,1.123328e-06,2.010764e-09,4.375131e-07,1.491562e-09,9.512393e-09
14,30,-55,125,2.661998e-04,9.997251e-01,0.000266,0.999991,-8.23126,-0.00027,Water,0.999725,7.550934e-08,7.732915e-07,2.849374e-09,2.930075e-07,1.416585e-09,6.859501e-09
14,31,-55,135,5.342600e-05,9.999418e-01,0.000053,0.999995,-9.83721,-0.00006,Water,0.999942,3.261633e-08,1.038810e-06,1.338222e-09,3.500100e-07,2.245922e-10,1.234070e-09
14,32,-55,145,1.042083e-04,9.998907e-01,0.000104,0.999995,-9.16912,-0.00011,Water,0.999891,2.737144e-08,4.699717e-07,1.238253e-09,1.521054e-07,5.445471e-10,3.201846e-09
14,33,-55,155,1.366534e-05,9.999778e-01,0.000014,0.999991,-11.20065,-0.00002,Water,0.999978,2.009582e-08,4.889427e-07,4.140031e-10,3.070242e-07,6.946212e-10,1.281503e-08
14,34,-55,165,5.003906e-06,9.999895e-01,0.000005,0.999995,-12.20529,-0.00001,Water,0.999990,1.113065e-08,8.919104e-07,2.036021e-10,2.371123e-07,2.026262e-10,4.932276e-09
14,35,-55,175,1.225322e-04,9.998331e-01,0.000123,0.999956,-9.00714,-0.00017,Water,0.999833,1.211677e-07,2.231213e-06,3.940842e-09,6.484734e-07,3.274115e-09,2.298093e-08
15,0,-65,-175,2.003374e-01,7.994434e-01,0.200381,0.999781,-1.60775,-0.22384,Water,0.799443,4.855125e-06,8.591186e-07,7.014310e-07,2.846600e-07,2.224710e-07,2.283429e-08
15,1,-65,-165,2.369235e-01,7.627336e-01,0.237005,0.999657,-1.44002,-0.27085,Water,0.762734,9.971468e-06,1.338170e-06,1.144635e-06,4.431355e-07,3.182421e-07,3.756417e-08
15,2,-65,-155,3.796176e-01,6.198763e-01,0.379810,0.999494,-0.96859,-0.47824,Water,0.619876,1.300973e-05,1.103480e-06,8.824313e-07,1.539738e-07,5.748276e-07,5.903025e-08
15,3,-65,-145,2.602150e-01,7.393931e-01,0.260317,0.999608,-1.34625,-0.30193,Water,0.739393,8.150543e-06,9.807800e-07,7.202415e-07,2.625423e-07,4.693495e-07,4.587270e-08
15,4,-65,-135,4.040341e-01,5.954155e-01,0.404257,0.999450,-0.90626,-0.51850,Water,0.595415,1.285097e-05,8.101278e-07,7.950187e-07,1.301696e-07,7.846773e-07,4.800464e-08
15,5,-65,-125,7.562024e-01,2.433464e-01,0.756544,0.999549,-0.27945,-1.41327,Land,0.756202,1.208913e-05,5.109503e-07,1.680802e-06,7.737545e-08,3.765600e-07,1.687385e-08
15,6,-65,-115,9.851425e-01,1.452566e-02,0.985470,0.999668,-0.01497,-4.23184,Land,0.985142,9.874134e-06,1.001863e-07,2.976705e-06,1.346511e-08,3.227557e-07,3.751716e-09
15,7,-65,-105,6.161956e-01,3.832601e-01,0.616531,0.999456,-0.48419,-0.95904,Land,0.616196,1.539163e-05,1.305097e-06,1.498444e-06,1.463524e-07,5.810019e-07,5.577775e-08
15,8,-65,-95,4.442256e-01,5.549319e-01,0.444600,0.999157,-0.81142,-0.58891,Water,0.554932,1.641716e-05,1.012802e-06,1.630523e-06,2.403987e-07,6.614783e-07,5.651331e-08
15,9,-65,-85,2.032836e-01,7.963951e-01,0.203349,0.999679,-1.59315,-0.22766,Water,0.796395,1.192396e-05,2.524170e-06,5.434244e-07,2.836595e-07,2.359498e-07,4.056256e-08
15,10,-65,-75,8.400998e-02,9.157719e-01,0.084028,0.999782,-2.47682,-0.08799,Water,0.915772,7.100791e-06,2.741821e-06,3.373529e-07,3.770732e-07,9.545167e-08,2.910135e-08
15,11,-65,-65,2.000096e-01,7.998715e-01,0.200033,0.999881,-1.60939,-0.22330,Water,0.799871,3.017306e-06,1.104674e-06,3.683723e-07,1.868419e-07,2.885276e-08,5.111978e-09
15,12,-65,-55,3.156863e-02,9.683239e-01,0.031572,0.999893,-3.45559,-0.03219,Water,0.968324,1.488140e-06,4.971301e-07,6.953285e-08,1.609178e-07,5.161835e-08,2.059451e-08
15,13,-65,-45,3.559017e-01,6.436533e-01,0.356060,0.999555,-1.03310,-0.44059,Water,0.643653,1.396581e-05,1.113839e-06,1.057505e-06,2.179132e-07,1.620741e-07,2.435454e-08
15,14,-65,-35,4.639868e-02,9.534029e-01,0.046408,0.999802,-3.07048,-0.04772,Water,0.953403,5.020552e-06,2.626123e-06,2.740141e-07,4.947707e-07,4.638188e-08,2.116816e-08
15,15,-65,-25,3.453875e-01,6.540990e-01,0.345565,0.999487,-1.06309,-0.42450,Water,0.654099,1.707747e-05,1.516861e-06,1.436130e-06,3.554809e-07,1.525128e-07,2.127843e-08
15,16,-65,-15,4.638555e-02,9.535284e-01,0.046390,0.999914,-3.07077,-0.04759,Water,0.953528,1.821897e-06,7.037894e-07,1.601574e-07,2.161862e-07,4.217182e-08,1.626031e-08
15,17,-65,-5,3.149489e-03,9.968141e-01,0.003150,0.999964,-5.76052,-0.00319,Water,0.996814,2.598857e-07,4.894733e-07,1.254652e-08,1.409503e-07,6.651018e-09,8.271060e-09
15,18,-65,5,1.980105e-03,9.979887e-01,0.001980,0.999969,-6.22461,-0.00201,Water,0.997989,2.765478e-07,6.988254e-07,1.544221e-08,2.533313e-07,6.647868e-09,1.284060e-08
15,19,-65,15,5.687707e-02,9.430092e-01,0.056884,0.999886,-2.86686,-0.05868,Water,0.943009,3.419229e-06,1.813312e-06,1.954160e-07,2.905355e-07,3.199338e-08,1.295359e-08
15,20,-65,25,8.258383e-02,9.172175e-01,0.082600,0.999801,-2.49394,-0.08641,Water,0.917218,6.901219e-06,2.545316e-06,3.993127e-07,4.609427e-07,6.244919e-08,1.713784e-08
15,21,-65,35,2.513627e-02,9.748066e-01,0.025138,0.999943,-3.68344,-0.02552,Water,0.974807,1.061599e-06,3.956328e-07,4.976130e-08,1.152021e-07,2.116181e-08,7.941817e-09
15,22,-65,45,4.747060e-01,5.250573e-01,0.474818,0.999763,-0.74506,-0.64425,Water,0.525057,1.136408e-05,1.135947e-06,7.131112e-07,1.192538e-07,1.271128e-07,1.691107e-08
15,23,-65,55,5.156051e-02,9.482841e-01,0.051569,0.999845,-2.96500,-0.05310,Water,0.948284,3.799995e-06,6.678030e-07,1.340080e-07,1.829565e-07,1.081833e-07,2.355601e-08
15,24,-65,65,4.706708e-01,5.288195e-01,0.470911,0.999490,-0.75360,-0.63711,Water,0.528819,1.418464e-05,2.157378e-06,1.815911e-06,2.484646e-07,5.411580e-07,4.349934e-08
15,25,-65,75,9.002922e-01,9.952086e-02,0.900461,0.999813,-0.10504,-2.30739,Land,0.900292,8.218197e-06,3.096839e-07,1.118609e-06,3.117307e-08,1.204239e-07,4.681513e-09
15,26,-65,85,9.749840e-01,2.448670e-02,0.975500,0.999471,-0.02533,-3.70963,Land,0.974984,2.023938e-05,3.329818e-07,3.380799e-06,2.533712e-08,4.851727e-07,7.264636e-09
15,27,-65,95,7.377586e-01,2.616718e-01,0.738179,0.999430,-0.30414,-1.34066,Land,0.737759,2.107143e-05,1.698193e-06,2.819445e-06,1.904878e-07,4.905837e-07,3.185840e-08
15,28,-65,105,1.619853e-01,8.377870e-01,0.162022,0.999772,-1.82025,-0.17699,Water,0.837787,5.360667e-06,9.228337e-07,4.392111e-07,2.507808e-07,2.076397e-07,3.687461e-08
15,29,-65,115,9.814906e-01,1.821835e-02,0.981776,0.999709,-0.01868,-4.00533,Land,0.981491,1.034774e-05,1.174828e-07,2.116634e-06,1.636903e-08,8.766865e-08,2.030660e-09
15,30,-65,125,9.351589e-01,6.433034e-02,0.935637,0.999489,-0.06704,-2.74372,Land,0.935159,1.739556e-05,2.933521e-07,1.894301e-06,3.348226e-08,2.855494e-07,7.806728e-09
15,31,-65,135,2.542167e-01,7.449476e-01,0.254429,0.999164,-1.36957,-0.29444,Water,0.744948,2.579149e-05,2.619258e-06,9.112350e-07,3.492989e-07,9.054622e-07,9.391601e-08
15,32,-65,145,3.589085e-01,6.407077e-01,0.359046,0.999616,-1.02469,-0.44518,Water,0.640708,1.132667e-05,6.668661e-07,5.227094e-07,1.287340e-07,5.284595e-07,4.461253e-08
15,33,-65,155,2.928393e-01,7.067143e-01,0.292970,0.999554,-1.22813,-0.34713,Water,0.706714,1.077921e-05,1.068480e-06,9.050497e-07,2.371314e-07,2.444477e-07,3.260319e-08
15,34,-65,165,1.263614e-01,8.734219e-01,0.126389,0.999783,-2.06861,-0.13534,Water,0.873422,5.657237e-06,7.266475e-07,3.493452e-07,2.574213e-07,2.455851e-07,4.428851e-08
15,35,-65,175,8.315972e-01,1.678284e-01,0.832075,0.999426,-0.18441,-1.78481,Land,0.831597,1.510564e-05,4.188642e-07,2.064781e-06,7.261137e-08,4.162269e-07,1.177539e-08
16,0,-75,-175,9.959736e-01,3.935769e-03,0.996064,0.999909,-0.00403,-5.53765,Land,0.995974,3.903282e-06,1.578957e-08,1.328438e-06,2.372365e-09,9.417172e-08,7.840282e-10
16,1,-75,-165,9.972463e-01,2.635458e-03,0.997364,0.999882,-0.00276,-5.93870,Land,0.997246,7.404511e-06,2.801305e-08,1.910092e-06,2.230186e-09,1.690931e-07,1.542127e-09
16,2,-75,-155,9.095446e-01,9.018725e-02,0.909789,0.999732,-0.09481,-2.40587,Land,0.909545,1.049626e-05,2.290281e-07,2.286018e-06,5.137354e-08,2.524201e-07,1.310961e-08
16,3,-75,-145,9.994517e-01,3.781757e-04,0.999622,0.999830,-0.00055,-7.88015,Land,0.999452,1.046451e-05,1.342166e-08,1.458057e-06,5.132917e-10,7.066760e-08,2.580648e-10
16,4,-75,-135,9.732408e-01,2.655518e-02,0.973439,0.999796,-0.02712,-3.62853,Land,0.973241,1.263900e-05,1.120805e-07,1.871070e-06,1.457789e-08,1.593577e-07,3.827366e-09
16,5,-75,-125,9.999114e-01,6.296817e-05,0.999937,0.999974,-0.00009,-9.67288,Land,0.999911,1.487590e-06,7.002304e-10,6.351090e-07,8.135091e-11,1.686678e-08,2.964158e-11
16,6,-75,-115,9.967549e-01,3.056648e-03,0.996943,0.999812,-0.00325,-5.79044,Land,0.996755,1.287974e-05,3.583821e-08,2.567466e-06,3.237906e-09,1.032550e-07,1.210577e-09
16,7,-75,-105,9.550430e-01,4.475881e-02,0.955232,0.999802,-0.04600,-3.10647,Land,0.955043,9.715581e-06,1.051199e-07,1.845391e-06,1.960360e-08,9.623150e-08,3.157173e-09
16,8,-75,-95,9.958633e-01,3.954452e-03,0.996045,0.999818,-0.00415,-5.53291,Land,0.995863,8.374204e-06,4.744038e-08,2.163520e-06,3.636230e-09,1.169724e-07,1.260900e-09
16,9,-75,-85,9.972498e-01,2.687368e-03,0.997312,0.999937,-0.00275,-5.91919,Land,0.997250,2.829939e-06,1.479007e-08,1.634081e-06,1.419717e-09,4.259867e-08,3.976449e-10
16,10,-75,-75,9.937233e-01,6.130163e-03,0.993869,0.999853,-0.00630,-5.09453,Land,0.993723,7.259739e-06,4.977540e-08,1.431376e-06,4.247642e-09,8.698660e-08,1.138409e-09
16,11,-75,-65,9.755613e-01,2.433637e-02,0.975661,0.999898,-0.02474,-3.71578,Land,0.975561,3.543327e-06,3.652442e-08,1.036861e-06,7.524570e-09,5.735990e-08,9.803324e-10
16,12,-75,-55,9.998271e-01,9.056145e-05,0.999909,0.999918,-0.00017,-9.30948,Land,0.999827,4.375627e-06,3.050507e-09,7.862542e-07,1.333146e-10,2.575715e-08,5.285410e-11
16,13,-75,-45,9.995844e-01,3.605913e-04,0.999639,0.999945,-0.00042,-7.92777,Land,0.999584,2.213619e-06,4.395774e-09,8.255096e-07,2.413973e-10,4.713713e-08,2.885257e-10
16,14,-75,-35,9.998678e-01,9.772667e-05,0.999902,0.999966,-0.00013,-9.23334,Land,0.999868,1.540647e-06,2.253822e-09,8.711582e-07,1.454265e-10,2.054360e-08,1.047463e-10
16,15,-75,-25,9.988876e-01,1.035166e-03,0.998965,0.999923,-0.00111,-6.87319,Land,0.998888,4.331011e-06,9.968731e-09,1.116228e-06,9.504961e-10,3.551833e-08,2.815460e-10
16,16,-75,-15,9.762353e-01,2.357411e-02,0.976421,0.999809,-0.02405,-3.74761,Land,0.976235,9.268544e-06,8.389465e-08,1.125847e-06,9.672662e-09,6.344966e-08,1.612567e-09
16,17,-75,-5,9.943385e-01,5.603662e-03,0.994396,0.999942,-0.00568,-5.18433,Land,0.994338,1.971766e-06,1.644750e-08,8.578160e-07,2.753297e-09,3.952065e-08,5.863282e-10
16,18,-75,5,6.677432e-01,3.320182e-01,0.667903,0.999761,-0.40385,-1.10257,Land,0.667743,8.124675e-06,5.640024e-07,1.284927e-06,1.139216e-07,1.388229e-07,1.421551e-08
16,19,-75,15,9.739824e-01,2.593119e-02,0.974067,0.999914,-0.02636,-3.65231,Land,0.973982,3.941041e-06,4.828392e-08,1.129323e-06,1.022492e-08,3.872684e-08,1.333449e-09
16,20,-75,25,9.985469e-01,1.405912e-03,0.998594,0.999953,-0.00145,-6.56707,Land,0.998547,2.412214e-06,7.880877e-09,7.935162e-07,8.481626e-10,3.004304e-08,2.595770e-10
16,21,-75,35,9.987388e-01,1.111942e-03,0.998888,0.999851,-0.00126,-6.80165,Land,0.998739,5.378086e-06,1.401771e-08,7.910632e-07,6.837223e-10,1.432773e-08,1.343641e-10
16,22,-75,45,9.995001e-01,3.988239e-04,0.999601,0.999899,-0.00050,-7.82699,Land,0.999500,5.070233e-06,8.328002e-09,9.727474e-07,3.645777e-10,3.166240e-08,1.432404e-10
16,23,-75,55,9.998602e-01,6.807624e-05,0.999932,0.999928,-0.00014,-9.59488,Land,0.999860,3.220685e-06,2.131255e-09,6.661612e-07,8.416570e-11,1.838763e-08,3.688193e-11
16,24,-75,65,9.998438e-01,3.831451e-05,0.999962,0.999882,-0.00016,-10.16968,Land,0.999844,6.165571e-06,3.337532e-09,7.291050e-07,7.913506e-11,2.445924e-08,4.207540e-11
16,25,-75,75,9.968517e-01,3.062972e-03,0.996937,0.999915,-0.00315,-5.78837,Land,0.996852,2.462746e-06,2.006105e-08,1.522553e-06,2.173679e-09,6.540832e-08,6.451664e-10
16,26,-75,85,9.998803e-01,8.525086e-05,0.999915,0.999966,-0.00012,-9.36991,Land,0.999880,1.427880e-06,1.278942e-09,3.779305e-07,5.025900e-11,1.900353e-08,3.841486e-11
16,27,-75,95,9.993257e-01,6.211798e-04,0.999379,0.999947,-0.00067,-7.38389,Land,0.999326,2.477172e-06,8.185533e-09,8.369624e-07,3.600422e-10,7.184557e-08,3.784612e-10
16,28,-75,105,9.993939e-01,4.306498e-04,0.999569,0.999825,-0.00061,-7.75022,Land,0.999394,8.088827e-06,1.026564e-08,1.212144e-06,4.230004e-10,8.025584e-08,2.979849e-10
16,29,-75,115,9.998199e-01,1.033028e-04,0.999897,0.999923,-0.00018,-9.17785,Land,0.999820,5.420535e-06,2.044926e-09,8.180818e-07,8.760179e-11,7.988837e-08,1.054306e-10
16,30,-75,125,9.999463e-01,9.920217e-06,0.999990,0.999956,-0.00005,-11.52094,Land,0.999946,3.028775e-06,3.592891e-10,3.754810e-07,1.083785e-11,3.153094e-08,1.729854e-11
16,31,-75,135,9.983965e-01,1.411569e-03,0.998588,0.999808,-0.00160,-6.56305,Land,0.998396,8.124103e-06,1.731126e-08,1.549100e-06,1.172831e-09,1.025091e-07,7.220776e-10
16,32,-75,145,9.992308e-01,6.040175e-04,0.999396,0.999835,-0.00077,-7.41191,Land,0.999231,7.960133e-06,9.425385e-09,1.385138e-06,9.042706e-10,7.682508e-08,3.540837e-10
16,33,-75,155,9.957038e-01,4.094935e-03,0.995904,0.999799,-0.00431,-5.49800,Land,0.995704,9.684661e-06,2.639097e-08,1.861110e-06,2.493810e-09,1.772121e-07,1.369587e-09
16,34,-75,165,9.988896e-01,9.669131e-04,0.999033,0.999856,-0.00111,-6.94140,Land,0.998890,1.062167e-05,1.498983e-08,9.667678e-07,5.252111e-10,1.402874e-07,6.873458e-10
16,35,-75,175,9.932155e-01,6.684494e-03,0.993315,0.999900,-0.00681,-5.00796,Land,0.993216,4.214339e-06,1.920889e-08,1.006877e-06,2.600980e-09,9.993445e-08,1.306209e-09
17,0,-85,-175,9.999655e-01,1.035783e-05,0.999990,0.999976,-0.00003,-11.47777,Land,0.999966,2.372300e-06,2.650474e-10,2.629787e-07,2.975998e-12,7.860593e-08,2.370503e-11
17,1,-85,-165,9.999090e-01,2.672240e-05,0.999973,0.999936,-0.00009,-10.53001,Land,0.999909,3.824276e-06,7.630914e-10,8.179835e-07,2.080661e-11,1.499388e-07,9.110821e-11
17,2,-85,-155,9.998729e-01,4.377377e-05,0.999956,0.999917,-0.00013,-10.03648,Land,0.999873,3.238102e-06,1.010296e-09,5.864292e-07,2.100321e-11,1.249384e-07,1.144213e-10
17,3,-85,-145,9.997710e-01,1.034315e-04,0.999897,0.999874,-0.00023,-9.17660,Land,0.999771,6.614357e-06,1.602767e-09,7.614855e-07,5.418987e-11,2.738803e-07,2.227887e-10
17,4,-85,-135,9.999303e-01,2.319677e-05,0.999977,0.999954,-0.00007,-10.67150,Land,0.999930,2.699562e-06,3.254073e-10,5.234028e-07,7.952929e-12,1.408167e-07,5.465861e-11
17,5,-85,-125,9.999472e-01,8.626569e-06,0.999991,0.999956,-0.00005,-11.66066,Land,0.999947,3.454194e-06,3.018979e-10,3.498762e-07,2.689318e-12,1.359480e-07,3.100874e-11
17,6,-85,-115,9.995666e-01,3.702549e-04,0.999630,0.999937,-0.00043,-7.90132,Land,0.999567,3.648986e-06,2.224823e-09,3.318054e-07,4.084925e-11,1.808383e-07,2.925623e-10
17,7,-85,-105,9.998783e-01,5.655986e-05,0.999943,0.999935,-0.00012,-9.78021,Land,0.999878,3.848623e-06,8.139869e-10,5.227485e-07,1.689357e-11,1.512513e-07,8.955688e-11
17,8,-85,-95,9.998201e-01,1.328655e-04,0.999867,0.999953,-0.00018,-8.92617,Land,0.999820,1.977239e-06,1.130667e-09,3.034210e-07,5.254031e-11,2.534823e-08,4.903371e-11
17,9,-85,-85,9.997861e-01,1.438179e-04,0.999856,0.999930,-0.00021,-8.84696,Land,0.999786,1.689182e-06,1.526901e-09,5.045666e-07,9.336165e-11,3.476486e-08,3.609050e-11
17,10,-85,-75,9.998253e-01,9.012429e-05,0.999910,0.999915,-0.00017,-9.31432,Land,0.999825,3.238312e-06,1.107383e-09,3.997182e-07,4.177819e-11,8.582772e-08,9.265035e-11
17,11,-85,-65,9.996861e-01,2.496308e-04,0.999750,0.999936,-0.00031,-8.29553,Land,0.999686,2.767599e-06,2.800694e-09,4.222323e-07,8.046379e-11,2.100456e-07,3.009258e-10
17,12,-85,-55,9.998858e-01,4.775733e-05,0.999952,0.999934,-0.00011,-9.94938,Land,0.999886,3.257310e-06,1.337544e-09,7.671687e-07,3.379475e-11,1.816743e-07,1.650521e-10
17,13,-85,-45,9.999420e-01,1.851831e-05,0.999981,0.999961,-0.00006,-10.89675,Land,0.999942,1.655671e-06,4.596590e-10,2.157443e-07,8.396241e-12,3.013052e-08,2.496949e-11
17,14,-85,-35,9.999778e-01,1.319791e-06,0.999999,0.999979,-0.00002,-13.53804,Land,0.999978,1.089641e-06,4.425447e-11,1.125397e-07,1.328398e-12,1.217936e-08,2.360253e-12
17,15,-85,-25,9.999801e-01,8.475165e-07,0.999999,0.999981,-0.00002,-13.98096,Land,0.999980,8.314424e-07,3.630337e-11,1.364129e-07,1.211773e-12,5.999690e-09,1.722424e-12
17,16,-85,-15,9.998957e-01,4.832636e-05,0.999952,0.999944,-0.00010,-9.93753,Land,0.999896,1.760979e-06,4.929093e-10,1.789124e-07,1.674937e-11,2.383486e-08,3.358377e-11
17,17,-85,-5,9.996460e-01,3.025617e-04,0.999697,0.999949,-0.00035,-8.10323,Land,0.999646,1.500537e-06,2.458802e-09,4.523262e-07,8.487993e-11,6.232807e-08,2.068511e-10
17,18,-85,5,9.999563e-01,1.340675e-05,0.999987,0.999970,-0.00004,-11.21975,Land,0.999956,1.985297e-06,3.474773e-10,4.165880e-07,6.781399e-12,7.960463e-08,3.336321e-11
17,19,-85,15,9.999068e-01,5.189067e-05,0.999948,0.999959,-0.00009,-9.86637,Land,0.999907,1.765373e-06,6.159975e-10,2.599258e-07,3.003551e-11,3.350025e-08,4.909210e-11
17,20,-85,25,9.999581e-01,6.846248e-06,0.999993,0.999965,-0.00004,-11.89181,Land,0.999958,1.545810e-06,1.406431e-10,1.454295e-07,2.779826e-12,2.376140e-08,9.491842e-12
17,21,-85,35,9.999368e-01,2.215402e-05,0.999978,0.999959,-0.00006,-10.71749,Land,0.999937,1.570833e-06,4.834616e-10,1.149458e-07,8.827497e-12,1.852894e-08,1.389674e-11
17,22,-85,45,9.999474e-01,3.981198e-06,0.999996,0.999951,-0.00005,-12.43393,Land,0.999947,2.615206e-06,1.479792e-10,1.718514e-07,1.805277e-12,7.011154e-08,1.232918e-11
17,23,-85,55,9.999556e-01,9.828491e-06,0.999990,0.999965,-0.00004,-11.53023,Land,0.999956,1.914255e-06,2.930032e-10,5.313347e-07,7.250079e-12,5.832043e-08,3.044797e-11
17,24,-85,65,9.999709e-01,1.642350e-06,0.999998,0.999973,-0.00003,-13.31938,Land,0.999971,1.607735e-06,9.142598e-11,1.929018e-07,1.645828e-12,2.602736e-08,7.195155e-12
17,25,-85,75,9.999294e-01,1.758556e-06,0.999998,0.999931,-0.00007,-13.25102,Land,0.999929,2.069257e-06,1.334693e-10,3.982932e-07,4.943052e-12,3.175372e-08,7.372448e-12
17,26,-85,85,9.997323e-01,2.319506e-04,0.999768,0.999964,-0.00027,-8.36899,Land,0.999732,9.319657e-07,1.203429e-09,3.017157e-07,8.141662e-11,5.800890e-08,3.842688e-11
17,27,-85,95,9.999688e-01,2.021533e-06,0.999998,0.999971,-0.00003,-13.11165,Land,0.999969,1.016944e-06,6.784100e-11,1.308859e-07,1.628891e-12,3.193028e-08,6.041524e-12
17,28,-85,105,9.999218e-01,2.419322e-05,0.999976,0.999946,-0.00008,-10.62944,Land,0.999922,3.493848e-06,4.423725e-10,2.692636e-07,5.296727e-12,1.825119e-07,6.644956e-11
17,29,-85,115,9.999553e-01,1.037069e-05,0.999990,0.999966,-0.00004,-11.47653,Land,0.999955,2.963719e-06,1.790696e-10,2.364975e-07,2.901252e-12,6.509777e-08,2.144743e-11
17,30,-85,125,9.999545e-01,2.409923e-06,0.999998,0.999957,-0.00005,-12.93592,Land,0.999954,3.172672e-06,9.047870e-11,2.075334e-07,7.961350e-13,9.349019e-08,9.631191e-12
17,31,-85,135,9.999097e-01,3.009149e-05,0.999970,0.999940,-0.00009,-10.41127,Land,0.999910,3.665946e-06,4.553846e-10,2.923037e-07,6.924746e-12,1.821479e-07,6.752002e-11
17,32,-85,145,9.998581e-01,4.373974e-05,0.999956,0.999902,-0.00014,-10.03725,Land,0.999858,5.980434e-06,1.116180e-09,4.201904e-07,1.892986e-11,2.061920e-07,1.537344e-10
17,33,-85,155,9.998764e-01,4.027770e-05,0.999960,0.999917,-0.00012,-10.11971,Land,0.999876,4.839365e-06,5.872418e-10,2.622589e-07,9.098242e-12,1.400772e-07,7.620350e-11
17,34,-85,165,9.999394e-01,1.361615e-05,0.999986,0.999953,-0.00006,-11.20425,Land,0.999939,3.856541e-06,3.696518e-10,2.227011e-07,2.011720e-12,1.334228e-07,4.069923e-11
17,35,-85,175,9.999619e-01,3.834840e-06,0.999996,0.999966,-0.00004,-12.47138,Land,0.999962,2.806647e-06,1.503249e-10,2.448084e-07,1.259533e-12,7.741757e-08,1.133099e-11
