row,col,lat,lon,land,in_ne10m_lake
0,0,89,-179,0,0
0,1,89,-177,0,0
0,2,89,-175,0,0
0,3,89,-173,0,0
0,4,89,-171,0,0
0,5,89,-169,0,0
0,6,89,-167,0,0
0,7,89,-165,0,0
0,8,89,-163,0,0
0,9,89,-161,0,0
0,10,89,-159,0,0
0,11,89,-157,0,0
0,12,89,-155,0,0
0,13,89,-153,0,0
0,14,89,-151,0,0
0,15,89,-149,0,0
0,16,89,-147,0,0
0,17,89,-145,0,0
0,18,89,-143,0,0
0,19,89,-141,0,0
0,20,89,-139,0,0
0,21,89,-137,0,0
0,22,89,-135,0,0
0,23,89,-133,0,0
0,24,89,-131,0,0
0,25,89,-129,0,0
0,26,89,-127,0,0
0,27,89,-125,0,0
0,28,89,-123,0,0
0,29,89,-121,0,0
0,30,89,-119,0,0
0,31,89,-117,0,0
0,32,89,-115,0,0
0,33,89,-113,0,0
0,34,89,-111,0,0
0,35,89,-109,0,0
0,36,89,-107,0,0
0,37,89,-105,0,0
0,38,89,-103,0,0
0,39,89,-101,0,0
0,40,89,-99,0,0
0,41,89,-97,0,0
0,42,89,-95,0,0
0,43,89,-93,0,0
0,44,89,-91,0,0
0,45,89,-89,0,0
0,46,89,-87,0,0
0,47,89,-85,0,0
0,48,89,-83,0,0
0,49,89,-81,0,0
0,50,89,-79,0,0
0,51,89,-77,0,0
0,52,89,-75,0,0
0,53,89,-73,0,0
0,54,89,-71,0,0
0,55,89,-69,0,0
0,56,89,-67,0,0
0,57,89,-65,0,0
0,58,89,-63,0,0
0,59,89,-61,0,0
0,60,89,-59,0,0
0,61,89,-57,0,0
0,62,89,-55,0,0
0,63,89,-53,0,0
0,64,89,-51,0,0
0,65,89,-49,0,0
0,66,89,-47,0,0
0,67,89,-45,0,0
0,68,89,-43,0,0
0,69,89,-41,0,0
0,70,89,-39,0,0
0,71,89,-37,0,0
0,72,89,-35,0,0
0,73,89,-33,0,0
0,74,89,-31,0,0
0,75,89,-29,0,0
0,76,89,-27,0,0
0,77,89,-25,0,0
0,78,89,-23,0,0
0,79,89,-21,0,0
0,80,89,-19,0,0
0,81,89,-17,0,0
0,82,89,-15,0,0
0,83,89,-13,0,0
0,84,89,-11,0,0
0,85,89,-9,0,0
0,86,89,-7,0,0
0,87,89,-5,0,0
0,88,89,-3,0,0
0,89,89,-1,0,0
0,90,89,1,0,0
0,91,89,3,0,0
0,92,89,5,0,0
0,93,89,7,0,0
0,94,89,9,0,0
0,95,89,11,0,0
0,96,89,13,0,0
0,97,89,15,0,0
0,98,89,17,0,0
0,99,89,19,0,0
0,100,89,21,0,0
0,101,89,23,0,0
0,102,89,25,0,0
0,103,89,27,0,0
0,104,89,29,0,0
0,105,89,31,0,0
0,106,89,33,0,0
0,107,89,35,0,0
0,108,89,37,0,0
0,109,89,39,0,0
0,110,89,41,0,0
0,111,89,43,0,0
0,112,89,45,0,0
0,113,89,47,0,0
0,114,89,49,0,0
0,115,89,51,0,0
0,116,89,53,0,0
0,117,89,55,0,0
0,118,89,57,0,0
0,119,89,59,0,0
0,120,89,61,0,0
0,121,89,63,0,0
0,122,89,65,0,0
0,123,89,67,0,0
0,124,89,69,0,0
0,125,89,71,0,0
0,126,89,73,0,0
0,127,89,75,0,0
0,128,89,77,0,0
0,129,89,79,0,0
0,130,89,81,0,0
0,131,89,83,0,0
0,132,89,85,0,0
0,133,89,87,0,0
0,134,89,89,0,0
0,135,89,91,0,0
0,136,89,93,0,0
0,137,89,95,0,0
0,138,89,97,0,0
0,139,89,99,0,0
0,140,89,101,0,0
0,141,89,103,0,0
0,142,89,105,0,0
0,143,89,107,0,0
0,144,89,109,0,0
0,145,89,111,0,0
0,146,89,113,0,0
0,147,89,115,0,0
0,148,89,117,0,0
0,149,89,119,0,0
0,150,89,121,0,0
0,151,89,123,0,0
0,152,89,125,0,0
0,153,89,127,0,0
0,154,89,129,0,0
0,155,89,131,0,0
0,156,89,133,0,0
0,157,89,135,0,0
0,158,89,137,0,0
0,159,89,139,0,0
0,160,89,141,0,0
0,161,89,143,0,0
0,162,89,145,0,0
0,163,89,147,0,0
0,164,89,149,0,0
0,165,89,151,0,0
0,166,89,153,0,0
0,167,89,155,0,0
0,168,89,157,0,0
0,169,89,159,0,0
0,170,89,161,0,0
0,171,89,163,0,0
0,172,89,165,0,0
0,173,89,167,0,0
0,174,89,169,0,0
0,175,89,171,0,0
0,176,89,173,0,0
0,177,89,175,0,0
0,178,89,177,0,0
0,179,89,179,0,0
1,0,87,-179,0,0
1,1,87,-177,0,0
1,2,87,-175,0,0
1,3,87,-173,0,0
1,4,87,-171,0,0
1,5,87,-169,0,0
1,6,87,-167,0,0
1,7,87,-165,0,0
1,8,87,-163,0,0
1,9,87,-161,0,0
1,10,87,-159,0,0
1,11,87,-157,0,0
1,12,87,-155,0,0
1,13,87,-153,0,0
1,14,87,-151,0,0
1,15,87,-149,0,0
1,16,87,-147,0,0
1,17,87,-145,0,0
1,18,87,-143,0,0
1,19,87,-141,0,0
1,20,87,-139,0,0
1,21,87,-137,0,0
1,22,87,-135,0,0
1,23,87,-133,0,0
1,24,87,-131,0,0
1,25,87,-129,0,0
1,26,87,-127,0,0
1,27,87,-125,0,0
1,28,87,-123,0,0
1,29,87,-121,0,0
1,30,87,-119,0,0
1,31,87,-117,0,0
1,32,87,-115,0,0
1,33,87,-113,0,0
1,34,87,-111,0,0
1,35,87,-109,0,0
1,36,87,-107,0,0
1,37,87,-105,0,0
1,38,87,-103,0,0
1,39,87,-101,0,0
1,40,87,-99,0,0
1,41,87,-97,0,0
1,42,87,-95,0,0
1,43,87,-93,0,0
1,44,87,-91,0,0
1,45,87,-89,0,0
1,46,87,-87,0,0
1,47,87,-85,0,0
1,48,87,-83,0,0
1,49,87,-81,0,0
1,50,87,-79,0,0
1,51,87,-77,0,0
1,52,87,-75,0,0
1,53,87,-73,0,0
1,54,87,-71,0,0
1,55,87,-69,0,0
1,56,87,-67,0,0
1,57,87,-65,0,0
1,58,87,-63,0,0
1,59,87,-61,0,0
1,60,87,-59,0,0
1,61,87,-57,0,0
1,62,87,-55,0,0
1,63,87,-53,0,0
1,64,87,-51,0,0
1,65,87,-49,0,0
1,66,87,-47,0,0
1,67,87,-45,0,0
1,68,87,-43,0,0
1,69,87,-41,0,0
1,70,87,-39,0,0
1,71,87,-37,0,0
1,72,87,-35,0,0
1,73,87,-33,0,0
1,74,87,-31,0,0
1,75,87,-29,0,0
1,76,87,-27,0,0
1,77,87,-25,0,0
1,78,87,-23,0,0
1,79,87,-21,0,0
1,80,87,-19,0,0
1,81,87,-17,0,0
1,82,87,-15,0,0
1,83,87,-13,0,0
1,84,87,-11,0,0
1,85,87,-9,0,0
1,86,87,-7,0,0
1,87,87,-5,0,0
1,88,87,-3,0,0
1,89,87,-1,0,0
1,90,87,1,0,0
1,91,87,3,0,0
1,92,87,5,0,0
1,93,87,7,0,0
1,94,87,9,0,0
1,95,87,11,0,0
1,96,87,13,0,0
1,97,87,15,0,0
1,98,87,17,0,0
1,99,87,19,0,0
1,100,87,21,0,0
1,101,87,23,0,0
1,102,87,25,0,0
1,103,87,27,0,0
1,104,87,29,0,0
1,105,87,31,0,0
1,106,87,33,0,0
1,107,87,35,0,0
1,108,87,37,0,0
1,109,87,39,0,0
1,110,87,41,0,0
1,111,87,43,0,0
1,112,87,45,0,0
1,113,87,47,0,0
1,114,87,49,0,0
1,115,87,51,0,0
1,116,87,53,0,0
1,117,87,55,0,0
1,118,87,57,0,0
1,119,87,59,0,0
1,120,87,61,0,0
1,121,87,63,0,0
1,122,87,65,0,0
1,123,87,67,0,0
1,124,87,69,0,0
1,125,87,71,0,0
1,126,87,73,0,0
1,127,87,75,0,0
1,128,87,77,0,0
1,129,87,79,0,0
1,130,87,81,0,0
1,131,87,83,0,0
1,132,87,85,0,0
1,133,87,87,0,0
1,134,87,89,0,0
1,135,87,91,0,0
1,136,87,93,0,0
1,137,87,95,0,0
1,138,87,97,0,0
1,139,87,99,0,0
1,140,87,101,0,0
1,141,87,103,0,0
1,142,87,105,0,0
1,143,87,107,0,0
1,144,87,109,0,0
1,145,87,111,0,0
1,146,87,113,0,0
1,147,87,115,0,0
1,148,87,117,0,0
1,149,87,119,0,0
1,150,87,121,0,0
1,151,87,123,0,0
1,152,87,125,0,0
1,153,87,127,0,0
1,154,87,129,0,0
1,155,87,131,0,0
1,156,87,133,0,0
1,157,87,135,0,0
1,158,87,137,0,0
1,159,87,139,0,0
1,160,87,141,0,0
1,161,87,143,0,0
1,162,87,145,0,0
1,163,87,147,0,0
1,164,87,149,0,0
1,165,87,151,0,0
1,166,87,153,0,0
1,167,87,155,0,0
1,168,87,157,0,0
1,169,87,159,0,0
1,170,87,161,0,0
1,171,87,163,0,0
1,172,87,165,0,0
1,173,87,167,0,0
1,174,87,169,0,0
1,175,87,171,0,0
1,176,87,173,0,0
1,177,87,175,0,0
1,178,87,177,0,0
1,179,87,179,0,0
2,0,85,-179,0,0
2,1,85,-177,0,0
2,2,85,-175,0,0
2,3,85,-173,0,0
2,4,85,-171,0,0
2,5,85,-169,0,0
2,6,85,-167,0,0
2,7,85,-165,0,0
2,8,85,-163,0,0
2,9,85,-161,0,0
2,10,85,-159,0,0
2,11,85,-157,0,0
2,12,85,-155,0,0
2,13,85,-153,0,0
2,14,85,-151,0,0
2,15,85,-149,0,0
2,16,85,-147,0,0
2,17,85,-145,0,0
2,18,85,-143,0,0
2,19,85,-141,0,0
2,20,85,-139,0,0
2,21,85,-137,0,0
2,22,85,-135,0,0
2,23,85,-133,0,0
2,24,85,-131,0,0
2,25,85,-129,0,0
2,26,85,-127,0,0
2,27,85,-125,0,0
2,28,85,-123,0,0
2,29,85,-121,0,0
2,30,85,-119,0,0
2,31,85,-117,0,0
2,32,85,-115,0,0
2,33,85,-113,0,0
2,34,85,-111,0,0
2,35,85,-109,0,0
2,36,85,-107,0,0
2,37,85,-105,0,0
2,38,85,-103,0,0
2,39,85,-101,0,0
2,40,85,-99,0,0
2,41,85,-97,0,0
2,42,85,-95,0,0
2,43,85,-93,0,0
2,44,85,-91,0,0
2,45,85,-89,0,0
2,46,85,-87,0,0
2,47,85,-85,0,0
2,48,85,-83,0,0
2,49,85,-81,0,0
2,50,85,-79,0,0
2,51,85,-77,0,0
2,52,85,-75,0,0
2,53,85,-73,0,0
2,54,85,-71,0,0
2,55,85,-69,0,0
2,56,85,-67,0,0
2,57,85,-65,0,0
2,58,85,-63,0,0
2,59,85,-61,0,0
2,60,85,-59,0,0
2,61,85,-57,0,0
2,62,85,-55,0,0
2,63,85,-53,0,0
2,64,85,-51,0,0
2,65,85,-49,0,0
2,66,85,-47,0,0
2,67,85,-45,0,0
2,68,85,-43,0,0
2,69,85,-41,0,0
2,70,85,-39,0,0
2,71,85,-37,0,0
2,72,85,-35,0,0
2,73,85,-33,0,0
2,74,85,-31,0,0
2,75,85,-29,0,0
2,76,85,-27,0,0
2,77,85,-25,0,0
2,78,85,-23,0,0
2,79,85,-21,0,0
2,80,85,-19,0,0
2,81,85,-17,0,0
2,82,85,-15,0,0
2,83,85,-13,0,0
2,84,85,-11,0,0
2,85,85,-9,0,0
2,86,85,-7,0,0
2,87,85,-5,0,0
2,88,85,-3,0,0
2,89,85,-1,0,0
2,90,85,1,0,0
2,91,85,3,0,0
2,92,85,5,0,0
2,93,85,7,0,0
2,94,85,9,0,0
2,95,85,11,0,0
2,96,85,13,0,0
2,97,85,15,0,0
2,98,85,17,0,0
2,99,85,19,0,0
2,100,85,21,0,0
2,101,85,23,0,0
2,102,85,25,0,0
2,103,85,27,0,0
2,104,85,29,0,0
2,105,85,31,0,0
2,106,85,33,0,0
2,107,85,35,0,0
2,108,85,37,0,0
2,109,85,39,0,0
2,110,85,41,0,0
2,111,85,43,0,0
2,112,85,45,0,0
2,113,85,47,0,0
2,114,85,49,0,0
2,115,85,51,0,0
2,116,85,53,0,0
2,117,85,55,0,0
2,118,85,57,0,0
2,119,85,59,0,0
2,120,85,61,0,0
2,121,85,63,0,0
2,122,85,65,0,0
2,123,85,67,0,0
2,124,85,69,0,0
2,125,85,71,0,0
2,126,85,73,0,0
2,127,85,75,0,0
2,128,85,77,0,0
2,129,85,79,0,0
2,130,85,81,0,0
2,131,85,83,0,0
2,132,85,85,0,0
2,133,85,87,0,0
2,134,85,89,0,0
2,135,85,91,0,0
2,136,85,93,0,0
2,137,85,95,0,0
2,138,85,97,0,0
2,139,85,99,0,0
2,140,85,101,0,0
2,141,85,103,0,0
2,142,85,105,0,0
2,143,85,107,0,0
2,144,85,109,0,0
2,145,85,111,0,0
2,146,85,113,0,0
2,147,85,115,0,0
2,148,85,117,0,0
2,149,85,119,0,0
2,150,85,121,0,0
2,151,85,123,0,0
2,152,85,125,0,0
2,153,85,127,0,0
2,154,85,129,0,0
2,155,85,131,0,0
2,156,85,133,0,0
2,157,85,135,0,0
2,158,85,137,0,0
2,159,85,139,0,0
2,160,85,141,0,0
2,161,85,143,0,0
2,162,85,145,0,0
2,163,85,147,0,0
2,164,85,149,0,0
2,165,85,151,0,0
2,166,85,153,0,0
2,167,85,155,0,0
2,168,85,157,0,0
2,169,85,159,0,0
2,170,85,161,0,0
2,171,85,163,0,0
2,172,85,165,0,0
2,173,85,167,0,0
2,174,85,169,0,0
2,175,85,171,0,0
2,176,85,173,0,0
2,177,85,175,0,0
2,178,85,177,0,0
2,179,85,179,0,0
3,0,83,-179,0,0
3,1,83,-177,0,0
3,2,83,-175,0,0
3,3,83,-173,0,0
3,4,83,-171,0,0
3,5,83,-169,0,0
3,6,83,-167,0,0
3,7,83,-165,0,0
3,8,83,-163,0,0
3,9,83,-161,0,0
3,10,83,-159,0,0
3,11,83,-157,0,0
3,12,83,-155,0,0
3,13,83,-153,0,0
3,14,83,-151,0,0
3,15,83,-149,0,0
3,16,83,-147,0,0
3,17,83,-145,0,0
3,18,83,-143,0,0
3,19,83,-141,0,0
3,20,83,-139,0,0
3,21,83,-137,0,0
3,22,83,-135,0,0
3,23,83,-133,0,0
3,24,83,-131,0,0
3,25,83,-129,0,0
3,26,83,-127,0,0
3,27,83,-125,0,0
3,28,83,-123,0,0
3,29,83,-121,0,0
3,30,83,-119,0,0
3,31,83,-117,0,0
3,32,83,-115,0,0
3,33,83,-113,0,0
3,34,83,-111,0,0
3,35,83,-109,0,0
3,36,83,-107,0,0
3,37,83,-105,0,0
3,38,83,-103,0,0
3,39,83,-101,0,0
3,40,83,-99,0,0
3,41,83,-97,0,0
3,42,83,-95,0,0
3,43,83,-93,0,0
3,44,83,-91,0,0
3,45,83,-89,0,0
3,46,83,-87,0,0
3,47,83,-85,0,0
3,48,83,-83,0,0
3,49,83,-81,0,0
3,50,83,-79,0,0
3,51,83,-77,1,0
3,52,83,-75,1,0
3,53,83,-73,1,0
3,54,83,-71,1,0
3,55,83,-69,1,0
3,56,83,-67,0,0
3,57,83,-65,0,0
3,58,83,-63,0,0
3,59,83,-61,0,0
3,60,83,-59,0,0
3,61,83,-57,0,0
3,62,83,-55,0,0
3,63,83,-53,0,0
3,64,83,-51,0,0
3,65,83,-49,0,0
3,66,83,-47,0,0
3,67,83,-45,0,0
3,68,83,-43,1,0
3,69,83,-41,1,0
3,70,83,-39,1,0
3,71,83,-37,1,0
3,72,83,-35,1,0
3,73,83,-33,0,0
3,74,83,-31,1,0
3,75,83,-29,1,0
3,76,83,-27,1,0
3,77,83,-25,1,0
3,78,83,-23,0,0
3,79,83,-21,0,0
3,80,83,-19,0,0
3,81,83,-17,0,0
3,82,83,-15,0,0
3,83,83,-13,0,0
3,84,83,-11,0,0
3,85,83,-9,0,0
3,86,83,-7,0,0
3,87,83,-5,0,0
3,88,83,-3,0,0
3,89,83,-1,0,0
3,90,83,1,0,0
3,91,83,3,0,0
3,92,83,5,0,0
3,93,83,7,0,0
3,94,83,9,0,0
3,95,83,11,0,0
3,96,83,13,0,0
3,97,83,15,0,0
3,98,83,17,0,0
3,99,83,19,0,0
3,100,83,21,0,0
3,101,83,23,0,0
3,102,83,25,0,0
3,103,83,27,0,0
3,104,83,29,0,0
3,105,83,31,0,0
3,106,83,33,0,0
3,107,83,35,0,0
3,108,83,37,0,0
3,109,83,39,0,0
3,110,83,41,0,0
3,111,83,43,0,0
3,112,83,45,0,0
3,113,83,47,0,0
3,114,83,49,0,0
3,115,83,51,0,0
3,116,83,53,0,0
3,117,83,55,0,0
3,118,83,57,0,0
3,119,83,59,0,0
3,120,83,61,0,0
3,121,83,63,0,0
3,122,83,65,0,0
3,123,83,67,0,0
3,124,83,69,0,0
3,125,83,71,0,0
3,126,83,73,0,0
3,127,83,75,0,0
3,128,83,77,0,0
3,129,83,79,0,0
3,130,83,81,0,0
3,131,83,83,0,0
3,132,83,85,0,0
3,133,83,87,0,0
3,134,83,89,0,0
3,135,83,91,0,0
3,136,83,93,0,0
3,137,83,95,0,0
3,138,83,97,0,0
3,139,83,99,0,0
3,140,83,101,0,0
3,141,83,103,0,0
3,142,83,105,0,0
3,143,83,107,0,0
3,144,83,109,0,0
3,145,83,111,0,0
3,146,83,113,0,0
3,147,83,115,0,0
3,148,83,117,0,0
3,149,83,119,0,0
3,150,83,121,0,0
3,151,83,123,0,0
3,152,83,125,0,0
3,153,83,127,0,0
3,154,83,129,0,0
3,155,83,131,0,0
3,156,83,133,0,0
3,157,83,135,0,0
3,158,83,137,0,0
3,159,83,139,0,0
3,160,83,141,0,0
3,161,83,143,0,0
3,162,83,145,0,0
3,163,83,147,0,0
3,164,83,149,0,0
3,165,83,151,0,0
3,166,83,153,0,0
3,167,83,155,0,0
3,168,83,157,0,0
3,169,83,159,0,0
3,170,83,161,0,0
3,171,83,163,0,0
3,172,83,165,0,0
3,173,83,167,0,0
3,174,83,169,0,0
3,175,83,171,0,0
3,176,83,173,0,0
3,177,83,175,0,0
3,178,83,177,0,0
3,179,83,179,0,0
4,0,81,-179,0,0
4,1,81,-177,0,0
4,2,81,-175,0,0
4,3,81,-173,0,0
4,4,81,-171,0,0
4,5,81,-169,0,0
4,6,81,-167,0,0
4,7,81,-165,0,0
4,8,81,-163,0,0
4,9,81,-161,0,0
4,10,81,-159,0,0
4,11,81,-157,0,0
4,12,81,-155,0,0
4,13,81,-153,0,0
4,14,81,-151,0,0
4,15,81,-149,0,0
4,16,81,-147,0,0
4,17,81,-145,0,0
4,18,81,-143,0,0
4,19,81,-141,0,0
4,20,81,-139,0,0
4,21,81,-137,0,0
4,22,81,-135,0,0
4,23,81,-133,0,0
4,24,81,-131,0,0
4,25,81,-129,0,0
4,26,81,-127,0,0
4,27,81,-125,0,0
4,28,81,-123,0,0
4,29,81,-121,0,0
4,30,81,-119,0,0
4,31,81,-117,0,0
4,32,81,-115,0,0
4,33,81,-113,0,0
4,34,81,-111,0,0
4,35,81,-109,0,0
4,36,81,-107,0,0
4,37,81,-105,0,0
4,38,81,-103,0,0
4,39,81,-101,0,0
4,40,81,-99,0,0
4,41,81,-97,0,0
4,42,81,-95,1,0
4,43,81,-93,1,0
4,44,81,-91,0,0
4,45,81,-89,0,0
4,46,81,-87,1,0
4,47,81,-85,1,0
4,48,81,-83,1,0
4,49,81,-81,1,0
4,50,81,-79,0,0
4,51,81,-77,1,0
4,52,81,-75,1,0
4,53,81,-73,1,0
4,54,81,-71,1,0
4,55,81,-69,1,0
4,56,81,-67,1,0
4,57,81,-65,0,0
4,58,81,-63,1,0
4,59,81,-61,1,0
4,60,81,-59,1,0
4,61,81,-57,1,0
4,62,81,-55,1,0
4,63,81,-53,1,0
4,64,81,-51,1,0
4,65,81,-49,1,0
4,66,81,-47,1,0
4,67,81,-45,1,0
4,68,81,-43,1,0
4,69,81,-41,1,0
4,70,81,-39,1,0
4,71,81,-37,1,0
4,72,81,-35,1,0
4,73,81,-33,1,0
4,74,81,-31,1,0
4,75,81,-29,1,0
4,76,81,-27,1,0
4,77,81,-25,1,0
4,78,81,-23,1,0
4,79,81,-21,1,0
4,80,81,-19,1,0
4,81,81,-17,1,0
4,82,81,-15,1,0
4,83,81,-13,0,0
4,84,81,-11,0,0
4,85,81,-9,0,0
4,86,81,-7,0,0
4,87,81,-5,0,0
4,88,81,-3,0,0
4,89,81,-1,0,0
4,90,81,1,0,0
4,91,81,3,0,0
4,92,81,5,0,0
4,93,81,7,0,0
4,94,81,9,0,0
4,95,81,11,0,0
4,96,81,13,0,0
4,97,81,15,0,0
4,98,81,17,0,0
4,99,81,19,0,0
4,100,81,21,0,0
4,101,81,23,0,0
4,102,81,25,0,0
4,103,81,27,0,0
4,104,81,29,0,0
4,105,81,31,0,0
4,106,81,33,0,0
4,107,81,35,0,0
4,108,81,37,0,0
4,109,81,39,0,0
4,110,81,41,0,0
4,111,81,43,0,0
4,112,81,45,0,0
4,113,81,47,0,0
4,114,81,49,0,0
4,115,81,51,0,0
4,116,81,53,0,0
4,117,81,55,1,0
4,118,81,57,1,0
4,119,81,59,0,0
4,120,81,61,1,0
4,121,81,63,0,0
4,122,81,65,1,0
4,123,81,67,0,0
4,124,81,69,0,0
4,125,81,71,0,0
4,126,81,73,0,0
4,127,81,75,0,0
4,128,81,77,0,0
4,129,81,79,0,0
4,130,81,81,0,0
4,131,81,83,0,0
4,132,81,85,0,0
4,133,81,87,0,0
4,134,81,89,0,0
4,135,81,91,0,0
4,136,81,93,0,0
4,137,81,95,1,0
4,138,81,97,0,0
4,139,81,99,0,0
4,140,81,101,0,0
4,141,81,103,0,0
4,142,81,105,0,0
4,143,81,107,0,0
4,144,81,109,0,0
4,145,81,111,0,0
4,146,81,113,0,0
4,147,81,115,0,0
4,148,81,117,0,0
4,149,81,119,0,0
4,150,81,121,0,0
4,151,81,123,0,0
4,152,81,125,0,0
4,153,81,127,0,0
4,154,81,129,0,0
4,155,81,131,0,0
4,156,81,133,0,0
4,157,81,135,0,0
4,158,81,137,0,0
4,159,81,139,0,0
4,160,81,141,0,0
4,161,81,143,0,0
4,162,81,145,0,0
4,163,81,147,0,0
4,164,81,149,0,0
4,165,81,151,0,0
4,166,81,153,0,0
4,167,81,155,0,0
4,168,81,157,0,0
4,169,81,159,0,0
4,170,81,161,0,0
4,171,81,163,0,0
4,172,81,165,0,0
4,173,81,167,0,0
4,174,81,169,0,0
4,175,81,171,0,0
4,176,81,173,0,0
4,177,81,175,0,0
4,178,81,177,0,0
4,179,81,179,0,0
5,0,79,-179,0,0
5,1,79,-177,0,0
5,2,79,-175,0,0
5,3,79,-173,0,0
5,4,79,-171,0,0
5,5,79,-169,0,0
5,6,79,-167,0,0
5,7,79,-165,0,0
5,8,79,-163,0,0
5,9,79,-161,0,0
5,10,79,-159,0,0
5,11,79,-157,0,0
5,12,79,-155,0,0
5,13,79,-153,0,0
5,14,79,-151,0,0
5,15,79,-149,0,0
5,16,79,-147,0,0
5,17,79,-145,0,0
5,18,79,-143,0,0
5,19,79,-141,0,0
5,20,79,-139,0,0
5,21,79,-137,0,0
5,22,79,-135,0,0
5,23,79,-133,0,0
5,24,79,-131,0,0
5,25,79,-129,0,0
5,26,79,-127,0,0
5,27,79,-125,0,0
5,28,79,-123,0,0
5,29,79,-121,0,0
5,30,79,-119,0,0
5,31,79,-117,0,0
5,32,79,-115,0,0
5,33,79,-113,0,0
5,34,79,-111,0,0
5,35,79,-109,0,0
5,36,79,-107,0,0
5,37,79,-105,0,0
5,38,79,-103,1,0
5,39,79,-101,0,0
5,40,79,-99,0,0
5,41,79,-97,0,0
5,42,79,-95,0,0
5,43,79,-93,1,0
5,44,79,-91,1,0
5,45,79,-89,1,0
5,46,79,-87,0,0
5,47,79,-85,0,0
5,48,79,-83,1,0
5,49,79,-81,1,0
5,50,79,-79,1,0
5,51,79,-77,1,0
5,52,79,-75,0,0
5,53,79,-73,0,0
5,54,79,-71,0,0
5,55,79,-69,0,0
5,56,79,-67,1,0
5,57,79,-65,1,0
5,58,79,-63,1,0
5,59,79,-61,1,0
5,60,79,-59,1,0
5,61,79,-57,1,0
5,62,79,-55,1,0
5,63,79,-53,1,0
5,64,79,-51,1,0
5,65,79,-49,1,0
5,66,79,-47,1,0
5,67,79,-45,1,0
5,68,79,-43,1,0
5,69,79,-41,1,0
5,70,79,-39,1,0
5,71,79,-37,1,0
5,72,79,-35,1,0
5,73,79,-33,1,0
5,74,79,-31,1,0
5,75,79,-29,1,0
5,76,79,-27,1,0
5,77,79,-25,1,0
5,78,79,-23,1,0
5,79,79,-21,1,0
5,80,79,-19,0,0
5,81,79,-17,0,0
5,82,79,-15,0,0
5,83,79,-13,0,0
5,84,79,-11,0,0
5,85,79,-9,0,0
5,86,79,-7,0,0
5,87,79,-5,0,0
5,88,79,-3,0,0
5,89,79,-1,0,0
5,90,79,1,0,0
5,91,79,3,0,0
5,92,79,5,0,0
5,93,79,7,0,0
5,94,79,9,0,0
5,95,79,11,0,0
5,96,79,13,1,0
5,97,79,15,1,0
5,98,79,17,1,0
5,99,79,19,1,0
5,100,79,21,0,0
5,101,79,23,0,0
5,102,79,25,0,0
5,103,79,27,0,0
5,104,79,29,0,0
5,105,79,31,0,0
5,106,79,33,0,0
5,107,79,35,0,0
5,108,79,37,0,0
5,109,79,39,0,0
5,110,79,41,0,0
5,111,79,43,0,0
5,112,79,45,0,0
5,113,79,47,0,0
5,114,79,49,0,0
5,115,79,51,0,0
5,116,79,53,0,0
5,117,79,55,0,0
5,118,79,57,0,0
5,119,79,59,0,0
5,120,79,61,0,0
5,121,79,63,0,0
5,122,79,65,0,0
5,123,79,67,0,0
5,124,79,69,0,0
5,125,79,71,0,0
5,126,79,73,0,0
5,127,79,75,0,0
5,128,79,77,0,0
5,129,79,79,0,0
5,130,79,81,0,0
5,131,79,83,0,0
5,132,79,85,0,0
5,133,79,87,0,0
5,134,79,89,0,0
5,135,79,91,0,0
5,136,79,93,0,0
5,137,79,95,0,0
5,138,79,97,1,0
5,139,79,99,1,0
5,140,79,101,1,0
5,141,79,103,1,0
5,142,79,105,0,0
5,143,79,107,0,0
5,144,79,109,0,0
5,145,79,111,0,0
5,146,79,113,0,0
5,147,79,115,0,0
5,148,79,117,0,0
5,149,79,119,0,0
5,150,79,121,0,0
5,151,79,123,0,0
5,152,79,125,0,0
5,153,79,127,0,0
5,154,79,129,0,0
5,155,79,131,0,0
5,156,79,133,0,0
5,157,79,135,0,0
5,158,79,137,0,0
5,159,79,139,0,0
5,160,79,141,0,0
5,161,79,143,0,0
5,162,79,145,0,0
5,163,79,147,0,0
5,164,79,149,0,0
5,165,79,151,0,0
5,166,79,153,0,0
5,167,79,155,0,0
5,168,79,157,0,0
5,169,79,159,0,0
5,170,79,161,0,0
5,171,79,163,0,0
5,172,79,165,0,0
5,173,79,167,0,0
5,174,79,169,0,0
5,175,79,171,0,0
5,176,79,173,0,0
5,177,79,175,0,0
5,178,79,177,0,0
5,179,79,179,0,0
6,0,77,-179,0,0
6,1,77,-177,0,0
6,2,77,-175,0,0
6,3,77,-173,0,0
6,4,77,-171,0,0
6,5,77,-169,0,0
6,6,77,-167,0,0
6,7,77,-165,0,0
6,8,77,-163,0,0
6,9,77,-161,0,0
6,10,77,-159,0,0
6,11,77,-157,0,0
6,12,77,-155,0,0
6,13,77,-153,0,0
6,14,77,-151,0,0
6,15,77,-149,0,0
6,16,77,-147,0,0
6,17,77,-145,0,0
6,18,77,-143,0,0
6,19,77,-141,0,0
6,20,77,-139,0,0
6,21,77,-137,0,0
6,22,77,-135,0,0
6,23,77,-133,0,0
6,24,77,-131,0,0
6,25,77,-129,0,0
6,26,77,-127,0,0
6,27,77,-125,0,0
6,28,77,-123,0,0
6,29,77,-121,0,0
6,30,77,-119,1,0
6,31,77,-117,1,0
6,32,77,-115,0,0
6,33,77,-113,0,0
6,34,77,-111,0,0
6,35,77,-109,0,0
6,36,77,-107,0,0
6,37,77,-105,0,0
6,38,77,-103,0,0
6,39,77,-101,0,0
6,40,77,-99,0,0
6,41,77,-97,0,0
6,42,77,-95,0,0
6,43,77,-93,0,0
6,44,77,-91,0,0
6,45,77,-89,0,0
6,46,77,-87,1,0
6,47,77,-85,1,0
6,48,77,-83,1,0
6,49,77,-81,1,0
6,50,77,-79,0,0
6,51,77,-77,0,0
6,52,77,-75,0,0
6,53,77,-73,0,0
6,54,77,-71,1,0
6,55,77,-69,1,0
6,56,77,-67,1,0
6,57,77,-65,1,0
6,58,77,-63,1,0
6,59,77,-61,1,0
6,60,77,-59,1,0
6,61,77,-57,1,0
6,62,77,-55,1,0
6,63,77,-53,1,0
6,64,77,-51,1,0
6,65,77,-49,1,0
6,66,77,-47,1,0
6,67,77,-45,1,0
6,68,77,-43,1,0
6,69,77,-41,1,0
6,70,77,-39,1,0
6,71,77,-37,1,0
6,72,77,-35,1,0
6,73,77,-33,1,0
6,74,77,-31,1,0
6,75,77,-29,1,0
6,76,77,-27,1,0
6,77,77,-25,1,0
6,78,77,-23,1,0
6,79,77,-21,1,0
6,80,77,-19,1,0
6,81,77,-17,0,0
6,82,77,-15,0,0
6,83,77,-13,0,0
6,84,77,-11,0,0
6,85,77,-9,0,0
6,86,77,-7,0,0
6,87,77,-5,0,0
6,88,77,-3,0,0
6,89,77,-1,0,0
6,90,77,1,0,0
6,91,77,3,0,0
6,92,77,5,0,0
6,93,77,7,0,0
6,94,77,9,0,0
6,95,77,11,0,0
6,96,77,13,0,0
6,97,77,15,0,0
6,98,77,17,1,0
6,99,77,19,0,0
6,100,77,21,0,0
6,101,77,23,0,0
6,102,77,25,0,0
6,103,77,27,0,0
6,104,77,29,0,0
6,105,77,31,0,0
6,106,77,33,0,0
6,107,77,35,0,0
6,108,77,37,0,0
6,109,77,39,0,0
6,110,77,41,0,0
6,111,77,43,0,0
6,112,77,45,0,0
6,113,77,47,0,0
6,114,77,49,0,0
6,115,77,51,0,0
6,116,77,53,0,0
6,117,77,55,0,0
6,118,77,57,0,0
6,119,77,59,0,0
6,120,77,61,0,0
6,121,77,63,0,0
6,122,77,65,0,0
6,123,77,67,0,0
6,124,77,69,0,0
6,125,77,71,0,0
6,126,77,73,0,0
6,127,77,75,0,0
6,128,77,77,0,0
6,129,77,79,0,0
6,130,77,81,0,0
6,131,77,83,0,0
6,132,77,85,0,0
6,133,77,87,0,0
6,134,77,89,1,0
6,135,77,91,0,0
6,136,77,93,0,0
6,137,77,95,0,0
6,138,77,97,0,0
6,139,77,99,0,0
6,140,77,101,0,0
6,141,77,103,1,0
6,142,77,105,1,0
6,143,77,107,1,0
6,144,77,109,0,0
6,145,77,111,0,0
6,146,77,113,0,0
6,147,77,115,0,0
6,148,77,117,0,0
6,149,77,119,0,0
6,150,77,121,0,0
6,151,77,123,0,0
6,152,77,125,0,0
6,153,77,127,0,0
6,154,77,129,0,0
6,155,77,131,0,0
6,156,77,133,0,0
6,157,77,135,0,0
6,158,77,137,0,0
6,159,77,139,0,0
6,160,77,141,0,0
6,161,77,143,0,0
6,162,77,145,0,0
6,163,77,147,0,0
6,164,77,149,0,0
6,165,77,151,0,0
6,166,77,153,0,0
6,167,77,155,0,0
6,168,77,157,0,0
6,169,77,159,0,0
6,170,77,161,0,0
6,171,77,163,0,0
6,172,77,165,0,0
6,173,77,167,0,0
6,174,77,169,0,0
6,175,77,171,0,0
6,176,77,173,0,0
6,177,77,175,0,0
6,178,77,177,0,0
6,179,77,179,0,0
7,0,75,-179,0,0
7,1,75,-177,0,0
7,2,75,-175,0,0
7,3,75,-173,0,0
7,4,75,-171,0,0
7,5,75,-169,0,0
7,6,75,-167,0,0
7,7,75,-165,0,0
7,8,75,-163,0,0
7,9,75,-161,0,0
7,10,75,-159,0,0
7,11,75,-157,0,0
7,12,75,-155,0,0
7,13,75,-153,0,0
7,14,75,-151,0,0
7,15,75,-149,0,0
7,16,75,-147,0,0
7,17,75,-145,0,0
7,18,75,-143,0,0
7,19,75,-141,0,0
7,20,75,-139,0,0
7,21,75,-137,0,0
7,22,75,-135,0,0
7,23,75,-133,0,0
7,24,75,-131,0,0
7,25,75,-129,0,0
7,26,75,-127,0,0
7,27,75,-125,0,0
7,28,75,-123,0,0
7,29,75,-121,0,0
7,30,75,-119,0,0
7,31,75,-117,0,0
7,32,75,-115,1,0
7,33,75,-113,0,0
7,34,75,-111,1,0
7,35,75,-109,0,0
7,36,75,-107,1,0
7,37,75,-105,0,0
7,38,75,-103,0,0
7,39,75,-101,0,0
7,40,75,-99,0,0
7,41,75,-97,0,0
7,42,75,-95,1,0
7,43,75,-93,0,0
7,44,75,-91,1,0
7,45,75,-89,1,0
7,46,75,-87,1,0
7,47,75,-85,1,0
7,48,75,-83,1,0
7,49,75,-81,1,0
7,50,75,-79,0,0
7,51,75,-77,0,0
7,52,75,-75,0,0
7,53,75,-73,0,0
7,54,75,-71,0,0
7,55,75,-69,0,0
7,56,75,-67,0,0
7,57,75,-65,0,0
7,58,75,-63,0,0
7,59,75,-61,0,0
7,60,75,-59,0,0
7,61,75,-57,1,0
7,62,75,-55,1,0
7,63,75,-53,1,0
7,64,75,-51,1,0
7,65,75,-49,1,0
7,66,75,-47,1,0
7,67,75,-45,1,0
7,68,75,-43,1,0
7,69,75,-41,1,0
7,70,75,-39,1,0
7,71,75,-37,1,0
7,72,75,-35,1,0
7,73,75,-33,1,0
7,74,75,-31,1,0
7,75,75,-29,1,0
7,76,75,-27,1,0
7,77,75,-25,1,0
7,78,75,-23,1,0
7,79,75,-21,1,0
7,80,75,-19,0,0
7,81,75,-17,0,0
7,82,75,-15,0,0
7,83,75,-13,0,0
7,84,75,-11,0,0
7,85,75,-9,0,0
7,86,75,-7,0,0
7,87,75,-5,0,0
7,88,75,-3,0,0
7,89,75,-1,0,0
7,90,75,1,0,0
7,91,75,3,0,0
7,92,75,5,0,0
7,93,75,7,0,0
7,94,75,9,0,0
7,95,75,11,0,0
7,96,75,13,0,0
7,97,75,15,0,0
7,98,75,17,0,0
7,99,75,19,0,0
7,100,75,21,0,0
7,101,75,23,0,0
7,102,75,25,0,0
7,103,75,27,0,0
7,104,75,29,0,0
7,105,75,31,0,0
7,106,75,33,0,0
7,107,75,35,0,0
7,108,75,37,0,0
7,109,75,39,0,0
7,110,75,41,0,0
7,111,75,43,0,0
7,112,75,45,0,0
7,113,75,47,0,0
7,114,75,49,0,0
7,115,75,51,0,0
7,116,75,53,0,0
7,117,75,55,0,0
7,118,75,57,1,0
7,119,75,59,1,0
7,120,75,61,0,0
7,121,75,63,0,0
7,122,75,65,0,0
7,123,75,67,0,0
7,124,75,69,0,0
7,125,75,71,0,0
7,126,75,73,0,0
7,127,75,75,0,0
7,128,75,77,0,0
7,129,75,79,0,0
7,130,75,81,0,0
7,131,75,83,0,0
7,132,75,85,0,0
7,133,75,87,0,0
7,134,75,89,1,0
7,135,75,91,1,0
7,136,75,93,1,0
7,137,75,95,1,0
7,138,75,97,1,0
7,139,75,99,1,0
7,140,75,101,1,0
7,141,75,103,1,0
7,142,75,105,1,0
7,143,75,107,1,0
7,144,75,109,1,0
7,145,75,111,1,0
7,146,75,113,0,0
7,147,75,115,0,0
7,148,75,117,0,0
7,149,75,119,0,0
7,150,75,121,0,0
7,151,75,123,0,0
7,152,75,125,0,0
7,153,75,127,0,0
7,154,75,129,0,0
7,155,75,131,0,0
7,156,75,133,0,0
7,157,75,135,0,0
7,158,75,137,0,0
7,159,75,139,1,0
7,160,75,141,1,0
7,161,75,143,1,0
7,162,75,145,0,0
7,163,75,147,0,0
7,164,75,149,1,0
7,165,75,151,0,0
7,166,75,153,0,0
7,167,75,155,0,0
7,168,75,157,0,0
7,169,75,159,0,0
7,170,75,161,0,0
7,171,75,163,0,0
7,172,75,165,0,0
7,173,75,167,0,0
7,174,75,169,0,0
7,175,75,171,0,0
7,176,75,173,0,0
7,177,75,175,0,0
7,178,75,177,0,0
7,179,75,179,0,0
8,0,73,-179,0,0
8,1,73,-177,0,0
8,2,73,-175,0,0
8,3,73,-173,0,0
8,4,73,-171,0,0
8,5,73,-169,0,0
8,6,73,-167,0,0
8,7,73,-165,0,0
8,8,73,-163,0,0
8,9,73,-161,0,0
8,10,73,-159,0,0
8,11,73,-157,0,0
8,12,73,-155,0,0
8,13,73,-153,0,0
8,14,73,-151,0,0
8,15,73,-149,0,0
8,16,73,-147,0,0
8,17,73,-145,0,0
8,18,73,-143,0,0
8,19,73,-141,0,0
8,20,73,-139,0,0
8,21,73,-137,0,0
8,22,73,-135,0,0
8,23,73,-133,0,0
8,24,73,-131,0,0
8,25,73,-129,0,0
8,26,73,-127,0,0
8,27,73,-125,0,0
8,28,73,-123,1,0
8,29,73,-121,1,0
8,30,73,-119,1,0
8,31,73,-117,0,0
8,32,73,-115,1,0
8,33,73,-113,1,0
8,34,73,-111,0,0
8,35,73,-109,0,0
8,36,73,-107,1,0
8,37,73,-105,0,0
8,38,73,-103,0,0
8,39,73,-101,0,0
8,40,73,-99,1,0
8,41,73,-97,1,0
8,42,73,-95,1,0
8,43,73,-93,1,0
8,44,73,-91,0,0
8,45,73,-89,1,0
8,46,73,-87,1,0
8,47,73,-85,1,0
8,48,73,-83,1,0
8,49,73,-81,1,0
8,50,73,-79,1,0
8,51,73,-77,1,0
8,52,73,-75,0,0
8,53,73,-73,0,0
8,54,73,-71,0,0
8,55,73,-69,0,0
8,56,73,-67,0,0
8,57,73,-65,0,0
8,58,73,-63,0,0
8,59,73,-61,0,0
8,60,73,-59,0,0
8,61,73,-57,0,0
8,62,73,-55,1,0
8,63,73,-53,1,0
8,64,73,-51,1,0
8,65,73,-49,1,0
8,66,73,-47,1,0
8,67,73,-45,1,0
8,68,73,-43,1,0
8,69,73,-41,1,0
8,70,73,-39,1,0
8,71,73,-37,1,0
8,72,73,-35,1,0
8,73,73,-33,1,0
8,74,73,-31,1,0
8,75,73,-29,1,0
8,76,73,-27,1,0
8,77,73,-25,0,0
8,78,73,-23,1,0
8,79,73,-21,0,0
8,80,73,-19,0,0
8,81,73,-17,0,0
8,82,73,-15,0,0
8,83,73,-13,0,0
8,84,73,-11,0,0
8,85,73,-9,0,0
8,86,73,-7,0,0
8,87,73,-5,0,0
8,88,73,-3,0,0
8,89,73,-1,0,0
8,90,73,1,0,0
8,91,73,3,0,0
8,92,73,5,0,0
8,93,73,7,0,0
8,94,73,9,0,0
8,95,73,11,0,0
8,96,73,13,0,0
8,97,73,15,0,0
8,98,73,17,0,0
8,99,73,19,0,0
8,100,73,21,0,0
8,101,73,23,0,0
8,102,73,25,0,0
8,103,73,27,0,0
8,104,73,29,0,0
8,105,73,31,0,0
8,106,73,33,0,0
8,107,73,35,0,0
8,108,73,37,0,0
8,109,73,39,0,0
8,110,73,41,0,0
8,111,73,43,0,0
8,112,73,45,0,0
8,113,73,47,0,0
8,114,73,49,0,0
8,115,73,51,0,0
8,116,73,53,0,0
8,117,73,55,1,0
8,118,73,57,0,0
8,119,73,59,0,0
8,120,73,61,0,0
8,121,73,63,0,0
8,122,73,65,0,0
8,123,73,67,0,0
8,124,73,69,0,0
8,125,73,71,0,0
8,126,73,73,0,0
8,127,73,75,0,0
8,128,73,77,0,0
8,129,73,79,1,0
8,130,73,81,1,0
8,131,73,83,1,0
8,132,73,85,1,0
8,133,73,87,1,0
8,134,73,89,1,0
8,135,73,91,1,0
8,136,73,93,1,0
8,137,73,95,1,0
8,138,73,97,1,0
8,139,73,99,1,0
8,140,73,101,1,1
8,141,73,103,1,0
8,142,73,105,1,0
8,143,73,107,1,0
8,144,73,109,1,0
8,145,73,111,1,0
8,146,73,113,1,0
8,147,73,115,1,0
8,148,73,117,1,0
8,149,73,119,1,0
8,150,73,121,0,0
8,151,73,123,0,0
8,152,73,125,1,0
8,153,73,127,1,0
8,154,73,129,1,0
8,155,73,131,0,0
8,156,73,133,0,0
8,157,73,135,0,0
8,158,73,137,0,0
8,159,73,139,0,0
8,160,73,141,0,0
8,161,73,143,0,0
8,162,73,145,0,0
8,163,73,147,0,0
8,164,73,149,0,0
8,165,73,151,0,0
8,166,73,153,0,0
8,167,73,155,0,0
8,168,73,157,0,0
8,169,73,159,0,0
8,170,73,161,0,0
8,171,73,163,0,0
8,172,73,165,0,0
8,173,73,167,0,0
8,174,73,169,0,0
8,175,73,171,0,0
8,176,73,173,0,0
8,177,73,175,0,0
8,178,73,177,0,0
8,179,73,179,0,0
9,0,71,-179,1,0
9,1,71,-177,0,0
9,2,71,-175,0,0
9,3,71,-173,0,0
9,4,71,-171,0,0
9,5,71,-169,0,0
9,6,71,-167,0,0
9,7,71,-165,0,0
9,8,71,-163,0,0
9,9,71,-161,0,0
9,10,71,-159,0,0
9,11,71,-157,1,0
9,12,71,-155,1,0
9,13,71,-153,0,0
9,14,71,-151,0,0
9,15,71,-149,0,0
9,16,71,-147,0,0
9,17,71,-145,0,0
9,18,71,-143,0,0
9,19,71,-141,0,0
9,20,71,-139,0,0
9,21,71,-137,0,0
9,22,71,-135,0,0
9,23,71,-133,0,0
9,24,71,-131,0,0
9,25,71,-129,0,0
9,26,71,-127,0,0
9,27,71,-125,0,0
9,28,71,-123,0,0
9,29,71,-121,0,0
9,30,71,-119,0,0
9,31,71,-117,1,0
9,32,71,-115,1,0
9,33,71,-113,1,0
9,34,71,-111,1,0
9,35,71,-109,1,0
9,36,71,-107,1,0
9,37,71,-105,1,0
9,38,71,-103,0,0
9,39,71,-101,0,0
9,40,71,-99,0,0
9,41,71,-97,0,0
9,42,71,-95,1,0
9,43,71,-93,1,0
9,44,71,-91,0,0
9,45,71,-89,1,0
9,46,71,-87,1,0
9,47,71,-85,1,0
9,48,71,-83,1,0
9,49,71,-81,1,0
9,50,71,-79,1,0
9,51,71,-77,1,0
9,52,71,-75,1,0
9,53,71,-73,1,0
9,54,71,-71,1,0
9,55,71,-69,0,0
9,56,71,-67,0,0
9,57,71,-65,0,0
9,58,71,-63,0,0
9,59,71,-61,0,0
9,60,71,-59,0,0
9,61,71,-57,0,0
9,62,71,-55,0,0
9,63,71,-53,0,0
9,64,71,-51,0,0
9,65,71,-49,1,0
9,66,71,-47,1,0
9,67,71,-45,1,0
9,68,71,-43,1,0
9,69,71,-41,1,0
9,70,71,-39,1,0
9,71,71,-37,1,0
9,72,71,-35,1,0
9,73,71,-33,1,0
9,74,71,-31,1,0
9,75,71,-29,1,0
9,76,71,-27,1,0
9,77,71,-25,0,0
9,78,71,-23,1,0
9,79,71,-21,0,0
9,80,71,-19,0,0
9,81,71,-17,0,0
9,82,71,-15,0,0
9,83,71,-13,0,0
9,84,71,-11,0,0
9,85,71,-9,0,0
9,86,71,-7,0,0
9,87,71,-5,0,0
9,88,71,-3,0,0
9,89,71,-1,0,0
9,90,71,1,0,0
9,91,71,3,0,0
9,92,71,5,0,0
9,93,71,7,0,0
9,94,71,9,0,0
9,95,71,11,0,0
9,96,71,13,0,0
9,97,71,15,0,0
9,98,71,17,0,0
9,99,71,19,0,0
9,100,71,21,0,0
9,101,71,23,0,0
9,102,71,25,1,0
9,103,71,27,0,0
9,104,71,29,0,0
9,105,71,31,0,0
9,106,71,33,0,0
9,107,71,35,0,0
9,108,71,37,0,0
9,109,71,39,0,0
9,110,71,41,0,0
9,111,71,43,0,0
9,112,71,45,0,0
9,113,71,47,0,0
9,114,71,49,0,0
9,115,71,51,0,0
9,116,71,53,0,0
9,117,71,55,1,0
9,118,71,57,0,0
9,119,71,59,0,0
9,120,71,61,0,0
9,121,71,63,0,0
9,122,71,65,0,0
9,123,71,67,1,0
9,124,71,69,1,0
9,125,71,71,1,0
9,126,71,73,0,0
9,127,71,75,1,0
9,128,71,77,1,0
9,129,71,79,0,0
9,130,71,81,1,0
9,131,71,83,0,0
9,132,71,85,1,0
9,133,71,87,1,0
9,134,71,89,1,0
9,135,71,91,1,0
9,136,71,93,1,0
9,137,71,95,1,0
9,138,71,97,1,0
9,139,71,99,1,0
9,140,71,101,1,0
9,141,71,103,1,0
9,142,71,105,1,0
9,143,71,107,1,0
9,144,71,109,1,0
9,145,71,111,1,0
9,146,71,113,1,0
9,147,71,115,1,0
9,148,71,117,1,0
9,149,71,119,1,0
9,150,71,121,1,0
9,151,71,123,1,0
9,152,71,125,1,0
9,153,71,127,1,0
9,154,71,129,1,0
9,155,71,131,0,0
9,156,71,133,1,0
9,157,71,135,1,0
9,158,71,137,1,0
9,159,71,139,1,0
9,160,71,141,1,0
9,161,71,143,1,0
9,162,71,145,1,0
9,163,71,147,1,0
9,164,71,149,1,0
9,165,71,151,1,0
9,166,71,153,0,0
9,167,71,155,1,0
9,168,71,157,1,0
9,169,71,159,0,0
9,170,71,161,0,0
9,171,71,163,0,0
9,172,71,165,0,0
9,173,71,167,0,0
9,174,71,169,0,0
9,175,71,171,0,0
9,176,71,173,0,0
9,177,71,175,0,0
9,178,71,177,0,0
9,179,71,179,1,0
10,0,69,-179,0,0
10,1,69,-177,0,0
10,2,69,-175,0,0
10,3,69,-173,0,0
10,4,69,-171,0,0
10,5,69,-169,0,0
10,6,69,-167,0,0
10,7,69,-165,0,0
10,8,69,-163,1,0
10,9,69,-161,1,0
10,10,69,-159,1,0
10,11,69,-157,1,0
10,12,69,-155,1,0
10,13,69,-153,1,0
10,14,69,-151,1,0
10,15,69,-149,1,0
10,16,69,-147,1,0
10,17,69,-145,1,0
10,18,69,-143,1,0
10,19,69,-141,1,0
10,20,69,-139,1,0
10,21,69,-137,0,0
10,22,69,-135,1,0
10,23,69,-133,0,0
10,24,69,-131,1,0
10,25,69,-129,1,0
10,26,69,-127,1,0
10,27,69,-125,1,0
10,28,69,-123,1,0
10,29,69,-121,1,0
10,30,69,-119,1,0
10,31,69,-117,0,0
10,32,69,-115,0,0
10,33,69,-113,1,0
10,34,69,-111,1,0
10,35,69,-109,1,0
10,36,69,-107,0,0
10,37,69,-105,1,0
10,38,69,-103,1,0
10,39,69,-101,0,0
10,40,69,-99,1,0
10,41,69,-97,1,0
10,42,69,-95,0,0
10,43,69,-93,1,0
10,44,69,-91,1,0
10,45,69,-89,1,0
10,46,69,-87,0,0
10,47,69,-85,0,0
10,48,69,-83,1,0
10,49,69,-81,0,0
10,50,69,-79,1,0
10,51,69,-77,0,0
10,52,69,-75,0,0
10,53,69,-73,1,0
10,54,69,-71,1,0
10,55,69,-69,1,0
10,56,69,-67,0,0
10,57,69,-65,0,0
10,58,69,-63,0,0
10,59,69,-61,0,0
10,60,69,-59,0,0
10,61,69,-57,0,0
10,62,69,-55,0,0
10,63,69,-53,0,0
10,64,69,-51,1,0
10,65,69,-49,1,0
10,66,69,-47,1,0
10,67,69,-45,1,0
10,68,69,-43,1,0
10,69,69,-41,1,0
10,70,69,-39,1,0
10,71,69,-37,1,0
10,72,69,-35,1,0
10,73,69,-33,1,0
10,74,69,-31,1,0
10,75,69,-29,1,0
10,76,69,-27,1,0
10,77,69,-25,0,0
10,78,69,-23,0,0
10,79,69,-21,0,0
10,80,69,-19,0,0
10,81,69,-17,0,0
10,82,69,-15,0,0
10,83,69,-13,0,0
10,84,69,-11,0,0
10,85,69,-9,0,0
10,86,69,-7,0,0
10,87,69,-5,0,0
10,88,69,-3,0,0
10,89,69,-1,0,0
10,90,69,1,0,0
10,91,69,3,0,0
10,92,69,5,0,0
10,93,69,7,0,0
10,94,69,9,0,0
10,95,69,11,0,0
10,96,69,13,0,0
10,97,69,15,0,0
10,98,69,17,0,0
10,99,69,19,1,0
10,100,69,21,1,0
10,101,69,23,1,0
10,102,69,25,1,0
10,103,69,27,1,0
10,104,69,29,1,0
10,105,69,31,1,0
10,106,69,33,1,0
10,107,69,35,1,0
10,108,69,37,0,0
10,109,69,39,0,0
10,110,69,41,0,0
10,111,69,43,0,0
10,112,69,45,0,0
10,113,69,47,0,0
10,114,69,49,1,0
10,115,69,51,0,0
10,116,69,53,0,0
10,117,69,55,0,0
10,118,69,57,0,0
10,119,69,59,1,0
10,120,69,61,1,0
10,121,69,63,1,0
10,122,69,65,1,0
10,123,69,67,0,0
10,124,69,69,1,0
10,125,69,71,1,0
10,126,69,73,0,0
10,127,69,75,0,0
10,128,69,77,0,0
10,129,69,79,1,0
10,130,69,81,1,0
10,131,69,83,1,0
10,132,69,85,1,0
10,133,69,87,1,0
10,134,69,89,1,0
10,135,69,91,1,1
10,136,69,93,1,0
10,137,69,95,1,0
10,138,69,97,1,0
10,139,69,99,1,0
10,140,69,101,1,0
10,141,69,103,1,0
10,142,69,105,1,0
10,143,69,107,1,0
10,144,69,109,1,0
10,145,69,111,1,0
10,146,69,113,1,0
10,147,69,115,1,0
10,148,69,117,1,0
10,149,69,119,1,0
10,150,69,121,1,0
10,151,69,123,1,0
10,152,69,125,1,0
10,153,69,127,1,0
10,154,69,129,1,0
10,155,69,131,1,0
10,156,69,133,1,0
10,157,69,135,1,0
10,158,69,137,1,0
10,159,69,139,1,0
10,160,69,141,1,0
10,161,69,143,1,0
10,162,69,145,1,0
10,163,69,147,1,0
10,164,69,149,1,0
10,165,69,151,1,0
10,166,69,153,1,0
10,167,69,155,1,0
10,168,69,157,1,0
10,169,69,159,1,0
10,170,69,161,1,0
10,171,69,163,1,0
10,172,69,165,1,0
10,173,69,167,1,0
10,174,69,169,1,0
10,175,69,171,1,0
10,176,69,173,1,0
10,177,69,175,1,0
10,178,69,177,1,0
10,179,69,179,1,0
11,0,67,-179,1,0
11,1,67,-177,1,0
11,2,67,-175,1,0
11,3,67,-173,0,0
11,4,67,-171,0,0
11,5,67,-169,0,0
11,6,67,-167,0,0
11,7,67,-165,0,0
11,8,67,-163,0,0
11,9,67,-161,1,0
11,10,67,-159,1,0
11,11,67,-157,1,0
11,12,67,-155,1,0
11,13,67,-153,1,0
11,14,67,-151,1,0
11,15,67,-149,1,0
11,16,67,-147,1,0
11,17,67,-145,1,0
11,18,67,-143,1,0
11,19,67,-141,1,0
11,20,67,-139,1,0
11,21,67,-137,1,0
11,22,67,-135,1,0
11,23,67,-133,1,0
11,24,67,-131,1,0
11,25,67,-129,1,0
11,26,67,-127,1,0
11,27,67,-125,1,0
11,28,67,-123,1,0
11,29,67,-121,1,0
11,30,67,-119,1,0
11,31,67,-117,1,0
11,32,67,-115,1,0
11,33,67,-113,1,0
11,34,67,-111,1,0
11,35,67,-109,1,0
11,36,67,-107,1,0
11,37,67,-105,1,0
11,38,67,-103,1,0
11,39,67,-101,1,0
11,40,67,-99,1,0
11,41,67,-97,1,0
11,42,67,-95,1,0
11,43,67,-93,1,0
11,44,67,-91,1,0
11,45,67,-89,1,0
11,46,67,-87,1,0
11,47,67,-85,1,0
11,48,67,-83,1,0
11,49,67,-81,0,0
11,50,67,-79,0,0
11,51,67,-77,0,0
11,52,67,-75,0,0
11,53,67,-73,0,0
11,54,67,-71,1,1
11,55,67,-69,1,0
11,56,67,-67,1,0
11,57,67,-65,1,0
11,58,67,-63,0,0
11,59,67,-61,0,0
11,60,67,-59,0,0
11,61,67,-57,0,0
11,62,67,-55,0,0
11,63,67,-53,1,0
11,64,67,-51,1,0
11,65,67,-49,1,0
11,66,67,-47,1,0
11,67,67,-45,1,0
11,68,67,-43,1,0
11,69,67,-41,1,0
11,70,67,-39,1,0
11,71,67,-37,1,0
11,72,67,-35,1,0
11,73,67,-33,0,0
11,74,67,-31,0,0
11,75,67,-29,0,0
11,76,67,-27,0,0
11,77,67,-25,0,0
11,78,67,-23,0,0
11,79,67,-21,0,0
11,80,67,-19,0,0
11,81,67,-17,0,0
11,82,67,-15,0,0
11,83,67,-13,0,0
11,84,67,-11,0,0
11,85,67,-9,0,0
11,86,67,-7,0,0
11,87,67,-5,0,0
11,88,67,-3,0,0
11,89,67,-1,0,0
11,90,67,1,0,0
11,91,67,3,0,0
11,92,67,5,0,0
11,93,67,7,0,0
11,94,67,9,0,0
11,95,67,11,0,0
11,96,67,13,0,0
11,97,67,15,1,0
11,98,67,17,1,0
11,99,67,19,1,0
11,100,67,21,1,0
11,101,67,23,1,0
11,102,67,25,1,0
11,103,67,27,1,0
11,104,67,29,1,0
11,105,67,31,1,0
11,106,67,33,1,0
11,107,67,35,1,0
11,108,67,37,1,0
11,109,67,39,1,0
11,110,67,41,1,0
11,111,67,43,0,0
11,112,67,45,1,0
11,113,67,47,0,0
11,114,67,49,1,0
11,115,67,51,1,0
11,116,67,53,1,0
11,117,67,55,1,0
11,118,67,57,1,0
11,119,67,59,1,0
11,120,67,61,1,0
11,121,67,63,1,0
11,122,67,65,1,0
11,123,67,67,1,0
11,124,67,69,1,0
11,125,67,71,1,0
11,126,67,73,0,0
11,127,67,75,1,0
11,128,67,77,1,0
11,129,67,79,1,0
11,130,67,81,1,0
11,131,67,83,1,0
11,132,67,85,1,0
11,133,67,87,1,0
11,134,67,89,1,0
11,135,67,91,1,0
11,136,67,93,1,0
11,137,67,95,1,0
11,138,67,97,1,0
11,139,67,99,1,0
11,140,67,101,1,0
11,141,67,103,1,0
11,142,67,105,1,0
11,143,67,107,1,0
11,144,67,109,1,0
11,145,67,111,1,0
11,146,67,113,1,0
11,147,67,115,1,0
11,148,67,117,1,0
11,149,67,119,1,0
11,150,67,121,1,0
11,151,67,123,1,0
11,152,67,125,1,0
11,153,67,127,1,0
11,154,67,129,1,0
11,155,67,131,1,0
11,156,67,133,1,0
11,157,67,135,1,0
11,158,67,137,1,0
11,159,67,139,1,0
11,160,67,141,1,0
11,161,67,143,1,0
11,162,67,145,1,0
11,163,67,147,1,0
11,164,67,149,1,0
11,165,67,151,1,0
11,166,67,153,1,0
11,167,67,155,1,0
11,168,67,157,1,0
11,169,67,159,1,0
11,170,67,161,1,0
11,171,67,163,1,0
11,172,67,165,1,0
11,173,67,167,1,0
11,174,67,169,1,0
11,175,67,171,1,0
11,176,67,173,1,0
11,177,67,175,1,0
11,178,67,177,1,0
11,179,67,179,1,0
12,0,65,-179,0,0
12,1,65,-177,0,0
12,2,65,-175,1,0
12,3,65,-173,1,0
12,4,65,-171,0,0
12,5,65,-169,0,0
12,6,65,-167,0,0
12,7,65,-165,1,0
12,8,65,-163,1,0
12,9,65,-161,1,0
12,10,65,-159,1,0
12,11,65,-157,1,0
12,12,65,-155,1,0
12,13,65,-153,1,0
12,14,65,-151,1,0
12,15,65,-149,1,0
12,16,65,-147,1,0
12,17,65,-145,1,0
12,18,65,-143,1,0
12,19,65,-141,1,0
12,20,65,-139,1,0
12,21,65,-137,1,0
12,22,65,-135,1,0
12,23,65,-133,1,0
12,24,65,-131,1,0
12,25,65,-129,1,0
12,26,65,-127,1,0
12,27,65,-125,1,0
12,28,65,-123,1,0
12,29,65,-121,1,1
12,30,65,-119,1,0
12,31,65,-117,1,0
12,32,65,-115,1,0
12,33,65,-113,1,0
12,34,65,-111,1,0
12,35,65,-109,1,0
12,36,65,-107,1,0
12,37,65,-105,1,0
12,38,65,-103,1,1
12,39,65,-101,1,0
12,40,65,-99,1,0
12,41,65,-97,1,0
12,42,65,-95,1,0
12,43,65,-93,1,0
12,44,65,-91,1,0
12,45,65,-89,1,0
12,46,65,-87,0,0
12,47,65,-85,1,0
12,48,65,-83,0,0
12,49,65,-81,0,0
12,50,65,-79,0,0
12,51,65,-77,1,0
12,52,65,-75,1,0
12,53,65,-73,1,0
12,54,65,-71,1,1
12,55,65,-69,1,0
12,56,65,-67,1,0
12,57,65,-65,0,0
12,58,65,-63,0,0
12,59,65,-61,0,0
12,60,65,-59,0,0
12,61,65,-57,0,0
12,62,65,-55,0,0
12,63,65,-53,0,0
12,64,65,-51,1,0
12,65,65,-49,1,0
12,66,65,-47,1,0
12,67,65,-45,1,0
12,68,65,-43,1,0
12,69,65,-41,0,0
12,70,65,-39,0,0
12,71,65,-37,0,0
12,72,65,-35,0,0
12,73,65,-33,0,0
12,74,65,-31,0,0
12,75,65,-29,0,0
12,76,65,-27,0,0
12,77,65,-25,0,0
12,78,65,-23,1,0
12,79,65,-21,1,0
12,80,65,-19,1,0
12,81,65,-17,1,0
12,82,65,-15,1,0
12,83,65,-13,0,0
12,84,65,-11,0,0
12,85,65,-9,0,0
12,86,65,-7,0,0
12,87,65,-5,0,0
12,88,65,-3,0,0
12,89,65,-1,0,0
12,90,65,1,0,0
12,91,65,3,0,0
12,92,65,5,0,0
12,93,65,7,0,0
12,94,65,9,0,0
12,95,65,11,0,0
12,96,65,13,1,0
12,97,65,15,1,0
12,98,65,17,1,0
12,99,65,19,1,0
12,100,65,21,1,0
12,101,65,23,0,0
12,102,65,25,0,0
12,103,65,27,1,0
12,104,65,29,1,0
12,105,65,31,1,0
12,106,65,33,1,0
12,107,65,35,0,0
12,108,65,37,1,0
12,109,65,39,0,0
12,110,65,41,1,0
12,111,65,43,1,0
12,112,65,45,1,0
12,113,65,47,1,0
12,114,65,49,1,0
12,115,65,51,1,0
12,116,65,53,1,0
12,117,65,55,1,0
12,118,65,57,1,0
12,119,65,59,1,0
12,120,65,61,1,0
12,121,65,63,1,0
12,122,65,65,1,0
12,123,65,67,1,0
12,124,65,69,1,0
12,125,65,71,1,0
12,126,65,73,1,0
12,127,65,75,1,0
12,128,65,77,1,0
12,129,65,79,1,0
12,130,65,81,1,0
12,131,65,83,1,0
12,132,65,85,1,0
12,133,65,87,1,0
12,134,65,89,1,0
12,135,65,91,1,0
12,136,65,93,1,0
12,137,65,95,1,0
12,138,65,97,1,0
12,139,65,99,1,0
12,140,65,101,1,0
12,141,65,103,1,0
12,142,65,105,1,0
12,143,65,107,1,0
12,144,65,109,1,0
12,145,65,111,1,0
12,146,65,113,1,0
12,147,65,115,1,0
12,148,65,117,1,0
12,149,65,119,1,0
12,150,65,121,1,0
12,151,65,123,1,0
12,152,65,125,1,0
12,153,65,127,1,0
12,154,65,129,1,0
12,155,65,131,1,0
12,156,65,133,1,0
12,157,65,135,1,0
12,158,65,137,1,0
12,159,65,139,1,0
12,160,65,141,1,0
12,161,65,143,1,0
12,162,65,145,1,0
12,163,65,147,1,0
12,164,65,149,1,0
12,165,65,151,1,0
12,166,65,153,1,0
12,167,65,155,1,0
12,168,65,157,1,0
12,169,65,159,1,0
12,170,65,161,1,0
12,171,65,163,1,0
12,172,65,165,1,0
12,173,65,167,1,0
12,174,65,169,1,0
12,175,65,171,1,0
12,176,65,173,1,0
12,177,65,175,1,0
12,178,65,177,1,0
12,179,65,179,1,0
13,0,63,-179,0,0
13,1,63,-177,0,0
13,2,63,-175,0,0
13,3,63,-173,0,0
13,4,63,-171,0,0
13,5,63,-169,0,0
13,6,63,-167,0,0
13,7,63,-165,0,0
13,8,63,-163,1,0
13,9,63,-161,1,0
13,10,63,-159,1,0
13,11,63,-157,1,0
13,12,63,-155,1,0
13,13,63,-153,1,0
13,14,63,-151,1,0
13,15,63,-149,1,0
13,16,63,-147,1,0
13,17,63,-145,1,0
13,18,63,-143,1,0
13,19,63,-141,1,0
13,20,63,-139,1,0
13,21,63,-137,1,0
13,22,63,-135,1,0
13,23,63,-133,1,0
13,24,63,-131,1,0
13,25,63,-129,1,0
13,26,63,-127,1,0
13,27,63,-125,1,0
13,28,63,-123,1,0
13,29,63,-121,1,0
13,30,63,-119,1,0
13,31,63,-117,1,0
13,32,63,-115,1,0
13,33,63,-113,1,0
13,34,63,-111,1,0
13,35,63,-109,1,0
13,36,63,-107,1,0
13,37,63,-105,1,0
13,38,63,-103,1,0
13,39,63,-101,1,1
13,40,63,-99,1,0
13,41,63,-97,1,0
13,42,63,-95,1,0
13,43,63,-93,1,0
13,44,63,-91,1,0
13,45,63,-89,0,0
13,46,63,-87,0,0
13,47,63,-85,0,0
13,48,63,-83,0,0
13,49,63,-81,0,0
13,50,63,-79,0,0
13,51,63,-77,0,0
13,52,63,-75,0,0
13,53,63,-73,0,0
13,54,63,-71,0,0
13,55,63,-69,1,0
13,56,63,-67,0,0
13,57,63,-65,1,0
13,58,63,-63,0,0
13,59,63,-61,0,0
13,60,63,-59,0,0
13,61,63,-57,0,0
13,62,63,-55,0,0
13,63,63,-53,0,0
13,64,63,-51,0,0
13,65,63,-49,1,0
13,66,63,-47,1,0
13,67,63,-45,1,0
13,68,63,-43,1,0
13,69,63,-41,0,0
13,70,63,-39,0,0
13,71,63,-37,0,0
13,72,63,-35,0,0
13,73,63,-33,0,0
13,74,63,-31,0,0
13,75,63,-29,0,0
13,76,63,-27,0,0
13,77,63,-25,0,0
13,78,63,-23,0,0
13,79,63,-21,0,0
13,80,63,-19,0,0
13,81,63,-17,0,0
13,82,63,-15,0,0
13,83,63,-13,0,0
13,84,63,-11,0,0
13,85,63,-9,0,0
13,86,63,-7,0,0
13,87,63,-5,0,0
13,88,63,-3,0,0
13,89,63,-1,0,0
13,90,63,1,0,0
13,91,63,3,0,0
13,92,63,5,0,0
13,93,63,7,0,0
13,94,63,9,1,0
13,95,63,11,1,0
13,96,63,13,1,0
13,97,63,15,1,0
13,98,63,17,1,0
13,99,63,19,0,0
13,100,63,21,0,0
13,101,63,23,1,0
13,102,63,25,1,0
13,103,63,27,1,0
13,104,63,29,1,0
13,105,63,31,1,0
13,106,63,33,1,0
13,107,63,35,1,0
13,108,63,37,1,0
13,109,63,39,1,0
13,110,63,41,1,0
13,111,63,43,1,0
13,112,63,45,1,0
13,113,63,47,1,0
13,114,63,49,1,0
13,115,63,51,1,0
13,116,63,53,1,0
13,117,63,55,1,0
13,118,63,57,1,0
13,119,63,59,1,0
13,120,63,61,1,0
13,121,63,63,1,0
13,122,63,65,1,0
13,123,63,67,1,0
13,124,63,69,1,0
13,125,63,71,1,0
13,126,63,73,1,0
13,127,63,75,1,0
13,128,63,77,1,0
13,129,63,79,1,0
13,130,63,81,1,0
13,131,63,83,1,0
13,132,63,85,1,0
13,133,63,87,1,0
13,134,63,89,1,0
13,135,63,91,1,0
13,136,63,93,1,0
13,137,63,95,1,0
13,138,63,97,1,0
13,139,63,99,1,0
13,140,63,101,1,0
13,141,63,103,1,0
13,142,63,105,1,0
13,143,63,107,1,0
13,144,63,109,1,0
13,145,63,111,1,1
13,146,63,113,1,0
13,147,63,115,1,0
13,148,63,117,1,0
13,149,63,119,1,0
13,150,63,121,1,0
13,151,63,123,1,0
13,152,63,125,1,0
13,153,63,127,1,0
13,154,63,129,1,0
13,155,63,131,1,0
13,156,63,133,1,0
13,157,63,135,1,0
13,158,63,137,1,0
13,159,63,139,1,0
13,160,63,141,1,0
13,161,63,143,1,0
13,162,63,145,1,0
13,163,63,147,1,0
13,164,63,149,1,0
13,165,63,151,1,0
13,166,63,153,1,0
13,167,63,155,1,0
13,168,63,157,1,0
13,169,63,159,1,0
13,170,63,161,1,0
13,171,63,163,1,0
13,172,63,165,1,0
13,173,63,167,1,0
13,174,63,169,1,0
13,175,63,171,1,0
13,176,63,173,1,0
13,177,63,175,1,0
13,178,63,177,1,0
13,179,63,179,1,0
14,0,61,-179,0,0
14,1,61,-177,0,0
14,2,61,-175,0,0
14,3,61,-173,0,0
14,4,61,-171,0,0
14,5,61,-169,0,0
14,6,61,-167,0,0
14,7,61,-165,1,0
14,8,61,-163,1,0
14,9,61,-161,1,0
14,10,61,-159,1,0
14,11,61,-157,1,0
14,12,61,-155,1,0
14,13,61,-153,1,0
14,14,61,-151,0,0
14,15,61,-149,1,0
14,16,61,-147,0,0
14,17,61,-145,1,0
14,18,61,-143,1,0
14,19,61,-141,1,0
14,20,61,-139,1,0
14,21,61,-137,1,0
14,22,61,-135,1,0
14,23,61,-133,1,0
14,24,61,-131,1,0
14,25,61,-129,1,0
14,26,61,-127,1,0
14,27,61,-125,1,0
14,28,61,-123,1,0
14,29,61,-121,1,0
14,30,61,-119,1,0
14,31,61,-117,1,0
14,32,61,-115,1,1
14,33,61,-113,1,0
14,34,61,-111,1,0
14,35,61,-109,1,0
14,36,61,-107,1,0
14,37,61,-105,1,0
14,38,61,-103,1,0
14,39,61,-101,1,0
14,40,61,-99,1,0
14,41,61,-97,1,0
14,42,61,-95,1,0
14,43,61,-93,0,0
14,44,61,-91,0,0
14,45,61,-89,0,0
14,46,61,-87,0,0
14,47,61,-85,0,0
14,48,61,-83,0,0
14,49,61,-81,0,0
14,50,61,-79,0,0
14,51,61,-77,1,0
14,52,61,-75,1,0
14,53,61,-73,1,0
14,54,61,-71,1,0
14,55,61,-69,0,0
14,56,61,-67,0,0
14,57,61,-65,0,0
14,58,61,-63,0,0
14,59,61,-61,0,0
14,60,61,-59,0,0
14,61,61,-57,0,0
14,62,61,-55,0,0
14,63,61,-53,0,0
14,64,61,-51,0,0
14,65,61,-49,0,0
14,66,61,-47,1,0
14,67,61,-45,1,0
14,68,61,-43,1,0
14,69,61,-41,0,0
14,70,61,-39,0,0
14,71,61,-37,0,0
14,72,61,-35,0,0
14,73,61,-33,0,0
14,74,61,-31,0,0
14,75,61,-29,0,0
14,76,61,-27,0,0
14,77,61,-25,0,0
14,78,61,-23,0,0
14,79,61,-21,0,0
14,80,61,-19,0,0
14,81,61,-17,0,0
14,82,61,-15,0,0
14,83,61,-13,0,0
14,84,61,-11,0,0
14,85,61,-9,0,0
14,86,61,-7,0,0
14,87,61,-5,0,0
14,88,61,-3,0,0
14,89,61,-1,0,0
14,90,61,1,0,0
14,91,61,3,0,0
14,92,61,5,0,0
14,93,61,7,1,0
14,94,61,9,1,0
14,95,61,11,1,0
14,96,61,13,1,0
14,97,61,15,1,0
14,98,61,17,1,0
14,99,61,19,0,0
14,100,61,21,0,0
14,101,61,23,1,0
14,102,61,25,1,0
14,103,61,27,1,0
14,104,61,29,1,0
14,105,61,31,1,1
14,106,61,33,1,0
14,107,61,35,1,0
14,108,61,37,1,0
14,109,61,39,1,0
14,110,61,41,1,0
14,111,61,43,1,0
14,112,61,45,1,0
14,113,61,47,1,0
14,114,61,49,1,0
14,115,61,51,1,0
14,116,61,53,1,0
14,117,61,55,1,0
14,118,61,57,1,0
14,119,61,59,1,0
14,120,61,61,1,0
14,121,61,63,1,0
14,122,61,65,1,0
14,123,61,67,1,0
14,124,61,69,1,0
14,125,61,71,1,0
14,126,61,73,1,0
14,127,61,75,1,0
14,128,61,77,1,0
14,129,61,79,1,0
14,130,61,81,1,0
14,131,61,83,1,0
14,132,61,85,1,0
14,133,61,87,1,0
14,134,61,89,1,0
14,135,61,91,1,0
14,136,61,93,1,0
14,137,61,95,1,0
14,138,61,97,1,0
14,139,61,99,1,0
14,140,61,101,1,0
14,141,61,103,1,0
14,142,61,105,1,0
14,143,61,107,1,0
14,144,61,109,1,0
14,145,61,111,1,0
14,146,61,113,1,0
14,147,61,115,1,0
14,148,61,117,1,0
14,149,61,119,1,0
14,150,61,121,1,0
14,151,61,123,1,0
14,152,61,125,1,0
14,153,61,127,1,0
14,154,61,129,1,0
14,155,61,131,1,0
14,156,61,133,1,0
14,157,61,135,1,0
14,158,61,137,1,0
14,159,61,139,1,0
14,160,61,141,1,0
14,161,61,143,1,0
14,162,61,145,1,0
14,163,61,147,1,0
14,164,61,149,1,0
14,165,61,151,1,0
14,166,61,153,1,0
14,167,61,155,1,0
14,168,61,157,0,0
14,169,61,159,0,0
14,170,61,161,1,0
14,171,61,163,0,0
14,172,61,165,1,0
14,173,61,167,1,0
14,174,61,169,1,0
14,175,61,171,1,0
14,176,61,173,0,0
14,177,61,175,0,0
14,178,61,177,0,0
14,179,61,179,0,0
15,0,59,-179,0,0
15,1,59,-177,0,0
15,2,59,-175,0,0
15,3,59,-173,0,0
15,4,59,-171,0,0
15,5,59,-169,0,0
15,6,59,-167,0,0
15,7,59,-165,0,0
15,8,59,-163,0,0
15,9,59,-161,1,0
15,10,59,-159,1,0
15,11,59,-157,1,0
15,12,59,-155,1,0
15,13,59,-153,0,0
15,14,59,-151,0,0
15,15,59,-149,0,0
15,16,59,-147,0,0
15,17,59,-145,0,0
15,18,59,-143,0,0
15,19,59,-141,0,0
15,20,59,-139,0,0
15,21,59,-137,1,0
15,22,59,-135,1,0
15,23,59,-133,1,0
15,24,59,-131,1,0
15,25,59,-129,1,0
15,26,59,-127,1,0
15,27,59,-125,1,0
15,28,59,-123,1,0
15,29,59,-121,1,0
15,30,59,-119,1,0
15,31,59,-117,1,0
15,32,59,-115,1,0
15,33,59,-113,1,0
15,34,59,-111,1,0
15,35,59,-109,1,0
15,36,59,-107,1,0
15,37,59,-105,1,0
15,38,59,-103,1,0
15,39,59,-101,1,0
15,40,59,-99,1,0
15,41,59,-97,1,0
15,42,59,-95,1,0
15,43,59,-93,0,0
15,44,59,-91,0,0
15,45,59,-89,0,0
15,46,59,-87,0,0
15,47,59,-85,0,0
15,48,59,-83,0,0
15,49,59,-81,0,0
15,50,59,-79,0,0
15,51,59,-77,1,0
15,52,59,-75,1,0
15,53,59,-73,1,0
15,54,59,-71,1,0
15,55,59,-69,1,0
15,56,59,-67,0,0
15,57,59,-65,1,0
15,58,59,-63,0,0
15,59,59,-61,0,0
15,60,59,-59,0,0
15,61,59,-57,0,0
15,62,59,-55,0,0
15,63,59,-53,0,0
15,64,59,-51,0,0
15,65,59,-49,0,0
15,66,59,-47,0,0
15,67,59,-45,0,0
15,68,59,-43,0,0
15,69,59,-41,0,0
15,70,59,-39,0,0
15,71,59,-37,0,0
15,72,59,-35,0,0
15,73,59,-33,0,0
15,74,59,-31,0,0
15,75,59,-29,0,0
15,76,59,-27,0,0
15,77,59,-25,0,0
15,78,59,-23,0,0
15,79,59,-21,0,0
15,80,59,-19,0,0
15,81,59,-17,0,0
15,82,59,-15,0,0
15,83,59,-13,0,0
15,84,59,-11,0,0
15,85,59,-9,0,0
15,86,59,-7,0,0
15,87,59,-5,0,0
15,88,59,-3,1,0
15,89,59,-1,0,0
15,90,59,1,0,0
15,91,59,3,0,0
15,92,59,5,0,0
15,93,59,7,1,0
15,94,59,9,1,0
15,95,59,11,0,0
15,96,59,13,1,1
15,97,59,15,1,0
15,98,59,17,1,0
15,99,59,19,0,0
15,100,59,21,0,0
15,101,59,23,0,0
15,102,59,25,1,0
15,103,59,27,1,0
15,104,59,29,1,0
15,105,59,31,1,0
15,106,59,33,1,0
15,107,59,35,1,0
15,108,59,37,1,0
15,109,59,39,1,0
15,110,59,41,1,0
15,111,59,43,1,0
15,112,59,45,1,0
15,113,59,47,1,0
15,114,59,49,1,0
15,115,59,51,1,0
15,116,59,53,1,0
15,117,59,55,1,0
15,118,59,57,1,0
15,119,59,59,1,0
15,120,59,61,1,0
15,121,59,63,1,0
15,122,59,65,1,0
15,123,59,67,1,0
15,124,59,69,1,0
15,125,59,71,1,0
15,126,59,73,1,0
15,127,59,75,1,0
15,128,59,77,1,0
15,129,59,79,1,0
15,130,59,81,1,0
15,131,59,83,1,0
15,132,59,85,1,0
15,133,59,87,1,0
15,134,59,89,1,0
15,135,59,91,1,0
15,136,59,93,1,0
15,137,59,95,1,0
15,138,59,97,1,0
15,139,59,99,1,0
15,140,59,101,1,0
15,141,59,103,1,0
15,142,59,105,1,0
15,143,59,107,1,0
15,144,59,109,1,0
15,145,59,111,1,0
15,146,59,113,1,0
15,147,59,115,1,0
15,148,59,117,1,0
15,149,59,119,1,0
15,150,59,121,1,0
15,151,59,123,1,0
15,152,59,125,1,0
15,153,59,127,1,0
15,154,59,129,1,0
15,155,59,131,1,0
15,156,59,133,1,0
15,157,59,135,1,0
15,158,59,137,1,0
15,159,59,139,1,0
15,160,59,141,1,0
15,161,59,143,0,0
15,162,59,145,0,0
15,163,59,147,0,0
15,164,59,149,0,0
15,165,59,151,0,0
15,166,59,153,0,0
15,167,59,155,0,0
15,168,59,157,0,0
15,169,59,159,0,0
15,170,59,161,1,0
15,171,59,163,1,0
15,172,59,165,0,0
15,173,59,167,0,0
15,174,59,169,0,0
15,175,59,171,0,0
15,176,59,173,0,0
15,177,59,175,0,0
15,178,59,177,0,0
15,179,59,179,0,0
16,0,57,-179,0,0
16,1,57,-177,0,0
16,2,57,-175,0,0
16,3,57,-173,0,0
16,4,57,-171,0,0
16,5,57,-169,0,0
16,6,57,-167,0,0
16,7,57,-165,0,0
16,8,57,-163,0,0
16,9,57,-161,0,0
16,10,57,-159,0,0
16,11,57,-157,1,0
16,12,57,-155,0,0
16,13,57,-153,0,0
16,14,57,-151,0,0
16,15,57,-149,0,0
16,16,57,-147,0,0
16,17,57,-145,0,0
16,18,57,-143,0,0
16,19,57,-141,0,0
16,20,57,-139,0,0
16,21,57,-137,0,0
16,22,57,-135,1,0
16,23,57,-133,0,0
16,24,57,-131,1,0
16,25,57,-129,1,0
16,26,57,-127,1,0
16,27,57,-125,1,0
16,28,57,-123,1,0
16,29,57,-121,1,0
16,30,57,-119,1,0
16,31,57,-117,1,0
16,32,57,-115,1,0
16,33,57,-113,1,0
16,34,57,-111,1,0
16,35,57,-109,1,0
16,36,57,-107,1,0
16,37,57,-105,1,0
16,38,57,-103,1,0
16,39,57,-101,1,0
16,40,57,-99,1,0
16,41,57,-97,1,0
16,42,57,-95,1,0
16,43,57,-93,1,0
16,44,57,-91,1,0
16,45,57,-89,0,0
16,46,57,-87,0,0
16,47,57,-85,0,0
16,48,57,-83,0,0
16,49,57,-81,0,0
16,50,57,-79,0,0
16,51,57,-77,0,0
16,52,57,-75,1,0
16,53,57,-73,1,0
16,54,57,-71,1,0
16,55,57,-69,1,0
16,56,57,-67,1,0
16,57,57,-65,1,0
16,58,57,-63,1,0
16,59,57,-61,0,0
16,60,57,-59,0,0
16,61,57,-57,0,0
16,62,57,-55,0,0
16,63,57,-53,0,0
16,64,57,-51,0,0
16,65,57,-49,0,0
16,66,57,-47,0,0
16,67,57,-45,0,0
16,68,57,-43,0,0
16,69,57,-41,0,0
16,70,57,-39,0,0
16,71,57,-37,0,0
16,72,57,-35,0,0
16,73,57,-33,0,0
16,74,57,-31,0,0
16,75,57,-29,0,0
16,76,57,-27,0,0
16,77,57,-25,0,0
16,78,57,-23,0,0
16,79,57,-21,0,0
16,80,57,-19,0,0
16,81,57,-17,0,0
16,82,57,-15,0,0
16,83,57,-13,0,0
16,84,57,-11,0,0
16,85,57,-9,0,0
16,86,57,-7,0,0
16,87,57,-5,1,0
16,88,57,-3,1,0
16,89,57,-1,0,0
16,90,57,1,0,0
16,91,57,3,0,0
16,92,57,5,0,0
16,93,57,7,0,0
16,94,57,9,0,0
16,95,57,11,0,0
16,96,57,13,1,0
16,97,57,15,1,0
16,98,57,17,0,0
16,99,57,19,0,0
16,100,57,21,0,0
16,101,57,23,1,0
16,102,57,25,1,0
16,103,57,27,1,0
16,104,57,29,1,0
16,105,57,31,1,0
16,106,57,33,1,0
16,107,57,35,1,0
16,108,57,37,1,0
16,109,57,39,1,0
16,110,57,41,1,0
16,111,57,43,1,0
16,112,57,45,1,0
16,113,57,47,1,0
16,114,57,49,1,0
16,115,57,51,1,0
16,116,57,53,1,0
16,117,57,55,1,0
16,118,57,57,1,0
16,119,57,59,1,0
16,120,57,61,1,0
16,121,57,63,1,0
16,122,57,65,1,0
16,123,57,67,1,0
16,124,57,69,1,0
16,125,57,71,1,0
16,126,57,73,1,0
16,127,57,75,1,0
16,128,57,77,1,0
16,129,57,79,1,0
16,130,57,81,1,0
16,131,57,83,1,0
16,132,57,85,1,0
16,133,57,87,1,0
16,134,57,89,1,0
16,135,57,91,1,0
16,136,57,93,1,0
16,137,57,95,1,0
16,138,57,97,1,0
16,139,57,99,1,0
16,140,57,101,1,0
16,141,57,103,1,0
16,142,57,105,1,0
16,143,57,107,1,0
16,144,57,109,1,0
16,145,57,111,1,0
16,146,57,113,1,0
16,147,57,115,1,0
16,148,57,117,1,0
16,149,57,119,1,0
16,150,57,121,1,0
16,151,57,123,1,0
16,152,57,125,1,0
16,153,57,127,1,0
16,154,57,129,1,0
16,155,57,131,1,0
16,156,57,133,1,0
16,157,57,135,1,0
16,158,57,137,1,0
16,159,57,139,0,0
16,160,57,141,0,0
16,161,57,143,0,0
16,162,57,145,0,0
16,163,57,147,0,0
16,164,57,149,0,0
16,165,57,151,0,0
16,166,57,153,0,0
16,167,57,155,0,0
16,168,57,157,1,0
16,169,57,159,1,0
16,170,57,161,1,0
16,171,57,163,0,0
16,172,57,165,0,0
16,173,57,167,0,0
16,174,57,169,0,0
16,175,57,171,0,0
16,176,57,173,0,0
16,177,57,175,0,0
16,178,57,177,0,0
16,179,57,179,0,0
17,0,55,-179,0,0
17,1,55,-177,0,0
17,2,55,-175,0,0
17,3,55,-173,0,0
17,4,55,-171,0,0
17,5,55,-169,0,0
17,6,55,-167,0,0
17,7,55,-165,0,0
17,8,55,-163,0,0
17,9,55,-161,0,0
17,10,55,-159,0,0
17,11,55,-157,0,0
17,12,55,-155,0,0
17,13,55,-153,0,0
17,14,55,-151,0,0
17,15,55,-149,0,0
17,16,55,-147,0,0
17,17,55,-145,0,0
17,18,55,-143,0,0
17,19,55,-141,0,0
17,20,55,-139,0,0
17,21,55,-137,0,0
17,22,55,-135,0,0
17,23,55,-133,1,0
17,24,55,-131,1,0
17,25,55,-129,1,0
17,26,55,-127,1,0
17,27,55,-125,1,0
17,28,55,-123,1,0
17,29,55,-121,1,0
17,30,55,-119,1,0
17,31,55,-117,1,0
17,32,55,-115,1,0
17,33,55,-113,1,0
17,34,55,-111,1,0
17,35,55,-109,1,0
17,36,55,-107,1,0
17,37,55,-105,1,1
17,38,55,-103,1,0
17,39,55,-101,1,0
17,40,55,-99,1,0
17,41,55,-97,1,0
17,42,55,-95,1,0
17,43,55,-93,1,0
17,44,55,-91,1,0
17,45,55,-89,1,0
17,46,55,-87,1,0
17,47,55,-85,1,0
17,48,55,-83,1,0
17,49,55,-81,0,0
17,50,55,-79,0,0
17,51,55,-77,1,0
17,52,55,-75,1,0
17,53,55,-73,1,1
17,54,55,-71,1,0
17,55,55,-69,1,0
17,56,55,-67,1,0
17,57,55,-65,1,0
17,58,55,-63,1,0
17,59,55,-61,1,0
17,60,55,-59,1,0
17,61,55,-57,0,0
17,62,55,-55,0,0
17,63,55,-53,0,0
17,64,55,-51,0,0
17,65,55,-49,0,0
17,66,55,-47,0,0
17,67,55,-45,0,0
17,68,55,-43,0,0
17,69,55,-41,0,0
17,70,55,-39,0,0
17,71,55,-37,0,0
17,72,55,-35,0,0
17,73,55,-33,0,0
17,74,55,-31,0,0
17,75,55,-29,0,0
17,76,55,-27,0,0
17,77,55,-25,0,0
17,78,55,-23,0,0
17,79,55,-21,0,0
17,80,55,-19,0,0
17,81,55,-17,0,0
17,82,55,-15,0,0
17,83,55,-13,0,0
17,84,55,-11,0,0
17,85,55,-9,0,0
17,86,55,-7,1,0
17,87,55,-5,1,0
17,88,55,-3,1,0
17,89,55,-1,0,0
17,90,55,1,0,0
17,91,55,3,0,0
17,92,55,5,0,0
17,93,55,7,0,0
17,94,55,9,1,0
17,95,55,11,0,0
17,96,55,13,0,0
17,97,55,15,0,0
17,98,55,17,0,0
17,99,55,19,0,0
17,100,55,21,0,0
17,101,55,23,1,0
17,102,55,25,1,0
17,103,55,27,1,0
17,104,55,29,1,0
17,105,55,31,1,0
17,106,55,33,1,0
17,107,55,35,1,0
17,108,55,37,1,0
17,109,55,39,1,0
17,110,55,41,1,0
17,111,55,43,1,0
17,112,55,45,1,0
17,113,55,47,1,0
17,114,55,49,1,1
17,115,55,51,1,0
17,116,55,53,1,0
17,117,55,55,1,0
17,118,55,57,1,0
17,119,55,59,1,0
17,120,55,61,1,0
17,121,55,63,1,0
17,122,55,65,1,0
17,123,55,67,1,0
17,124,55,69,1,0
17,125,55,71,1,0
17,126,55,73,1,0
17,127,55,75,1,0
17,128,55,77,1,0
17,129,55,79,1,0
17,130,55,81,1,0
17,131,55,83,1,0
17,132,55,85,1,0
17,133,55,87,1,0
17,134,55,89,1,0
17,135,55,91,1,0
17,136,55,93,1,0
17,137,55,95,1,0
17,138,55,97,1,0
17,139,55,99,1,0
17,140,55,101,1,0
17,141,55,103,1,0
17,142,55,105,1,0
17,143,55,107,1,0
17,144,55,109,1,1
17,145,55,111,1,0
17,146,55,113,1,0
17,147,55,115,1,0
17,148,55,117,1,0
17,149,55,119,1,0
17,150,55,121,1,0
17,151,55,123,1,0
17,152,55,125,1,0
17,153,55,127,1,0
17,154,55,129,1,0
17,155,55,131,1,0
17,156,55,133,1,0
17,157,55,135,1,0
17,158,55,137,1,0
17,159,55,139,0,0
17,160,55,141,0,0
17,161,55,143,0,0
17,162,55,145,0,0
17,163,55,147,0,0
17,164,55,149,0,0
17,165,55,151,0,0
17,166,55,153,0,0
17,167,55,155,0,0
17,168,55,157,1,0
17,169,55,159,1,0
17,170,55,161,1,0
17,171,55,163,0,0
17,172,55,165,0,0
17,173,55,167,0,0
17,174,55,169,0,0
17,175,55,171,0,0
17,176,55,173,0,0
17,177,55,175,0,0
17,178,55,177,0,0
17,179,55,179,0,0
18,0,53,-179,0,0
18,1,53,-177,0,0
18,2,53,-175,0,0
18,3,53,-173,0,0
18,4,53,-171,0,0
18,5,53,-169,0,0
18,6,53,-167,0,0
18,7,53,-165,0,0
18,8,53,-163,0,0
18,9,53,-161,0,0
18,10,53,-159,0,0
18,11,53,-157,0,0
18,12,53,-155,0,0
18,13,53,-153,0,0
18,14,53,-151,0,0
18,15,53,-149,0,0
18,16,53,-147,0,0
18,17,53,-145,0,0
18,18,53,-143,0,0
18,19,53,-141,0,0
18,20,53,-139,0,0
18,21,53,-137,0,0
18,22,53,-135,0,0
18,23,53,-133,0,0
18,24,53,-131,0,0
18,25,53,-129,1,0
18,26,53,-127,1,0
18,27,53,-125,1,0
18,28,53,-123,1,0
18,29,53,-121,1,0
18,30,53,-119,1,0
18,31,53,-117,1,0
18,32,53,-115,1,0
18,33,53,-113,1,0
18,34,53,-111,1,0
18,35,53,-109,1,0
18,36,53,-107,1,0
18,37,53,-105,1,0
18,38,53,-103,1,0
18,39,53,-101,1,0
18,40,53,-99,1,0
18,41,53,-97,1,0
18,42,53,-95,1,0
18,43,53,-93,1,1
18,44,53,-91,1,0
18,45,53,-89,1,0
18,46,53,-87,1,0
18,47,53,-85,1,0
18,48,53,-83,1,0
18,49,53,-81,1,0
18,50,53,-79,0,0
18,51,53,-77,1,0
18,52,53,-75,1,0
18,53,53,-73,1,0
18,54,53,-71,1,0
18,55,53,-69,1,0
18,56,53,-67,1,0
18,57,53,-65,1,0
18,58,53,-63,1,0
18,59,53,-61,1,0
18,60,53,-59,1,0
18,61,53,-57,1,0
18,62,53,-55,0,0
18,63,53,-53,0,0
18,64,53,-51,0,0
18,65,53,-49,0,0
18,66,53,-47,0,0
18,67,53,-45,0,0
18,68,53,-43,0,0
18,69,53,-41,0,0
18,70,53,-39,0,0
18,71,53,-37,0,0
18,72,53,-35,0,0
18,73,53,-33,0,0
18,74,53,-31,0,0
18,75,53,-29,0,0
18,76,53,-27,0,0
18,77,53,-25,0,0
18,78,53,-23,0,0
18,79,53,-21,0,0
18,80,53,-19,0,0
18,81,53,-17,0,0
18,82,53,-15,0,0
18,83,53,-13,0,0
18,84,53,-11,0,0
18,85,53,-9,1,0
18,86,53,-7,1,0
18,87,53,-5,0,0
18,88,53,-3,1,0
18,89,53,-1,1,0
18,90,53,1,0,0
18,91,53,3,0,0
18,92,53,5,0,0
18,93,53,7,1,0
18,94,53,9,1,0
18,95,53,11,1,0
18,96,53,13,1,0
18,97,53,15,1,0
18,98,53,17,1,0
18,99,53,19,1,0
18,100,53,21,1,0
18,101,53,23,1,0
18,102,53,25,1,0
18,103,53,27,1,0
18,104,53,29,1,0
18,105,53,31,1,0
18,106,53,33,1,0
18,107,53,35,1,0
18,108,53,37,1,0
18,109,53,39,1,0
18,110,53,41,1,0
18,111,53,43,1,0
18,112,53,45,1,0
18,113,53,47,1,0
18,114,53,49,1,0
18,115,53,51,1,0
18,116,53,53,1,0
18,117,53,55,1,0
18,118,53,57,1,0
18,119,53,59,1,0
18,120,53,61,1,0
18,121,53,63,1,0
18,122,53,65,1,0
18,123,53,67,1,0
18,124,53,69,1,0
18,125,53,71,1,0
18,126,53,73,1,0
18,127,53,75,1,0
18,128,53,77,1,0
18,129,53,79,1,0
18,130,53,81,1,0
18,131,53,83,1,0
18,132,53,85,1,0
18,133,53,87,1,0
18,134,53,89,1,0
18,135,53,91,1,0
18,136,53,93,1,0
18,137,53,95,1,0
18,138,53,97,1,0
18,139,53,99,1,0
18,140,53,101,1,0
18,141,53,103,1,0
18,142,53,105,1,0
18,143,53,107,1,1
18,144,53,109,1,0
18,145,53,111,1,0
18,146,53,113,1,0
18,147,53,115,1,0
18,148,53,117,1,0
18,149,53,119,1,0
18,150,53,121,1,0
18,151,53,123,1,0
18,152,53,125,1,0
18,153,53,127,1,0
18,154,53,129,1,0
18,155,53,131,1,0
18,156,53,133,1,0
18,157,53,135,1,0
18,158,53,137,1,0
18,159,53,139,1,0
18,160,53,141,0,0
18,161,53,143,1,0
18,162,53,145,0,0
18,163,53,147,0,0
18,164,53,149,0,0
18,165,53,151,0,0
18,166,53,153,0,0
18,167,53,155,0,0
18,168,53,157,1,0
18,169,53,159,0,0
18,170,53,161,0,0
18,171,53,163,0,0
18,172,53,165,0,0
18,173,53,167,0,0
18,174,53,169,0,0
18,175,53,171,0,0
18,176,53,173,0,0
18,177,53,175,0,0
18,178,53,177,0,0
18,179,53,179,0,0
19,0,51,-179,0,0
19,1,51,-177,0,0
19,2,51,-175,0,0
19,3,51,-173,0,0
19,4,51,-171,0,0
19,5,51,-169,0,0
19,6,51,-167,0,0
19,7,51,-165,0,0
19,8,51,-163,0,0
19,9,51,-161,0,0
19,10,51,-159,0,0
19,11,51,-157,0,0
19,12,51,-155,0,0
19,13,51,-153,0,0
19,14,51,-151,0,0
19,15,51,-149,0,0
19,16,51,-147,0,0
19,17,51,-145,0,0
19,18,51,-143,0,0
19,19,51,-141,0,0
19,20,51,-139,0,0
19,21,51,-137,0,0
19,22,51,-135,0,0
19,23,51,-133,0,0
19,24,51,-131,0,0
19,25,51,-129,0,0
19,26,51,-127,1,0
19,27,51,-125,1,0
19,28,51,-123,1,0
19,29,51,-121,1,0
19,30,51,-119,1,0
19,31,51,-117,1,0
19,32,51,-115,1,0
19,33,51,-113,1,0
19,34,51,-111,1,0
19,35,51,-109,1,0
19,36,51,-107,1,0
19,37,51,-105,1,0
19,38,51,-103,1,0
19,39,51,-101,1,0
19,40,51,-99,1,0
19,41,51,-97,1,0
19,42,51,-95,1,0
19,43,51,-93,1,0
19,44,51,-91,1,1
19,45,51,-89,1,0
19,46,51,-87,1,0
19,47,51,-85,1,0
19,48,51,-83,1,0
19,49,51,-81,1,0
19,50,51,-79,1,0
19,51,51,-77,1,1
19,52,51,-75,1,0
19,53,51,-73,1,0
19,54,51,-71,1,0
19,55,51,-69,1,0
19,56,51,-67,1,0
19,57,51,-65,1,0
19,58,51,-63,1,0
19,59,51,-61,1,0
19,60,51,-59,1,0
19,61,51,-57,1,0
19,62,51,-55,0,0
19,63,51,-53,0,0
19,64,51,-51,0,0
19,65,51,-49,0,0
19,66,51,-47,0,0
19,67,51,-45,0,0
19,68,51,-43,0,0
19,69,51,-41,0,0
19,70,51,-39,0,0
19,71,51,-37,0,0
19,72,51,-35,0,0
19,73,51,-33,0,0
19,74,51,-31,0,0
19,75,51,-29,0,0
19,76,51,-27,0,0
19,77,51,-25,0,0
19,78,51,-23,0,0
19,79,51,-21,0,0
19,80,51,-19,0,0
19,81,51,-17,0,0
19,82,51,-15,0,0
19,83,51,-13,0,0
19,84,51,-11,0,0
19,85,51,-9,0,0
19,86,51,-7,0,0
19,87,51,-5,0,0
19,88,51,-3,1,0
19,89,51,-1,1,0
19,90,51,1,0,0
19,91,51,3,1,0
19,92,51,5,1,0
19,93,51,7,1,0
19,94,51,9,1,0
19,95,51,11,1,0
19,96,51,13,1,0
19,97,51,15,1,0
19,98,51,17,1,0
19,99,51,19,1,0
19,100,51,21,1,0
19,101,51,23,1,0
19,102,51,25,1,0
19,103,51,27,1,0
19,104,51,29,1,0
19,105,51,31,1,0
19,106,51,33,1,0
19,107,51,35,1,0
19,108,51,37,1,0
19,109,51,39,1,0
19,110,51,41,1,0
19,111,51,43,1,0
19,112,51,45,1,0
19,113,51,47,1,0
19,114,51,49,1,0
19,115,51,51,1,0
19,116,51,53,1,0
19,117,51,55,1,0
19,118,51,57,1,0
19,119,51,59,1,0
19,120,51,61,1,0
19,121,51,63,1,0
19,122,51,65,1,0
19,123,51,67,1,0
19,124,51,69,1,0
19,125,51,71,1,0
19,126,51,73,1,0
19,127,51,75,1,0
19,128,51,77,1,0
19,129,51,79,1,0
19,130,51,81,1,0
19,131,51,83,1,0
19,132,51,85,1,0
19,133,51,87,1,0
19,134,51,89,1,0
19,135,51,91,1,0
19,136,51,93,1,0
19,137,51,95,1,0
19,138,51,97,1,0
19,139,51,99,1,0
19,140,51,101,1,0
19,141,51,103,1,0
19,142,51,105,1,0
19,143,51,107,1,0
19,144,51,109,1,0
19,145,51,111,1,0
19,146,51,113,1,0
19,147,51,115,1,0
19,148,51,117,1,0
19,149,51,119,1,0
19,150,51,121,1,0
19,151,51,123,1,0
19,152,51,125,1,0
19,153,51,127,1,0
19,154,51,129,1,0
19,155,51,131,1,0
19,156,51,133,1,0
19,157,51,135,1,0
19,158,51,137,1,0
19,159,51,139,1,0
19,160,51,141,0,0
19,161,51,143,1,0
19,162,51,145,0,0
19,163,51,147,0,0
19,164,51,149,0,0
19,165,51,151,0,0
19,166,51,153,0,0
19,167,51,155,0,0
19,168,51,157,0,0
19,169,51,159,0,0
19,170,51,161,0,0
19,171,51,163,0,0
19,172,51,165,0,0
19,173,51,167,0,0
19,174,51,169,0,0
19,175,51,171,0,0
19,176,51,173,0,0
19,177,51,175,0,0
19,178,51,177,0,0
19,179,51,179,0,0
20,0,49,-179,0,0
20,1,49,-177,0,0
20,2,49,-175,0,0
20,3,49,-173,0,0
20,4,49,-171,0,0
20,5,49,-169,0,0
20,6,49,-167,0,0
20,7,49,-165,0,0
20,8,49,-163,0,0
20,9,49,-161,0,0
20,10,49,-159,0,0
20,11,49,-157,0,0
20,12,49,-155,0,0
20,13,49,-153,0,0
20,14,49,-151,0,0
20,15,49,-149,0,0
20,16,49,-147,0,0
20,17,49,-145,0,0
20,18,49,-143,0,0
20,19,49,-141,0,0
20,20,49,-139,0,0
20,21,49,-137,0,0
20,22,49,-135,0,0
20,23,49,-133,0,0
20,24,49,-131,0,0
20,25,49,-129,0,0
20,26,49,-127,0,0
20,27,49,-125,1,0
20,28,49,-123,0,0
20,29,49,-121,1,0
20,30,49,-119,1,0
20,31,49,-117,1,0
20,32,49,-115,1,0
20,33,49,-113,1,0
20,34,49,-111,1,0
20,35,49,-109,1,0
20,36,49,-107,1,0
20,37,49,-105,1,0
20,38,49,-103,1,0
20,39,49,-101,1,0
20,40,49,-99,1,0
20,41,49,-97,1,0
20,42,49,-95,1,1
20,43,49,-93,1,0
20,44,49,-91,1,0
20,45,49,-89,1,0
20,46,49,-87,1,0
20,47,49,-85,1,0
20,48,49,-83,1,0
20,49,49,-81,1,0
20,50,49,-79,1,0
20,51,49,-77,1,0
20,52,49,-75,1,0
20,53,49,-73,1,0
20,54,49,-71,1,0
20,55,49,-69,1,0
20,56,49,-67,1,0
20,57,49,-65,1,0
20,58,49,-63,0,0
20,59,49,-61,0,0
20,60,49,-59,0,0
20,61,49,-57,1,0
20,62,49,-55,1,0
20,63,49,-53,0,0
20,64,49,-51,0,0
20,65,49,-49,0,0
20,66,49,-47,0,0
20,67,49,-45,0,0
20,68,49,-43,0,0
20,69,49,-41,0,0
20,70,49,-39,0,0
20,71,49,-37,0,0
20,72,49,-35,0,0
20,73,49,-33,0,0
20,74,49,-31,0,0
20,75,49,-29,0,0
20,76,49,-27,0,0
20,77,49,-25,0,0
20,78,49,-23,0,0
20,79,49,-21,0,0
20,80,49,-19,0,0
20,81,49,-17,0,0
20,82,49,-15,0,0
20,83,49,-13,0,0
20,84,49,-11,0,0
20,85,49,-9,0,0
20,86,49,-7,0,0
20,87,49,-5,0,0
20,88,49,-3,0,0
20,89,49,-1,1,0
20,90,49,1,1,0
20,91,49,3,1,0
20,92,49,5,1,0
20,93,49,7,1,0
20,94,49,9,1,0
20,95,49,11,1,0
20,96,49,13,1,0
20,97,49,15,1,0
20,98,49,17,1,0
20,99,49,19,1,0
20,100,49,21,1,0
20,101,49,23,1,0
20,102,49,25,1,0
20,103,49,27,1,0
20,104,49,29,1,0
20,105,49,31,1,0
20,106,49,33,1,0
20,107,49,35,1,0
20,108,49,37,1,0
20,109,49,39,1,0
20,110,49,41,1,0
20,111,49,43,1,0
20,112,49,45,1,0
20,113,49,47,1,0
20,114,49,49,1,0
20,115,49,51,1,0
20,116,49,53,1,0
20,117,49,55,1,0
20,118,49,57,1,0
20,119,49,59,1,0
20,120,49,61,1,0
20,121,49,63,1,0
20,122,49,65,1,0
20,123,49,67,1,0
20,124,49,69,1,0
20,125,49,71,1,0
20,126,49,73,1,0
20,127,49,75,1,0
20,128,49,77,1,0
20,129,49,79,1,0
20,130,49,81,1,0
20,131,49,83,1,0
20,132,49,85,1,0
20,133,49,87,1,0
20,134,49,89,1,0
20,135,49,91,1,0
20,136,49,93,1,0
20,137,49,95,1,0
20,138,49,97,1,0
20,139,49,99,1,0
20,140,49,101,1,0
20,141,49,103,1,0
20,142,49,105,1,0
20,143,49,107,1,0
20,144,49,109,1,0
20,145,49,111,1,0
20,146,49,113,1,0
20,147,49,115,1,0
20,148,49,117,1,0
20,149,49,119,1,0
20,150,49,121,1,0
20,151,49,123,1,0
20,152,49,125,1,0
20,153,49,127,1,0
20,154,49,129,1,0
20,155,49,131,1,0
20,156,49,133,1,0
20,157,49,135,1,0
20,158,49,137,1,0
20,159,49,139,1,0
20,160,49,141,0,0
20,161,49,143,0,0
20,162,49,145,0,0
20,163,49,147,0,0
20,164,49,149,0,0
20,165,49,151,0,0
20,166,49,153,0,0
20,167,49,155,0,0
20,168,49,157,0,0
20,169,49,159,0,0
20,170,49,161,0,0
20,171,49,163,0,0
20,172,49,165,0,0
20,173,49,167,0,0
20,174,49,169,0,0
20,175,49,171,0,0
20,176,49,173,0,0
20,177,49,175,0,0
20,178,49,177,0,0
20,179,49,179,0,0
21,0,47,-179,0,0
21,1,47,-177,0,0
21,2,47,-175,0,0
21,3,47,-173,0,0
21,4,47,-171,0,0
21,5,47,-169,0,0
21,6,47,-167,0,0
21,7,47,-165,0,0
21,8,47,-163,0,0
21,9,47,-161,0,0
21,10,47,-159,0,0
21,11,47,-157,0,0
21,12,47,-155,0,0
21,13,47,-153,0,0
21,14,47,-151,0,0
21,15,47,-149,0,0
21,16,47,-147,0,0
21,17,47,-145,0,0
21,18,47,-143,0,0
21,19,47,-141,0,0
21,20,47,-139,0,0
21,21,47,-137,0,0
21,22,47,-135,0,0
21,23,47,-133,0,0
21,24,47,-131,0,0
21,25,47,-129,0,0
21,26,47,-127,0,0
21,27,47,-125,0,0
21,28,47,-123,1,0
21,29,47,-121,1,0
21,30,47,-119,1,0
21,31,47,-117,1,0
21,32,47,-115,1,0
21,33,47,-113,1,0
21,34,47,-111,1,0
21,35,47,-109,1,0
21,36,47,-107,1,0
21,37,47,-105,1,0
21,38,47,-103,1,0
21,39,47,-101,1,0
21,40,47,-99,1,0
21,41,47,-97,1,0
21,42,47,-95,1,0
21,43,47,-93,1,0
21,44,47,-91,1,1
21,45,47,-89,1,0
21,46,47,-87,1,1
21,47,47,-85,1,1
21,48,47,-83,1,0
21,49,47,-81,1,0
21,50,47,-79,1,1
21,51,47,-77,1,0
21,52,47,-75,1,0
21,53,47,-73,1,0
21,54,47,-71,1,0
21,55,47,-69,1,0
21,56,47,-67,1,0
21,57,47,-65,1,0
21,58,47,-63,0,0
21,59,47,-61,0,0
21,60,47,-59,0,0
21,61,47,-57,0,0
21,62,47,-55,0,0
21,63,47,-53,1,0
21,64,47,-51,0,0
21,65,47,-49,0,0
21,66,47,-47,0,0
21,67,47,-45,0,0
21,68,47,-43,0,0
21,69,47,-41,0,0
21,70,47,-39,0,0
21,71,47,-37,0,0
21,72,47,-35,0,0
21,73,47,-33,0,0
21,74,47,-31,0,0
21,75,47,-29,0,0
21,76,47,-27,0,0
21,77,47,-25,0,0
21,78,47,-23,0,0
21,79,47,-21,0,0
21,80,47,-19,0,0
21,81,47,-17,0,0
21,82,47,-15,0,0
21,83,47,-13,0,0
21,84,47,-11,0,0
21,85,47,-9,0,0
21,86,47,-7,0,0
21,87,47,-5,0,0
21,88,47,-3,0,0
21,89,47,-1,1,0
21,90,47,1,1,0
21,91,47,3,1,0
21,92,47,5,1,0
21,93,47,7,1,0
21,94,47,9,1,0
21,95,47,11,1,0
21,96,47,13,1,0
21,97,47,15,1,0
21,98,47,17,1,0
21,99,47,19,1,0
21,100,47,21,1,0
21,101,47,23,1,0
21,102,47,25,1,0
21,103,47,27,1,0
21,104,47,29,1,0
21,105,47,31,1,0
21,106,47,33,1,0
21,107,47,35,1,0
21,108,47,37,1,0
21,109,47,39,0,0
21,110,47,41,1,0
21,111,47,43,1,0
21,112,47,45,1,0
21,113,47,47,1,0
21,114,47,49,1,0
21,115,47,51,0,0
21,116,47,53,1,0
21,117,47,55,1,0
21,118,47,57,1,0
21,119,47,59,1,0
21,120,47,61,1,0
21,121,47,63,1,0
21,122,47,65,1,0
21,123,47,67,1,0
21,124,47,69,1,0
21,125,47,71,1,0
21,126,47,73,1,0
21,127,47,75,1,0
21,128,47,77,1,0
21,129,47,79,1,0
21,130,47,81,1,0
21,131,47,83,1,0
21,132,47,85,1,0
21,133,47,87,1,0
21,134,47,89,1,0
21,135,47,91,1,0
21,136,47,93,1,0
21,137,47,95,1,0
21,138,47,97,1,0
21,139,47,99,1,0
21,140,47,101,1,0
21,141,47,103,1,0
21,142,47,105,1,0
21,143,47,107,1,0
21,144,47,109,1,0
21,145,47,111,1,0
21,146,47,113,1,0
21,147,47,115,1,0
21,148,47,117,1,0
21,149,47,119,1,0
21,150,47,121,1,0
21,151,47,123,1,0
21,152,47,125,1,0
21,153,47,127,1,0
21,154,47,129,1,0
21,155,47,131,1,0
21,156,47,133,1,0
21,157,47,135,1,0
21,158,47,137,1,0
21,159,47,139,0,0
21,160,47,141,0,0
21,161,47,143,1,0
21,162,47,145,0,0
21,163,47,147,0,0
21,164,47,149,0,0
21,165,47,151,0,0
21,166,47,153,0,0
21,167,47,155,0,0
21,168,47,157,0,0
21,169,47,159,0,0
21,170,47,161,0,0
21,171,47,163,0,0
21,172,47,165,0,0
21,173,47,167,0,0
21,174,47,169,0,0
21,175,47,171,0,0
21,176,47,173,0,0
21,177,47,175,0,0
21,178,47,177,0,0
21,179,47,179,0,0
22,0,45,-179,0,0
22,1,45,-177,0,0
22,2,45,-175,0,0
22,3,45,-173,0,0
22,4,45,-171,0,0
22,5,45,-169,0,0
22,6,45,-167,0,0
22,7,45,-165,0,0
22,8,45,-163,0,0
22,9,45,-161,0,0
22,10,45,-159,0,0
22,11,45,-157,0,0
22,12,45,-155,0,0
22,13,45,-153,0,0
22,14,45,-151,0,0
22,15,45,-149,0,0
22,16,45,-147,0,0
22,17,45,-145,0,0
22,18,45,-143,0,0
22,19,45,-141,0,0
22,20,45,-139,0,0
22,21,45,-137,0,0
22,22,45,-135,0,0
22,23,45,-133,0,0
22,24,45,-131,0,0
22,25,45,-129,0,0
22,26,45,-127,0,0
22,27,45,-125,0,0
22,28,45,-123,1,0
22,29,45,-121,1,0
22,30,45,-119,1,0
22,31,45,-117,1,0
22,32,45,-115,1,0
22,33,45,-113,1,0
22,34,45,-111,1,0
22,35,45,-109,1,0
22,36,45,-107,1,0
22,37,45,-105,1,0
22,38,45,-103,1,0
22,39,45,-101,1,0
22,40,45,-99,1,0
22,41,45,-97,1,0
22,42,45,-95,1,0
22,43,45,-93,1,0
22,44,45,-91,1,0
22,45,45,-89,1,0
22,46,45,-87,1,1
22,47,45,-85,1,0
22,48,45,-83,1,1
22,49,45,-81,1,1
22,50,45,-79,1,0
22,51,45,-77,1,0
22,52,45,-75,1,0
22,53,45,-73,1,0
22,54,45,-71,1,0
22,55,45,-69,1,0
22,56,45,-67,0,0
22,57,45,-65,1,0
22,58,45,-63,1,0
22,59,45,-61,0,0
22,60,45,-59,0,0
22,61,45,-57,0,0
22,62,45,-55,0,0
22,63,45,-53,0,0
22,64,45,-51,0,0
22,65,45,-49,0,0
22,66,45,-47,0,0
22,67,45,-45,0,0
22,68,45,-43,0,0
22,69,45,-41,0,0
22,70,45,-39,0,0
22,71,45,-37,0,0
22,72,45,-35,0,0
22,73,45,-33,0,0
22,74,45,-31,0,0
22,75,45,-29,0,0
22,76,45,-27,0,0
22,77,45,-25,0,0
22,78,45,-23,0,0
22,79,45,-21,0,0
22,80,45,-19,0,0
22,81,45,-17,0,0
22,82,45,-15,0,0
22,83,45,-13,0,0
22,84,45,-11,0,0
22,85,45,-9,0,0
22,86,45,-7,0,0
22,87,45,-5,0,0
22,88,45,-3,0,0
22,89,45,-1,1,0
22,90,45,1,1,0
22,91,45,3,1,0
22,92,45,5,1,0
22,93,45,7,1,0
22,94,45,9,1,0
22,95,45,11,1,0
22,96,45,13,0,0
22,97,45,15,1,0
22,98,45,17,1,0
22,99,45,19,1,0
22,100,45,21,1,0
22,101,45,23,1,0
22,102,45,25,1,0
22,103,45,27,1,0
22,104,45,29,0,0
22,105,45,31,0,0
22,106,45,33,0,0
22,107,45,35,1,0
22,108,45,37,0,0
22,109,45,39,1,0
22,110,45,41,1,0
22,111,45,43,1,0
22,112,45,45,1,0
22,113,45,47,1,0
22,114,45,49,0,0
22,115,45,51,0,0
22,116,45,53,1,0
22,117,45,55,1,0
22,118,45,57,1,0
22,119,45,59,1,0
22,120,45,61,1,0
22,121,45,63,1,0
22,122,45,65,1,0
22,123,45,67,1,0
22,124,45,69,1,0
22,125,45,71,1,0
22,126,45,73,1,0
22,127,45,75,1,0
22,128,45,77,1,0
22,129,45,79,1,0
22,130,45,81,1,0
22,131,45,83,1,0
22,132,45,85,1,0
22,133,45,87,1,0
22,134,45,89,1,0
22,135,45,91,1,0
22,136,45,93,1,0
22,137,45,95,1,0
22,138,45,97,1,0
22,139,45,99,1,0
22,140,45,101,1,0
22,141,45,103,1,0
22,142,45,105,1,0
22,143,45,107,1,0
22,144,45,109,1,0
22,145,45,111,1,0
22,146,45,113,1,0
22,147,45,115,1,0
22,148,45,117,1,0
22,149,45,119,1,0
22,150,45,121,1,0
22,151,45,123,1,0
22,152,45,125,1,0
22,153,45,127,1,0
22,154,45,129,1,0
22,155,45,131,1,0
22,156,45,133,1,0
22,157,45,135,1,0
22,158,45,137,0,0
22,159,45,139,0,0
22,160,45,141,0,0
22,161,45,143,0,0
22,162,45,145,0,0
22,163,45,147,0,0
22,164,45,149,0,0
22,165,45,151,0,0
22,166,45,153,0,0
22,167,45,155,0,0
22,168,45,157,0,0
22,169,45,159,0,0
22,170,45,161,0,0
22,171,45,163,0,0
22,172,45,165,0,0
22,173,45,167,0,0
22,174,45,169,0,0
22,175,45,171,0,0
22,176,45,173,0,0
22,177,45,175,0,0
22,178,45,177,0,0
22,179,45,179,0,0
23,0,43,-179,0,0
23,1,43,-177,0,0
23,2,43,-175,0,0
23,3,43,-173,0,0
23,4,43,-171,0,0
23,5,43,-169,0,0
23,6,43,-167,0,0
23,7,43,-165,0,0
23,8,43,-163,0,0
23,9,43,-161,0,0
23,10,43,-159,0,0
23,11,43,-157,0,0
23,12,43,-155,0,0
23,13,43,-153,0,0
23,14,43,-151,0,0
23,15,43,-149,0,0
23,16,43,-147,0,0
23,17,43,-145,0,0
23,18,43,-143,0,0
23,19,43,-141,0,0
23,20,43,-139,0,0
23,21,43,-137,0,0
23,22,43,-135,0,0
23,23,43,-133,0,0
23,24,43,-131,0,0
23,25,43,-129,0,0
23,26,43,-127,0,0
23,27,43,-125,0,0
23,28,43,-123,1,0
23,29,43,-121,1,0
23,30,43,-119,1,0
23,31,43,-117,1,0
23,32,43,-115,1,0
23,33,43,-113,1,0
23,34,43,-111,1,0
23,35,43,-109,1,0
23,36,43,-107,1,0
23,37,43,-105,1,0
23,38,43,-103,1,0
23,39,43,-101,1,0
23,40,43,-99,1,0
23,41,43,-97,1,0
23,42,43,-95,1,0
23,43,43,-93,1,0
23,44,43,-91,1,0
23,45,43,-89,1,0
23,46,43,-87,1,1
23,47,43,-85,1,0
23,48,43,-83,1,0
23,49,43,-81,1,0
23,50,43,-79,1,0
23,51,43,-77,1,0
23,52,43,-75,1,0
23,53,43,-73,1,0
23,54,43,-71,1,0
23,55,43,-69,0,0
23,56,43,-67,0,0
23,57,43,-65,0,0
23,58,43,-63,0,0
23,59,43,-61,0,0
23,60,43,-59,0,0
23,61,43,-57,0,0
23,62,43,-55,0,0
23,63,43,-53,0,0
23,64,43,-51,0,0
23,65,43,-49,0,0
23,66,43,-47,0,0
23,67,43,-45,0,0
23,68,43,-43,0,0
23,69,43,-41,0,0
23,70,43,-39,0,0
23,71,43,-37,0,0
23,72,43,-35,0,0
23,73,43,-33,0,0
23,74,43,-31,0,0
23,75,43,-29,0,0
23,76,43,-27,0,0
23,77,43,-25,0,0
23,78,43,-23,0,0
23,79,43,-21,0,0
23,80,43,-19,0,0
23,81,43,-17,0,0
23,82,43,-15,0,0
23,83,43,-13,0,0
23,84,43,-11,0,0
23,85,43,-9,1,0
23,86,43,-7,1,0
23,87,43,-5,1,0
23,88,43,-3,1,0
23,89,43,-1,1,0
23,90,43,1,1,0
23,91,43,3,1,0
23,92,43,5,0,0
23,93,43,7,0,0
23,94,43,9,0,0
23,95,43,11,1,0
23,96,43,13,1,0
23,97,43,15,0,0
23,98,43,17,0,0
23,99,43,19,1,0
23,100,43,21,1,0
23,101,43,23,1,0
23,102,43,25,1,0
23,103,43,27,1,0
23,104,43,29,0,0
23,105,43,31,0,0
23,106,43,33,0,0
23,107,43,35,0,0
23,108,43,37,0,0
23,109,43,39,0,0
23,110,43,41,1,0
23,111,43,43,1,0
23,112,43,45,1,0
23,113,43,47,1,0
23,114,43,49,0,0
23,115,43,51,0,0
23,116,43,53,1,0
23,117,43,55,1,0
23,118,43,57,1,0
23,119,43,59,1,0
23,120,43,61,1,0
23,121,43,63,1,0
23,122,43,65,1,0
23,123,43,67,1,0
23,124,43,69,1,0
23,125,43,71,1,0
23,126,43,73,1,0
23,127,43,75,1,0
23,128,43,77,1,0
23,129,43,79,1,0
23,130,43,81,1,0
23,131,43,83,1,0
23,132,43,85,1,0
23,133,43,87,1,0
23,134,43,89,1,0
23,135,43,91,1,0
23,136,43,93,1,0
23,137,43,95,1,0
23,138,43,97,1,0
23,139,43,99,1,0
23,140,43,101,1,0
23,141,43,103,1,0
23,142,43,105,1,0
23,143,43,107,1,0
23,144,43,109,1,0
23,145,43,111,1,0
23,146,43,113,1,0
23,147,43,115,1,0
23,148,43,117,1,0
23,149,43,119,1,0
23,150,43,121,1,0
23,151,43,123,1,0
23,152,43,125,1,0
23,153,43,127,1,0
23,154,43,129,1,0
23,155,43,131,1,0
23,156,43,133,1,0
23,157,43,135,0,0
23,158,43,137,0,0
23,159,43,139,0,0
23,160,43,141,1,0
23,161,43,143,1,0
23,162,43,145,1,0
23,163,43,147,0,0
23,164,43,149,0,0
23,165,43,151,0,0
23,166,43,153,0,0
23,167,43,155,0,0
23,168,43,157,0,0
23,169,43,159,0,0
23,170,43,161,0,0
23,171,43,163,0,0
23,172,43,165,0,0
23,173,43,167,0,0
23,174,43,169,0,0
23,175,43,171,0,0
23,176,43,173,0,0
23,177,43,175,0,0
23,178,43,177,0,0
23,179,43,179,0,0
24,0,41,-179,0,0
24,1,41,-177,0,0
24,2,41,-175,0,0
24,3,41,-173,0,0
24,4,41,-171,0,0
24,5,41,-169,0,0
24,6,41,-167,0,0
24,7,41,-165,0,0
24,8,41,-163,0,0
24,9,41,-161,0,0
24,10,41,-159,0,0
24,11,41,-157,0,0
24,12,41,-155,0,0
24,13,41,-153,0,0
24,14,41,-151,0,0
24,15,41,-149,0,0
24,16,41,-147,0,0
24,17,41,-145,0,0
24,18,41,-143,0,0
24,19,41,-141,0,0
24,20,41,-139,0,0
24,21,41,-137,0,0
24,22,41,-135,0,0
24,23,41,-133,0,0
24,24,41,-131,0,0
24,25,41,-129,0,0
24,26,41,-127,0,0
24,27,41,-125,0,0
24,28,41,-123,1,0
24,29,41,-121,1,0
24,30,41,-119,1,0
24,31,41,-117,1,0
24,32,41,-115,1,0
24,33,41,-113,1,0
24,34,41,-111,1,0
24,35,41,-109,1,0
24,36,41,-107,1,0
24,37,41,-105,1,0
24,38,41,-103,1,0
24,39,41,-101,1,0
24,40,41,-99,1,0
24,41,41,-97,1,0
24,42,41,-95,1,0
24,43,41,-93,1,0
24,44,41,-91,1,0
24,45,41,-89,1,0
24,46,41,-87,1,0
24,47,41,-85,1,0
24,48,41,-83,1,0
24,49,41,-81,1,0
24,50,41,-79,1,0
24,51,41,-77,1,0
24,52,41,-75,1,0
24,53,41,-73,0,0
24,54,41,-71,0,0
24,55,41,-69,0,0
24,56,41,-67,0,0
24,57,41,-65,0,0
24,58,41,-63,0,0
24,59,41,-61,0,0
24,60,41,-59,0,0
24,61,41,-57,0,0
24,62,41,-55,0,0
24,63,41,-53,0,0
24,64,41,-51,0,0
24,65,41,-49,0,0
24,66,41,-47,0,0
24,67,41,-45,0,0
24,68,41,-43,0,0
24,69,41,-41,0,0
24,70,41,-39,0,0
24,71,41,-37,0,0
24,72,41,-35,0,0
24,73,41,-33,0,0
24,74,41,-31,0,0
24,75,41,-29,0,0
24,76,41,-27,0,0
24,77,41,-25,0,0
24,78,41,-23,0,0
24,79,41,-21,0,0
24,80,41,-19,0,0
24,81,41,-17,0,0
24,82,41,-15,0,0
24,83,41,-13,0,0
24,84,41,-11,0,0
24,85,41,-9,0,0
24,86,41,-7,1,0
24,87,41,-5,1,0
24,88,41,-3,1,0
24,89,41,-1,1,0
24,90,41,1,0,0
24,91,41,3,0,0
24,92,41,5,0,0
24,93,41,7,0,0
24,94,41,9,1,0
24,95,41,11,0,0
24,96,41,13,0,0
24,97,41,15,1,0
24,98,41,17,1,0
24,99,41,19,0,0
24,100,41,21,1,1
24,101,41,23,1,0
24,102,41,25,1,0
24,103,41,27,1,0
24,104,41,29,0,0
24,105,41,31,1,0
24,106,41,33,1,0
24,107,41,35,1,0
24,108,41,37,1,0
24,109,41,39,1,0
24,110,41,41,1,0
24,111,41,43,1,0
24,112,41,45,1,0
24,113,41,47,1,0
24,114,41,49,1,0
24,115,41,51,0,0
24,116,41,53,0,0
24,117,41,55,1,0
24,118,41,57,1,0
24,119,41,59,1,0
24,120,41,61,1,0
24,121,41,63,1,0
24,122,41,65,1,0
24,123,41,67,1,0
24,124,41,69,1,0
24,125,41,71,1,0
24,126,41,73,1,0
24,127,41,75,1,0
24,128,41,77,1,0
24,129,41,79,1,0
24,130,41,81,1,0
24,131,41,83,1,0
24,132,41,85,1,0
24,133,41,87,1,0
24,134,41,89,1,0
24,135,41,91,1,0
24,136,41,93,1,0
24,137,41,95,1,0
24,138,41,97,1,0
24,139,41,99,1,0
24,140,41,101,1,0
24,141,41,103,1,0
24,142,41,105,1,0
24,143,41,107,1,0
24,144,41,109,1,0
24,145,41,111,1,0
24,146,41,113,1,0
24,147,41,115,1,0
24,148,41,117,1,0
24,149,41,119,1,0
24,150,41,121,1,0
24,151,41,123,1,0
24,152,41,125,1,0
24,153,41,127,1,0
24,154,41,129,1,0
24,155,41,131,0,0
24,156,41,133,0,0
24,157,41,135,0,0
24,158,41,137,0,0
24,159,41,139,0,0
24,160,41,141,0,0
24,161,41,143,0,0
24,162,41,145,0,0
24,163,41,147,0,0
24,164,41,149,0,0
24,165,41,151,0,0
24,166,41,153,0,0
24,167,41,155,0,0
24,168,41,157,0,0
24,169,41,159,0,0
24,170,41,161,0,0
24,171,41,163,0,0
24,172,41,165,0,0
24,173,41,167,0,0
24,174,41,169,0,0
24,175,41,171,0,0
24,176,41,173,0,0
24,177,41,175,0,0
24,178,41,177,0,0
24,179,41,179,0,0
25,0,39,-179,0,0
25,1,39,-177,0,0
25,2,39,-175,0,0
25,3,39,-173,0,0
25,4,39,-171,0,0
25,5,39,-169,0,0
25,6,39,-167,0,0
25,7,39,-165,0,0
25,8,39,-163,0,0
25,9,39,-161,0,0
25,10,39,-159,0,0
25,11,39,-157,0,0
25,12,39,-155,0,0
25,13,39,-153,0,0
25,14,39,-151,0,0
25,15,39,-149,0,0
25,16,39,-147,0,0
25,17,39,-145,0,0
25,18,39,-143,0,0
25,19,39,-141,0,0
25,20,39,-139,0,0
25,21,39,-137,0,0
25,22,39,-135,0,0
25,23,39,-133,0,0
25,24,39,-131,0,0
25,25,39,-129,0,0
25,26,39,-127,0,0
25,27,39,-125,0,0
25,28,39,-123,1,0
25,29,39,-121,1,0
25,30,39,-119,1,0
25,31,39,-117,1,0
25,32,39,-115,1,0
25,33,39,-113,1,0
25,34,39,-111,1,0
25,35,39,-109,1,0
25,36,39,-107,1,0
25,37,39,-105,1,0
25,38,39,-103,1,0
25,39,39,-101,1,0
25,40,39,-99,1,0
25,41,39,-97,1,0
25,42,39,-95,1,0
25,43,39,-93,1,0
25,44,39,-91,1,0
25,45,39,-89,1,0
25,46,39,-87,1,0
25,47,39,-85,1,0
25,48,39,-83,1,0
25,49,39,-81,1,0
25,50,39,-79,1,0
25,51,39,-77,1,0
25,52,39,-75,0,0
25,53,39,-73,0,0
25,54,39,-71,0,0
25,55,39,-69,0,0
25,56,39,-67,0,0
25,57,39,-65,0,0
25,58,39,-63,0,0
25,59,39,-61,0,0
25,60,39,-59,0,0
25,61,39,-57,0,0
25,62,39,-55,0,0
25,63,39,-53,0,0
25,64,39,-51,0,0
25,65,39,-49,0,0
25,66,39,-47,0,0
25,67,39,-45,0,0
25,68,39,-43,0,0
25,69,39,-41,0,0
25,70,39,-39,0,0
25,71,39,-37,0,0
25,72,39,-35,0,0
25,73,39,-33,0,0
25,74,39,-31,0,0
25,75,39,-29,0,0
25,76,39,-27,0,0
25,77,39,-25,0,0
25,78,39,-23,0,0
25,79,39,-21,0,0
25,80,39,-19,0,0
25,81,39,-17,0,0
25,82,39,-15,0,0
25,83,39,-13,0,0
25,84,39,-11,0,0
25,85,39,-9,1,0
25,86,39,-7,1,0
25,87,39,-5,1,0
25,88,39,-3,1,0
25,89,39,-1,1,0
25,90,39,1,0,0
25,91,39,3,0,0
25,92,39,5,0,0
25,93,39,7,0,0
25,94,39,9,1,0
25,95,39,11,0,0
25,96,39,13,0,0
25,97,39,15,0,0
25,98,39,17,1,0
25,99,39,19,0,0
25,100,39,21,0,0
25,101,39,23,1,0
25,102,39,25,0,0
25,103,39,27,1,0
25,104,39,29,1,0
25,105,39,31,1,0
25,106,39,33,1,0
25,107,39,35,1,0
25,108,39,37,1,0
25,109,39,39,1,0
25,110,39,41,1,0
25,111,39,43,1,0
25,112,39,45,1,0
25,113,39,47,1,0
25,114,39,49,0,0
25,115,39,51,0,0
25,116,39,53,0,0
25,117,39,55,1,0
25,118,39,57,1,0
25,119,39,59,1,0
25,120,39,61,1,0
25,121,39,63,1,0
25,122,39,65,1,0
25,123,39,67,1,0
25,124,39,69,1,0
25,125,39,71,1,0
25,126,39,73,1,0
25,127,39,75,1,0
25,128,39,77,1,0
25,129,39,79,1,0
25,130,39,81,1,0
25,131,39,83,1,0
25,132,39,85,1,0
25,133,39,87,1,0
25,134,39,89,1,0
25,135,39,91,1,0
25,136,39,93,1,0
25,137,39,95,1,0
25,138,39,97,1,0
25,139,39,99,1,0
25,140,39,101,1,0
25,141,39,103,1,0
25,142,39,105,1,0
25,143,39,107,1,0
25,144,39,109,1,0
25,145,39,111,1,0
25,146,39,113,1,0
25,147,39,115,1,0
25,148,39,117,1,0
25,149,39,119,0,0
25,150,39,121,0,0
25,151,39,123,0,0
25,152,39,125,0,0
25,153,39,127,1,0
25,154,39,129,0,0
25,155,39,131,0,0
25,156,39,133,0,0
25,157,39,135,0,0
25,158,39,137,0,0
25,159,39,139,0,0
25,160,39,141,1,0
25,161,39,143,0,0
25,162,39,145,0,0
25,163,39,147,0,0
25,164,39,149,0,0
25,165,39,151,0,0
25,166,39,153,0,0
25,167,39,155,0,0
25,168,39,157,0,0
25,169,39,159,0,0
25,170,39,161,0,0
25,171,39,163,0,0
25,172,39,165,0,0
25,173,39,167,0,0
25,174,39,169,0,0
25,175,39,171,0,0
25,176,39,173,0,0
25,177,39,175,0,0
25,178,39,177,0,0
25,179,39,179,0,0
26,0,37,-179,0,0
26,1,37,-177,0,0
26,2,37,-175,0,0
26,3,37,-173,0,0
26,4,37,-171,0,0
26,5,37,-169,0,0
26,6,37,-167,0,0
26,7,37,-165,0,0
26,8,37,-163,0,0
26,9,37,-161,0,0
26,10,37,-159,0,0
26,11,37,-157,0,0
26,12,37,-155,0,0
26,13,37,-153,0,0
26,14,37,-151,0,0
26,15,37,-149,0,0
26,16,37,-147,0,0
26,17,37,-145,0,0
26,18,37,-143,0,0
26,19,37,-141,0,0
26,20,37,-139,0,0
26,21,37,-137,0,0
26,22,37,-135,0,0
26,23,37,-133,0,0
26,24,37,-131,0,0
26,25,37,-129,0,0
26,26,37,-127,0,0
26,27,37,-125,0,0
26,28,37,-123,0,0
26,29,37,-121,1,0
26,30,37,-119,1,0
26,31,37,-117,1,0
26,32,37,-115,1,0
26,33,37,-113,1,0
26,34,37,-111,1,0
26,35,37,-109,1,0
26,36,37,-107,1,0
26,37,37,-105,1,0
26,38,37,-103,1,0
26,39,37,-101,1,0
26,40,37,-99,1,0
26,41,37,-97,1,0
26,42,37,-95,1,0
26,43,37,-93,1,0
26,44,37,-91,1,0
26,45,37,-89,1,0
26,46,37,-87,1,0
26,47,37,-85,1,0
26,48,37,-83,1,0
26,49,37,-81,1,0
26,50,37,-79,1,0
26,51,37,-77,1,0
26,52,37,-75,0,0
26,53,37,-73,0,0
26,54,37,-71,0,0
26,55,37,-69,0,0
26,56,37,-67,0,0
26,57,37,-65,0,0
26,58,37,-63,0,0
26,59,37,-61,0,0
26,60,37,-59,0,0
26,61,37,-57,0,0
26,62,37,-55,0,0
26,63,37,-53,0,0
26,64,37,-51,0,0
26,65,37,-49,0,0
26,66,37,-47,0,0
26,67,37,-45,0,0
26,68,37,-43,0,0
26,69,37,-41,0,0
26,70,37,-39,0,0
26,71,37,-37,0,0
26,72,37,-35,0,0
26,73,37,-33,0,0
26,74,37,-31,0,0
26,75,37,-29,0,0
26,76,37,-27,0,0
26,77,37,-25,0,0
26,78,37,-23,0,0
26,79,37,-21,0,0
26,80,37,-19,0,0
26,81,37,-17,0,0
26,82,37,-15,0,0
26,83,37,-13,0,0
26,84,37,-11,0,0
26,85,37,-9,0,0
26,86,37,-7,0,0
26,87,37,-5,1,0
26,88,37,-3,1,0
26,89,37,-1,0,0
26,90,37,1,0,0
26,91,37,3,0,0
26,92,37,5,0,0
26,93,37,7,0,0
26,94,37,9,1,0
26,95,37,11,1,0
26,96,37,13,0,0
26,97,37,15,1,0
26,98,37,17,0,0
26,99,37,19,0,0
26,100,37,21,0,0
26,101,37,23,1,0
26,102,37,25,0,0
26,103,37,27,1,0
26,104,37,29,1,0
26,105,37,31,1,0
26,106,37,33,1,0
26,107,37,35,1,0
26,108,37,37,1,0
26,109,37,39,1,0
26,110,37,41,1,0
26,111,37,43,1,0
26,112,37,45,1,0
26,113,37,47,1,0
26,114,37,49,1,0
26,115,37,51,0,0
26,116,37,53,0,0
26,117,37,55,1,0
26,118,37,57,1,0
26,119,37,59,1,0
26,120,37,61,1,0
26,121,37,63,1,0
26,122,37,65,1,0
26,123,37,67,1,0
26,124,37,69,1,0
26,125,37,71,1,0
26,126,37,73,1,0
26,127,37,75,1,0
26,128,37,77,1,0
26,129,37,79,1,0
26,130,37,81,1,0
26,131,37,83,1,0
26,132,37,85,1,0
26,133,37,87,1,0
26,134,37,89,1,0
26,135,37,91,1,0
26,136,37,93,1,0
26,137,37,95,1,0
26,138,37,97,1,0
26,139,37,99,1,0
26,140,37,101,1,0
26,141,37,103,1,0
26,142,37,105,1,0
26,143,37,107,1,0
26,144,37,109,1,0
26,145,37,111,1,0
26,146,37,113,1,0
26,147,37,115,1,0
26,148,37,117,1,0
26,149,37,119,1,0
26,150,37,121,1,0
26,151,37,123,0,0
26,152,37,125,0,0
26,153,37,127,1,0
26,154,37,129,1,0
26,155,37,131,0,0
26,156,37,133,0,0
26,157,37,135,0,0
26,158,37,137,1,0
26,159,37,139,1,0
26,160,37,141,0,0
26,161,37,143,0,0
26,162,37,145,0,0
26,163,37,147,0,0
26,164,37,149,0,0
26,165,37,151,0,0
26,166,37,153,0,0
26,167,37,155,0,0
26,168,37,157,0,0
26,169,37,159,0,0
26,170,37,161,0,0
26,171,37,163,0,0
26,172,37,165,0,0
26,173,37,167,0,0
26,174,37,169,0,0
26,175,37,171,0,0
26,176,37,173,0,0
26,177,37,175,0,0
26,178,37,177,0,0
26,179,37,179,0,0
27,0,35,-179,0,0
27,1,35,-177,0,0
27,2,35,-175,0,0
27,3,35,-173,0,0
27,4,35,-171,0,0
27,5,35,-169,0,0
27,6,35,-167,0,0
27,7,35,-165,0,0
27,8,35,-163,0,0
27,9,35,-161,0,0
27,10,35,-159,0,0
27,11,35,-157,0,0
27,12,35,-155,0,0
27,13,35,-153,0,0
27,14,35,-151,0,0
27,15,35,-149,0,0
27,16,35,-147,0,0
27,17,35,-145,0,0
27,18,35,-143,0,0
27,19,35,-141,0,0
27,20,35,-139,0,0
27,21,35,-137,0,0
27,22,35,-135,0,0
27,23,35,-133,0,0
27,24,35,-131,0,0
27,25,35,-129,0,0
27,26,35,-127,0,0
27,27,35,-125,0,0
27,28,35,-123,0,0
27,29,35,-121,0,0
27,30,35,-119,1,0
27,31,35,-117,1,0
27,32,35,-115,1,0
27,33,35,-113,1,0
27,34,35,-111,1,0
27,35,35,-109,1,0
27,36,35,-107,1,0
27,37,35,-105,1,0
27,38,35,-103,1,0
27,39,35,-101,1,0
27,40,35,-99,1,0
27,41,35,-97,1,0
27,42,35,-95,1,0
27,43,35,-93,1,0
27,44,35,-91,1,0
27,45,35,-89,1,0
27,46,35,-87,1,0
27,47,35,-85,1,0
27,48,35,-83,1,0
27,49,35,-81,1,0
27,50,35,-79,1,0
27,51,35,-77,1,0
27,52,35,-75,0,0
27,53,35,-73,0,0
27,54,35,-71,0,0
27,55,35,-69,0,0
27,56,35,-67,0,0
27,57,35,-65,0,0
27,58,35,-63,0,0
27,59,35,-61,0,0
27,60,35,-59,0,0
27,61,35,-57,0,0
27,62,35,-55,0,0
27,63,35,-53,0,0
27,64,35,-51,0,0
27,65,35,-49,0,0
27,66,35,-47,0,0
27,67,35,-45,0,0
27,68,35,-43,0,0
27,69,35,-41,0,0
27,70,35,-39,0,0
27,71,35,-37,0,0
27,72,35,-35,0,0
27,73,35,-33,0,0
27,74,35,-31,0,0
27,75,35,-29,0,0
27,76,35,-27,0,0
27,77,35,-25,0,0
27,78,35,-23,0,0
27,79,35,-21,0,0
27,80,35,-19,0,0
27,81,35,-17,0,0
27,82,35,-15,0,0
27,83,35,-13,0,0
27,84,35,-11,0,0
27,85,35,-9,0,0
27,86,35,-7,0,0
27,87,35,-5,1,0
27,88,35,-3,1,0
27,89,35,-1,1,0
27,90,35,1,1,0
27,91,35,3,1,0
27,92,35,5,1,0
27,93,35,7,1,0
27,94,35,9,1,0
27,95,35,11,0,0
27,96,35,13,0,0
27,97,35,15,0,0
27,98,35,17,0,0
27,99,35,19,0,0
27,100,35,21,0,0
27,101,35,23,0,0
27,102,35,25,1,0
27,103,35,27,0,0
27,104,35,29,0,0
27,105,35,31,0,0
27,106,35,33,1,0
27,107,35,35,0,0
27,108,35,37,1,0
27,109,35,39,1,0
27,110,35,41,1,0
27,111,35,43,1,0
27,112,35,45,1,0
27,113,35,47,1,0
27,114,35,49,1,0
27,115,35,51,1,0
27,116,35,53,1,0
27,117,35,55,1,0
27,118,35,57,1,0
27,119,35,59,1,0
27,120,35,61,1,0
27,121,35,63,1,0
27,122,35,65,1,0
27,123,35,67,1,0
27,124,35,69,1,0
27,125,35,71,1,0
27,126,35,73,1,0
27,127,35,75,1,0
27,128,35,77,1,0
27,129,35,79,1,0
27,130,35,81,1,1
27,131,35,83,1,0
27,132,35,85,1,0
27,133,35,87,1,0
27,134,35,89,1,0
27,135,35,91,1,0
27,136,35,93,1,0
27,137,35,95,1,0
27,138,35,97,1,0
27,139,35,99,1,0
27,140,35,101,1,0
27,141,35,103,1,0
27,142,35,105,1,0
27,143,35,107,1,0
27,144,35,109,1,0
27,145,35,111,1,0
27,146,35,113,1,0
27,147,35,115,1,0
27,148,35,117,1,0
27,149,35,119,1,0
27,150,35,121,0,0
27,151,35,123,0,0
27,152,35,125,0,0
27,153,35,127,1,0
27,154,35,129,0,0
27,155,35,131,0,0
27,156,35,133,1,0
27,157,35,135,1,0
27,158,35,137,1,0
27,159,35,139,1,0
27,160,35,141,0,0
27,161,35,143,0,0
27,162,35,145,0,0
27,163,35,147,0,0
27,164,35,149,0,0
27,165,35,151,0,0
27,166,35,153,0,0
27,167,35,155,0,0
27,168,35,157,0,0
27,169,35,159,0,0
27,170,35,161,0,0
27,171,35,163,0,0
27,172,35,165,0,0
27,173,35,167,0,0
27,174,35,169,0,0
27,175,35,171,0,0
27,176,35,173,0,0
27,177,35,175,0,0
27,178,35,177,0,0
27,179,35,179,0,0
28,0,33,-179,0,0
28,1,33,-177,0,0
28,2,33,-175,0,0
28,3,33,-173,0,0
28,4,33,-171,0,0
28,5,33,-169,0,0
28,6,33,-167,0,0
28,7,33,-165,0,0
28,8,33,-163,0,0
28,9,33,-161,0,0
28,10,33,-159,0,0
28,11,33,-157,0,0
28,12,33,-155,0,0
28,13,33,-153,0,0
28,14,33,-151,0,0
28,15,33,-149,0,0
28,16,33,-147,0,0
28,17,33,-145,0,0
28,18,33,-143,0,0
28,19,33,-141,0,0
28,20,33,-139,0,0
28,21,33,-137,0,0
28,22,33,-135,0,0
28,23,33,-133,0,0
28,24,33,-131,0,0
28,25,33,-129,0,0
28,26,33,-127,0,0
28,27,33,-125,0,0
28,28,33,-123,0,0
28,29,33,-121,0,0
28,30,33,-119,0,0
28,31,33,-117,1,0
28,32,33,-115,1,0
28,33,33,-113,1,0
28,34,33,-111,1,0
28,35,33,-109,1,0
28,36,33,-107,1,0
28,37,33,-105,1,0
28,38,33,-103,1,0
28,39,33,-101,1,0
28,40,33,-99,1,0
28,41,33,-97,1,0
28,42,33,-95,1,0
28,43,33,-93,1,0
28,44,33,-91,1,0
28,45,33,-89,1,0
28,46,33,-87,1,0
28,47,33,-85,1,0
28,48,33,-83,1,0
28,49,33,-81,1,0
28,50,33,-79,0,0
28,51,33,-77,0,0
28,52,33,-75,0,0
28,53,33,-73,0,0
28,54,33,-71,0,0
28,55,33,-69,0,0
28,56,33,-67,0,0
28,57,33,-65,0,0
28,58,33,-63,0,0
28,59,33,-61,0,0
28,60,33,-59,0,0
28,61,33,-57,0,0
28,62,33,-55,0,0
28,63,33,-53,0,0
28,64,33,-51,0,0
28,65,33,-49,0,0
28,66,33,-47,0,0
28,67,33,-45,0,0
28,68,33,-43,0,0
28,69,33,-41,0,0
28,70,33,-39,0,0
28,71,33,-37,0,0
28,72,33,-35,0,0
28,73,33,-33,0,0
28,74,33,-31,0,0
28,75,33,-29,0,0
28,76,33,-27,0,0
28,77,33,-25,0,0
28,78,33,-23,0,0
28,79,33,-21,0,0
28,80,33,-19,0,0
28,81,33,-17,0,0
28,82,33,-15,0,0
28,83,33,-13,0,0
28,84,33,-11,0,0
28,85,33,-9,0,0
28,86,33,-7,1,0
28,87,33,-5,1,0
28,88,33,-3,1,0
28,89,33,-1,1,0
28,90,33,1,1,0
28,91,33,3,1,0
28,92,33,5,1,0
28,93,33,7,1,0
28,94,33,9,1,0
28,95,33,11,1,0
28,96,33,13,0,0
28,97,33,15,0,0
28,98,33,17,0,0
28,99,33,19,0,0
28,100,33,21,0,0
28,101,33,23,0,0
28,102,33,25,0,0
28,103,33,27,0,0
28,104,33,29,0,0
28,105,33,31,0,0
28,106,33,33,0,0
28,107,33,35,0,0
28,108,33,37,1,0
28,109,33,39,1,0
28,110,33,41,1,0
28,111,33,43,1,0
28,112,33,45,1,0
28,113,33,47,1,0
28,114,33,49,1,0
28,115,33,51,1,0
28,116,33,53,1,0
28,117,33,55,1,0
28,118,33,57,1,0
28,119,33,59,1,0
28,120,33,61,1,0
28,121,33,63,1,0
28,122,33,65,1,0
28,123,33,67,1,0
28,124,33,69,1,0
28,125,33,71,1,0
28,126,33,73,1,0
28,127,33,75,1,0
28,128,33,77,1,0
28,129,33,79,1,0
28,130,33,81,1,0
28,131,33,83,1,0
28,132,33,85,1,0
28,133,33,87,1,0
28,134,33,89,1,0
28,135,33,91,1,0
28,136,33,93,1,0
28,137,33,95,1,0
28,138,33,97,1,0
28,139,33,99,1,0
28,140,33,101,1,0
28,141,33,103,1,0
28,142,33,105,1,0
28,143,33,107,1,0
28,144,33,109,1,0
28,145,33,111,1,0
28,146,33,113,1,0
28,147,33,115,1,0
28,148,33,117,1,0
28,149,33,119,1,0
28,150,33,121,0,0
28,151,33,123,0,0
28,152,33,125,0,0
28,153,33,127,0,0
28,154,33,129,0,0
28,155,33,131,1,0
28,156,33,133,1,0
28,157,33,135,0,0
28,158,33,137,0,0
28,159,33,139,0,0
28,160,33,141,0,0
28,161,33,143,0,0
28,162,33,145,0,0
28,163,33,147,0,0
28,164,33,149,0,0
28,165,33,151,0,0
28,166,33,153,0,0
28,167,33,155,0,0
28,168,33,157,0,0
28,169,33,159,0,0
28,170,33,161,0,0
28,171,33,163,0,0
28,172,33,165,0,0
28,173,33,167,0,0
28,174,33,169,0,0
28,175,33,171,0,0
28,176,33,173,0,0
28,177,33,175,0,0
28,178,33,177,0,0
28,179,33,179,0,0
29,0,31,-179,0,0
29,1,31,-177,0,0
29,2,31,-175,0,0
29,3,31,-173,0,0
29,4,31,-171,0,0
29,5,31,-169,0,0
29,6,31,-167,0,0
29,7,31,-165,0,0
29,8,31,-163,0,0
29,9,31,-161,0,0
29,10,31,-159,0,0
29,11,31,-157,0,0
29,12,31,-155,0,0
29,13,31,-153,0,0
29,14,31,-151,0,0
29,15,31,-149,0,0
29,16,31,-147,0,0
29,17,31,-145,0,0
29,18,31,-143,0,0
29,19,31,-141,0,0
29,20,31,-139,0,0
29,21,31,-137,0,0
29,22,31,-135,0,0
29,23,31,-133,0,0
29,24,31,-131,0,0
29,25,31,-129,0,0
29,26,31,-127,0,0
29,27,31,-125,0,0
29,28,31,-123,0,0
29,29,31,-121,0,0
29,30,31,-119,0,0
29,31,31,-117,0,0
29,32,31,-115,1,0
29,33,31,-113,1,0
29,34,31,-111,1,0
29,35,31,-109,1,0
29,36,31,-107,1,0
29,37,31,-105,1,0
29,38,31,-103,1,0
29,39,31,-101,1,0
29,40,31,-99,1,0
29,41,31,-97,1,0
29,42,31,-95,1,0
29,43,31,-93,1,0
29,44,31,-91,1,0
29,45,31,-89,1,0
29,46,31,-87,1,0
29,47,31,-85,1,0
29,48,31,-83,1,0
29,49,31,-81,0,0
29,50,31,-79,0,0
29,51,31,-77,0,0
29,52,31,-75,0,0
29,53,31,-73,0,0
29,54,31,-71,0,0
29,55,31,-69,0,0
29,56,31,-67,0,0
29,57,31,-65,0,0
29,58,31,-63,0,0
29,59,31,-61,0,0
29,60,31,-59,0,0
29,61,31,-57,0,0
29,62,31,-55,0,0
29,63,31,-53,0,0
29,64,31,-51,0,0
29,65,31,-49,0,0
29,66,31,-47,0,0
29,67,31,-45,0,0
29,68,31,-43,0,0
29,69,31,-41,0,0
29,70,31,-39,0,0
29,71,31,-37,0,0
29,72,31,-35,0,0
29,73,31,-33,0,0
29,74,31,-31,0,0
29,75,31,-29,0,0
29,76,31,-27,0,0
29,77,31,-25,0,0
29,78,31,-23,0,0
29,79,31,-21,0,0
29,80,31,-19,0,0
29,81,31,-17,0,0
29,82,31,-15,0,0
29,83,31,-13,0,0
29,84,31,-11,0,0
29,85,31,-9,1,0
29,86,31,-7,1,0
29,87,31,-5,1,0
29,88,31,-3,1,0
29,89,31,-1,1,0
29,90,31,1,1,0
29,91,31,3,1,0
29,92,31,5,1,0
29,93,31,7,1,0
29,94,31,9,1,0
29,95,31,11,1,0
29,96,31,13,1,0
29,97,31,15,1,0
29,98,31,17,1,0
29,99,31,19,0,0
29,100,31,21,1,0
29,101,31,23,1,0
29,102,31,25,1,0
29,103,31,27,1,0
29,104,31,29,0,0
29,105,31,31,1,0
29,106,31,33,1,0
29,107,31,35,1,0
29,108,31,37,1,0
29,109,31,39,1,0
29,110,31,41,1,0
29,111,31,43,1,0
29,112,31,45,1,0
29,113,31,47,1,0
29,114,31,49,1,0
29,115,31,51,1,0
29,116,31,53,1,0
29,117,31,55,1,0
29,118,31,57,1,0
29,119,31,59,1,0
29,120,31,61,1,0
29,121,31,63,1,0
29,122,31,65,1,0
29,123,31,67,1,0
29,124,31,69,1,0
29,125,31,71,1,0
29,126,31,73,1,0
29,127,31,75,1,0
29,128,31,77,1,0
29,129,31,79,1,0
29,130,31,81,1,0
29,131,31,83,1,0
29,132,31,85,1,0
29,133,31,87,1,1
29,134,31,89,1,0
29,135,31,91,1,0
29,136,31,93,1,0
29,137,31,95,1,0
29,138,31,97,1,0
29,139,31,99,1,0
29,140,31,101,1,0
29,141,31,103,1,0
29,142,31,105,1,0
29,143,31,107,1,0
29,144,31,109,1,0
29,145,31,111,1,0
29,146,31,113,1,0
29,147,31,115,1,0
29,148,31,117,1,0
29,149,31,119,1,0
29,150,31,121,1,0
29,151,31,123,0,0
29,152,31,125,0,0
29,153,31,127,0,0
29,154,31,129,0,0
29,155,31,131,0,0
29,156,31,133,0,0
29,157,31,135,0,0
29,158,31,137,0,0
29,159,31,139,0,0
29,160,31,141,0,0
29,161,31,143,0,0
29,162,31,145,0,0
29,163,31,147,0,0
29,164,31,149,0,0
29,165,31,151,0,0
29,166,31,153,0,0
29,167,31,155,0,0
29,168,31,157,0,0
29,169,31,159,0,0
29,170,31,161,0,0
29,171,31,163,0,0
29,172,31,165,0,0
29,173,31,167,0,0
29,174,31,169,0,0
29,175,31,171,0,0
29,176,31,173,0,0
29,177,31,175,0,0
29,178,31,177,0,0
29,179,31,179,0,0
30,0,29,-179,0,0
30,1,29,-177,0,0
30,2,29,-175,0,0
30,3,29,-173,0,0
30,4,29,-171,0,0
30,5,29,-169,0,0
30,6,29,-167,0,0
30,7,29,-165,0,0
30,8,29,-163,0,0
30,9,29,-161,0,0
30,10,29,-159,0,0
30,11,29,-157,0,0
30,12,29,-155,0,0
30,13,29,-153,0,0
30,14,29,-151,0,0
30,15,29,-149,0,0
30,16,29,-147,0,0
30,17,29,-145,0,0
30,18,29,-143,0,0
30,19,29,-141,0,0
30,20,29,-139,0,0
30,21,29,-137,0,0
30,22,29,-135,0,0
30,23,29,-133,0,0
30,24,29,-131,0,0
30,25,29,-129,0,0
30,26,29,-127,0,0
30,27,29,-125,0,0
30,28,29,-123,0,0
30,29,29,-121,0,0
30,30,29,-119,0,0
30,31,29,-117,0,0
30,32,29,-115,0,0
30,33,29,-113,0,0
30,34,29,-111,1,0
30,35,29,-109,1,0
30,36,29,-107,1,0
30,37,29,-105,1,0
30,38,29,-103,1,0
30,39,29,-101,1,0
30,40,29,-99,1,0
30,41,29,-97,1,0
30,42,29,-95,0,0
30,43,29,-93,0,0
30,44,29,-91,0,0
30,45,29,-89,0,0
30,46,29,-87,0,0
30,47,29,-85,0,0
30,48,29,-83,0,0
30,49,29,-81,1,0
30,50,29,-79,0,0
30,51,29,-77,0,0
30,52,29,-75,0,0
30,53,29,-73,0,0
30,54,29,-71,0,0
30,55,29,-69,0,0
30,56,29,-67,0,0
30,57,29,-65,0,0
30,58,29,-63,0,0
30,59,29,-61,0,0
30,60,29,-59,0,0
30,61,29,-57,0,0
30,62,29,-55,0,0
30,63,29,-53,0,0
30,64,29,-51,0,0
30,65,29,-49,0,0
30,66,29,-47,0,0
30,67,29,-45,0,0
30,68,29,-43,0,0
30,69,29,-41,0,0
30,70,29,-39,0,0
30,71,29,-37,0,0
30,72,29,-35,0,0
30,73,29,-33,0,0
30,74,29,-31,0,0
30,75,29,-29,0,0
30,76,29,-27,0,0
30,77,29,-25,0,0
30,78,29,-23,0,0
30,79,29,-21,0,0
30,80,29,-19,0,0
30,81,29,-17,0,0
30,82,29,-15,0,0
30,83,29,-13,0,0
30,84,29,-11,0,0
30,85,29,-9,1,0
30,86,29,-7,1,0
30,87,29,-5,1,0
30,88,29,-3,1,0
30,89,29,-1,1,0
30,90,29,1,1,0
30,91,29,3,1,0
30,92,29,5,1,0
30,93,29,7,1,0
30,94,29,9,1,0
30,95,29,11,1,0
30,96,29,13,1,0
30,97,29,15,1,0
30,98,29,17,1,0
30,99,29,19,1,0
30,100,29,21,1,0
30,101,29,23,1,0
30,102,29,25,1,0
30,103,29,27,1,0
30,104,29,29,1,0
30,105,29,31,1,0
30,106,29,33,0,0
30,107,29,35,1,0
30,108,29,37,1,0
30,109,29,39,1,0
30,110,29,41,1,0
30,111,29,43,1,0
30,112,29,45,1,0
30,113,29,47,1,0
30,114,29,49,0,0
30,115,29,51,1,0
30,116,29,53,1,0
30,117,29,55,1,0
30,118,29,57,1,0
30,119,29,59,1,0
30,120,29,61,1,0
30,121,29,63,1,0
30,122,29,65,1,0
30,123,29,67,1,0
30,124,29,69,1,0
30,125,29,71,1,0
30,126,29,73,1,0
30,127,29,75,1,0
30,128,29,77,1,0
30,129,29,79,1,0
30,130,29,81,1,0
30,131,29,83,1,0
30,132,29,85,1,0
30,133,29,87,1,0
30,134,29,89,1,0
30,135,29,91,1,0
30,136,29,93,1,0
30,137,29,95,1,0
30,138,29,97,1,0
30,139,29,99,1,0
30,140,29,101,1,0
30,141,29,103,1,0
30,142,29,105,1,0
30,143,29,107,1,0
30,144,29,109,1,0
30,145,29,111,1,0
30,146,29,113,1,0
30,147,29,115,1,0
30,148,29,117,1,0
30,149,29,119,1,0
30,150,29,121,1,0
30,151,29,123,0,0
30,152,29,125,0,0
30,153,29,127,0,0
30,154,29,129,0,0
30,155,29,131,0,0
30,156,29,133,0,0
30,157,29,135,0,0
30,158,29,137,0,0
30,159,29,139,0,0
30,160,29,141,0,0
30,161,29,143,0,0
30,162,29,145,0,0
30,163,29,147,0,0
30,164,29,149,0,0
30,165,29,151,0,0
30,166,29,153,0,0
30,167,29,155,0,0
30,168,29,157,0,0
30,169,29,159,0,0
30,170,29,161,0,0
30,171,29,163,0,0
30,172,29,165,0,0
30,173,29,167,0,0
30,174,29,169,0,0
30,175,29,171,0,0
30,176,29,173,0,0
30,177,29,175,0,0
30,178,29,177,0,0
30,179,29,179,0,0
31,0,27,-179,0,0
31,1,27,-177,0,0
31,2,27,-175,0,0
31,3,27,-173,0,0
31,4,27,-171,0,0
31,5,27,-169,0,0
31,6,27,-167,0,0
31,7,27,-165,0,0
31,8,27,-163,0,0
31,9,27,-161,0,0
31,10,27,-159,0,0
31,11,27,-157,0,0
31,12,27,-155,0,0
31,13,27,-153,0,0
31,14,27,-151,0,0
31,15,27,-149,0,0
31,16,27,-147,0,0
31,17,27,-145,0,0
31,18,27,-143,0,0
31,19,27,-141,0,0
31,20,27,-139,0,0
31,21,27,-137,0,0
31,22,27,-135,0,0
31,23,27,-133,0,0
31,24,27,-131,0,0
31,25,27,-129,0,0
31,26,27,-127,0,0
31,27,27,-125,0,0
31,28,27,-123,0,0
31,29,27,-121,0,0
31,30,27,-119,0,0
31,31,27,-117,0,0
31,32,27,-115,0,0
31,33,27,-113,1,0
31,34,27,-111,0,0
31,35,27,-109,1,0
31,36,27,-107,1,0
31,37,27,-105,1,0
31,38,27,-103,1,0
31,39,27,-101,1,0
31,40,27,-99,1,0
31,41,27,-97,0,0
31,42,27,-95,0,0
31,43,27,-93,0,0
31,44,27,-91,0,0
31,45,27,-89,0,0
31,46,27,-87,0,0
31,47,27,-85,0,0
31,48,27,-83,0,0
31,49,27,-81,1,1
31,50,27,-79,0,0
31,51,27,-77,0,0
31,52,27,-75,0,0
31,53,27,-73,0,0
31,54,27,-71,0,0
31,55,27,-69,0,0
31,56,27,-67,0,0
31,57,27,-65,0,0
31,58,27,-63,0,0
31,59,27,-61,0,0
31,60,27,-59,0,0
31,61,27,-57,0,0
31,62,27,-55,0,0
31,63,27,-53,0,0
31,64,27,-51,0,0
31,65,27,-49,0,0
31,66,27,-47,0,0
31,67,27,-45,0,0
31,68,27,-43,0,0
31,69,27,-41,0,0
31,70,27,-39,0,0
31,71,27,-37,0,0
31,72,27,-35,0,0
31,73,27,-33,0,0
31,74,27,-31,0,0
31,75,27,-29,0,0
31,76,27,-27,0,0
31,77,27,-25,0,0
31,78,27,-23,0,0
31,79,27,-21,0,0
31,80,27,-19,0,0
31,81,27,-17,0,0
31,82,27,-15,0,0
31,83,27,-13,1,0
31,84,27,-11,1,0
31,85,27,-9,1,0
31,86,27,-7,1,0
31,87,27,-5,1,0
31,88,27,-3,1,0
31,89,27,-1,1,0
31,90,27,1,1,0
31,91,27,3,1,0
31,92,27,5,1,0
31,93,27,7,1,0
31,94,27,9,1,0
31,95,27,11,1,0
31,96,27,13,1,0
31,97,27,15,1,0
31,98,27,17,1,0
31,99,27,19,1,0
31,100,27,21,1,0
31,101,27,23,1,0
31,102,27,25,1,0
31,103,27,27,1,0
31,104,27,29,1,0
31,105,27,31,1,0
31,106,27,33,1,0
31,107,27,35,0,0
31,108,27,37,1,0
31,109,27,39,1,0
31,110,27,41,1,0
31,111,27,43,1,0
31,112,27,45,1,0
31,113,27,47,1,0
31,114,27,49,1,0
31,115,27,51,0,0
31,116,27,53,0,0
31,117,27,55,1,0
31,118,27,57,1,0
31,119,27,59,1,0
31,120,27,61,1,0
31,121,27,63,1,0
31,122,27,65,1,0
31,123,27,67,1,0
31,124,27,69,1,0
31,125,27,71,1,0
31,126,27,73,1,0
31,127,27,75,1,0
31,128,27,77,1,0
31,129,27,79,1,0
31,130,27,81,1,0
31,131,27,83,1,0
31,132,27,85,1,0
31,133,27,87,1,0
31,134,27,89,1,0
31,135,27,91,1,0
31,136,27,93,1,0
31,137,27,95,1,0
31,138,27,97,1,0
31,139,27,99,1,0
31,140,27,101,1,0
31,141,27,103,1,0
31,142,27,105,1,0
31,143,27,107,1,0
31,144,27,109,1,0
31,145,27,111,1,0
31,146,27,113,1,0
31,147,27,115,1,0
31,148,27,117,1,0
31,149,27,119,1,0
31,150,27,121,0,0
31,151,27,123,0,0
31,152,27,125,0,0
31,153,27,127,0,0
31,154,27,129,0,0
31,155,27,131,0,0
31,156,27,133,0,0
31,157,27,135,0,0
31,158,27,137,0,0
31,159,27,139,0,0
31,160,27,141,0,0
31,161,27,143,0,0
31,162,27,145,0,0
31,163,27,147,0,0
31,164,27,149,0,0
31,165,27,151,0,0
31,166,27,153,0,0
31,167,27,155,0,0
31,168,27,157,0,0
31,169,27,159,0,0
31,170,27,161,0,0
31,171,27,163,0,0
31,172,27,165,0,0
31,173,27,167,0,0
31,174,27,169,0,0
31,175,27,171,0,0
31,176,27,173,0,0
31,177,27,175,0,0
31,178,27,177,0,0
31,179,27,179,0,0
32,0,25,-179,0,0
32,1,25,-177,0,0
32,2,25,-175,0,0
32,3,25,-173,0,0
32,4,25,-171,0,0
32,5,25,-169,0,0
32,6,25,-167,0,0
32,7,25,-165,0,0
32,8,25,-163,0,0
32,9,25,-161,0,0
32,10,25,-159,0,0
32,11,25,-157,0,0
32,12,25,-155,0,0
32,13,25,-153,0,0
32,14,25,-151,0,0
32,15,25,-149,0,0
32,16,25,-147,0,0
32,17,25,-145,0,0
32,18,25,-143,0,0
32,19,25,-141,0,0
32,20,25,-139,0,0
32,21,25,-137,0,0
32,22,25,-135,0,0
32,23,25,-133,0,0
32,24,25,-131,0,0
32,25,25,-129,0,0
32,26,25,-127,0,0
32,27,25,-125,0,0
32,28,25,-123,0,0
32,29,25,-121,0,0
32,30,25,-119,0,0
32,31,25,-117,0,0
32,32,25,-115,0,0
32,33,25,-113,0,0
32,34,25,-111,1,0
32,35,25,-109,0,0
32,36,25,-107,1,0
32,37,25,-105,1,0
32,38,25,-103,1,0
32,39,25,-101,1,0
32,40,25,-99,1,0
32,41,25,-97,0,0
32,42,25,-95,0,0
32,43,25,-93,0,0
32,44,25,-91,0,0
32,45,25,-89,0,0
32,46,25,-87,0,0
32,47,25,-85,0,0
32,48,25,-83,0,0
32,49,25,-81,0,0
32,50,25,-79,0,0
32,51,25,-77,0,0
32,52,25,-75,0,0
32,53,25,-73,0,0
32,54,25,-71,0,0
32,55,25,-69,0,0
32,56,25,-67,0,0
32,57,25,-65,0,0
32,58,25,-63,0,0
32,59,25,-61,0,0
32,60,25,-59,0,0
32,61,25,-57,0,0
32,62,25,-55,0,0
32,63,25,-53,0,0
32,64,25,-51,0,0
32,65,25,-49,0,0
32,66,25,-47,0,0
32,67,25,-45,0,0
32,68,25,-43,0,0
32,69,25,-41,0,0
32,70,25,-39,0,0
32,71,25,-37,0,0
32,72,25,-35,0,0
32,73,25,-33,0,0
32,74,25,-31,0,0
32,75,25,-29,0,0
32,76,25,-27,0,0
32,77,25,-25,0,0
32,78,25,-23,0,0
32,79,25,-21,0,0
32,80,25,-19,0,0
32,81,25,-17,0,0
32,82,25,-15,0,0
32,83,25,-13,1,0
32,84,25,-11,1,0
32,85,25,-9,1,0
32,86,25,-7,1,0
32,87,25,-5,1,0
32,88,25,-3,1,0
32,89,25,-1,1,0
32,90,25,1,1,0
32,91,25,3,1,0
32,92,25,5,1,0
32,93,25,7,1,0
32,94,25,9,1,0
32,95,25,11,1,0
32,96,25,13,1,0
32,97,25,15,1,0
32,98,25,17,1,0
32,99,25,19,1,0
32,100,25,21,1,0
32,101,25,23,1,0
32,102,25,25,1,0
32,103,25,27,1,0
32,104,25,29,1,0
32,105,25,31,1,0
32,106,25,33,1,0
32,107,25,35,0,0
32,108,25,37,0,0
32,109,25,39,1,0
32,110,25,41,1,0
32,111,25,43,1,0
32,112,25,45,1,0
32,113,25,47,1,0
32,114,25,49,1,0
32,115,25,51,1,0
32,116,25,53,0,0
32,117,25,55,0,0
32,118,25,57,0,0
32,119,25,59,0,0
32,120,25,61,0,0
32,121,25,63,0,0
32,122,25,65,0,0
32,123,25,67,1,0
32,124,25,69,1,0
32,125,25,71,1,0
32,126,25,73,1,0
32,127,25,75,1,0
32,128,25,77,1,0
32,129,25,79,1,0
32,130,25,81,1,0
32,131,25,83,1,0
32,132,25,85,1,0
32,133,25,87,1,0
32,134,25,89,1,0
32,135,25,91,1,0
32,136,25,93,1,0
32,137,25,95,1,0
32,138,25,97,1,0
32,139,25,99,1,0
32,140,25,101,1,0
32,141,25,103,1,0
32,142,25,105,1,0
32,143,25,107,1,0
32,144,25,109,1,0
32,145,25,111,1,0
32,146,25,113,1,0
32,147,25,115,1,0
32,148,25,117,1,0
32,149,25,119,0,0
32,150,25,121,0,0
32,151,25,123,0,0
32,152,25,125,0,0
32,153,25,127,0,0
32,154,25,129,0,0
32,155,25,131,0,0
32,156,25,133,0,0
32,157,25,135,0,0
32,158,25,137,0,0
32,159,25,139,0,0
32,160,25,141,0,0
32,161,25,143,0,0
32,162,25,145,0,0
32,163,25,147,0,0
32,164,25,149,0,0
32,165,25,151,0,0
32,166,25,153,0,0
32,167,25,155,0,0
32,168,25,157,0,0
32,169,25,159,0,0
32,170,25,161,0,0
32,171,25,163,0,0
32,172,25,165,0,0
32,173,25,167,0,0
32,174,25,169,0,0
32,175,25,171,0,0
32,176,25,173,0,0
32,177,25,175,0,0
32,178,25,177,0,0
32,179,25,179,0,0
33,0,23,-179,0,0
33,1,23,-177,0,0
33,2,23,-175,0,0
33,3,23,-173,0,0
33,4,23,-171,0,0
33,5,23,-169,0,0
33,6,23,-167,0,0
33,7,23,-165,0,0
33,8,23,-163,0,0
33,9,23,-161,0,0
33,10,23,-159,0,0
33,11,23,-157,0,0
33,12,23,-155,0,0
33,13,23,-153,0,0
33,14,23,-151,0,0
33,15,23,-149,0,0
33,16,23,-147,0,0
33,17,23,-145,0,0
33,18,23,-143,0,0
33,19,23,-141,0,0
33,20,23,-139,0,0
33,21,23,-137,0,0
33,22,23,-135,0,0
33,23,23,-133,0,0
33,24,23,-131,0,0
33,25,23,-129,0,0
33,26,23,-127,0,0
33,27,23,-125,0,0
33,28,23,-123,0,0
33,29,23,-121,0,0
33,30,23,-119,0,0
33,31,23,-117,0,0
33,32,23,-115,0,0
33,33,23,-113,0,0
33,34,23,-111,0,0
33,35,23,-109,0,0
33,36,23,-107,0,0
33,37,23,-105,1,0
33,38,23,-103,1,0
33,39,23,-101,1,0
33,40,23,-99,1,0
33,41,23,-97,0,0
33,42,23,-95,0,0
33,43,23,-93,0,0
33,44,23,-91,0,0
33,45,23,-89,0,0
33,46,23,-87,0,0
33,47,23,-85,0,0
33,48,23,-83,1,0
33,49,23,-81,1,0
33,50,23,-79,0,0
33,51,23,-77,0,0
33,52,23,-75,0,0
33,53,23,-73,0,0
33,54,23,-71,0,0
33,55,23,-69,0,0
33,56,23,-67,0,0
33,57,23,-65,0,0
33,58,23,-63,0,0
33,59,23,-61,0,0
33,60,23,-59,0,0
33,61,23,-57,0,0
33,62,23,-55,0,0
33,63,23,-53,0,0
33,64,23,-51,0,0
33,65,23,-49,0,0
33,66,23,-47,0,0
33,67,23,-45,0,0
33,68,23,-43,0,0
33,69,23,-41,0,0
33,70,23,-39,0,0
33,71,23,-37,0,0
33,72,23,-35,0,0
33,73,23,-33,0,0
33,74,23,-31,0,0
33,75,23,-29,0,0
33,76,23,-27,0,0
33,77,23,-25,0,0
33,78,23,-23,0,0
33,79,23,-21,0,0
33,80,23,-19,0,0
33,81,23,-17,0,0
33,82,23,-15,1,0
33,83,23,-13,1,0
33,84,23,-11,1,0
33,85,23,-9,1,0
33,86,23,-7,1,0
33,87,23,-5,1,0
33,88,23,-3,1,0
33,89,23,-1,1,0
33,90,23,1,1,0
33,91,23,3,1,0
33,92,23,5,1,0
33,93,23,7,1,0
33,94,23,9,1,0
33,95,23,11,1,0
33,96,23,13,1,0
33,97,23,15,1,0
33,98,23,17,1,0
33,99,23,19,1,0
33,100,23,21,1,0
33,101,23,23,1,0
33,102,23,25,1,0
33,103,23,27,1,0
33,104,23,29,1,0
33,105,23,31,1,0
33,106,23,33,1,0
33,107,23,35,1,0
33,108,23,37,0,0
33,109,23,39,1,0
33,110,23,41,1,0
33,111,23,43,1,0
33,112,23,45,1,0
33,113,23,47,1,0
33,114,23,49,1,0
33,115,23,51,1,0
33,116,23,53,1,0
33,117,23,55,1,0
33,118,23,57,1,0
33,119,23,59,1,0
33,120,23,61,0,0
33,121,23,63,0,0
33,122,23,65,0,0
33,123,23,67,0,0
33,124,23,69,1,0
33,125,23,71,1,0
33,126,23,73,1,0
33,127,23,75,1,0
33,128,23,77,1,0
33,129,23,79,1,0
33,130,23,81,1,0
33,131,23,83,1,0
33,132,23,85,1,0
33,133,23,87,1,0
33,134,23,89,1,0
33,135,23,91,1,0
33,136,23,93,1,0
33,137,23,95,1,0
33,138,23,97,1,0
33,139,23,99,1,0
33,140,23,101,1,0
33,141,23,103,1,0
33,142,23,105,1,0
33,143,23,107,1,0
33,144,23,109,1,0
33,145,23,111,1,0
33,146,23,113,1,0
33,147,23,115,1,0
33,148,23,117,0,0
33,149,23,119,0,0
33,150,23,121,1,0
33,151,23,123,0,0
33,152,23,125,0,0
33,153,23,127,0,0
33,154,23,129,0,0
33,155,23,131,0,0
33,156,23,133,0,0
33,157,23,135,0,0
33,158,23,137,0,0
33,159,23,139,0,0
33,160,23,141,0,0
33,161,23,143,0,0
33,162,23,145,0,0
33,163,23,147,0,0
33,164,23,149,0,0
33,165,23,151,0,0
33,166,23,153,0,0
33,167,23,155,0,0
33,168,23,157,0,0
33,169,23,159,0,0
33,170,23,161,0,0
33,171,23,163,0,0
33,172,23,165,0,0
33,173,23,167,0,0
33,174,23,169,0,0
33,175,23,171,0,0
33,176,23,173,0,0
33,177,23,175,0,0
33,178,23,177,0,0
33,179,23,179,0,0
34,0,21,-179,0,0
34,1,21,-177,0,0
34,2,21,-175,0,0
34,3,21,-173,0,0
34,4,21,-171,0,0
34,5,21,-169,0,0
34,6,21,-167,0,0
34,7,21,-165,0,0
34,8,21,-163,0,0
34,9,21,-161,0,0
34,10,21,-159,0,0
34,11,21,-157,0,0
34,12,21,-155,0,0
34,13,21,-153,0,0
34,14,21,-151,0,0
34,15,21,-149,0,0
34,16,21,-147,0,0
34,17,21,-145,0,0
34,18,21,-143,0,0
34,19,21,-141,0,0
34,20,21,-139,0,0
34,21,21,-137,0,0
34,22,21,-135,0,0
34,23,21,-133,0,0
34,24,21,-131,0,0
34,25,21,-129,0,0
34,26,21,-127,0,0
34,27,21,-125,0,0
34,28,21,-123,0,0
34,29,21,-121,0,0
34,30,21,-119,0,0
34,31,21,-117,0,0
34,32,21,-115,0,0
34,33,21,-113,0,0
34,34,21,-111,0,0
34,35,21,-109,0,0
34,36,21,-107,0,0
34,37,21,-105,1,0
34,38,21,-103,1,0
34,39,21,-101,1,0
34,40,21,-99,1,0
34,41,21,-97,0,0
34,42,21,-95,0,0
34,43,21,-93,0,0
34,44,21,-91,0,0
34,45,21,-89,1,0
34,46,21,-87,1,0
34,47,21,-85,0,0
34,48,21,-83,0,0
34,49,21,-81,0,0
34,50,21,-79,0,0
34,51,21,-77,1,0
34,52,21,-75,0,0
34,53,21,-73,0,0
34,54,21,-71,0,0
34,55,21,-69,0,0
34,56,21,-67,0,0
34,57,21,-65,0,0
34,58,21,-63,0,0
34,59,21,-61,0,0
34,60,21,-59,0,0
34,61,21,-57,0,0
34,62,21,-55,0,0
34,63,21,-53,0,0
34,64,21,-51,0,0
34,65,21,-49,0,0
34,66,21,-47,0,0
34,67,21,-45,0,0
34,68,21,-43,0,0
34,69,21,-41,0,0
34,70,21,-39,0,0
34,71,21,-37,0,0
34,72,21,-35,0,0
34,73,21,-33,0,0
34,74,21,-31,0,0
34,75,21,-29,0,0
34,76,21,-27,0,0
34,77,21,-25,0,0
34,78,21,-23,0,0
34,79,21,-21,0,0
34,80,21,-19,0,0
34,81,21,-17,1,0
34,82,21,-15,1,0
34,83,21,-13,1,0
34,84,21,-11,1,0
34,85,21,-9,1,0
34,86,21,-7,1,0
34,87,21,-5,1,0
34,88,21,-3,1,0
34,89,21,-1,1,0
34,90,21,1,1,0
34,91,21,3,1,0
34,92,21,5,1,0
34,93,21,7,1,0
34,94,21,9,1,0
34,95,21,11,1,0
34,96,21,13,1,0
34,97,21,15,1,0
34,98,21,17,1,0
34,99,21,19,1,0
34,100,21,21,1,0
34,101,21,23,1,0
34,102,21,25,1,0
34,103,21,27,1,0
34,104,21,29,1,0
34,105,21,31,1,0
34,106,21,33,1,0
34,107,21,35,1,0
34,108,21,37,1,0
34,109,21,39,0,0
34,110,21,41,1,0
34,111,21,43,1,0
34,112,21,45,1,0
34,113,21,47,1,0
34,114,21,49,1,0
34,115,21,51,1,0
34,116,21,53,1,0
34,117,21,55,1,0
34,118,21,57,1,0
34,119,21,59,0,0
34,120,21,61,0,0
34,121,21,63,0,0
34,122,21,65,0,0
34,123,21,67,0,0
34,124,21,69,0,0
34,125,21,71,1,0
34,126,21,73,1,0
34,127,21,75,1,0
34,128,21,77,1,0
34,129,21,79,1,0
34,130,21,81,1,0
34,131,21,83,1,0
34,132,21,85,1,0
34,133,21,87,0,0
34,134,21,89,0,0
34,135,21,91,0,0
34,136,21,93,1,0
34,137,21,95,1,0
34,138,21,97,1,0
34,139,21,99,1,0
34,140,21,101,1,0
34,141,21,103,1,0
34,142,21,105,1,0
34,143,21,107,1,0
34,144,21,109,0,0
34,145,21,111,0,0
34,146,21,113,0,0
34,147,21,115,0,0
34,148,21,117,0,0
34,149,21,119,0,0
34,150,21,121,0,0
34,151,21,123,0,0
34,152,21,125,0,0
34,153,21,127,0,0
34,154,21,129,0,0
34,155,21,131,0,0
34,156,21,133,0,0
34,157,21,135,0,0
34,158,21,137,0,0
34,159,21,139,0,0
34,160,21,141,0,0
34,161,21,143,0,0
34,162,21,145,0,0
34,163,21,147,0,0
34,164,21,149,0,0
34,165,21,151,0,0
34,166,21,153,0,0
34,167,21,155,0,0
34,168,21,157,0,0
34,169,21,159,0,0
34,170,21,161,0,0
34,171,21,163,0,0
34,172,21,165,0,0
34,173,21,167,0,0
34,174,21,169,0,0
34,175,21,171,0,0
34,176,21,173,0,0
34,177,21,175,0,0
34,178,21,177,0,0
34,179,21,179,0,0
35,0,19,-179,0,0
35,1,19,-177,0,0
35,2,19,-175,0,0
35,3,19,-173,0,0
35,4,19,-171,0,0
35,5,19,-169,0,0
35,6,19,-167,0,0
35,7,19,-165,0,0
35,8,19,-163,0,0
35,9,19,-161,0,0
35,10,19,-159,0,0
35,11,19,-157,0,0
35,12,19,-155,0,0
35,13,19,-153,0,0
35,14,19,-151,0,0
35,15,19,-149,0,0
35,16,19,-147,0,0
35,17,19,-145,0,0
35,18,19,-143,0,0
35,19,19,-141,0,0
35,20,19,-139,0,0
35,21,19,-137,0,0
35,22,19,-135,0,0
35,23,19,-133,0,0
35,24,19,-131,0,0
35,25,19,-129,0,0
35,26,19,-127,0,0
35,27,19,-125,0,0
35,28,19,-123,0,0
35,29,19,-121,0,0
35,30,19,-119,0,0
35,31,19,-117,0,0
35,32,19,-115,0,0
35,33,19,-113,0,0
35,34,19,-111,0,0
35,35,19,-109,0,0
35,36,19,-107,0,0
35,37,19,-105,0,0
35,38,19,-103,1,0
35,39,19,-101,1,0
35,40,19,-99,1,0
35,41,19,-97,1,0
35,42,19,-95,0,0
35,43,19,-93,0,0
35,44,19,-91,1,0
35,45,19,-89,1,0
35,46,19,-87,0,0
35,47,19,-85,0,0
35,48,19,-83,0,0
35,49,19,-81,0,0
35,50,19,-79,0,0
35,51,19,-77,0,0
35,52,19,-75,0,0
35,53,19,-73,0,0
35,54,19,-71,1,0
35,55,19,-69,1,0
35,56,19,-67,0,0
35,57,19,-65,0,0
35,58,19,-63,0,0
35,59,19,-61,0,0
35,60,19,-59,0,0
35,61,19,-57,0,0
35,62,19,-55,0,0
35,63,19,-53,0,0
35,64,19,-51,0,0
35,65,19,-49,0,0
35,66,19,-47,0,0
35,67,19,-45,0,0
35,68,19,-43,0,0
35,69,19,-41,0,0
35,70,19,-39,0,0
35,71,19,-37,0,0
35,72,19,-35,0,0
35,73,19,-33,0,0
35,74,19,-31,0,0
35,75,19,-29,0,0
35,76,19,-27,0,0
35,77,19,-25,0,0
35,78,19,-23,0,0
35,79,19,-21,0,0
35,80,19,-19,0,0
35,81,19,-17,0,0
35,82,19,-15,1,0
35,83,19,-13,1,0
35,84,19,-11,1,0
35,85,19,-9,1,0
35,86,19,-7,1,0
35,87,19,-5,1,0
35,88,19,-3,1,0
35,89,19,-1,1,0
35,90,19,1,1,0
35,91,19,3,1,0
35,92,19,5,1,0
35,93,19,7,1,0
35,94,19,9,1,0
35,95,19,11,1,0
35,96,19,13,1,0
35,97,19,15,1,0
35,98,19,17,1,0
35,99,19,19,1,0
35,100,19,21,1,0
35,101,19,23,1,0
35,102,19,25,1,0
35,103,19,27,1,0
35,104,19,29,1,0
35,105,19,31,1,0
35,106,19,33,1,0
35,107,19,35,1,0
35,108,19,37,1,0
35,109,19,39,0,0
35,110,19,41,0,0
35,111,19,43,1,0
35,112,19,45,1,0
35,113,19,47,1,0
35,114,19,49,1,0
35,115,19,51,1,0
35,116,19,53,1,0
35,117,19,55,1,0
35,118,19,57,1,0
35,119,19,59,0,0
35,120,19,61,0,0
35,121,19,63,0,0
35,122,19,65,0,0
35,123,19,67,0,0
35,124,19,69,0,0
35,125,19,71,0,0
35,126,19,73,0,0
35,127,19,75,1,0
35,128,19,77,1,0
35,129,19,79,1,0
35,130,19,81,1,0
35,131,19,83,1,0
35,132,19,85,0,0
35,133,19,87,0,0
35,134,19,89,0,0
35,135,19,91,0,0
35,136,19,93,0,0
35,137,19,95,1,0
35,138,19,97,1,0
35,139,19,99,1,0
35,140,19,101,1,0
35,141,19,103,1,0
35,142,19,105,1,0
35,143,19,107,0,0
35,144,19,109,1,0
35,145,19,111,0,0
35,146,19,113,0,0
35,147,19,115,0,0
35,148,19,117,0,0
35,149,19,119,0,0
35,150,19,121,0,0
35,151,19,123,0,0
35,152,19,125,0,0
35,153,19,127,0,0
35,154,19,129,0,0
35,155,19,131,0,0
35,156,19,133,0,0
35,157,19,135,0,0
35,158,19,137,0,0
35,159,19,139,0,0
35,160,19,141,0,0
35,161,19,143,0,0
35,162,19,145,0,0
35,163,19,147,0,0
35,164,19,149,0,0
35,165,19,151,0,0
35,166,19,153,0,0
35,167,19,155,0,0
35,168,19,157,0,0
35,169,19,159,0,0
35,170,19,161,0,0
35,171,19,163,0,0
35,172,19,165,0,0
35,173,19,167,0,0
35,174,19,169,0,0
35,175,19,171,0,0
35,176,19,173,0,0
35,177,19,175,0,0
35,178,19,177,0,0
35,179,19,179,0,0
36,0,17,-179,0,0
36,1,17,-177,0,0
36,2,17,-175,0,0
36,3,17,-173,0,0
36,4,17,-171,0,0
36,5,17,-169,0,0
36,6,17,-167,0,0
36,7,17,-165,0,0
36,8,17,-163,0,0
36,9,17,-161,0,0
36,10,17,-159,0,0
36,11,17,-157,0,0
36,12,17,-155,0,0
36,13,17,-153,0,0
36,14,17,-151,0,0
36,15,17,-149,0,0
36,16,17,-147,0,0
36,17,17,-145,0,0
36,18,17,-143,0,0
36,19,17,-141,0,0
36,20,17,-139,0,0
36,21,17,-137,0,0
36,22,17,-135,0,0
36,23,17,-133,0,0
36,24,17,-131,0,0
36,25,17,-129,0,0
36,26,17,-127,0,0
36,27,17,-125,0,0
36,28,17,-123,0,0
36,29,17,-121,0,0
36,30,17,-119,0,0
36,31,17,-117,0,0
36,32,17,-115,0,0
36,33,17,-113,0,0
36,34,17,-111,0,0
36,35,17,-109,0,0
36,36,17,-107,0,0
36,37,17,-105,0,0
36,38,17,-103,0,0
36,39,17,-101,0,0
36,40,17,-99,1,0
36,41,17,-97,1,0
36,42,17,-95,1,0
36,43,17,-93,1,0
36,44,17,-91,1,0
36,45,17,-89,1,0
36,46,17,-87,0,0
36,47,17,-85,0,0
36,48,17,-83,0,0
36,49,17,-81,0,0
36,50,17,-79,0,0
36,51,17,-77,0,0
36,52,17,-75,0,0
36,53,17,-73,0,0
36,54,17,-71,0,0
36,55,17,-69,0,0
36,56,17,-67,0,0
36,57,17,-65,0,0
36,58,17,-63,0,0
36,59,17,-61,0,0
36,60,17,-59,0,0
36,61,17,-57,0,0
36,62,17,-55,0,0
36,63,17,-53,0,0
36,64,17,-51,0,0
36,65,17,-49,0,0
36,66,17,-47,0,0
36,67,17,-45,0,0
36,68,17,-43,0,0
36,69,17,-41,0,0
36,70,17,-39,0,0
36,71,17,-37,0,0
36,72,17,-35,0,0
36,73,17,-33,0,0
36,74,17,-31,0,0
36,75,17,-29,0,0
36,76,17,-27,0,0
36,77,17,-25,0,0
36,78,17,-23,0,0
36,79,17,-21,0,0
36,80,17,-19,0,0
36,81,17,-17,0,0
36,82,17,-15,1,0
36,83,17,-13,1,0
36,84,17,-11,1,0
36,85,17,-9,1,0
36,86,17,-7,1,0
36,87,17,-5,1,0
36,88,17,-3,1,0
36,89,17,-1,1,0
36,90,17,1,1,0
36,91,17,3,1,0
36,92,17,5,1,0
36,93,17,7,1,0
36,94,17,9,1,0
36,95,17,11,1,0
36,96,17,13,1,0
36,97,17,15,1,0
36,98,17,17,1,0
36,99,17,19,1,0
36,100,17,21,1,0
36,101,17,23,1,0
36,102,17,25,1,0
36,103,17,27,1,0
36,104,17,29,1,0
36,105,17,31,1,0
36,106,17,33,1,0
36,107,17,35,1,0
36,108,17,37,1,0
36,109,17,39,1,0
36,110,17,41,0,0
36,111,17,43,1,0
36,112,17,45,1,0
36,113,17,47,1,0
36,114,17,49,1,0
36,115,17,51,1,0
36,116,17,53,1,0
36,117,17,55,0,0
36,118,17,57,0,0
36,119,17,59,0,0
36,120,17,61,0,0
36,121,17,63,0,0
36,122,17,65,0,0
36,123,17,67,0,0
36,124,17,69,0,0
36,125,17,71,0,0
36,126,17,73,0,0
36,127,17,75,1,0
36,128,17,77,1,0
36,129,17,79,1,0
36,130,17,81,1,0
36,131,17,83,0,0
36,132,17,85,0,0
36,133,17,87,0,0
36,134,17,89,0,0
36,135,17,91,0,0
36,136,17,93,0,0
36,137,17,95,1,0
36,138,17,97,0,0
36,139,17,99,1,0
36,140,17,101,1,0
36,141,17,103,1,0
36,142,17,105,1,0
36,143,17,107,1,0
36,144,17,109,0,0
36,145,17,111,0,0
36,146,17,113,0,0
36,147,17,115,0,0
36,148,17,117,0,0
36,149,17,119,0,0
36,150,17,121,1,0
36,151,17,123,0,0
36,152,17,125,0,0
36,153,17,127,0,0
36,154,17,129,0,0
36,155,17,131,0,0
36,156,17,133,0,0
36,157,17,135,0,0
36,158,17,137,0,0
36,159,17,139,0,0
36,160,17,141,0,0
36,161,17,143,0,0
36,162,17,145,0,0
36,163,17,147,0,0
36,164,17,149,0,0
36,165,17,151,0,0
36,166,17,153,0,0
36,167,17,155,0,0
36,168,17,157,0,0
36,169,17,159,0,0
36,170,17,161,0,0
36,171,17,163,0,0
36,172,17,165,0,0
36,173,17,167,0,0
36,174,17,169,0,0
36,175,17,171,0,0
36,176,17,173,0,0
36,177,17,175,0,0
36,178,17,177,0,0
36,179,17,179,0,0
37,0,15,-179,0,0
37,1,15,-177,0,0
37,2,15,-175,0,0
37,3,15,-173,0,0
37,4,15,-171,0,0
37,5,15,-169,0,0
37,6,15,-167,0,0
37,7,15,-165,0,0
37,8,15,-163,0,0
37,9,15,-161,0,0
37,10,15,-159,0,0
37,11,15,-157,0,0
37,12,15,-155,0,0
37,13,15,-153,0,0
37,14,15,-151,0,0
37,15,15,-149,0,0
37,16,15,-147,0,0
37,17,15,-145,0,0
37,18,15,-143,0,0
37,19,15,-141,0,0
37,20,15,-139,0,0
37,21,15,-137,0,0
37,22,15,-135,0,0
37,23,15,-133,0,0
37,24,15,-131,0,0
37,25,15,-129,0,0
37,26,15,-127,0,0
37,27,15,-125,0,0
37,28,15,-123,0,0
37,29,15,-121,0,0
37,30,15,-119,0,0
37,31,15,-117,0,0
37,32,15,-115,0,0
37,33,15,-113,0,0
37,34,15,-111,0,0
37,35,15,-109,0,0
37,36,15,-107,0,0
37,37,15,-105,0,0
37,38,15,-103,0,0
37,39,15,-101,0,0
37,40,15,-99,0,0
37,41,15,-97,0,0
37,42,15,-95,0,0
37,43,15,-93,0,0
37,44,15,-91,1,0
37,45,15,-89,1,0
37,46,15,-87,1,0
37,47,15,-85,1,0
37,48,15,-83,0,0
37,49,15,-81,0,0
37,50,15,-79,0,0
37,51,15,-77,0,0
37,52,15,-75,0,0
37,53,15,-73,0,0
37,54,15,-71,0,0
37,55,15,-69,0,0
37,56,15,-67,0,0
37,57,15,-65,0,0
37,58,15,-63,0,0
37,59,15,-61,0,0
37,60,15,-59,0,0
37,61,15,-57,0,0
37,62,15,-55,0,0
37,63,15,-53,0,0
37,64,15,-51,0,0
37,65,15,-49,0,0
37,66,15,-47,0,0
37,67,15,-45,0,0
37,68,15,-43,0,0
37,69,15,-41,0,0
37,70,15,-39,0,0
37,71,15,-37,0,0
37,72,15,-35,0,0
37,73,15,-33,0,0
37,74,15,-31,0,0
37,75,15,-29,0,0
37,76,15,-27,0,0
37,77,15,-25,0,0
37,78,15,-23,0,0
37,79,15,-21,0,0
37,80,15,-19,0,0
37,81,15,-17,1,0
37,82,15,-15,1,0
37,83,15,-13,1,0
37,84,15,-11,1,0
37,85,15,-9,1,0
37,86,15,-7,1,0
37,87,15,-5,1,0
37,88,15,-3,1,0
37,89,15,-1,1,0
37,90,15,1,1,0
37,91,15,3,1,0
37,92,15,5,1,0
37,93,15,7,1,0
37,94,15,9,1,0
37,95,15,11,1,0
37,96,15,13,1,0
37,97,15,15,1,0
37,98,15,17,1,0
37,99,15,19,1,0
37,100,15,21,1,0
37,101,15,23,1,0
37,102,15,25,1,0
37,103,15,27,1,0
37,104,15,29,1,0
37,105,15,31,1,0
37,106,15,33,1,0
37,107,15,35,1,0
37,108,15,37,1,0
37,109,15,39,1,0
37,110,15,41,0,0
37,111,15,43,1,0
37,112,15,45,1,0
37,113,15,47,1,0
37,114,15,49,1,0
37,115,15,51,0,0
37,116,15,53,0,0
37,117,15,55,0,0
37,118,15,57,0,0
37,119,15,59,0,0
37,120,15,61,0,0
37,121,15,63,0,0
37,122,15,65,0,0
37,123,15,67,0,0
37,124,15,69,0,0
37,125,15,71,0,0
37,126,15,73,0,0
37,127,15,75,1,0
37,128,15,77,1,0
37,129,15,79,1,0
37,130,15,81,0,0
37,131,15,83,0,0
37,132,15,85,0,0
37,133,15,87,0,0
37,134,15,89,0,0
37,135,15,91,0,0
37,136,15,93,0,0
37,137,15,95,0,0
37,138,15,97,0,0
37,139,15,99,1,0
37,140,15,101,1,0
37,141,15,103,1,0
37,142,15,105,1,0
37,143,15,107,1,0
37,144,15,109,0,0
37,145,15,111,0,0
37,146,15,113,0,0
37,147,15,115,0,0
37,148,15,117,0,0
37,149,15,119,0,0
37,150,15,121,1,0
37,151,15,123,0,0
37,152,15,125,0,0
37,153,15,127,0,0
37,154,15,129,0,0
37,155,15,131,0,0
37,156,15,133,0,0
37,157,15,135,0,0
37,158,15,137,0,0
37,159,15,139,0,0
37,160,15,141,0,0
37,161,15,143,0,0
37,162,15,145,0,0
37,163,15,147,0,0
37,164,15,149,0,0
37,165,15,151,0,0
37,166,15,153,0,0
37,167,15,155,0,0
37,168,15,157,0,0
37,169,15,159,0,0
37,170,15,161,0,0
37,171,15,163,0,0
37,172,15,165,0,0
37,173,15,167,0,0
37,174,15,169,0,0
37,175,15,171,0,0
37,176,15,173,0,0
37,177,15,175,0,0
37,178,15,177,0,0
37,179,15,179,0,0
38,0,13,-179,0,0
38,1,13,-177,0,0
38,2,13,-175,0,0
38,3,13,-173,0,0
38,4,13,-171,0,0
38,5,13,-169,0,0
38,6,13,-167,0,0
38,7,13,-165,0,0
38,8,13,-163,0,0
38,9,13,-161,0,0
38,10,13,-159,0,0
38,11,13,-157,0,0
38,12,13,-155,0,0
38,13,13,-153,0,0
38,14,13,-151,0,0
38,15,13,-149,0,0
38,16,13,-147,0,0
38,17,13,-145,0,0
38,18,13,-143,0,0
38,19,13,-141,0,0
38,20,13,-139,0,0
38,21,13,-137,0,0
38,22,13,-135,0,0
38,23,13,-133,0,0
38,24,13,-131,0,0
38,25,13,-129,0,0
38,26,13,-127,0,0
38,27,13,-125,0,0
38,28,13,-123,0,0
38,29,13,-121,0,0
38,30,13,-119,0,0
38,31,13,-117,0,0
38,32,13,-115,0,0
38,33,13,-113,0,0
38,34,13,-111,0,0
38,35,13,-109,0,0
38,36,13,-107,0,0
38,37,13,-105,0,0
38,38,13,-103,0,0
38,39,13,-101,0,0
38,40,13,-99,0,0
38,41,13,-97,0,0
38,42,13,-95,0,0
38,43,13,-93,0,0
38,44,13,-91,0,0
38,45,13,-89,0,0
38,46,13,-87,1,0
38,47,13,-85,1,0
38,48,13,-83,0,0
38,49,13,-81,0,0
38,50,13,-79,0,0
38,51,13,-77,0,0
38,52,13,-75,0,0
38,53,13,-73,0,0
38,54,13,-71,0,0
38,55,13,-69,0,0
38,56,13,-67,0,0
38,57,13,-65,0,0
38,58,13,-63,0,0
38,59,13,-61,0,0
38,60,13,-59,0,0
38,61,13,-57,0,0
38,62,13,-55,0,0
38,63,13,-53,0,0
38,64,13,-51,0,0
38,65,13,-49,0,0
38,66,13,-47,0,0
38,67,13,-45,0,0
38,68,13,-43,0,0
38,69,13,-41,0,0
38,70,13,-39,0,0
38,71,13,-37,0,0
38,72,13,-35,0,0
38,73,13,-33,0,0
38,74,13,-31,0,0
38,75,13,-29,0,0
38,76,13,-27,0,0
38,77,13,-25,0,0
38,78,13,-23,0,0
38,79,13,-21,0,0
38,80,13,-19,0,0
38,81,13,-17,0,0
38,82,13,-15,1,0
38,83,13,-13,1,0
38,84,13,-11,1,0
38,85,13,-9,1,0
38,86,13,-7,1,0
38,87,13,-5,1,0
38,88,13,-3,1,0
38,89,13,-1,1,0
38,90,13,1,1,0
38,91,13,3,1,0
38,92,13,5,1,0
38,93,13,7,1,0
38,94,13,9,1,0
38,95,13,11,1,0
38,96,13,13,1,0
38,97,13,15,1,0
38,98,13,17,1,0
38,99,13,19,1,0
38,100,13,21,1,0
38,101,13,23,1,0
38,102,13,25,1,0
38,103,13,27,1,0
38,104,13,29,1,0
38,105,13,31,1,0
38,106,13,33,1,0
38,107,13,35,1,0
38,108,13,37,1,0
38,109,13,39,1,0
38,110,13,41,1,0
38,111,13,43,0,0
38,112,13,45,1,0
38,113,13,47,0,0
38,114,13,49,0,0
38,115,13,51,0,0
38,116,13,53,0,0
38,117,13,55,0,0
38,118,13,57,0,0
38,119,13,59,0,0
38,120,13,61,0,0
38,121,13,63,0,0
38,122,13,65,0,0
38,123,13,67,0,0
38,124,13,69,0,0
38,125,13,71,0,0
38,126,13,73,0,0
38,127,13,75,1,0
38,128,13,77,1,0
38,129,13,79,1,0
38,130,13,81,0,0
38,131,13,83,0,0
38,132,13,85,0,0
38,133,13,87,0,0
38,134,13,89,0,0
38,135,13,91,0,0
38,136,13,93,0,0
38,137,13,95,0,0
38,138,13,97,0,0
38,139,13,99,1,0
38,140,13,101,1,0
38,141,13,103,1,0
38,142,13,105,1,0
38,143,13,107,1,0
38,144,13,109,1,0
38,145,13,111,0,0
38,146,13,113,0,0
38,147,13,115,0,0
38,148,13,117,0,0
38,149,13,119,0,0
38,150,13,121,1,0
38,151,13,123,0,0
38,152,13,125,0,0
38,153,13,127,0,0
38,154,13,129,0,0
38,155,13,131,0,0
38,156,13,133,0,0
38,157,13,135,0,0
38,158,13,137,0,0
38,159,13,139,0,0
38,160,13,141,0,0
38,161,13,143,0,0
38,162,13,145,0,0
38,163,13,147,0,0
38,164,13,149,0,0
38,165,13,151,0,0
38,166,13,153,0,0
38,167,13,155,0,0
38,168,13,157,0,0
38,169,13,159,0,0
38,170,13,161,0,0
38,171,13,163,0,0
38,172,13,165,0,0
38,173,13,167,0,0
38,174,13,169,0,0
38,175,13,171,0,0
38,176,13,173,0,0
38,177,13,175,0,0
38,178,13,177,0,0
38,179,13,179,0,0
39,0,11,-179,0,0
39,1,11,-177,0,0
39,2,11,-175,0,0
39,3,11,-173,0,0
39,4,11,-171,0,0
39,5,11,-169,0,0
39,6,11,-167,0,0
39,7,11,-165,0,0
39,8,11,-163,0,0
39,9,11,-161,0,0
39,10,11,-159,0,0
39,11,11,-157,0,0
39,12,11,-155,0,0
39,13,11,-153,0,0
39,14,11,-151,0,0
39,15,11,-149,0,0
39,16,11,-147,0,0
39,17,11,-145,0,0
39,18,11,-143,0,0
39,19,11,-141,0,0
39,20,11,-139,0,0
39,21,11,-137,0,0
39,22,11,-135,0,0
39,23,11,-133,0,0
39,24,11,-131,0,0
39,25,11,-129,0,0
39,26,11,-127,0,0
39,27,11,-125,0,0
39,28,11,-123,0,0
39,29,11,-121,0,0
39,30,11,-119,0,0
39,31,11,-117,0,0
39,32,11,-115,0,0
39,33,11,-113,0,0
39,34,11,-111,0,0
39,35,11,-109,0,0
39,36,11,-107,0,0
39,37,11,-105,0,0
39,38,11,-103,0,0
39,39,11,-101,0,0
39,40,11,-99,0,0
39,41,11,-97,0,0
39,42,11,-95,0,0
39,43,11,-93,0,0
39,44,11,-91,0,0
39,45,11,-89,0,0
39,46,11,-87,0,0
39,47,11,-85,1,0
39,48,11,-83,0,0
39,49,11,-81,0,0
39,50,11,-79,0,0
39,51,11,-77,0,0
39,52,11,-75,0,0
39,53,11,-73,1,0
39,54,11,-71,1,0
39,55,11,-69,1,0
39,56,11,-67,0,0
39,57,11,-65,0,0
39,58,11,-63,0,0
39,59,11,-61,0,0
39,60,11,-59,0,0
39,61,11,-57,0,0
39,62,11,-55,0,0
39,63,11,-53,0,0
39,64,11,-51,0,0
39,65,11,-49,0,0
39,66,11,-47,0,0
39,67,11,-45,0,0
39,68,11,-43,0,0
39,69,11,-41,0,0
39,70,11,-39,0,0
39,71,11,-37,0,0
39,72,11,-35,0,0
39,73,11,-33,0,0
39,74,11,-31,0,0
39,75,11,-29,0,0
39,76,11,-27,0,0
39,77,11,-25,0,0
39,78,11,-23,0,0
39,79,11,-21,0,0
39,80,11,-19,0,0
39,81,11,-17,0,0
39,82,11,-15,1,0
39,83,11,-13,1,0
39,84,11,-11,1,0
39,85,11,-9,1,0
39,86,11,-7,1,0
39,87,11,-5,1,0
39,88,11,-3,1,0
39,89,11,-1,1,0
39,90,11,1,1,0
39,91,11,3,1,0
39,92,11,5,1,0
39,93,11,7,1,0
39,94,11,9,1,0
39,95,11,11,1,0
39,96,11,13,1,0
39,97,11,15,1,0
39,98,11,17,1,0
39,99,11,19,1,0
39,100,11,21,1,0
39,101,11,23,1,0
39,102,11,25,1,0
39,103,11,27,1,0
39,104,11,29,1,0
39,105,11,31,1,0
39,106,11,33,1,0
39,107,11,35,1,0
39,108,11,37,1,0
39,109,11,39,1,0
39,110,11,41,1,0
39,111,11,43,1,0
39,112,11,45,0,0
39,113,11,47,0,0
39,114,11,49,1,0
39,115,11,51,1,0
39,116,11,53,0,0
39,117,11,55,0,0
39,118,11,57,0,0
39,119,11,59,0,0
39,120,11,61,0,0
39,121,11,63,0,0
39,122,11,65,0,0
39,123,11,67,0,0
39,124,11,69,0,0
39,125,11,71,0,0
39,126,11,73,0,0
39,127,11,75,0,0
39,128,11,77,1,0
39,129,11,79,1,0
39,130,11,81,0,0
39,131,11,83,0,0
39,132,11,85,0,0
39,133,11,87,0,0
39,134,11,89,0,0
39,135,11,91,0,0
39,136,11,93,0,0
39,137,11,95,0,0
39,138,11,97,0,0
39,139,11,99,1,0
39,140,11,101,0,0
39,141,11,103,0,0
39,142,11,105,1,0
39,143,11,107,1,0
39,144,11,109,0,0
39,145,11,111,0,0
39,146,11,113,0,0
39,147,11,115,0,0
39,148,11,117,0,0
39,149,11,119,0,0
39,150,11,121,0,0
39,151,11,123,0,0
39,152,11,125,1,0
39,153,11,127,0,0
39,154,11,129,0,0
39,155,11,131,0,0
39,156,11,133,0,0
39,157,11,135,0,0
39,158,11,137,0,0
39,159,11,139,0,0
39,160,11,141,0,0
39,161,11,143,0,0
39,162,11,145,0,0
39,163,11,147,0,0
39,164,11,149,0,0
39,165,11,151,0,0
39,166,11,153,0,0
39,167,11,155,0,0
39,168,11,157,0,0
39,169,11,159,0,0
39,170,11,161,0,0
39,171,11,163,0,0
39,172,11,165,0,0
39,173,11,167,0,0
39,174,11,169,0,0
39,175,11,171,0,0
39,176,11,173,0,0
39,177,11,175,0,0
39,178,11,177,0,0
39,179,11,179,0,0
40,0,9,-179,0,0
40,1,9,-177,0,0
40,2,9,-175,0,0
40,3,9,-173,0,0
40,4,9,-171,0,0
40,5,9,-169,0,0
40,6,9,-167,0,0
40,7,9,-165,0,0
40,8,9,-163,0,0
40,9,9,-161,0,0
40,10,9,-159,0,0
40,11,9,-157,0,0
40,12,9,-155,0,0
40,13,9,-153,0,0
40,14,9,-151,0,0
40,15,9,-149,0,0
40,16,9,-147,0,0
40,17,9,-145,0,0
40,18,9,-143,0,0
40,19,9,-141,0,0
40,20,9,-139,0,0
40,21,9,-137,0,0
40,22,9,-135,0,0
40,23,9,-133,0,0
40,24,9,-131,0,0
40,25,9,-129,0,0
40,26,9,-127,0,0
40,27,9,-125,0,0
40,28,9,-123,0,0
40,29,9,-121,0,0
40,30,9,-119,0,0
40,31,9,-117,0,0
40,32,9,-115,0,0
40,33,9,-113,0,0
40,34,9,-111,0,0
40,35,9,-109,0,0
40,36,9,-107,0,0
40,37,9,-105,0,0
40,38,9,-103,0,0
40,39,9,-101,0,0
40,40,9,-99,0,0
40,41,9,-97,0,0
40,42,9,-95,0,0
40,43,9,-93,0,0
40,44,9,-91,0,0
40,45,9,-89,0,0
40,46,9,-87,0,0
40,47,9,-85,0,0
40,48,9,-83,1,0
40,49,9,-81,0,0
40,50,9,-79,1,0
40,51,9,-77,0,0
40,52,9,-75,1,0
40,53,9,-73,1,0
40,54,9,-71,1,0
40,55,9,-69,1,0
40,56,9,-67,1,0
40,57,9,-65,1,0
40,58,9,-63,1,0
40,59,9,-61,1,0
40,60,9,-59,0,0
40,61,9,-57,0,0
40,62,9,-55,0,0
40,63,9,-53,0,0
40,64,9,-51,0,0
40,65,9,-49,0,0
40,66,9,-47,0,0
40,67,9,-45,0,0
40,68,9,-43,0,0
40,69,9,-41,0,0
40,70,9,-39,0,0
40,71,9,-37,0,0
40,72,9,-35,0,0
40,73,9,-33,0,0
40,74,9,-31,0,0
40,75,9,-29,0,0
40,76,9,-27,0,0
40,77,9,-25,0,0
40,78,9,-23,0,0
40,79,9,-21,0,0
40,80,9,-19,0,0
40,81,9,-17,0,0
40,82,9,-15,0,0
40,83,9,-13,1,0
40,84,9,-11,1,0
40,85,9,-9,1,0
40,86,9,-7,1,0
40,87,9,-5,1,0
40,88,9,-3,1,0
40,89,9,-1,1,0
40,90,9,1,1,0
40,91,9,3,1,0
40,92,9,5,1,0
40,93,9,7,1,0
40,94,9,9,1,0
40,95,9,11,1,0
40,96,9,13,1,0
40,97,9,15,1,0
40,98,9,17,1,0
40,99,9,19,1,0
40,100,9,21,1,0
40,101,9,23,1,0
40,102,9,25,1,0
40,103,9,27,1,0
40,104,9,29,1,0
40,105,9,31,1,0
40,106,9,33,1,0
40,107,9,35,1,0
40,108,9,37,1,0
40,109,9,39,1,0
40,110,9,41,1,0
40,111,9,43,1,0
40,112,9,45,1,0
40,113,9,47,1,0
40,114,9,49,1,0
40,115,9,51,0,0
40,116,9,53,0,0
40,117,9,55,0,0
40,118,9,57,0,0
40,119,9,59,0,0
40,120,9,61,0,0
40,121,9,63,0,0
40,122,9,65,0,0
40,123,9,67,0,0
40,124,9,69,0,0
40,125,9,71,0,0
40,126,9,73,0,0
40,127,9,75,0,0
40,128,9,77,1,0
40,129,9,79,0,0
40,130,9,81,0,0
40,131,9,83,0,0
40,132,9,85,0,0
40,133,9,87,0,0
40,134,9,89,0,0
40,135,9,91,0,0
40,136,9,93,0,0
40,137,9,95,0,0
40,138,9,97,0,0
40,139,9,99,1,0
40,140,9,101,0,0
40,141,9,103,0,0
40,142,9,105,1,0
40,143,9,107,0,0
40,144,9,109,0,0
40,145,9,111,0,0
40,146,9,113,0,0
40,147,9,115,0,0
40,148,9,117,0,0
40,149,9,119,0,0
40,150,9,121,0,0
40,151,9,123,0,0
40,152,9,125,0,0
40,153,9,127,0,0
40,154,9,129,0,0
40,155,9,131,0,0
40,156,9,133,0,0
40,157,9,135,0,0
40,158,9,137,0,0
40,159,9,139,0,0
40,160,9,141,0,0
40,161,9,143,0,0
40,162,9,145,0,0
40,163,9,147,0,0
40,164,9,149,0,0
40,165,9,151,0,0
40,166,9,153,0,0
40,167,9,155,0,0
40,168,9,157,0,0
40,169,9,159,0,0
40,170,9,161,0,0
40,171,9,163,0,0
40,172,9,165,0,0
40,173,9,167,0,0
40,174,9,169,0,0
40,175,9,171,0,0
40,176,9,173,0,0
40,177,9,175,0,0
40,178,9,177,0,0
40,179,9,179,0,0
41,0,7,-179,0,0
41,1,7,-177,0,0
41,2,7,-175,0,0
41,3,7,-173,0,0
41,4,7,-171,0,0
41,5,7,-169,0,0
41,6,7,-167,0,0
41,7,7,-165,0,0
41,8,7,-163,0,0
41,9,7,-161,0,0
41,10,7,-159,0,0
41,11,7,-157,0,0
41,12,7,-155,0,0
41,13,7,-153,0,0
41,14,7,-151,0,0
41,15,7,-149,0,0
41,16,7,-147,0,0
41,17,7,-145,0,0
41,18,7,-143,0,0
41,19,7,-141,0,0
41,20,7,-139,0,0
41,21,7,-137,0,0
41,22,7,-135,0,0
41,23,7,-133,0,0
41,24,7,-131,0,0
41,25,7,-129,0,0
41,26,7,-127,0,0
41,27,7,-125,0,0
41,28,7,-123,0,0
41,29,7,-121,0,0
41,30,7,-119,0,0
41,31,7,-117,0,0
41,32,7,-115,0,0
41,33,7,-113,0,0
41,34,7,-111,0,0
41,35,7,-109,0,0
41,36,7,-107,0,0
41,37,7,-105,0,0
41,38,7,-103,0,0
41,39,7,-101,0,0
41,40,7,-99,0,0
41,41,7,-97,0,0
41,42,7,-95,0,0
41,43,7,-93,0,0
41,44,7,-91,0,0
41,45,7,-89,0,0
41,46,7,-87,0,0
41,47,7,-85,0,0
41,48,7,-83,0,0
41,49,7,-81,0,0
41,50,7,-79,0,0
41,51,7,-77,1,0
41,52,7,-75,1,0
41,53,7,-73,1,0
41,54,7,-71,1,0
41,55,7,-69,1,0
41,56,7,-67,1,0
41,57,7,-65,1,0
41,58,7,-63,1,0
41,59,7,-61,1,0
41,60,7,-59,1,0
41,61,7,-57,0,0
41,62,7,-55,0,0
41,63,7,-53,0,0
41,64,7,-51,0,0
41,65,7,-49,0,0
41,66,7,-47,0,0
41,67,7,-45,0,0
41,68,7,-43,0,0
41,69,7,-41,0,0
41,70,7,-39,0,0
41,71,7,-37,0,0
41,72,7,-35,0,0
41,73,7,-33,0,0
41,74,7,-31,0,0
41,75,7,-29,0,0
41,76,7,-27,0,0
41,77,7,-25,0,0
41,78,7,-23,0,0
41,79,7,-21,0,0
41,80,7,-19,0,0
41,81,7,-17,0,0
41,82,7,-15,0,0
41,83,7,-13,0,0
41,84,7,-11,1,0
41,85,7,-9,1,0
41,86,7,-7,1,0
41,87,7,-5,1,0
41,88,7,-3,1,0
41,89,7,-1,1,0
41,90,7,1,1,0
41,91,7,3,1,0
41,92,7,5,1,0
41,93,7,7,1,0
41,94,7,9,1,0
41,95,7,11,1,0
41,96,7,13,1,0
41,97,7,15,1,0
41,98,7,17,1,0
41,99,7,19,1,0
41,100,7,21,1,0
41,101,7,23,1,0
41,102,7,25,1,0
41,103,7,27,1,0
41,104,7,29,1,0
41,105,7,31,1,0
41,106,7,33,1,0
41,107,7,35,1,0
41,108,7,37,1,0
41,109,7,39,1,0
41,110,7,41,1,0
41,111,7,43,1,0
41,112,7,45,1,0
41,113,7,47,1,0
41,114,7,49,1,0
41,115,7,51,0,0
41,116,7,53,0,0
41,117,7,55,0,0
41,118,7,57,0,0
41,119,7,59,0,0
41,120,7,61,0,0
41,121,7,63,0,0
41,122,7,65,0,0
41,123,7,67,0,0
41,124,7,69,0,0
41,125,7,71,0,0
41,126,7,73,0,0
41,127,7,75,0,0
41,128,7,77,0,0
41,129,7,79,0,0
41,130,7,81,1,0
41,131,7,83,0,0
41,132,7,85,0,0
41,133,7,87,0,0
41,134,7,89,0,0
41,135,7,91,0,0
41,136,7,93,0,0
41,137,7,95,0,0
41,138,7,97,0,0
41,139,7,99,0,0
41,140,7,101,0,0
41,141,7,103,0,0
41,142,7,105,0,0
41,143,7,107,0,0
41,144,7,109,0,0
41,145,7,111,0,0
41,146,7,113,0,0
41,147,7,115,0,0
41,148,7,117,0,0
41,149,7,119,0,0
41,150,7,121,0,0
41,151,7,123,0,0
41,152,7,125,1,0
41,153,7,127,0,0
41,154,7,129,0,0
41,155,7,131,0,0
41,156,7,133,0,0
41,157,7,135,0,0
41,158,7,137,0,0
41,159,7,139,0,0
41,160,7,141,0,0
41,161,7,143,0,0
41,162,7,145,0,0
41,163,7,147,0,0
41,164,7,149,0,0
41,165,7,151,0,0
41,166,7,153,0,0
41,167,7,155,0,0
41,168,7,157,0,0
41,169,7,159,0,0
41,170,7,161,0,0
41,171,7,163,0,0
41,172,7,165,0,0
41,173,7,167,0,0
41,174,7,169,0,0
41,175,7,171,0,0
41,176,7,173,0,0
41,177,7,175,0,0
41,178,7,177,0,0
41,179,7,179,0,0
42,0,5,-179,0,0
42,1,5,-177,0,0
42,2,5,-175,0,0
42,3,5,-173,0,0
42,4,5,-171,0,0
42,5,5,-169,0,0
42,6,5,-167,0,0
42,7,5,-165,0,0
42,8,5,-163,0,0
42,9,5,-161,0,0
42,10,5,-159,0,0
42,11,5,-157,0,0
42,12,5,-155,0,0
42,13,5,-153,0,0
42,14,5,-151,0,0
42,15,5,-149,0,0
42,16,5,-147,0,0
42,17,5,-145,0,0
42,18,5,-143,0,0
42,19,5,-141,0,0
42,20,5,-139,0,0
42,21,5,-137,0,0
42,22,5,-135,0,0
42,23,5,-133,0,0
42,24,5,-131,0,0
42,25,5,-129,0,0
42,26,5,-127,0,0
42,27,5,-125,0,0
42,28,5,-123,0,0
42,29,5,-121,0,0
42,30,5,-119,0,0
42,31,5,-117,0,0
42,32,5,-115,0,0
42,33,5,-113,0,0
42,34,5,-111,0,0
42,35,5,-109,0,0
42,36,5,-107,0,0
42,37,5,-105,0,0
42,38,5,-103,0,0
42,39,5,-101,0,0
42,40,5,-99,0,0
42,41,5,-97,0,0
42,42,5,-95,0,0
42,43,5,-93,0,0
42,44,5,-91,0,0
42,45,5,-89,0,0
42,46,5,-87,0,0
42,47,5,-85,0,0
42,48,5,-83,0,0
42,49,5,-81,0,0
42,50,5,-79,0,0
42,51,5,-77,1,0
42,52,5,-75,1,0
42,53,5,-73,1,0
42,54,5,-71,1,0
42,55,5,-69,1,0
42,56,5,-67,1,0
42,57,5,-65,1,0
42,58,5,-63,1,0
42,59,5,-61,1,0
42,60,5,-59,1,0
42,61,5,-57,1,0
42,62,5,-55,1,0
42,63,5,-53,1,0
42,64,5,-51,0,0
42,65,5,-49,0,0
42,66,5,-47,0,0
42,67,5,-45,0,0
42,68,5,-43,0,0
42,69,5,-41,0,0
42,70,5,-39,0,0
42,71,5,-37,0,0
42,72,5,-35,0,0
42,73,5,-33,0,0
42,74,5,-31,0,0
42,75,5,-29,0,0
42,76,5,-27,0,0
42,77,5,-25,0,0
42,78,5,-23,0,0
42,79,5,-21,0,0
42,80,5,-19,0,0
42,81,5,-17,0,0
42,82,5,-15,0,0
42,83,5,-13,0,0
42,84,5,-11,0,0
42,85,5,-9,1,0
42,86,5,-7,1,0
42,87,5,-5,0,0
42,88,5,-3,0,0
42,89,5,-1,0,0
42,90,5,1,0,0
42,91,5,3,0,0
42,92,5,5,0,0
42,93,5,7,1,0
42,94,5,9,1,0
42,95,5,11,1,0
42,96,5,13,1,0
42,97,5,15,1,0
42,98,5,17,1,0
42,99,5,19,1,0
42,100,5,21,1,0
42,101,5,23,1,0
42,102,5,25,1,0
42,103,5,27,1,0
42,104,5,29,1,0
42,105,5,31,1,0
42,106,5,33,1,0
42,107,5,35,1,0
42,108,5,37,1,0
42,109,5,39,1,0
42,110,5,41,1,0
42,111,5,43,1,0
42,112,5,45,1,0
42,113,5,47,1,0
42,114,5,49,0,0
42,115,5,51,0,0
42,116,5,53,0,0
42,117,5,55,0,0
42,118,5,57,0,0
42,119,5,59,0,0
42,120,5,61,0,0
42,121,5,63,0,0
42,122,5,65,0,0
42,123,5,67,0,0
42,124,5,69,0,0
42,125,5,71,0,0
42,126,5,73,0,0
42,127,5,75,0,0
42,128,5,77,0,0
42,129,5,79,0,0
42,130,5,81,0,0
42,131,5,83,0,0
42,132,5,85,0,0
42,133,5,87,0,0
42,134,5,89,0,0
42,135,5,91,0,0
42,136,5,93,0,0
42,137,5,95,0,0
42,138,5,97,1,0
42,139,5,99,0,0
42,140,5,101,1,0
42,141,5,103,1,0
42,142,5,105,0,0
42,143,5,107,0,0
42,144,5,109,0,0
42,145,5,111,0,0
42,146,5,113,0,0
42,147,5,115,1,0
42,148,5,117,1,0
42,149,5,119,0,0
42,150,5,121,0,0
42,151,5,123,0,0
42,152,5,125,0,0
42,153,5,127,0,0
42,154,5,129,0,0
42,155,5,131,0,0
42,156,5,133,0,0
42,157,5,135,0,0
42,158,5,137,0,0
42,159,5,139,0,0
42,160,5,141,0,0
42,161,5,143,0,0
42,162,5,145,0,0
42,163,5,147,0,0
42,164,5,149,0,0
42,165,5,151,0,0
42,166,5,153,0,0
42,167,5,155,0,0
42,168,5,157,0,0
42,169,5,159,0,0
42,170,5,161,0,0
42,171,5,163,0,0
42,172,5,165,0,0
42,173,5,167,0,0
42,174,5,169,0,0
42,175,5,171,0,0
42,176,5,173,0,0
42,177,5,175,0,0
42,178,5,177,0,0
42,179,5,179,0,0
43,0,3,-179,0,0
43,1,3,-177,0,0
43,2,3,-175,0,0
43,3,3,-173,0,0
43,4,3,-171,0,0
43,5,3,-169,0,0
43,6,3,-167,0,0
43,7,3,-165,0,0
43,8,3,-163,0,0
43,9,3,-161,0,0
43,10,3,-159,0,0
43,11,3,-157,0,0
43,12,3,-155,0,0
43,13,3,-153,0,0
43,14,3,-151,0,0
43,15,3,-149,0,0
43,16,3,-147,0,0
43,17,3,-145,0,0
43,18,3,-143,0,0
43,19,3,-141,0,0
43,20,3,-139,0,0
43,21,3,-137,0,0
43,22,3,-135,0,0
43,23,3,-133,0,0
43,24,3,-131,0,0
43,25,3,-129,0,0
43,26,3,-127,0,0
43,27,3,-125,0,0
43,28,3,-123,0,0
43,29,3,-121,0,0
43,30,3,-119,0,0
43,31,3,-117,0,0
43,32,3,-115,0,0
43,33,3,-113,0,0
43,34,3,-111,0,0
43,35,3,-109,0,0
43,36,3,-107,0,0
43,37,3,-105,0,0
43,38,3,-103,0,0
43,39,3,-101,0,0
43,40,3,-99,0,0
43,41,3,-97,0,0
43,42,3,-95,0,0
43,43,3,-93,0,0
43,44,3,-91,0,0
43,45,3,-89,0,0
43,46,3,-87,0,0
43,47,3,-85,0,0
43,48,3,-83,0,0
43,49,3,-81,0,0
43,50,3,-79,0,0
43,51,3,-77,1,0
43,52,3,-75,1,0
43,53,3,-73,1,0
43,54,3,-71,1,0
43,55,3,-69,1,0
43,56,3,-67,1,0
43,57,3,-65,1,0
43,58,3,-63,1,0
43,59,3,-61,1,0
43,60,3,-59,1,0
43,61,3,-57,1,0
43,62,3,-55,1,0
43,63,3,-53,1,0
43,64,3,-51,1,0
43,65,3,-49,0,0
43,66,3,-47,0,0
43,67,3,-45,0,0
43,68,3,-43,0,0
43,69,3,-41,0,0
43,70,3,-39,0,0
43,71,3,-37,0,0
43,72,3,-35,0,0
43,73,3,-33,0,0
43,74,3,-31,0,0
43,75,3,-29,0,0
43,76,3,-27,0,0
43,77,3,-25,0,0
43,78,3,-23,0,0
43,79,3,-21,0,0
43,80,3,-19,0,0
43,81,3,-17,0,0
43,82,3,-15,0,0
43,83,3,-13,0,0
43,84,3,-11,0,0
43,85,3,-9,0,0
43,86,3,-7,0,0
43,87,3,-5,0,0
43,88,3,-3,0,0
43,89,3,-1,0,0
43,90,3,1,0,0
43,91,3,3,0,0
43,92,3,5,0,0
43,93,3,7,0,0
43,94,3,9,0,0
43,95,3,11,1,0
43,96,3,13,1,0
43,97,3,15,1,0
43,98,3,17,1,0
43,99,3,19,1,0
43,100,3,21,1,0
43,101,3,23,1,0
43,102,3,25,1,0
43,103,3,27,1,0
43,104,3,29,1,0
43,105,3,31,1,0
43,106,3,33,1,0
43,107,3,35,1,0
43,108,3,37,1,0
43,109,3,39,1,0
43,110,3,41,1,0
43,111,3,43,1,0
43,112,3,45,1,0
43,113,3,47,0,0
43,114,3,49,0,0
43,115,3,51,0,0
43,116,3,53,0,0
43,117,3,55,0,0
43,118,3,57,0,0
43,119,3,59,0,0
43,120,3,61,0,0
43,121,3,63,0,0
43,122,3,65,0,0
43,123,3,67,0,0
43,124,3,69,0,0
43,125,3,71,0,0
43,126,3,73,0,0
43,127,3,75,0,0
43,128,3,77,0,0
43,129,3,79,0,0
43,130,3,81,0,0
43,131,3,83,0,0
43,132,3,85,0,0
43,133,3,87,0,0
43,134,3,89,0,0
43,135,3,91,0,0
43,136,3,93,0,0
43,137,3,95,0,0
43,138,3,97,0,0
43,139,3,99,1,0
43,140,3,101,0,0
43,141,3,103,1,0
43,142,3,105,0,0
43,143,3,107,0,0
43,144,3,109,0,0
43,145,3,111,0,0
43,146,3,113,1,0
43,147,3,115,1,0
43,148,3,117,1,0
43,149,3,119,0,0
43,150,3,121,0,0
43,151,3,123,0,0
43,152,3,125,0,0
43,153,3,127,0,0
43,154,3,129,0,0
43,155,3,131,0,0
43,156,3,133,0,0
43,157,3,135,0,0
43,158,3,137,0,0
43,159,3,139,0,0
43,160,3,141,0,0
43,161,3,143,0,0
43,162,3,145,0,0
43,163,3,147,0,0
43,164,3,149,0,0
43,165,3,151,0,0
43,166,3,153,0,0
43,167,3,155,0,0
43,168,3,157,0,0
43,169,3,159,0,0
43,170,3,161,0,0
43,171,3,163,0,0
43,172,3,165,0,0
43,173,3,167,0,0
43,174,3,169,0,0
43,175,3,171,0,0
43,176,3,173,0,0
43,177,3,175,0,0
43,178,3,177,0,0
43,179,3,179,0,0
44,0,1,-179,0,0
44,1,1,-177,0,0
44,2,1,-175,0,0
44,3,1,-173,0,0
44,4,1,-171,0,0
44,5,1,-169,0,0
44,6,1,-167,0,0
44,7,1,-165,0,0
44,8,1,-163,0,0
44,9,1,-161,0,0
44,10,1,-159,0,0
44,11,1,-157,0,0
44,12,1,-155,0,0
44,13,1,-153,0,0
44,14,1,-151,0,0
44,15,1,-149,0,0
44,16,1,-147,0,0
44,17,1,-145,0,0
44,18,1,-143,0,0
44,19,1,-141,0,0
44,20,1,-139,0,0
44,21,1,-137,0,0
44,22,1,-135,0,0
44,23,1,-133,0,0
44,24,1,-131,0,0
44,25,1,-129,0,0
44,26,1,-127,0,0
44,27,1,-125,0,0
44,28,1,-123,0,0
44,29,1,-121,0,0
44,30,1,-119,0,0
44,31,1,-117,0,0
44,32,1,-115,0,0
44,33,1,-113,0,0
44,34,1,-111,0,0
44,35,1,-109,0,0
44,36,1,-107,0,0
44,37,1,-105,0,0
44,38,1,-103,0,0
44,39,1,-101,0,0
44,40,1,-99,0,0
44,41,1,-97,0,0
44,42,1,-95,0,0
44,43,1,-93,0,0
44,44,1,-91,0,0
44,45,1,-89,0,0
44,46,1,-87,0,0
44,47,1,-85,0,0
44,48,1,-83,0,0
44,49,1,-81,0,0
44,50,1,-79,1,0
44,51,1,-77,1,0
44,52,1,-75,1,0
44,53,1,-73,1,0
44,54,1,-71,1,0
44,55,1,-69,1,0
44,56,1,-67,1,0
44,57,1,-65,1,0
44,58,1,-63,1,0
44,59,1,-61,1,0
44,60,1,-59,1,0
44,61,1,-57,1,0
44,62,1,-55,1,0
44,63,1,-53,1,0
44,64,1,-51,1,0
44,65,1,-49,0,0
44,66,1,-47,0,0
44,67,1,-45,0,0
44,68,1,-43,0,0
44,69,1,-41,0,0
44,70,1,-39,0,0
44,71,1,-37,0,0
44,72,1,-35,0,0
44,73,1,-33,0,0
44,74,1,-31,0,0
44,75,1,-29,0,0
44,76,1,-27,0,0
44,77,1,-25,0,0
44,78,1,-23,0,0
44,79,1,-21,0,0
44,80,1,-19,0,0
44,81,1,-17,0,0
44,82,1,-15,0,0
44,83,1,-13,0,0
44,84,1,-11,0,0
44,85,1,-9,0,0
44,86,1,-7,0,0
44,87,1,-5,0,0
44,88,1,-3,0,0
44,89,1,-1,0,0
44,90,1,1,0,0
44,91,1,3,0,0
44,92,1,5,0,0
44,93,1,7,0,0
44,94,1,9,0,0
44,95,1,11,1,0
44,96,1,13,1,0
44,97,1,15,1,0
44,98,1,17,1,0
44,99,1,19,1,0
44,100,1,21,1,0
44,101,1,23,1,0
44,102,1,25,1,0
44,103,1,27,1,0
44,104,1,29,1,0
44,105,1,31,1,0
44,106,1,33,1,0
44,107,1,35,1,0
44,108,1,37,1,0
44,109,1,39,1,0
44,110,1,41,1,0
44,111,1,43,1,0
44,112,1,45,0,0
44,113,1,47,0,0
44,114,1,49,0,0
44,115,1,51,0,0
44,116,1,53,0,0
44,117,1,55,0,0
44,118,1,57,0,0
44,119,1,59,0,0
44,120,1,61,0,0
44,121,1,63,0,0
44,122,1,65,0,0
44,123,1,67,0,0
44,124,1,69,0,0
44,125,1,71,0,0
44,126,1,73,0,0
44,127,1,75,0,0
44,128,1,77,0,0
44,129,1,79,0,0
44,130,1,81,0,0
44,131,1,83,0,0
44,132,1,85,0,0
44,133,1,87,0,0
44,134,1,89,0,0
44,135,1,91,0,0
44,136,1,93,0,0
44,137,1,95,0,0
44,138,1,97,0,0
44,139,1,99,1,0
44,140,1,101,1,0
44,141,1,103,1,0
44,142,1,105,0,0
44,143,1,107,0,0
44,144,1,109,1,0
44,145,1,111,1,0
44,146,1,113,1,0
44,147,1,115,1,0
44,148,1,117,1,0
44,149,1,119,1,0
44,150,1,121,1,0
44,151,1,123,0,0
44,152,1,125,0,0
44,153,1,127,0,0
44,154,1,129,0,0
44,155,1,131,0,0
44,156,1,133,0,0
44,157,1,135,0,0
44,158,1,137,0,0
44,159,1,139,0,0
44,160,1,141,0,0
44,161,1,143,0,0
44,162,1,145,0,0
44,163,1,147,0,0
44,164,1,149,0,0
44,165,1,151,0,0
44,166,1,153,0,0
44,167,1,155,0,0
44,168,1,157,0,0
44,169,1,159,0,0
44,170,1,161,0,0
44,171,1,163,0,0
44,172,1,165,0,0
44,173,1,167,0,0
44,174,1,169,0,0
44,175,1,171,0,0
44,176,1,173,0,0
44,177,1,175,0,0
44,178,1,177,0,0
44,179,1,179,0,0
45,0,-1,-179,0,0
45,1,-1,-177,0,0
45,2,-1,-175,0,0
45,3,-1,-173,0,0
45,4,-1,-171,0,0
45,5,-1,-169,0,0
45,6,-1,-167,0,0
45,7,-1,-165,0,0
45,8,-1,-163,0,0
45,9,-1,-161,0,0
45,10,-1,-159,0,0
45,11,-1,-157,0,0
45,12,-1,-155,0,0
45,13,-1,-153,0,0
45,14,-1,-151,0,0
45,15,-1,-149,0,0
45,16,-1,-147,0,0
45,17,-1,-145,0,0
45,18,-1,-143,0,0
45,19,-1,-141,0,0
45,20,-1,-139,0,0
45,21,-1,-137,0,0
45,22,-1,-135,0,0
45,23,-1,-133,0,0
45,24,-1,-131,0,0
45,25,-1,-129,0,0
45,26,-1,-127,0,0
45,27,-1,-125,0,0
45,28,-1,-123,0,0
45,29,-1,-121,0,0
45,30,-1,-119,0,0
45,31,-1,-117,0,0
45,32,-1,-115,0,0
45,33,-1,-113,0,0
45,34,-1,-111,0,0
45,35,-1,-109,0,0
45,36,-1,-107,0,0
45,37,-1,-105,0,0
45,38,-1,-103,0,0
45,39,-1,-101,0,0
45,40,-1,-99,0,0
45,41,-1,-97,0,0
45,42,-1,-95,0,0
45,43,-1,-93,0,0
45,44,-1,-91,0,0
45,45,-1,-89,0,0
45,46,-1,-87,0,0
45,47,-1,-85,0,0
45,48,-1,-83,0,0
45,49,-1,-81,0,0
45,50,-1,-79,1,0
45,51,-1,-77,1,0
45,52,-1,-75,1,0
45,53,-1,-73,1,0
45,54,-1,-71,1,0
45,55,-1,-69,1,0
45,56,-1,-67,1,0
45,57,-1,-65,1,0
45,58,-1,-63,1,0
45,59,-1,-61,1,0
45,60,-1,-59,1,0
45,61,-1,-57,1,0
45,62,-1,-55,1,0
45,63,-1,-53,1,0
45,64,-1,-51,0,0
45,65,-1,-49,1,0
45,66,-1,-47,1,0
45,67,-1,-45,0,0
45,68,-1,-43,0,0
45,69,-1,-41,0,0
45,70,-1,-39,0,0
45,71,-1,-37,0,0
45,72,-1,-35,0,0
45,73,-1,-33,0,0
45,74,-1,-31,0,0
45,75,-1,-29,0,0
45,76,-1,-27,0,0
45,77,-1,-25,0,0
45,78,-1,-23,0,0
45,79,-1,-21,0,0
45,80,-1,-19,0,0
45,81,-1,-17,0,0
45,82,-1,-15,0,0
45,83,-1,-13,0,0
45,84,-1,-11,0,0
45,85,-1,-9,0,0
45,86,-1,-7,0,0
45,87,-1,-5,0,0
45,88,-1,-3,0,0
45,89,-1,-1,0,0
45,90,-1,1,0,0
45,91,-1,3,0,0
45,92,-1,5,0,0
45,93,-1,7,0,0
45,94,-1,9,1,0
45,95,-1,11,1,0
45,96,-1,13,1,0
45,97,-1,15,1,0
45,98,-1,17,1,0
45,99,-1,19,1,0
45,100,-1,21,1,0
45,101,-1,23,1,0
45,102,-1,25,1,0
45,103,-1,27,1,0
45,104,-1,29,1,0
45,105,-1,31,1,0
45,106,-1,33,1,1
45,107,-1,35,1,0
45,108,-1,37,1,0
45,109,-1,39,1,0
45,110,-1,41,1,0
45,111,-1,43,0,0
45,112,-1,45,0,0
45,113,-1,47,0,0
45,114,-1,49,0,0
45,115,-1,51,0,0
45,116,-1,53,0,0
45,117,-1,55,0,0
45,118,-1,57,0,0
45,119,-1,59,0,0
45,120,-1,61,0,0
45,121,-1,63,0,0
45,122,-1,65,0,0
45,123,-1,67,0,0
45,124,-1,69,0,0
45,125,-1,71,0,0
45,126,-1,73,0,0
45,127,-1,75,0,0
45,128,-1,77,0,0
45,129,-1,79,0,0
45,130,-1,81,0,0
45,131,-1,83,0,0
45,132,-1,85,0,0
45,133,-1,87,0,0
45,134,-1,89,0,0
45,135,-1,91,0,0
45,136,-1,93,0,0
45,137,-1,95,0,0
45,138,-1,97,0,0
45,139,-1,99,0,0
45,140,-1,101,1,0
45,141,-1,103,1,0
45,142,-1,105,0,0
45,143,-1,107,0,0
45,144,-1,109,0,0
45,145,-1,111,1,0
45,146,-1,113,1,0
45,147,-1,115,1,0
45,148,-1,117,1,0
45,149,-1,119,0,0
45,150,-1,121,0,0
45,151,-1,123,0,0
45,152,-1,125,0,0
45,153,-1,127,0,0
45,154,-1,129,0,0
45,155,-1,131,1,0
45,156,-1,133,1,0
45,157,-1,135,0,0
45,158,-1,137,0,0
45,159,-1,139,0,0
45,160,-1,141,0,0
45,161,-1,143,0,0
45,162,-1,145,0,0
45,163,-1,147,0,0
45,164,-1,149,0,0
45,165,-1,151,0,0
45,166,-1,153,0,0
45,167,-1,155,0,0
45,168,-1,157,0,0
45,169,-1,159,0,0
45,170,-1,161,0,0
45,171,-1,163,0,0
45,172,-1,165,0,0
45,173,-1,167,0,0
45,174,-1,169,0,0
45,175,-1,171,0,0
45,176,-1,173,0,0
45,177,-1,175,0,0
45,178,-1,177,0,0
45,179,-1,179,0,0
46,0,-3,-179,0,0
46,1,-3,-177,0,0
46,2,-3,-175,0,0
46,3,-3,-173,0,0
46,4,-3,-171,0,0
46,5,-3,-169,0,0
46,6,-3,-167,0,0
46,7,-3,-165,0,0
46,8,-3,-163,0,0
46,9,-3,-161,0,0
46,10,-3,-159,0,0
46,11,-3,-157,0,0
46,12,-3,-155,0,0
46,13,-3,-153,0,0
46,14,-3,-151,0,0
46,15,-3,-149,0,0
46,16,-3,-147,0,0
46,17,-3,-145,0,0
46,18,-3,-143,0,0
46,19,-3,-141,0,0
46,20,-3,-139,0,0
46,21,-3,-137,0,0
46,22,-3,-135,0,0
46,23,-3,-133,0,0
46,24,-3,-131,0,0
46,25,-3,-129,0,0
46,26,-3,-127,0,0
46,27,-3,-125,0,0
46,28,-3,-123,0,0
46,29,-3,-121,0,0
46,30,-3,-119,0,0
46,31,-3,-117,0,0
46,32,-3,-115,0,0
46,33,-3,-113,0,0
46,34,-3,-111,0,0
46,35,-3,-109,0,0
46,36,-3,-107,0,0
46,37,-3,-105,0,0
46,38,-3,-103,0,0
46,39,-3,-101,0,0
46,40,-3,-99,0,0
46,41,-3,-97,0,0
46,42,-3,-95,0,0
46,43,-3,-93,0,0
46,44,-3,-91,0,0
46,45,-3,-89,0,0
46,46,-3,-87,0,0
46,47,-3,-85,0,0
46,48,-3,-83,0,0
46,49,-3,-81,0,0
46,50,-3,-79,1,0
46,51,-3,-77,1,0
46,52,-3,-75,1,0
46,53,-3,-73,1,0
46,54,-3,-71,1,0
46,55,-3,-69,1,0
46,56,-3,-67,1,0
46,57,-3,-65,1,0
46,58,-3,-63,1,0
46,59,-3,-61,1,0
46,60,-3,-59,1,0
46,61,-3,-57,1,0
46,62,-3,-55,1,0
46,63,-3,-53,1,0
46,64,-3,-51,1,0
46,65,-3,-49,1,0
46,66,-3,-47,1,0
46,67,-3,-45,1,0
46,68,-3,-43,1,0
46,69,-3,-41,1,0
46,70,-3,-39,0,0
46,71,-3,-37,0,0
46,72,-3,-35,0,0
46,73,-3,-33,0,0
46,74,-3,-31,0,0
46,75,-3,-29,0,0
46,76,-3,-27,0,0
46,77,-3,-25,0,0
46,78,-3,-23,0,0
46,79,-3,-21,0,0
46,80,-3,-19,0,0
46,81,-3,-17,0,0
46,82,-3,-15,0,0
46,83,-3,-13,0,0
46,84,-3,-11,0,0
46,85,-3,-9,0,0
46,86,-3,-7,0,0
46,87,-3,-5,0,0
46,88,-3,-3,0,0
46,89,-3,-1,0,0
46,90,-3,1,0,0
46,91,-3,3,0,0
46,92,-3,5,0,0
46,93,-3,7,0,0
46,94,-3,9,0,0
46,95,-3,11,1,0
46,96,-3,13,1,0
46,97,-3,15,1,0
46,98,-3,17,1,0
46,99,-3,19,1,0
46,100,-3,21,1,0
46,101,-3,23,1,0
46,102,-3,25,1,0
46,103,-3,27,1,0
46,104,-3,29,1,0
46,105,-3,31,1,0
46,106,-3,33,1,0
46,107,-3,35,1,0
46,108,-3,37,1,0
46,109,-3,39,1,0
46,110,-3,41,0,0
46,111,-3,43,0,0
46,112,-3,45,0,0
46,113,-3,47,0,0
46,114,-3,49,0,0
46,115,-3,51,0,0
46,116,-3,53,0,0
46,117,-3,55,0,0
46,118,-3,57,0,0
46,119,-3,59,0,0
46,120,-3,61,0,0
46,121,-3,63,0,0
46,122,-3,65,0,0
46,123,-3,67,0,0
46,124,-3,69,0,0
46,125,-3,71,0,0
46,126,-3,73,0,0
46,127,-3,75,0,0
46,128,-3,77,0,0
46,129,-3,79,0,0
46,130,-3,81,0,0
46,131,-3,83,0,0
46,132,-3,85,0,0
46,133,-3,87,0,0
46,134,-3,89,0,0
46,135,-3,91,0,0
46,136,-3,93,0,0
46,137,-3,95,0,0
46,138,-3,97,0,0
46,139,-3,99,0,0
46,140,-3,101,0,0
46,141,-3,103,1,0
46,142,-3,105,1,0
46,143,-3,107,0,0
46,144,-3,109,0,0
46,145,-3,111,1,0
46,146,-3,113,1,0
46,147,-3,115,1,0
46,148,-3,117,0,0
46,149,-3,119,1,0
46,150,-3,121,0,0
46,151,-3,123,0,0
46,152,-3,125,0,0
46,153,-3,127,0,0
46,154,-3,129,1,0
46,155,-3,131,0,0
46,156,-3,133,1,0
46,157,-3,135,0,0
46,158,-3,137,1,0
46,159,-3,139,1,0
46,160,-3,141,1,0
46,161,-3,143,0,0
46,162,-3,145,0,0
46,163,-3,147,0,0
46,164,-3,149,0,0
46,165,-3,151,0,0
46,166,-3,153,0,0
46,167,-3,155,0,0
46,168,-3,157,0,0
46,169,-3,159,0,0
46,170,-3,161,0,0
46,171,-3,163,0,0
46,172,-3,165,0,0
46,173,-3,167,0,0
46,174,-3,169,0,0
46,175,-3,171,0,0
46,176,-3,173,0,0
46,177,-3,175,0,0
46,178,-3,177,0,0
46,179,-3,179,0,0
47,0,-5,-179,0,0
47,1,-5,-177,0,0
47,2,-5,-175,0,0
47,3,-5,-173,0,0
47,4,-5,-171,0,0
47,5,-5,-169,0,0
47,6,-5,-167,0,0
47,7,-5,-165,0,0
47,8,-5,-163,0,0
47,9,-5,-161,0,0
47,10,-5,-159,0,0
47,11,-5,-157,0,0
47,12,-5,-155,0,0
47,13,-5,-153,0,0
47,14,-5,-151,0,0
47,15,-5,-149,0,0
47,16,-5,-147,0,0
47,17,-5,-145,0,0
47,18,-5,-143,0,0
47,19,-5,-141,0,0
47,20,-5,-139,0,0
47,21,-5,-137,0,0
47,22,-5,-135,0,0
47,23,-5,-133,0,0
47,24,-5,-131,0,0
47,25,-5,-129,0,0
47,26,-5,-127,0,0
47,27,-5,-125,0,0
47,28,-5,-123,0,0
47,29,-5,-121,0,0
47,30,-5,-119,0,0
47,31,-5,-117,0,0
47,32,-5,-115,0,0
47,33,-5,-113,0,0
47,34,-5,-111,0,0
47,35,-5,-109,0,0
47,36,-5,-107,0,0
47,37,-5,-105,0,0
47,38,-5,-103,0,0
47,39,-5,-101,0,0
47,40,-5,-99,0,0
47,41,-5,-97,0,0
47,42,-5,-95,0,0
47,43,-5,-93,0,0
47,44,-5,-91,0,0
47,45,-5,-89,0,0
47,46,-5,-87,0,0
47,47,-5,-85,0,0
47,48,-5,-83,0,0
47,49,-5,-81,1,0
47,50,-5,-79,1,0
47,51,-5,-77,1,0
47,52,-5,-75,1,0
47,53,-5,-73,1,0
47,54,-5,-71,1,0
47,55,-5,-69,1,0
47,56,-5,-67,1,0
47,57,-5,-65,1,0
47,58,-5,-63,1,0
47,59,-5,-61,1,0
47,60,-5,-59,1,0
47,61,-5,-57,1,0
47,62,-5,-55,1,0
47,63,-5,-53,1,0
47,64,-5,-51,1,0
47,65,-5,-49,1,0
47,66,-5,-47,1,0
47,67,-5,-45,1,0
47,68,-5,-43,1,0
47,69,-5,-41,1,0
47,70,-5,-39,1,0
47,71,-5,-37,1,0
47,72,-5,-35,0,0
47,73,-5,-33,0,0
47,74,-5,-31,0,0
47,75,-5,-29,0,0
47,76,-5,-27,0,0
47,77,-5,-25,0,0
47,78,-5,-23,0,0
47,79,-5,-21,0,0
47,80,-5,-19,0,0
47,81,-5,-17,0,0
47,82,-5,-15,0,0
47,83,-5,-13,0,0
47,84,-5,-11,0,0
47,85,-5,-9,0,0
47,86,-5,-7,0,0
47,87,-5,-5,0,0
47,88,-5,-3,0,0
47,89,-5,-1,0,0
47,90,-5,1,0,0
47,91,-5,3,0,0
47,92,-5,5,0,0
47,93,-5,7,0,0
47,94,-5,9,0,0
47,95,-5,11,0,0
47,96,-5,13,1,0
47,97,-5,15,1,0
47,98,-5,17,1,0
47,99,-5,19,1,0
47,100,-5,21,1,0
47,101,-5,23,1,0
47,102,-5,25,1,0
47,103,-5,27,1,0
47,104,-5,29,1,0
47,105,-5,31,1,0
47,106,-5,33,1,0
47,107,-5,35,1,0
47,108,-5,37,1,0
47,109,-5,39,1,0
47,110,-5,41,0,0
47,111,-5,43,0,0
47,112,-5,45,0,0
47,113,-5,47,0,0
47,114,-5,49,0,0
47,115,-5,51,0,0
47,116,-5,53,0,0
47,117,-5,55,0,0
47,118,-5,57,0,0
47,119,-5,59,0,0
47,120,-5,61,0,0
47,121,-5,63,0,0
47,122,-5,65,0,0
47,123,-5,67,0,0
47,124,-5,69,0,0
47,125,-5,71,0,0
47,126,-5,73,0,0
47,127,-5,75,0,0
47,128,-5,77,0,0
47,129,-5,79,0,0
47,130,-5,81,0,0
47,131,-5,83,0,0
47,132,-5,85,0,0
47,133,-5,87,0,0
47,134,-5,89,0,0
47,135,-5,91,0,0
47,136,-5,93,0,0
47,137,-5,95,0,0
47,138,-5,97,0,0
47,139,-5,99,0,0
47,140,-5,101,0,0
47,141,-5,103,0,0
47,142,-5,105,1,0
47,143,-5,107,0,0
47,144,-5,109,0,0
47,145,-5,111,0,0
47,146,-5,113,0,0
47,147,-5,115,0,0
47,148,-5,117,0,0
47,149,-5,119,0,0
47,150,-5,121,0,0
47,151,-5,123,0,0
47,152,-5,125,0,0
47,153,-5,127,0,0
47,154,-5,129,0,0
47,155,-5,131,0,0
47,156,-5,133,0,0
47,157,-5,135,0,0
47,158,-5,137,0,0
47,159,-5,139,1,0
47,160,-5,141,1,0
47,161,-5,143,1,0
47,162,-5,145,1,0
47,163,-5,147,0,0
47,164,-5,149,0,0
47,165,-5,151,0,0
47,166,-5,153,0,0
47,167,-5,155,0,0
47,168,-5,157,0,0
47,169,-5,159,0,0
47,170,-5,161,0,0
47,171,-5,163,0,0
47,172,-5,165,0,0
47,173,-5,167,0,0
47,174,-5,169,0,0
47,175,-5,171,0,0
47,176,-5,173,0,0
47,177,-5,175,0,0
47,178,-5,177,0,0
47,179,-5,179,0,0
48,0,-7,-179,0,0
48,1,-7,-177,0,0
48,2,-7,-175,0,0
48,3,-7,-173,0,0
48,4,-7,-171,0,0
48,5,-7,-169,0,0
48,6,-7,-167,0,0
48,7,-7,-165,0,0
48,8,-7,-163,0,0
48,9,-7,-161,0,0
48,10,-7,-159,0,0
48,11,-7,-157,0,0
48,12,-7,-155,0,0
48,13,-7,-153,0,0
48,14,-7,-151,0,0
48,15,-7,-149,0,0
48,16,-7,-147,0,0
48,17,-7,-145,0,0
48,18,-7,-143,0,0
48,19,-7,-141,0,0
48,20,-7,-139,0,0
48,21,-7,-137,0,0
48,22,-7,-135,0,0
48,23,-7,-133,0,0
48,24,-7,-131,0,0
48,25,-7,-129,0,0
48,26,-7,-127,0,0
48,27,-7,-125,0,0
48,28,-7,-123,0,0
48,29,-7,-121,0,0
48,30,-7,-119,0,0
48,31,-7,-117,0,0
48,32,-7,-115,0,0
48,33,-7,-113,0,0
48,34,-7,-111,0,0
48,35,-7,-109,0,0
48,36,-7,-107,0,0
48,37,-7,-105,0,0
48,38,-7,-103,0,0
48,39,-7,-101,0,0
48,40,-7,-99,0,0
48,41,-7,-97,0,0
48,42,-7,-95,0,0
48,43,-7,-93,0,0
48,44,-7,-91,0,0
48,45,-7,-89,0,0
48,46,-7,-87,0,0
48,47,-7,-85,0,0
48,48,-7,-83,0,0
48,49,-7,-81,0,0
48,50,-7,-79,1,0
48,51,-7,-77,1,0
48,52,-7,-75,1,0
48,53,-7,-73,1,0
48,54,-7,-71,1,0
48,55,-7,-69,1,0
48,56,-7,-67,1,0
48,57,-7,-65,1,0
48,58,-7,-63,1,0
48,59,-7,-61,1,0
48,60,-7,-59,1,0
48,61,-7,-57,1,0
48,62,-7,-55,1,0
48,63,-7,-53,1,0
48,64,-7,-51,1,0
48,65,-7,-49,1,0
48,66,-7,-47,1,0
48,67,-7,-45,1,0
48,68,-7,-43,1,0
48,69,-7,-41,1,0
48,70,-7,-39,1,0
48,71,-7,-37,1,0
48,72,-7,-35,1,0
48,73,-7,-33,0,0
48,74,-7,-31,0,0
48,75,-7,-29,0,0
48,76,-7,-27,0,0
48,77,-7,-25,0,0
48,78,-7,-23,0,0
48,79,-7,-21,0,0
48,80,-7,-19,0,0
48,81,-7,-17,0,0
48,82,-7,-15,0,0
48,83,-7,-13,0,0
48,84,-7,-11,0,0
48,85,-7,-9,0,0
48,86,-7,-7,0,0
48,87,-7,-5,0,0
48,88,-7,-3,0,0
48,89,-7,-1,0,0
48,90,-7,1,0,0
48,91,-7,3,0,0
48,92,-7,5,0,0
48,93,-7,7,0,0
48,94,-7,9,0,0
48,95,-7,11,0,0
48,96,-7,13,1,0
48,97,-7,15,1,0
48,98,-7,17,1,0
48,99,-7,19,1,0
48,100,-7,21,1,0
48,101,-7,23,1,0
48,102,-7,25,1,0
48,103,-7,27,1,0
48,104,-7,29,1,0
48,105,-7,31,1,0
48,106,-7,33,1,0
48,107,-7,35,1,0
48,108,-7,37,1,0
48,109,-7,39,1,0
48,110,-7,41,0,0
48,111,-7,43,0,0
48,112,-7,45,0,0
48,113,-7,47,0,0
48,114,-7,49,0,0
48,115,-7,51,0,0
48,116,-7,53,0,0
48,117,-7,55,0,0
48,118,-7,57,0,0
48,119,-7,59,0,0
48,120,-7,61,0,0
48,121,-7,63,0,0
48,122,-7,65,0,0
48,123,-7,67,0,0
48,124,-7,69,0,0
48,125,-7,71,0,0
48,126,-7,73,0,0
48,127,-7,75,0,0
48,128,-7,77,0,0
48,129,-7,79,0,0
48,130,-7,81,0,0
48,131,-7,83,0,0
48,132,-7,85,0,0
48,133,-7,87,0,0
48,134,-7,89,0,0
48,135,-7,91,0,0
48,136,-7,93,0,0
48,137,-7,95,0,0
48,138,-7,97,0,0
48,139,-7,99,0,0
48,140,-7,101,0,0
48,141,-7,103,0,0
48,142,-7,105,0,0
48,143,-7,107,1,0
48,144,-7,109,1,0
48,145,-7,111,1,0
48,146,-7,113,1,0
48,147,-7,115,0,0
48,148,-7,117,0,0
48,149,-7,119,0,0
48,150,-7,121,0,0
48,151,-7,123,0,0
48,152,-7,125,0,0
48,153,-7,127,0,0
48,154,-7,129,0,0
48,155,-7,131,0,0
48,156,-7,133,0,0
48,157,-7,135,0,0
48,158,-7,137,0,0
48,159,-7,139,1,0
48,160,-7,141,1,0
48,161,-7,143,1,0
48,162,-7,145,1,0
48,163,-7,147,0,0
48,164,-7,149,0,0
48,165,-7,151,0,0
48,166,-7,153,0,0
48,167,-7,155,0,0
48,168,-7,157,1,0
48,169,-7,159,0,0
48,170,-7,161,0,0
48,171,-7,163,0,0
48,172,-7,165,0,0
48,173,-7,167,0,0
48,174,-7,169,0,0
48,175,-7,171,0,0
48,176,-7,173,0,0
48,177,-7,175,0,0
48,178,-7,177,0,0
48,179,-7,179,0,0
49,0,-9,-179,0,0
49,1,-9,-177,0,0
49,2,-9,-175,0,0
49,3,-9,-173,0,0
49,4,-9,-171,0,0
49,5,-9,-169,0,0
49,6,-9,-167,0,0
49,7,-9,-165,0,0
49,8,-9,-163,0,0
49,9,-9,-161,0,0
49,10,-9,-159,0,0
49,11,-9,-157,0,0
49,12,-9,-155,0,0
49,13,-9,-153,0,0
49,14,-9,-151,0,0
49,15,-9,-149,0,0
49,16,-9,-147,0,0
49,17,-9,-145,0,0
49,18,-9,-143,0,0
49,19,-9,-141,0,0
49,20,-9,-139,0,0
49,21,-9,-137,0,0
49,22,-9,-135,0,0
49,23,-9,-133,0,0
49,24,-9,-131,0,0
49,25,-9,-129,0,0
49,26,-9,-127,0,0
49,27,-9,-125,0,0
49,28,-9,-123,0,0
49,29,-9,-121,0,0
49,30,-9,-119,0,0
49,31,-9,-117,0,0
49,32,-9,-115,0,0
49,33,-9,-113,0,0
49,34,-9,-111,0,0
49,35,-9,-109,0,0
49,36,-9,-107,0,0
49,37,-9,-105,0,0
49,38,-9,-103,0,0
49,39,-9,-101,0,0
49,40,-9,-99,0,0
49,41,-9,-97,0,0
49,42,-9,-95,0,0
49,43,-9,-93,0,0
49,44,-9,-91,0,0
49,45,-9,-89,0,0
49,46,-9,-87,0,0
49,47,-9,-85,0,0
49,48,-9,-83,0,0
49,49,-9,-81,0,0
49,50,-9,-79,0,0
49,51,-9,-77,1,0
49,52,-9,-75,1,0
49,53,-9,-73,1,0
49,54,-9,-71,1,0
49,55,-9,-69,1,0
49,56,-9,-67,1,0
49,57,-9,-65,1,0
49,58,-9,-63,1,0
49,59,-9,-61,1,0
49,60,-9,-59,1,0
49,61,-9,-57,1,0
49,62,-9,-55,1,0
49,63,-9,-53,1,0
49,64,-9,-51,1,0
49,65,-9,-49,1,0
49,66,-9,-47,1,0
49,67,-9,-45,1,0
49,68,-9,-43,1,0
49,69,-9,-41,1,0
49,70,-9,-39,1,0
49,71,-9,-37,1,0
49,72,-9,-35,0,0
49,73,-9,-33,0,0
49,74,-9,-31,0,0
49,75,-9,-29,0,0
49,76,-9,-27,0,0
49,77,-9,-25,0,0
49,78,-9,-23,0,0
49,79,-9,-21,0,0
49,80,-9,-19,0,0
49,81,-9,-17,0,0
49,82,-9,-15,0,0
49,83,-9,-13,0,0
49,84,-9,-11,0,0
49,85,-9,-9,0,0
49,86,-9,-7,0,0
49,87,-9,-5,0,0
49,88,-9,-3,0,0
49,89,-9,-1,0,0
49,90,-9,1,0,0
49,91,-9,3,0,0
49,92,-9,5,0,0
49,93,-9,7,0,0
49,94,-9,9,0,0
49,95,-9,11,0,0
49,96,-9,13,0,0
49,97,-9,15,1,0
49,98,-9,17,1,0
49,99,-9,19,1,0
49,100,-9,21,1,0
49,101,-9,23,1,0
49,102,-9,25,1,0
49,103,-9,27,1,0
49,104,-9,29,1,0
49,105,-9,31,1,0
49,106,-9,33,1,0
49,107,-9,35,1,0
49,108,-9,37,1,0
49,109,-9,39,1,0
49,110,-9,41,0,0
49,111,-9,43,0,0
49,112,-9,45,0,0
49,113,-9,47,0,0
49,114,-9,49,0,0
49,115,-9,51,0,0
49,116,-9,53,0,0
49,117,-9,55,0,0
49,118,-9,57,0,0
49,119,-9,59,0,0
49,120,-9,61,0,0
49,121,-9,63,0,0
49,122,-9,65,0,0
49,123,-9,67,0,0
49,124,-9,69,0,0
49,125,-9,71,0,0
49,126,-9,73,0,0
49,127,-9,75,0,0
49,128,-9,77,0,0
49,129,-9,79,0,0
49,130,-9,81,0,0
49,131,-9,83,0,0
49,132,-9,85,0,0
49,133,-9,87,0,0
49,134,-9,89,0,0
49,135,-9,91,0,0
49,136,-9,93,0,0
49,137,-9,95,0,0
49,138,-9,97,0,0
49,139,-9,99,0,0
49,140,-9,101,0,0
49,141,-9,103,0,0
49,142,-9,105,0,0
49,143,-9,107,0,0
49,144,-9,109,0,0
49,145,-9,111,0,0
49,146,-9,113,0,0
49,147,-9,115,0,0
49,148,-9,117,1,0
49,149,-9,119,0,0
49,150,-9,121,0,0
49,151,-9,123,0,0
49,152,-9,125,1,0
49,153,-9,127,0,0
49,154,-9,129,0,0
49,155,-9,131,0,0
49,156,-9,133,0,0
49,157,-9,135,0,0
49,158,-9,137,0,0
49,159,-9,139,0,0
49,160,-9,141,1,0
49,161,-9,143,1,0
49,162,-9,145,0,0
49,163,-9,147,1,0
49,164,-9,149,0,0
49,165,-9,151,0,0
49,166,-9,153,0,0
49,167,-9,155,0,0
49,168,-9,157,0,0
49,169,-9,159,0,0
49,170,-9,161,1,0
49,171,-9,163,0,0
49,172,-9,165,0,0
49,173,-9,167,0,0
49,174,-9,169,0,0
49,175,-9,171,0,0
49,176,-9,173,0,0
49,177,-9,175,0,0
49,178,-9,177,0,0
49,179,-9,179,0,0
50,0,-11,-179,0,0
50,1,-11,-177,0,0
50,2,-11,-175,0,0
50,3,-11,-173,0,0
50,4,-11,-171,0,0
50,5,-11,-169,0,0
50,6,-11,-167,0,0
50,7,-11,-165,0,0
50,8,-11,-163,0,0
50,9,-11,-161,0,0
50,10,-11,-159,0,0
50,11,-11,-157,0,0
50,12,-11,-155,0,0
50,13,-11,-153,0,0
50,14,-11,-151,0,0
50,15,-11,-149,0,0
50,16,-11,-147,0,0
50,17,-11,-145,0,0
50,18,-11,-143,0,0
50,19,-11,-141,0,0
50,20,-11,-139,0,0
50,21,-11,-137,0,0
50,22,-11,-135,0,0
50,23,-11,-133,0,0
50,24,-11,-131,0,0
50,25,-11,-129,0,0
50,26,-11,-127,0,0
50,27,-11,-125,0,0
50,28,-11,-123,0,0
50,29,-11,-121,0,0
50,30,-11,-119,0,0
50,31,-11,-117,0,0
50,32,-11,-115,0,0
50,33,-11,-113,0,0
50,34,-11,-111,0,0
50,35,-11,-109,0,0
50,36,-11,-107,0,0
50,37,-11,-105,0,0
50,38,-11,-103,0,0
50,39,-11,-101,0,0
50,40,-11,-99,0,0
50,41,-11,-97,0,0
50,42,-11,-95,0,0
50,43,-11,-93,0,0
50,44,-11,-91,0,0
50,45,-11,-89,0,0
50,46,-11,-87,0,0
50,47,-11,-85,0,0
50,48,-11,-83,0,0
50,49,-11,-81,0,0
50,50,-11,-79,0,0
50,51,-11,-77,1,0
50,52,-11,-75,1,0
50,53,-11,-73,1,0
50,54,-11,-71,1,0
50,55,-11,-69,1,0
50,56,-11,-67,1,0
50,57,-11,-65,1,0
50,58,-11,-63,1,0
50,59,-11,-61,1,0
50,60,-11,-59,1,0
50,61,-11,-57,1,0
50,62,-11,-55,1,0
50,63,-11,-53,1,0
50,64,-11,-51,1,0
50,65,-11,-49,1,0
50,66,-11,-47,1,0
50,67,-11,-45,1,0
50,68,-11,-43,1,1
50,69,-11,-41,1,0
50,70,-11,-39,1,0
50,71,-11,-37,0,0
50,72,-11,-35,0,0
50,73,-11,-33,0,0
50,74,-11,-31,0,0
50,75,-11,-29,0,0
50,76,-11,-27,0,0
50,77,-11,-25,0,0
50,78,-11,-23,0,0
50,79,-11,-21,0,0
50,80,-11,-19,0,0
50,81,-11,-17,0,0
50,82,-11,-15,0,0
50,83,-11,-13,0,0
50,84,-11,-11,0,0
50,85,-11,-9,0,0
50,86,-11,-7,0,0
50,87,-11,-5,0,0
50,88,-11,-3,0,0
50,89,-11,-1,0,0
50,90,-11,1,0,0
50,91,-11,3,0,0
50,92,-11,5,0,0
50,93,-11,7,0,0
50,94,-11,9,0,0
50,95,-11,11,0,0
50,96,-11,13,0,0
50,97,-11,15,1,0
50,98,-11,17,1,0
50,99,-11,19,1,0
50,100,-11,21,1,0
50,101,-11,23,1,0
50,102,-11,25,1,0
50,103,-11,27,1,1
50,104,-11,29,1,0
50,105,-11,31,1,0
50,106,-11,33,1,0
50,107,-11,35,1,0
50,108,-11,37,1,0
50,109,-11,39,1,0
50,110,-11,41,0,0
50,111,-11,43,0,0
50,112,-11,45,0,0
50,113,-11,47,0,0
50,114,-11,49,0,0
50,115,-11,51,0,0
50,116,-11,53,0,0
50,117,-11,55,0,0
50,118,-11,57,0,0
50,119,-11,59,0,0
50,120,-11,61,0,0
50,121,-11,63,0,0
50,122,-11,65,0,0
50,123,-11,67,0,0
50,124,-11,69,0,0
50,125,-11,71,0,0
50,126,-11,73,0,0
50,127,-11,75,0,0
50,128,-11,77,0,0
50,129,-11,79,0,0
50,130,-11,81,0,0
50,131,-11,83,0,0
50,132,-11,85,0,0
50,133,-11,87,0,0
50,134,-11,89,0,0
50,135,-11,91,0,0
50,136,-11,93,0,0
50,137,-11,95,0,0
50,138,-11,97,0,0
50,139,-11,99,0,0
50,140,-11,101,0,0
50,141,-11,103,0,0
50,142,-11,105,0,0
50,143,-11,107,0,0
50,144,-11,109,0,0
50,145,-11,111,0,0
50,146,-11,113,0,0
50,147,-11,115,0,0
50,148,-11,117,0,0
50,149,-11,119,0,0
50,150,-11,121,0,0
50,151,-11,123,0,0
50,152,-11,125,0,0
50,153,-11,127,0,0
50,154,-11,129,0,0
50,155,-11,131,0,0
50,156,-11,133,0,0
50,157,-11,135,0,0
50,158,-11,137,0,0
50,159,-11,139,0,0
50,160,-11,141,0,0
50,161,-11,143,0,0
50,162,-11,145,0,0
50,163,-11,147,0,0
50,164,-11,149,0,0
50,165,-11,151,0,0
50,166,-11,153,0,0
50,167,-11,155,0,0
50,168,-11,157,0,0
50,169,-11,159,0,0
50,170,-11,161,0,0
50,171,-11,163,0,0
50,172,-11,165,0,0
50,173,-11,167,0,0
50,174,-11,169,0,0
50,175,-11,171,0,0
50,176,-11,173,0,0
50,177,-11,175,0,0
50,178,-11,177,0,0
50,179,-11,179,0,0
51,0,-13,-179,0,0
51,1,-13,-177,0,0
51,2,-13,-175,0,0
51,3,-13,-173,0,0
51,4,-13,-171,0,0
51,5,-13,-169,0,0
51,6,-13,-167,0,0
51,7,-13,-165,0,0
51,8,-13,-163,0,0
51,9,-13,-161,0,0
51,10,-13,-159,0,0
51,11,-13,-157,0,0
51,12,-13,-155,0,0
51,13,-13,-153,0,0
51,14,-13,-151,0,0
51,15,-13,-149,0,0
51,16,-13,-147,0,0
51,17,-13,-145,0,0
51,18,-13,-143,0,0
51,19,-13,-141,0,0
51,20,-13,-139,0,0
51,21,-13,-137,0,0
51,22,-13,-135,0,0
51,23,-13,-133,0,0
51,24,-13,-131,0,0
51,25,-13,-129,0,0
51,26,-13,-127,0,0
51,27,-13,-125,0,0
51,28,-13,-123,0,0
51,29,-13,-121,0,0
51,30,-13,-119,0,0
51,31,-13,-117,0,0
51,32,-13,-115,0,0
51,33,-13,-113,0,0
51,34,-13,-111,0,0
51,35,-13,-109,0,0
51,36,-13,-107,0,0
51,37,-13,-105,0,0
51,38,-13,-103,0,0
51,39,-13,-101,0,0
51,40,-13,-99,0,0
51,41,-13,-97,0,0
51,42,-13,-95,0,0
51,43,-13,-93,0,0
51,44,-13,-91,0,0
51,45,-13,-89,0,0
51,46,-13,-87,0,0
51,47,-13,-85,0,0
51,48,-13,-83,0,0
51,49,-13,-81,0,0
51,50,-13,-79,0,0
51,51,-13,-77,0,0
51,52,-13,-75,1,0
51,53,-13,-73,1,0
51,54,-13,-71,1,0
51,55,-13,-69,1,0
51,56,-13,-67,1,0
51,57,-13,-65,1,0
51,58,-13,-63,1,0
51,59,-13,-61,1,0
51,60,-13,-59,1,0
51,61,-13,-57,1,0
51,62,-13,-55,1,0
51,63,-13,-53,1,0
51,64,-13,-51,1,0
51,65,-13,-49,1,0
51,66,-13,-47,1,0
51,67,-13,-45,1,0
51,68,-13,-43,1,0
51,69,-13,-41,1,0
51,70,-13,-39,1,0
51,71,-13,-37,0,0
51,72,-13,-35,0,0
51,73,-13,-33,0,0
51,74,-13,-31,0,0
51,75,-13,-29,0,0
51,76,-13,-27,0,0
51,77,-13,-25,0,0
51,78,-13,-23,0,0
51,79,-13,-21,0,0
51,80,-13,-19,0,0
51,81,-13,-17,0,0
51,82,-13,-15,0,0
51,83,-13,-13,0,0
51,84,-13,-11,0,0
51,85,-13,-9,0,0
51,86,-13,-7,0,0
51,87,-13,-5,0,0
51,88,-13,-3,0,0
51,89,-13,-1,0,0
51,90,-13,1,0,0
51,91,-13,3,0,0
51,92,-13,5,0,0
51,93,-13,7,0,0
51,94,-13,9,0,0
51,95,-13,11,0,0
51,96,-13,13,1,0
51,97,-13,15,1,0
51,98,-13,17,1,0
51,99,-13,19,1,0
51,100,-13,21,1,0
51,101,-13,23,1,0
51,102,-13,25,1,0
51,103,-13,27,1,0
51,104,-13,29,1,0
51,105,-13,31,1,0
51,106,-13,33,1,0
51,107,-13,35,1,0
51,108,-13,37,1,0
51,109,-13,39,1,0
51,110,-13,41,0,0
51,111,-13,43,0,0
51,112,-13,45,0,0
51,113,-13,47,0,0
51,114,-13,49,1,0
51,115,-13,51,0,0
51,116,-13,53,0,0
51,117,-13,55,0,0
51,118,-13,57,0,0
51,119,-13,59,0,0
51,120,-13,61,0,0
51,121,-13,63,0,0
51,122,-13,65,0,0
51,123,-13,67,0,0
51,124,-13,69,0,0
51,125,-13,71,0,0
51,126,-13,73,0,0
51,127,-13,75,0,0
51,128,-13,77,0,0
51,129,-13,79,0,0
51,130,-13,81,0,0
51,131,-13,83,0,0
51,132,-13,85,0,0
51,133,-13,87,0,0
51,134,-13,89,0,0
51,135,-13,91,0,0
51,136,-13,93,0,0
51,137,-13,95,0,0
51,138,-13,97,0,0
51,139,-13,99,0,0
51,140,-13,101,0,0
51,141,-13,103,0,0
51,142,-13,105,0,0
51,143,-13,107,0,0
51,144,-13,109,0,0
51,145,-13,111,0,0
51,146,-13,113,0,0
51,147,-13,115,0,0
51,148,-13,117,0,0
51,149,-13,119,0,0
51,150,-13,121,0,0
51,151,-13,123,0,0
51,152,-13,125,0,0
51,153,-13,127,0,0
51,154,-13,129,0,0
51,155,-13,131,1,0
51,156,-13,133,1,0
51,157,-13,135,1,0
51,158,-13,137,0,0
51,159,-13,139,0,0
51,160,-13,141,0,0
51,161,-13,143,1,0
51,162,-13,145,0,0
51,163,-13,147,0,0
51,164,-13,149,0,0
51,165,-13,151,0,0
51,166,-13,153,0,0
51,167,-13,155,0,0
51,168,-13,157,0,0
51,169,-13,159,0,0
51,170,-13,161,0,0
51,171,-13,163,0,0
51,172,-13,165,0,0
51,173,-13,167,0,0
51,174,-13,169,0,0
51,175,-13,171,0,0
51,176,-13,173,0,0
51,177,-13,175,0,0
51,178,-13,177,0,0
51,179,-13,179,0,0
52,0,-15,-179,0,0
52,1,-15,-177,0,0
52,2,-15,-175,0,0
52,3,-15,-173,0,0
52,4,-15,-171,0,0
52,5,-15,-169,0,0
52,6,-15,-167,0,0
52,7,-15,-165,0,0
52,8,-15,-163,0,0
52,9,-15,-161,0,0
52,10,-15,-159,0,0
52,11,-15,-157,0,0
52,12,-15,-155,0,0
52,13,-15,-153,0,0
52,14,-15,-151,0,0
52,15,-15,-149,0,0
52,16,-15,-147,0,0
52,17,-15,-145,0,0
52,18,-15,-143,0,0
52,19,-15,-141,0,0
52,20,-15,-139,0,0
52,21,-15,-137,0,0
52,22,-15,-135,0,0
52,23,-15,-133,0,0
52,24,-15,-131,0,0
52,25,-15,-129,0,0
52,26,-15,-127,0,0
52,27,-15,-125,0,0
52,28,-15,-123,0,0
52,29,-15,-121,0,0
52,30,-15,-119,0,0
52,31,-15,-117,0,0
52,32,-15,-115,0,0
52,33,-15,-113,0,0
52,34,-15,-111,0,0
52,35,-15,-109,0,0
52,36,-15,-107,0,0
52,37,-15,-105,0,0
52,38,-15,-103,0,0
52,39,-15,-101,0,0
52,40,-15,-99,0,0
52,41,-15,-97,0,0
52,42,-15,-95,0,0
52,43,-15,-93,0,0
52,44,-15,-91,0,0
52,45,-15,-89,0,0
52,46,-15,-87,0,0
52,47,-15,-85,0,0
52,48,-15,-83,0,0
52,49,-15,-81,0,0
52,50,-15,-79,0,0
52,51,-15,-77,0,0
52,52,-15,-75,1,0
52,53,-15,-73,1,0
52,54,-15,-71,1,0
52,55,-15,-69,1,0
52,56,-15,-67,1,0
52,57,-15,-65,1,0
52,58,-15,-63,1,0
52,59,-15,-61,1,0
52,60,-15,-59,1,0
52,61,-15,-57,1,0
52,62,-15,-55,1,0
52,63,-15,-53,1,0
52,64,-15,-51,1,0
52,65,-15,-49,1,0
52,66,-15,-47,1,0
52,67,-15,-45,1,0
52,68,-15,-43,1,0
52,69,-15,-41,1,0
52,70,-15,-39,0,0
52,71,-15,-37,0,0
52,72,-15,-35,0,0
52,73,-15,-33,0,0
52,74,-15,-31,0,0
52,75,-15,-29,0,0
52,76,-15,-27,0,0
52,77,-15,-25,0,0
52,78,-15,-23,0,0
52,79,-15,-21,0,0
52,80,-15,-19,0,0
52,81,-15,-17,0,0
52,82,-15,-15,0,0
52,83,-15,-13,0,0
52,84,-15,-11,0,0
52,85,-15,-9,0,0
52,86,-15,-7,0,0
52,87,-15,-5,0,0
52,88,-15,-3,0,0
52,89,-15,-1,0,0
52,90,-15,1,0,0
52,91,-15,3,0,0
52,92,-15,5,0,0
52,93,-15,7,0,0
52,94,-15,9,0,0
52,95,-15,11,0,0
52,96,-15,13,1,0
52,97,-15,15,1,0
52,98,-15,17,1,0
52,99,-15,19,1,0
52,100,-15,21,1,0
52,101,-15,23,1,0
52,102,-15,25,1,0
52,103,-15,27,1,0
52,104,-15,29,1,0
52,105,-15,31,1,0
52,106,-15,33,1,0
52,107,-15,35,1,0
52,108,-15,37,1,0
52,109,-15,39,1,0
52,110,-15,41,0,0
52,111,-15,43,0,0
52,112,-15,45,0,0
52,113,-15,47,0,0
52,114,-15,49,1,0
52,115,-15,51,0,0
52,116,-15,53,0,0
52,117,-15,55,0,0
52,118,-15,57,0,0
52,119,-15,59,0,0
52,120,-15,61,0,0
52,121,-15,63,0,0
52,122,-15,65,0,0
52,123,-15,67,0,0
52,124,-15,69,0,0
52,125,-15,71,0,0
52,126,-15,73,0,0
52,127,-15,75,0,0
52,128,-15,77,0,0
52,129,-15,79,0,0
52,130,-15,81,0,0
52,131,-15,83,0,0
52,132,-15,85,0,0
52,133,-15,87,0,0
52,134,-15,89,0,0
52,135,-15,91,0,0
52,136,-15,93,0,0
52,137,-15,95,0,0
52,138,-15,97,0,0
52,139,-15,99,0,0
52,140,-15,101,0,0
52,141,-15,103,0,0
52,142,-15,105,0,0
52,143,-15,107,0,0
52,144,-15,109,0,0
52,145,-15,111,0,0
52,146,-15,113,0,0
52,147,-15,115,0,0
52,148,-15,117,0,0
52,149,-15,119,0,0
52,150,-15,121,0,0
52,151,-15,123,0,0
52,152,-15,125,0,0
52,153,-15,127,1,0
52,154,-15,129,1,0
52,155,-15,131,1,0
52,156,-15,133,1,0
52,157,-15,135,1,0
52,158,-15,137,0,0
52,159,-15,139,0,0
52,160,-15,141,0,0
52,161,-15,143,1,0
52,162,-15,145,1,0
52,163,-15,147,0,0
52,164,-15,149,0,0
52,165,-15,151,0,0
52,166,-15,153,0,0
52,167,-15,155,0,0
52,168,-15,157,0,0
52,169,-15,159,0,0
52,170,-15,161,0,0
52,171,-15,163,0,0
52,172,-15,165,0,0
52,173,-15,167,1,0
52,174,-15,169,0,0
52,175,-15,171,0,0
52,176,-15,173,0,0
52,177,-15,175,0,0
52,178,-15,177,0,0
52,179,-15,179,0,0
53,0,-17,-179,0,0
53,1,-17,-177,0,0
53,2,-17,-175,0,0
53,3,-17,-173,0,0
53,4,-17,-171,0,0
53,5,-17,-169,0,0
53,6,-17,-167,0,0
53,7,-17,-165,0,0
53,8,-17,-163,0,0
53,9,-17,-161,0,0
53,10,-17,-159,0,0
53,11,-17,-157,0,0
53,12,-17,-155,0,0
53,13,-17,-153,0,0
53,14,-17,-151,0,0
53,15,-17,-149,0,0
53,16,-17,-147,0,0
53,17,-17,-145,0,0
53,18,-17,-143,0,0
53,19,-17,-141,0,0
53,20,-17,-139,0,0
53,21,-17,-137,0,0
53,22,-17,-135,0,0
53,23,-17,-133,0,0
53,24,-17,-131,0,0
53,25,-17,-129,0,0
53,26,-17,-127,0,0
53,27,-17,-125,0,0
53,28,-17,-123,0,0
53,29,-17,-121,0,0
53,30,-17,-119,0,0
53,31,-17,-117,0,0
53,32,-17,-115,0,0
53,33,-17,-113,0,0
53,34,-17,-111,0,0
53,35,-17,-109,0,0
53,36,-17,-107,0,0
53,37,-17,-105,0,0
53,38,-17,-103,0,0
53,39,-17,-101,0,0
53,40,-17,-99,0,0
53,41,-17,-97,0,0
53,42,-17,-95,0,0
53,43,-17,-93,0,0
53,44,-17,-91,0,0
53,45,-17,-89,0,0
53,46,-17,-87,0,0
53,47,-17,-85,0,0
53,48,-17,-83,0,0
53,49,-17,-81,0,0
53,50,-17,-79,0,0
53,51,-17,-77,0,0
53,52,-17,-75,0,0
53,53,-17,-73,0,0
53,54,-17,-71,1,0
53,55,-17,-69,1,0
53,56,-17,-67,1,0
53,57,-17,-65,1,0
53,58,-17,-63,1,0
53,59,-17,-61,1,0
53,60,-17,-59,1,0
53,61,-17,-57,1,0
53,62,-17,-55,1,0
53,63,-17,-53,1,0
53,64,-17,-51,1,0
53,65,-17,-49,1,0
53,66,-17,-47,1,0
53,67,-17,-45,1,0
53,68,-17,-43,1,0
53,69,-17,-41,1,0
53,70,-17,-39,0,0
53,71,-17,-37,0,0
53,72,-17,-35,0,0
53,73,-17,-33,0,0
53,74,-17,-31,0,0
53,75,-17,-29,0,0
53,76,-17,-27,0,0
53,77,-17,-25,0,0
53,78,-17,-23,0,0
53,79,-17,-21,0,0
53,80,-17,-19,0,0
53,81,-17,-17,0,0
53,82,-17,-15,0,0
53,83,-17,-13,0,0
53,84,-17,-11,0,0
53,85,-17,-9,0,0
53,86,-17,-7,0,0
53,87,-17,-5,0,0
53,88,-17,-3,0,0
53,89,-17,-1,0,0
53,90,-17,1,0,0
53,91,-17,3,0,0
53,92,-17,5,0,0
53,93,-17,7,0,0
53,94,-17,9,0,0
53,95,-17,11,0,0
53,96,-17,13,1,0
53,97,-17,15,1,0
53,98,-17,17,1,0
53,99,-17,19,1,0
53,100,-17,21,1,0
53,101,-17,23,1,0
53,102,-17,25,1,0
53,103,-17,27,1,0
53,104,-17,29,1,0
53,105,-17,31,1,0
53,106,-17,33,1,0
53,107,-17,35,1,0
53,108,-17,37,1,0
53,109,-17,39,0,0
53,110,-17,41,0,0
53,111,-17,43,0,0
53,112,-17,45,1,0
53,113,-17,47,1,0
53,114,-17,49,1,0
53,115,-17,51,0,0
53,116,-17,53,0,0
53,117,-17,55,0,0
53,118,-17,57,0,0
53,119,-17,59,0,0
53,120,-17,61,0,0
53,121,-17,63,0,0
53,122,-17,65,0,0
53,123,-17,67,0,0
53,124,-17,69,0,0
53,125,-17,71,0,0
53,126,-17,73,0,0
53,127,-17,75,0,0
53,128,-17,77,0,0
53,129,-17,79,0,0
53,130,-17,81,0,0
53,131,-17,83,0,0
53,132,-17,85,0,0
53,133,-17,87,0,0
53,134,-17,89,0,0
53,135,-17,91,0,0
53,136,-17,93,0,0
53,137,-17,95,0,0
53,138,-17,97,0,0
53,139,-17,99,0,0
53,140,-17,101,0,0
53,141,-17,103,0,0
53,142,-17,105,0,0
53,143,-17,107,0,0
53,144,-17,109,0,0
53,145,-17,111,0,0
53,146,-17,113,0,0
53,147,-17,115,0,0
53,148,-17,117,0,0
53,149,-17,119,0,0
53,150,-17,121,0,0
53,151,-17,123,1,0
53,152,-17,125,1,0
53,153,-17,127,1,0
53,154,-17,129,1,0
53,155,-17,131,1,0
53,156,-17,133,1,0
53,157,-17,135,1,0
53,158,-17,137,1,0
53,159,-17,139,1,0
53,160,-17,141,1,0
53,161,-17,143,1,0
53,162,-17,145,1,0
53,163,-17,147,0,0
53,164,-17,149,0,0
53,165,-17,151,0,0
53,166,-17,153,0,0
53,167,-17,155,0,0
53,168,-17,157,0,0
53,169,-17,159,0,0
53,170,-17,161,0,0
53,171,-17,163,0,0
53,172,-17,165,0,0
53,173,-17,167,0,0
53,174,-17,169,0,0
53,175,-17,171,0,0
53,176,-17,173,0,0
53,177,-17,175,0,0
53,178,-17,177,0,0
53,179,-17,179,0,0
54,0,-19,-179,0,0
54,1,-19,-177,0,0
54,2,-19,-175,0,0
54,3,-19,-173,0,0
54,4,-19,-171,0,0
54,5,-19,-169,0,0
54,6,-19,-167,0,0
54,7,-19,-165,0,0
54,8,-19,-163,0,0
54,9,-19,-161,0,0
54,10,-19,-159,0,0
54,11,-19,-157,0,0
54,12,-19,-155,0,0
54,13,-19,-153,0,0
54,14,-19,-151,0,0
54,15,-19,-149,0,0
54,16,-19,-147,0,0
54,17,-19,-145,0,0
54,18,-19,-143,0,0
54,19,-19,-141,0,0
54,20,-19,-139,0,0
54,21,-19,-137,0,0
54,22,-19,-135,0,0
54,23,-19,-133,0,0
54,24,-19,-131,0,0
54,25,-19,-129,0,0
54,26,-19,-127,0,0
54,27,-19,-125,0,0
54,28,-19,-123,0,0
54,29,-19,-121,0,0
54,30,-19,-119,0,0
54,31,-19,-117,0,0
54,32,-19,-115,0,0
54,33,-19,-113,0,0
54,34,-19,-111,0,0
54,35,-19,-109,0,0
54,36,-19,-107,0,0
54,37,-19,-105,0,0
54,38,-19,-103,0,0
54,39,-19,-101,0,0
54,40,-19,-99,0,0
54,41,-19,-97,0,0
54,42,-19,-95,0,0
54,43,-19,-93,0,0
54,44,-19,-91,0,0
54,45,-19,-89,0,0
54,46,-19,-87,0,0
54,47,-19,-85,0,0
54,48,-19,-83,0,0
54,49,-19,-81,0,0
54,50,-19,-79,0,0
54,51,-19,-77,0,0
54,52,-19,-75,0,0
54,53,-19,-73,0,0
54,54,-19,-71,0,0
54,55,-19,-69,1,0
54,56,-19,-67,1,1
54,57,-19,-65,1,0
54,58,-19,-63,1,0
54,59,-19,-61,1,0
54,60,-19,-59,1,0
54,61,-19,-57,1,0
54,62,-19,-55,1,0
54,63,-19,-53,1,0
54,64,-19,-51,1,0
54,65,-19,-49,1,0
54,66,-19,-47,1,0
54,67,-19,-45,1,0
54,68,-19,-43,1,0
54,69,-19,-41,1,0
54,70,-19,-39,0,0
54,71,-19,-37,0,0
54,72,-19,-35,0,0
54,73,-19,-33,0,0
54,74,-19,-31,0,0
54,75,-19,-29,0,0
54,76,-19,-27,0,0
54,77,-19,-25,0,0
54,78,-19,-23,0,0
54,79,-19,-21,0,0
54,80,-19,-19,0,0
54,81,-19,-17,0,0
54,82,-19,-15,0,0
54,83,-19,-13,0,0
54,84,-19,-11,0,0
54,85,-19,-9,0,0
54,86,-19,-7,0,0
54,87,-19,-5,0,0
54,88,-19,-3,0,0
54,89,-19,-1,0,0
54,90,-19,1,0,0
54,91,-19,3,0,0
54,92,-19,5,0,0
54,93,-19,7,0,0
54,94,-19,9,0,0
54,95,-19,11,0,0
54,96,-19,13,1,0
54,97,-19,15,1,0
54,98,-19,17,1,0
54,99,-19,19,1,0
54,100,-19,21,1,0
54,101,-19,23,1,0
54,102,-19,25,1,0
54,103,-19,27,1,0
54,104,-19,29,1,0
54,105,-19,31,1,0
54,106,-19,33,1,0
54,107,-19,35,1,0
54,108,-19,37,0,0
54,109,-19,39,0,0
54,110,-19,41,0,0
54,111,-19,43,0,0
54,112,-19,45,1,0
54,113,-19,47,1,0
54,114,-19,49,1,0
54,115,-19,51,0,0
54,116,-19,53,0,0
54,117,-19,55,0,0
54,118,-19,57,0,0
54,119,-19,59,0,0
54,120,-19,61,0,0
54,121,-19,63,0,0
54,122,-19,65,0,0
54,123,-19,67,0,0
54,124,-19,69,0,0
54,125,-19,71,0,0
54,126,-19,73,0,0
54,127,-19,75,0,0
54,128,-19,77,0,0
54,129,-19,79,0,0
54,130,-19,81,0,0
54,131,-19,83,0,0
54,132,-19,85,0,0
54,133,-19,87,0,0
54,134,-19,89,0,0
54,135,-19,91,0,0
54,136,-19,93,0,0
54,137,-19,95,0,0
54,138,-19,97,0,0
54,139,-19,99,0,0
54,140,-19,101,0,0
54,141,-19,103,0,0
54,142,-19,105,0,0
54,143,-19,107,0,0
54,144,-19,109,0,0
54,145,-19,111,0,0
54,146,-19,113,0,0
54,147,-19,115,0,0
54,148,-19,117,0,0
54,149,-19,119,0,0
54,150,-19,121,0,0
54,151,-19,123,1,0
54,152,-19,125,1,0
54,153,-19,127,1,0
54,154,-19,129,1,0
54,155,-19,131,1,0
54,156,-19,133,1,0
54,157,-19,135,1,0
54,158,-19,137,1,0
54,159,-19,139,1,0
54,160,-19,141,1,0
54,161,-19,143,1,0
54,162,-19,145,1,0
54,163,-19,147,0,0
54,164,-19,149,0,0
54,165,-19,151,0,0
54,166,-19,153,0,0
54,167,-19,155,0,0
54,168,-19,157,0,0
54,169,-19,159,0,0
54,170,-19,161,0,0
54,171,-19,163,0,0
54,172,-19,165,0,0
54,173,-19,167,0,0
54,174,-19,169,0,0
54,175,-19,171,0,0
54,176,-19,173,0,0
54,177,-19,175,0,0
54,178,-19,177,0,0
54,179,-19,179,0,0
55,0,-21,-179,0,0
55,1,-21,-177,0,0
55,2,-21,-175,0,0
55,3,-21,-173,0,0
55,4,-21,-171,0,0
55,5,-21,-169,0,0
55,6,-21,-167,0,0
55,7,-21,-165,0,0
55,8,-21,-163,0,0
55,9,-21,-161,0,0
55,10,-21,-159,0,0
55,11,-21,-157,0,0
55,12,-21,-155,0,0
55,13,-21,-153,0,0
55,14,-21,-151,0,0
55,15,-21,-149,0,0
55,16,-21,-147,0,0
55,17,-21,-145,0,0
55,18,-21,-143,0,0
55,19,-21,-141,0,0
55,20,-21,-139,0,0
55,21,-21,-137,0,0
55,22,-21,-135,0,0
55,23,-21,-133,0,0
55,24,-21,-131,0,0
55,25,-21,-129,0,0
55,26,-21,-127,0,0
55,27,-21,-125,0,0
55,28,-21,-123,0,0
55,29,-21,-121,0,0
55,30,-21,-119,0,0
55,31,-21,-117,0,0
55,32,-21,-115,0,0
55,33,-21,-113,0,0
55,34,-21,-111,0,0
55,35,-21,-109,0,0
55,36,-21,-107,0,0
55,37,-21,-105,0,0
55,38,-21,-103,0,0
55,39,-21,-101,0,0
55,40,-21,-99,0,0
55,41,-21,-97,0,0
55,42,-21,-95,0,0
55,43,-21,-93,0,0
55,44,-21,-91,0,0
55,45,-21,-89,0,0
55,46,-21,-87,0,0
55,47,-21,-85,0,0
55,48,-21,-83,0,0
55,49,-21,-81,0,0
55,50,-21,-79,0,0
55,51,-21,-77,0,0
55,52,-21,-75,0,0
55,53,-21,-73,0,0
55,54,-21,-71,0,0
55,55,-21,-69,1,0
55,56,-21,-67,1,0
55,57,-21,-65,1,0
55,58,-21,-63,1,0
55,59,-21,-61,1,0
55,60,-21,-59,1,0
55,61,-21,-57,1,0
55,62,-21,-55,1,0
55,63,-21,-53,1,0
55,64,-21,-51,1,0
55,65,-21,-49,1,0
55,66,-21,-47,1,0
55,67,-21,-45,1,0
55,68,-21,-43,1,0
55,69,-21,-41,1,0
55,70,-21,-39,0,0
55,71,-21,-37,0,0
55,72,-21,-35,0,0
55,73,-21,-33,0,0
55,74,-21,-31,0,0
55,75,-21,-29,0,0
55,76,-21,-27,0,0
55,77,-21,-25,0,0
55,78,-21,-23,0,0
55,79,-21,-21,0,0
55,80,-21,-19,0,0
55,81,-21,-17,0,0
55,82,-21,-15,0,0
55,83,-21,-13,0,0
55,84,-21,-11,0,0
55,85,-21,-9,0,0
55,86,-21,-7,0,0
55,87,-21,-5,0,0
55,88,-21,-3,0,0
55,89,-21,-1,0,0
55,90,-21,1,0,0
55,91,-21,3,0,0
55,92,-21,5,0,0
55,93,-21,7,0,0
55,94,-21,9,0,0
55,95,-21,11,0,0
55,96,-21,13,0,0
55,97,-21,15,1,0
55,98,-21,17,1,0
55,99,-21,19,1,0
55,100,-21,21,1,0
55,101,-21,23,1,0
55,102,-21,25,1,0
55,103,-21,27,1,0
55,104,-21,29,1,0
55,105,-21,31,1,0
55,106,-21,33,1,0
55,107,-21,35,1,0
55,108,-21,37,0,0
55,109,-21,39,0,0
55,110,-21,41,0,0
55,111,-21,43,0,0
55,112,-21,45,1,0
55,113,-21,47,1,0
55,114,-21,49,0,0
55,115,-21,51,0,0
55,116,-21,53,0,0
55,117,-21,55,0,0
55,118,-21,57,0,0
55,119,-21,59,0,0
55,120,-21,61,0,0
55,121,-21,63,0,0
55,122,-21,65,0,0
55,123,-21,67,0,0
55,124,-21,69,0,0
55,125,-21,71,0,0
55,126,-21,73,0,0
55,127,-21,75,0,0
55,128,-21,77,0,0
55,129,-21,79,0,0
55,130,-21,81,0,0
55,131,-21,83,0,0
55,132,-21,85,0,0
55,133,-21,87,0,0
55,134,-21,89,0,0
55,135,-21,91,0,0
55,136,-21,93,0,0
55,137,-21,95,0,0
55,138,-21,97,0,0
55,139,-21,99,0,0
55,140,-21,101,0,0
55,141,-21,103,0,0
55,142,-21,105,0,0
55,143,-21,107,0,0
55,144,-21,109,0,0
55,145,-21,111,0,0
55,146,-21,113,0,0
55,147,-21,115,0,0
55,148,-21,117,1,0
55,149,-21,119,1,0
55,150,-21,121,1,0
55,151,-21,123,1,0
55,152,-21,125,1,0
55,153,-21,127,1,0
55,154,-21,129,1,0
55,155,-21,131,1,0
55,156,-21,133,1,0
55,157,-21,135,1,0
55,158,-21,137,1,0
55,159,-21,139,1,0
55,160,-21,141,1,0
55,161,-21,143,1,0
55,162,-21,145,1,0
55,163,-21,147,1,0
55,164,-21,149,1,0
55,165,-21,151,0,0
55,166,-21,153,0,0
55,167,-21,155,0,0
55,168,-21,157,0,0
55,169,-21,159,0,0
55,170,-21,161,0,0
55,171,-21,163,0,0
55,172,-21,165,1,0
55,173,-21,167,0,0
55,174,-21,169,0,0
55,175,-21,171,0,0
55,176,-21,173,0,0
55,177,-21,175,0,0
55,178,-21,177,0,0
55,179,-21,179,0,0
56,0,-23,-179,0,0
56,1,-23,-177,0,0
56,2,-23,-175,0,0
56,3,-23,-173,0,0
56,4,-23,-171,0,0
56,5,-23,-169,0,0
56,6,-23,-167,0,0
56,7,-23,-165,0,0
56,8,-23,-163,0,0
56,9,-23,-161,0,0
56,10,-23,-159,0,0
56,11,-23,-157,0,0
56,12,-23,-155,0,0
56,13,-23,-153,0,0
56,14,-23,-151,0,0
56,15,-23,-149,0,0
56,16,-23,-147,0,0
56,17,-23,-145,0,0
56,18,-23,-143,0,0
56,19,-23,-141,0,0
56,20,-23,-139,0,0
56,21,-23,-137,0,0
56,22,-23,-135,0,0
56,23,-23,-133,0,0
56,24,-23,-131,0,0
56,25,-23,-129,0,0
56,26,-23,-127,0,0
56,27,-23,-125,0,0
56,28,-23,-123,0,0
56,29,-23,-121,0,0
56,30,-23,-119,0,0
56,31,-23,-117,0,0
56,32,-23,-115,0,0
56,33,-23,-113,0,0
56,34,-23,-111,0,0
56,35,-23,-109,0,0
56,36,-23,-107,0,0
56,37,-23,-105,0,0
56,38,-23,-103,0,0
56,39,-23,-101,0,0
56,40,-23,-99,0,0
56,41,-23,-97,0,0
56,42,-23,-95,0,0
56,43,-23,-93,0,0
56,44,-23,-91,0,0
56,45,-23,-89,0,0
56,46,-23,-87,0,0
56,47,-23,-85,0,0
56,48,-23,-83,0,0
56,49,-23,-81,0,0
56,50,-23,-79,0,0
56,51,-23,-77,0,0
56,52,-23,-75,0,0
56,53,-23,-73,0,0
56,54,-23,-71,0,0
56,55,-23,-69,1,0
56,56,-23,-67,1,0
56,57,-23,-65,1,0
56,58,-23,-63,1,0
56,59,-23,-61,1,0
56,60,-23,-59,1,0
56,61,-23,-57,1,0
56,62,-23,-55,1,0
56,63,-23,-53,1,0
56,64,-23,-51,1,0
56,65,-23,-49,1,0
56,66,-23,-47,1,0
56,67,-23,-45,1,0
56,68,-23,-43,0,0
56,69,-23,-41,0,0
56,70,-23,-39,0,0
56,71,-23,-37,0,0
56,72,-23,-35,0,0
56,73,-23,-33,0,0
56,74,-23,-31,0,0
56,75,-23,-29,0,0
56,76,-23,-27,0,0
56,77,-23,-25,0,0
56,78,-23,-23,0,0
56,79,-23,-21,0,0
56,80,-23,-19,0,0
56,81,-23,-17,0,0
56,82,-23,-15,0,0
56,83,-23,-13,0,0
56,84,-23,-11,0,0
56,85,-23,-9,0,0
56,86,-23,-7,0,0
56,87,-23,-5,0,0
56,88,-23,-3,0,0
56,89,-23,-1,0,0
56,90,-23,1,0,0
56,91,-23,3,0,0
56,92,-23,5,0,0
56,93,-23,7,0,0
56,94,-23,9,0,0
56,95,-23,11,0,0
56,96,-23,13,0,0
56,97,-23,15,1,0
56,98,-23,17,1,0
56,99,-23,19,1,0
56,100,-23,21,1,0
56,101,-23,23,1,0
56,102,-23,25,1,0
56,103,-23,27,1,0
56,104,-23,29,1,0
56,105,-23,31,1,0
56,106,-23,33,1,0
56,107,-23,35,1,0
56,108,-23,37,0,0
56,109,-23,39,0,0
56,110,-23,41,0,0
56,111,-23,43,0,0
56,112,-23,45,1,0
56,113,-23,47,1,0
56,114,-23,49,0,0
56,115,-23,51,0,0
56,116,-23,53,0,0
56,117,-23,55,0,0
56,118,-23,57,0,0
56,119,-23,59,0,0
56,120,-23,61,0,0
56,121,-23,63,0,0
56,122,-23,65,0,0
56,123,-23,67,0,0
56,124,-23,69,0,0
56,125,-23,71,0,0
56,126,-23,73,0,0
56,127,-23,75,0,0
56,128,-23,77,0,0
56,129,-23,79,0,0
56,130,-23,81,0,0
56,131,-23,83,0,0
56,132,-23,85,0,0
56,133,-23,87,0,0
56,134,-23,89,0,0
56,135,-23,91,0,0
56,136,-23,93,0,0
56,137,-23,95,0,0
56,138,-23,97,0,0
56,139,-23,99,0,0
56,140,-23,101,0,0
56,141,-23,103,0,0
56,142,-23,105,0,0
56,143,-23,107,0,0
56,144,-23,109,0,0
56,145,-23,111,0,0
56,146,-23,113,0,0
56,147,-23,115,1,0
56,148,-23,117,1,0
56,149,-23,119,1,0
56,150,-23,121,1,0
56,151,-23,123,1,0
56,152,-23,125,1,0
56,153,-23,127,1,0
56,154,-23,129,1,0
56,155,-23,131,1,0
56,156,-23,133,1,0
56,157,-23,135,1,0
56,158,-23,137,1,0
56,159,-23,139,1,0
56,160,-23,141,1,0
56,161,-23,143,1,0
56,162,-23,145,1,0
56,163,-23,147,1,0
56,164,-23,149,1,0
56,165,-23,151,0,0
56,166,-23,153,0,0
56,167,-23,155,0,0
56,168,-23,157,0,0
56,169,-23,159,0,0
56,170,-23,161,0,0
56,171,-23,163,0,0
56,172,-23,165,0,0
56,173,-23,167,0,0
56,174,-23,169,0,0
56,175,-23,171,0,0
56,176,-23,173,0,0
56,177,-23,175,0,0
56,178,-23,177,0,0
56,179,-23,179,0,0
57,0,-25,-179,0,0
57,1,-25,-177,0,0
57,2,-25,-175,0,0
57,3,-25,-173,0,0
57,4,-25,-171,0,0
57,5,-25,-169,0,0
57,6,-25,-167,0,0
57,7,-25,-165,0,0
57,8,-25,-163,0,0
57,9,-25,-161,0,0
57,10,-25,-159,0,0
57,11,-25,-157,0,0
57,12,-25,-155,0,0
57,13,-25,-153,0,0
57,14,-25,-151,0,0
57,15,-25,-149,0,0
57,16,-25,-147,0,0
57,17,-25,-145,0,0
57,18,-25,-143,0,0
57,19,-25,-141,0,0
57,20,-25,-139,0,0
57,21,-25,-137,0,0
57,22,-25,-135,0,0
57,23,-25,-133,0,0
57,24,-25,-131,0,0
57,25,-25,-129,0,0
57,26,-25,-127,0,0
57,27,-25,-125,0,0
57,28,-25,-123,0,0
57,29,-25,-121,0,0
57,30,-25,-119,0,0
57,31,-25,-117,0,0
57,32,-25,-115,0,0
57,33,-25,-113,0,0
57,34,-25,-111,0,0
57,35,-25,-109,0,0
57,36,-25,-107,0,0
57,37,-25,-105,0,0
57,38,-25,-103,0,0
57,39,-25,-101,0,0
57,40,-25,-99,0,0
57,41,-25,-97,0,0
57,42,-25,-95,0,0
57,43,-25,-93,0,0
57,44,-25,-91,0,0
57,45,-25,-89,0,0
57,46,-25,-87,0,0
57,47,-25,-85,0,0
57,48,-25,-83,0,0
57,49,-25,-81,0,0
57,50,-25,-79,0,0
57,51,-25,-77,0,0
57,52,-25,-75,0,0
57,53,-25,-73,0,0
57,54,-25,-71,0,0
57,55,-25,-69,1,0
57,56,-25,-67,1,0
57,57,-25,-65,1,0
57,58,-25,-63,1,0
57,59,-25,-61,1,0
57,60,-25,-59,1,0
57,61,-25,-57,1,0
57,62,-25,-55,1,0
57,63,-25,-53,1,0
57,64,-25,-51,1,0
57,65,-25,-49,1,0
57,66,-25,-47,0,0
57,67,-25,-45,0,0
57,68,-25,-43,0,0
57,69,-25,-41,0,0
57,70,-25,-39,0,0
57,71,-25,-37,0,0
57,72,-25,-35,0,0
57,73,-25,-33,0,0
57,74,-25,-31,0,0
57,75,-25,-29,0,0
57,76,-25,-27,0,0
57,77,-25,-25,0,0
57,78,-25,-23,0,0
57,79,-25,-21,0,0
57,80,-25,-19,0,0
57,81,-25,-17,0,0
57,82,-25,-15,0,0
57,83,-25,-13,0,0
57,84,-25,-11,0,0
57,85,-25,-9,0,0
57,86,-25,-7,0,0
57,87,-25,-5,0,0
57,88,-25,-3,0,0
57,89,-25,-1,0,0
57,90,-25,1,0,0
57,91,-25,3,0,0
57,92,-25,5,0,0
57,93,-25,7,0,0
57,94,-25,9,0,0
57,95,-25,11,0,0
57,96,-25,13,0,0
57,97,-25,15,1,0
57,98,-25,17,1,0
57,99,-25,19,1,0
57,100,-25,21,1,0
57,101,-25,23,1,0
57,102,-25,25,1,0
57,103,-25,27,1,0
57,104,-25,29,1,0
57,105,-25,31,1,0
57,106,-25,33,1,0
57,107,-25,35,0,0
57,108,-25,37,0,0
57,109,-25,39,0,0
57,110,-25,41,0,0
57,111,-25,43,0,0
57,112,-25,45,1,0
57,113,-25,47,1,0
57,114,-25,49,0,0
57,115,-25,51,0,0
57,116,-25,53,0,0
57,117,-25,55,0,0
57,118,-25,57,0,0
57,119,-25,59,0,0
57,120,-25,61,0,0
57,121,-25,63,0,0
57,122,-25,65,0,0
57,123,-25,67,0,0
57,124,-25,69,0,0
57,125,-25,71,0,0
57,126,-25,73,0,0
57,127,-25,75,0,0
57,128,-25,77,0,0
57,129,-25,79,0,0
57,130,-25,81,0,0
57,131,-25,83,0,0
57,132,-25,85,0,0
57,133,-25,87,0,0
57,134,-25,89,0,0
57,135,-25,91,0,0
57,136,-25,93,0,0
57,137,-25,95,0,0
57,138,-25,97,0,0
57,139,-25,99,0,0
57,140,-25,101,0,0
57,141,-25,103,0,0
57,142,-25,105,0,0
57,143,-25,107,0,0
57,144,-25,109,0,0
57,145,-25,111,0,0
57,146,-25,113,0,0
57,147,-25,115,1,0
57,148,-25,117,1,0
57,149,-25,119,1,0
57,150,-25,121,1,0
57,151,-25,123,1,0
57,152,-25,125,1,0
57,153,-25,127,1,0
57,154,-25,129,1,0
57,155,-25,131,1,0
57,156,-25,133,1,0
57,157,-25,135,1,0
57,158,-25,137,1,0
57,159,-25,139,1,0
57,160,-25,141,1,0
57,161,-25,143,1,0
57,162,-25,145,1,0
57,163,-25,147,1,0
57,164,-25,149,1,0
57,165,-25,151,1,0
57,166,-25,153,0,0
57,167,-25,155,0,0
57,168,-25,157,0,0
57,169,-25,159,0,0
57,170,-25,161,0,0
57,171,-25,163,0,0
57,172,-25,165,0,0
57,173,-25,167,0,0
57,174,-25,169,0,0
57,175,-25,171,0,0
57,176,-25,173,0,0
57,177,-25,175,0,0
57,178,-25,177,0,0
57,179,-25,179,0,0
58,0,-27,-179,0,0
58,1,-27,-177,0,0
58,2,-27,-175,0,0
58,3,-27,-173,0,0
58,4,-27,-171,0,0
58,5,-27,-169,0,0
58,6,-27,-167,0,0
58,7,-27,-165,0,0
58,8,-27,-163,0,0
58,9,-27,-161,0,0
58,10,-27,-159,0,0
58,11,-27,-157,0,0
58,12,-27,-155,0,0
58,13,-27,-153,0,0
58,14,-27,-151,0,0
58,15,-27,-149,0,0
58,16,-27,-147,0,0
58,17,-27,-145,0,0
58,18,-27,-143,0,0
58,19,-27,-141,0,0
58,20,-27,-139,0,0
58,21,-27,-137,0,0
58,22,-27,-135,0,0
58,23,-27,-133,0,0
58,24,-27,-131,0,0
58,25,-27,-129,0,0
58,26,-27,-127,0,0
58,27,-27,-125,0,0
58,28,-27,-123,0,0
58,29,-27,-121,0,0
58,30,-27,-119,0,0
58,31,-27,-117,0,0
58,32,-27,-115,0,0
58,33,-27,-113,0,0
58,34,-27,-111,0,0
58,35,-27,-109,0,0
58,36,-27,-107,0,0
58,37,-27,-105,0,0
58,38,-27,-103,0,0
58,39,-27,-101,0,0
58,40,-27,-99,0,0
58,41,-27,-97,0,0
58,42,-27,-95,0,0
58,43,-27,-93,0,0
58,44,-27,-91,0,0
58,45,-27,-89,0,0
58,46,-27,-87,0,0
58,47,-27,-85,0,0
58,48,-27,-83,0,0
58,49,-27,-81,0,0
58,50,-27,-79,0,0
58,51,-27,-77,0,0
58,52,-27,-75,0,0
58,53,-27,-73,0,0
58,54,-27,-71,0,0
58,55,-27,-69,1,0
58,56,-27,-67,1,0
58,57,-27,-65,1,0
58,58,-27,-63,1,0
58,59,-27,-61,1,0
58,60,-27,-59,1,0
58,61,-27,-57,1,0
58,62,-27,-55,1,0
58,63,-27,-53,1,0
58,64,-27,-51,1,0
58,65,-27,-49,1,0
58,66,-27,-47,0,0
58,67,-27,-45,0,0
58,68,-27,-43,0,0
58,69,-27,-41,0,0
58,70,-27,-39,0,0
58,71,-27,-37,0,0
58,72,-27,-35,0,0
58,73,-27,-33,0,0
58,74,-27,-31,0,0
58,75,-27,-29,0,0
58,76,-27,-27,0,0
58,77,-27,-25,0,0
58,78,-27,-23,0,0
58,79,-27,-21,0,0
58,80,-27,-19,0,0
58,81,-27,-17,0,0
58,82,-27,-15,0,0
58,83,-27,-13,0,0
58,84,-27,-11,0,0
58,85,-27,-9,0,0
58,86,-27,-7,0,0
58,87,-27,-5,0,0
58,88,-27,-3,0,0
58,89,-27,-1,0,0
58,90,-27,1,0,0
58,91,-27,3,0,0
58,92,-27,5,0,0
58,93,-27,7,0,0
58,94,-27,9,0,0
58,95,-27,11,0,0
58,96,-27,13,0,0
58,97,-27,15,0,0
58,98,-27,17,1,0
58,99,-27,19,1,0
58,100,-27,21,1,0
58,101,-27,23,1,0
58,102,-27,25,1,0
58,103,-27,27,1,0
58,104,-27,29,1,0
58,105,-27,31,1,0
58,106,-27,33,0,0
58,107,-27,35,0,0
58,108,-27,37,0,0
58,109,-27,39,0,0
58,110,-27,41,0,0
58,111,-27,43,0,0
58,112,-27,45,0,0
58,113,-27,47,0,0
58,114,-27,49,0,0
58,115,-27,51,0,0
58,116,-27,53,0,0
58,117,-27,55,0,0
58,118,-27,57,0,0
58,119,-27,59,0,0
58,120,-27,61,0,0
58,121,-27,63,0,0
58,122,-27,65,0,0
58,123,-27,67,0,0
58,124,-27,69,0,0
58,125,-27,71,0,0
58,126,-27,73,0,0
58,127,-27,75,0,0
58,128,-27,77,0,0
58,129,-27,79,0,0
58,130,-27,81,0,0
58,131,-27,83,0,0
58,132,-27,85,0,0
58,133,-27,87,0,0
58,134,-27,89,0,0
58,135,-27,91,0,0
58,136,-27,93,0,0
58,137,-27,95,0,0
58,138,-27,97,0,0
58,139,-27,99,0,0
58,140,-27,101,0,0
58,141,-27,103,0,0
58,142,-27,105,0,0
58,143,-27,107,0,0
58,144,-27,109,0,0
58,145,-27,111,0,0
58,146,-27,113,0,0
58,147,-27,115,1,0
58,148,-27,117,1,0
58,149,-27,119,1,0
58,150,-27,121,1,0
58,151,-27,123,1,0
58,152,-27,125,1,0
58,153,-27,127,1,0
58,154,-27,129,1,0
58,155,-27,131,1,0
58,156,-27,133,1,0
58,157,-27,135,1,0
58,158,-27,137,1,0
58,159,-27,139,1,0
58,160,-27,141,1,0
58,161,-27,143,1,0
58,162,-27,145,1,0
58,163,-27,147,1,0
58,164,-27,149,1,0
58,165,-27,151,1,0
58,166,-27,153,1,0
58,167,-27,155,0,0
58,168,-27,157,0,0
58,169,-27,159,0,0
58,170,-27,161,0,0
58,171,-27,163,0,0
58,172,-27,165,0,0
58,173,-27,167,0,0
58,174,-27,169,0,0
58,175,-27,171,0,0
58,176,-27,173,0,0
58,177,-27,175,0,0
58,178,-27,177,0,0
58,179,-27,179,0,0
59,0,-29,-179,0,0
59,1,-29,-177,0,0
59,2,-29,-175,0,0
59,3,-29,-173,0,0
59,4,-29,-171,0,0
59,5,-29,-169,0,0
59,6,-29,-167,0,0
59,7,-29,-165,0,0
59,8,-29,-163,0,0
59,9,-29,-161,0,0
59,10,-29,-159,0,0
59,11,-29,-157,0,0
59,12,-29,-155,0,0
59,13,-29,-153,0,0
59,14,-29,-151,0,0
59,15,-29,-149,0,0
59,16,-29,-147,0,0
59,17,-29,-145,0,0
59,18,-29,-143,0,0
59,19,-29,-141,0,0
59,20,-29,-139,0,0
59,21,-29,-137,0,0
59,22,-29,-135,0,0
59,23,-29,-133,0,0
59,24,-29,-131,0,0
59,25,-29,-129,0,0
59,26,-29,-127,0,0
59,27,-29,-125,0,0
59,28,-29,-123,0,0
59,29,-29,-121,0,0
59,30,-29,-119,0,0
59,31,-29,-117,0,0
59,32,-29,-115,0,0
59,33,-29,-113,0,0
59,34,-29,-111,0,0
59,35,-29,-109,0,0
59,36,-29,-107,0,0
59,37,-29,-105,0,0
59,38,-29,-103,0,0
59,39,-29,-101,0,0
59,40,-29,-99,0,0
59,41,-29,-97,0,0
59,42,-29,-95,0,0
59,43,-29,-93,0,0
59,44,-29,-91,0,0
59,45,-29,-89,0,0
59,46,-29,-87,0,0
59,47,-29,-85,0,0
59,48,-29,-83,0,0
59,49,-29,-81,0,0
59,50,-29,-79,0,0
59,51,-29,-77,0,0
59,52,-29,-75,0,0
59,53,-29,-73,0,0
59,54,-29,-71,1,0
59,55,-29,-69,1,0
59,56,-29,-67,1,0
59,57,-29,-65,1,0
59,58,-29,-63,1,0
59,59,-29,-61,1,0
59,60,-29,-59,1,0
59,61,-29,-57,1,0
59,62,-29,-55,1,0
59,63,-29,-53,1,0
59,64,-29,-51,1,0
59,65,-29,-49,0,0
59,66,-29,-47,0,0
59,67,-29,-45,0,0
59,68,-29,-43,0,0
59,69,-29,-41,0,0
59,70,-29,-39,0,0
59,71,-29,-37,0,0
59,72,-29,-35,0,0
59,73,-29,-33,0,0
59,74,-29,-31,0,0
59,75,-29,-29,0,0
59,76,-29,-27,0,0
59,77,-29,-25,0,0
59,78,-29,-23,0,0
59,79,-29,-21,0,0
59,80,-29,-19,0,0
59,81,-29,-17,0,0
59,82,-29,-15,0,0
59,83,-29,-13,0,0
59,84,-29,-11,0,0
59,85,-29,-9,0,0
59,86,-29,-7,0,0
59,87,-29,-5,0,0
59,88,-29,-3,0,0
59,89,-29,-1,0,0
59,90,-29,1,0,0
59,91,-29,3,0,0
59,92,-29,5,0,0
59,93,-29,7,0,0
59,94,-29,9,0,0
59,95,-29,11,0,0
59,96,-29,13,0,0
59,97,-29,15,0,0
59,98,-29,17,1,0
59,99,-29,19,1,0
59,100,-29,21,1,0
59,101,-29,23,1,0
59,102,-29,25,1,0
59,103,-29,27,1,0
59,104,-29,29,1,0
59,105,-29,31,1,0
59,106,-29,33,0,0
59,107,-29,35,0,0
59,108,-29,37,0,0
59,109,-29,39,0,0
59,110,-29,41,0,0
59,111,-29,43,0,0
59,112,-29,45,0,0
59,113,-29,47,0,0
59,114,-29,49,0,0
59,115,-29,51,0,0
59,116,-29,53,0,0
59,117,-29,55,0,0
59,118,-29,57,0,0
59,119,-29,59,0,0
59,120,-29,61,0,0
59,121,-29,63,0,0
59,122,-29,65,0,0
59,123,-29,67,0,0
59,124,-29,69,0,0
59,125,-29,71,0,0
59,126,-29,73,0,0
59,127,-29,75,0,0
59,128,-29,77,0,0
59,129,-29,79,0,0
59,130,-29,81,0,0
59,131,-29,83,0,0
59,132,-29,85,0,0
59,133,-29,87,0,0
59,134,-29,89,0,0
59,135,-29,91,0,0
59,136,-29,93,0,0
59,137,-29,95,0,0
59,138,-29,97,0,0
59,139,-29,99,0,0
59,140,-29,101,0,0
59,141,-29,103,0,0
59,142,-29,105,0,0
59,143,-29,107,0,0
59,144,-29,109,0,0
59,145,-29,111,0,0
59,146,-29,113,0,0
59,147,-29,115,1,0
59,148,-29,117,1,0
59,149,-29,119,1,0
59,150,-29,121,1,0
59,151,-29,123,1,0
59,152,-29,125,1,0
59,153,-29,127,1,0
59,154,-29,129,1,0
59,155,-29,131,1,0
59,156,-29,133,1,0
59,157,-29,135,1,0
59,158,-29,137,1,1
59,159,-29,139,1,0
59,160,-29,141,1,0
59,161,-29,143,1,0
59,162,-29,145,1,0
59,163,-29,147,1,0
59,164,-29,149,1,0
59,165,-29,151,1,0
59,166,-29,153,1,0
59,167,-29,155,0,0
59,168,-29,157,0,0
59,169,-29,159,0,0
59,170,-29,161,0,0
59,171,-29,163,0,0
59,172,-29,165,0,0
59,173,-29,167,0,0
59,174,-29,169,0,0
59,175,-29,171,0,0
59,176,-29,173,0,0
59,177,-29,175,0,0
59,178,-29,177,0,0
59,179,-29,179,0,0
60,0,-31,-179,0,0
60,1,-31,-177,0,0
60,2,-31,-175,0,0
60,3,-31,-173,0,0
60,4,-31,-171,0,0
60,5,-31,-169,0,0
60,6,-31,-167,0,0
60,7,-31,-165,0,0
60,8,-31,-163,0,0
60,9,-31,-161,0,0
60,10,-31,-159,0,0
60,11,-31,-157,0,0
60,12,-31,-155,0,0
60,13,-31,-153,0,0
60,14,-31,-151,0,0
60,15,-31,-149,0,0
60,16,-31,-147,0,0
60,17,-31,-145,0,0
60,18,-31,-143,0,0
60,19,-31,-141,0,0
60,20,-31,-139,0,0
60,21,-31,-137,0,0
60,22,-31,-135,0,0
60,23,-31,-133,0,0
60,24,-31,-131,0,0
60,25,-31,-129,0,0
60,26,-31,-127,0,0
60,27,-31,-125,0,0
60,28,-31,-123,0,0
60,29,-31,-121,0,0
60,30,-31,-119,0,0
60,31,-31,-117,0,0
60,32,-31,-115,0,0
60,33,-31,-113,0,0
60,34,-31,-111,0,0
60,35,-31,-109,0,0
60,36,-31,-107,0,0
60,37,-31,-105,0,0
60,38,-31,-103,0,0
60,39,-31,-101,0,0
60,40,-31,-99,0,0
60,41,-31,-97,0,0
60,42,-31,-95,0,0
60,43,-31,-93,0,0
60,44,-31,-91,0,0
60,45,-31,-89,0,0
60,46,-31,-87,0,0
60,47,-31,-85,0,0
60,48,-31,-83,0,0
60,49,-31,-81,0,0
60,50,-31,-79,0,0
60,51,-31,-77,0,0
60,52,-31,-75,0,0
60,53,-31,-73,0,0
60,54,-31,-71,1,0
60,55,-31,-69,1,0
60,56,-31,-67,1,0
60,57,-31,-65,1,0
60,58,-31,-63,1,0
60,59,-31,-61,1,0
60,60,-31,-59,1,0
60,61,-31,-57,1,0
60,62,-31,-55,1,0
60,63,-31,-53,1,0
60,64,-31,-51,0,0
60,65,-31,-49,0,0
60,66,-31,-47,0,0
60,67,-31,-45,0,0
60,68,-31,-43,0,0
60,69,-31,-41,0,0
60,70,-31,-39,0,0
60,71,-31,-37,0,0
60,72,-31,-35,0,0
60,73,-31,-33,0,0
60,74,-31,-31,0,0
60,75,-31,-29,0,0
60,76,-31,-27,0,0
60,77,-31,-25,0,0
60,78,-31,-23,0,0
60,79,-31,-21,0,0
60,80,-31,-19,0,0
60,81,-31,-17,0,0
60,82,-31,-15,0,0
60,83,-31,-13,0,0
60,84,-31,-11,0,0
60,85,-31,-9,0,0
60,86,-31,-7,0,0
60,87,-31,-5,0,0
60,88,-31,-3,0,0
60,89,-31,-1,0,0
60,90,-31,1,0,0
60,91,-31,3,0,0
60,92,-31,5,0,0
60,93,-31,7,0,0
60,94,-31,9,0,0
60,95,-31,11,0,0
60,96,-31,13,0,0
60,97,-31,15,0,0
60,98,-31,17,0,0
60,99,-31,19,1,0
60,100,-31,21,1,0
60,101,-31,23,1,0
60,102,-31,25,1,0
60,103,-31,27,1,0
60,104,-31,29,1,0
60,105,-31,31,0,0
60,106,-31,33,0,0
60,107,-31,35,0,0
60,108,-31,37,0,0
60,109,-31,39,0,0
60,110,-31,41,0,0
60,111,-31,43,0,0
60,112,-31,45,0,0
60,113,-31,47,0,0
60,114,-31,49,0,0
60,115,-31,51,0,0
60,116,-31,53,0,0
60,117,-31,55,0,0
60,118,-31,57,0,0
60,119,-31,59,0,0
60,120,-31,61,0,0
60,121,-31,63,0,0
60,122,-31,65,0,0
60,123,-31,67,0,0
60,124,-31,69,0,0
60,125,-31,71,0,0
60,126,-31,73,0,0
60,127,-31,75,0,0
60,128,-31,77,0,0
60,129,-31,79,0,0
60,130,-31,81,0,0
60,131,-31,83,0,0
60,132,-31,85,0,0
60,133,-31,87,0,0
60,134,-31,89,0,0
60,135,-31,91,0,0
60,136,-31,93,0,0
60,137,-31,95,0,0
60,138,-31,97,0,0
60,139,-31,99,0,0
60,140,-31,101,0,0
60,141,-31,103,0,0
60,142,-31,105,0,0
60,143,-31,107,0,0
60,144,-31,109,0,0
60,145,-31,111,0,0
60,146,-31,113,0,0
60,147,-31,115,0,0
60,148,-31,117,1,0
60,149,-31,119,1,0
60,150,-31,121,1,0
60,151,-31,123,1,0
60,152,-31,125,1,0
60,153,-31,127,1,0
60,154,-31,129,1,0
60,155,-31,131,1,0
60,156,-31,133,1,0
60,157,-31,135,1,0
60,158,-31,137,1,0
60,159,-31,139,1,0
60,160,-31,141,1,0
60,161,-31,143,1,0
60,162,-31,145,1,0
60,163,-31,147,1,0
60,164,-31,149,1,0
60,165,-31,151,1,0
60,166,-31,153,1,0
60,167,-31,155,0,0
60,168,-31,157,0,0
60,169,-31,159,0,0
60,170,-31,161,0,0
60,171,-31,163,0,0
60,172,-31,165,0,0
60,173,-31,167,0,0
60,174,-31,169,0,0
60,175,-31,171,0,0
60,176,-31,173,0,0
60,177,-31,175,0,0
60,178,-31,177,0,0
60,179,-31,179,0,0
61,0,-33,-179,0,0
61,1,-33,-177,0,0
61,2,-33,-175,0,0
61,3,-33,-173,0,0
61,4,-33,-171,0,0
61,5,-33,-169,0,0
61,6,-33,-167,0,0
61,7,-33,-165,0,0
61,8,-33,-163,0,0
61,9,-33,-161,0,0
61,10,-33,-159,0,0
61,11,-33,-157,0,0
61,12,-33,-155,0,0
61,13,-33,-153,0,0
61,14,-33,-151,0,0
61,15,-33,-149,0,0
61,16,-33,-147,0,0
61,17,-33,-145,0,0
61,18,-33,-143,0,0
61,19,-33,-141,0,0
61,20,-33,-139,0,0
61,21,-33,-137,0,0
61,22,-33,-135,0,0
61,23,-33,-133,0,0
61,24,-33,-131,0,0
61,25,-33,-129,0,0
61,26,-33,-127,0,0
61,27,-33,-125,0,0
61,28,-33,-123,0,0
61,29,-33,-121,0,0
61,30,-33,-119,0,0
61,31,-33,-117,0,0
61,32,-33,-115,0,0
61,33,-33,-113,0,0
61,34,-33,-111,0,0
61,35,-33,-109,0,0
61,36,-33,-107,0,0
61,37,-33,-105,0,0
61,38,-33,-103,0,0
61,39,-33,-101,0,0
61,40,-33,-99,0,0
61,41,-33,-97,0,0
61,42,-33,-95,0,0
61,43,-33,-93,0,0
61,44,-33,-91,0,0
61,45,-33,-89,0,0
61,46,-33,-87,0,0
61,47,-33,-85,0,0
61,48,-33,-83,0,0
61,49,-33,-81,0,0
61,50,-33,-79,0,0
61,51,-33,-77,0,0
61,52,-33,-75,0,0
61,53,-33,-73,0,0
61,54,-33,-71,1,0
61,55,-33,-69,1,0
61,56,-33,-67,1,0
61,57,-33,-65,1,0
61,58,-33,-63,1,0
61,59,-33,-61,1,0
61,60,-33,-59,1,0
61,61,-33,-57,1,0
61,62,-33,-55,1,0
61,63,-33,-53,1,0
61,64,-33,-51,0,0
61,65,-33,-49,0,0
61,66,-33,-47,0,0
61,67,-33,-45,0,0
61,68,-33,-43,0,0
61,69,-33,-41,0,0
61,70,-33,-39,0,0
61,71,-33,-37,0,0
61,72,-33,-35,0,0
61,73,-33,-33,0,0
61,74,-33,-31,0,0
61,75,-33,-29,0,0
61,76,-33,-27,0,0
61,77,-33,-25,0,0
61,78,-33,-23,0,0
61,79,-33,-21,0,0
61,80,-33,-19,0,0
61,81,-33,-17,0,0
61,82,-33,-15,0,0
61,83,-33,-13,0,0
61,84,-33,-11,0,0
61,85,-33,-9,0,0
61,86,-33,-7,0,0
61,87,-33,-5,0,0
61,88,-33,-3,0,0
61,89,-33,-1,0,0
61,90,-33,1,0,0
61,91,-33,3,0,0
61,92,-33,5,0,0
61,93,-33,7,0,0
61,94,-33,9,0,0
61,95,-33,11,0,0
61,96,-33,13,0,0
61,97,-33,15,0,0
61,98,-33,17,0,0
61,99,-33,19,1,0
61,100,-33,21,1,0
61,101,-33,23,1,0
61,102,-33,25,1,0
61,103,-33,27,1,0
61,104,-33,29,0,0
61,105,-33,31,0,0
61,106,-33,33,0,0
61,107,-33,35,0,0
61,108,-33,37,0,0
61,109,-33,39,0,0
61,110,-33,41,0,0
61,111,-33,43,0,0
61,112,-33,45,0,0
61,113,-33,47,0,0
61,114,-33,49,0,0
61,115,-33,51,0,0
61,116,-33,53,0,0
61,117,-33,55,0,0
61,118,-33,57,0,0
61,119,-33,59,0,0
61,120,-33,61,0,0
61,121,-33,63,0,0
61,122,-33,65,0,0
61,123,-33,67,0,0
61,124,-33,69,0,0
61,125,-33,71,0,0
61,126,-33,73,0,0
61,127,-33,75,0,0
61,128,-33,77,0,0
61,129,-33,79,0,0
61,130,-33,81,0,0
61,131,-33,83,0,0
61,132,-33,85,0,0
61,133,-33,87,0,0
61,134,-33,89,0,0
61,135,-33,91,0,0
61,136,-33,93,0,0
61,137,-33,95,0,0
61,138,-33,97,0,0
61,139,-33,99,0,0
61,140,-33,101,0,0
61,141,-33,103,0,0
61,142,-33,105,0,0
61,143,-33,107,0,0
61,144,-33,109,0,0
61,145,-33,111,0,0
61,146,-33,113,0,0
61,147,-33,115,0,0
61,148,-33,117,1,0
61,149,-33,119,1,0
61,150,-33,121,1,0
61,151,-33,123,1,0
61,152,-33,125,0,0
61,153,-33,127,0,0
61,154,-33,129,0,0
61,155,-33,131,0,0
61,156,-33,133,0,0
61,157,-33,135,1,0
61,158,-33,137,1,0
61,159,-33,139,1,0
61,160,-33,141,1,0
61,161,-33,143,1,0
61,162,-33,145,1,0
61,163,-33,147,1,0
61,164,-33,149,1,0
61,165,-33,151,1,0
61,166,-33,153,0,0
61,167,-33,155,0,0
61,168,-33,157,0,0
61,169,-33,159,0,0
61,170,-33,161,0,0
61,171,-33,163,0,0
61,172,-33,165,0,0
61,173,-33,167,0,0
61,174,-33,169,0,0
61,175,-33,171,0,0
61,176,-33,173,0,0
61,177,-33,175,0,0
61,178,-33,177,0,0
61,179,-33,179,0,0
62,0,-35,-179,0,0
62,1,-35,-177,0,0
62,2,-35,-175,0,0
62,3,-35,-173,0,0
62,4,-35,-171,0,0
62,5,-35,-169,0,0
62,6,-35,-167,0,0
62,7,-35,-165,0,0
62,8,-35,-163,0,0
62,9,-35,-161,0,0
62,10,-35,-159,0,0
62,11,-35,-157,0,0
62,12,-35,-155,0,0
62,13,-35,-153,0,0
62,14,-35,-151,0,0
62,15,-35,-149,0,0
62,16,-35,-147,0,0
62,17,-35,-145,0,0
62,18,-35,-143,0,0
62,19,-35,-141,0,0
62,20,-35,-139,0,0
62,21,-35,-137,0,0
62,22,-35,-135,0,0
62,23,-35,-133,0,0
62,24,-35,-131,0,0
62,25,-35,-129,0,0
62,26,-35,-127,0,0
62,27,-35,-125,0,0
62,28,-35,-123,0,0
62,29,-35,-121,0,0
62,30,-35,-119,0,0
62,31,-35,-117,0,0
62,32,-35,-115,0,0
62,33,-35,-113,0,0
62,34,-35,-111,0,0
62,35,-35,-109,0,0
62,36,-35,-107,0,0
62,37,-35,-105,0,0
62,38,-35,-103,0,0
62,39,-35,-101,0,0
62,40,-35,-99,0,0
62,41,-35,-97,0,0
62,42,-35,-95,0,0
62,43,-35,-93,0,0
62,44,-35,-91,0,0
62,45,-35,-89,0,0
62,46,-35,-87,0,0
62,47,-35,-85,0,0
62,48,-35,-83,0,0
62,49,-35,-81,0,0
62,50,-35,-79,0,0
62,51,-35,-77,0,0
62,52,-35,-75,0,0
62,53,-35,-73,0,0
62,54,-35,-71,1,0
62,55,-35,-69,1,0
62,56,-35,-67,1,0
62,57,-35,-65,1,0
62,58,-35,-63,1,0
62,59,-35,-61,1,0
62,60,-35,-59,1,0
62,61,-35,-57,0,0
62,62,-35,-55,0,0
62,63,-35,-53,0,0
62,64,-35,-51,0,0
62,65,-35,-49,0,0
62,66,-35,-47,0,0
62,67,-35,-45,0,0
62,68,-35,-43,0,0
62,69,-35,-41,0,0
62,70,-35,-39,0,0
62,71,-35,-37,0,0
62,72,-35,-35,0,0
62,73,-35,-33,0,0
62,74,-35,-31,0,0
62,75,-35,-29,0,0
62,76,-35,-27,0,0
62,77,-35,-25,0,0
62,78,-35,-23,0,0
62,79,-35,-21,0,0
62,80,-35,-19,0,0
62,81,-35,-17,0,0
62,82,-35,-15,0,0
62,83,-35,-13,0,0
62,84,-35,-11,0,0
62,85,-35,-9,0,0
62,86,-35,-7,0,0
62,87,-35,-5,0,0
62,88,-35,-3,0,0
62,89,-35,-1,0,0
62,90,-35,1,0,0
62,91,-35,3,0,0
62,92,-35,5,0,0
62,93,-35,7,0,0
62,94,-35,9,0,0
62,95,-35,11,0,0
62,96,-35,13,0,0
62,97,-35,15,0,0
62,98,-35,17,0,0
62,99,-35,19,0,0
62,100,-35,21,0,0
62,101,-35,23,0,0
62,102,-35,25,0,0
62,103,-35,27,0,0
62,104,-35,29,0,0
62,105,-35,31,0,0
62,106,-35,33,0,0
62,107,-35,35,0,0
62,108,-35,37,0,0
62,109,-35,39,0,0
62,110,-35,41,0,0
62,111,-35,43,0,0
62,112,-35,45,0,0
62,113,-35,47,0,0
62,114,-35,49,0,0
62,115,-35,51,0,0
62,116,-35,53,0,0
62,117,-35,55,0,0
62,118,-35,57,0,0
62,119,-35,59,0,0
62,120,-35,61,0,0
62,121,-35,63,0,0
62,122,-35,65,0,0
62,123,-35,67,0,0
62,124,-35,69,0,0
62,125,-35,71,0,0
62,126,-35,73,0,0
62,127,-35,75,0,0
62,128,-35,77,0,0
62,129,-35,79,0,0
62,130,-35,81,0,0
62,131,-35,83,0,0
62,132,-35,85,0,0
62,133,-35,87,0,0
62,134,-35,89,0,0
62,135,-35,91,0,0
62,136,-35,93,0,0
62,137,-35,95,0,0
62,138,-35,97,0,0
62,139,-35,99,0,0
62,140,-35,101,0,0
62,141,-35,103,0,0
62,142,-35,105,0,0
62,143,-35,107,0,0
62,144,-35,109,0,0
62,145,-35,111,0,0
62,146,-35,113,0,0
62,147,-35,115,0,0
62,148,-35,117,1,0
62,149,-35,119,0,0
62,150,-35,121,0,0
62,151,-35,123,0,0
62,152,-35,125,0,0
62,153,-35,127,0,0
62,154,-35,129,0,0
62,155,-35,131,0,0
62,156,-35,133,0,0
62,157,-35,135,0,0
62,158,-35,137,1,0
62,159,-35,139,1,0
62,160,-35,141,1,0
62,161,-35,143,1,0
62,162,-35,145,1,0
62,163,-35,147,1,0
62,164,-35,149,1,0
62,165,-35,151,0,0
62,166,-35,153,0,0
62,167,-35,155,0,0
62,168,-35,157,0,0
62,169,-35,159,0,0
62,170,-35,161,0,0
62,171,-35,163,0,0
62,172,-35,165,0,0
62,173,-35,167,0,0
62,174,-35,169,0,0
62,175,-35,171,0,0
62,176,-35,173,0,0
62,177,-35,175,0,0
62,178,-35,177,0,0
62,179,-35,179,0,0
63,0,-37,-179,0,0
63,1,-37,-177,0,0
63,2,-37,-175,0,0
63,3,-37,-173,0,0
63,4,-37,-171,0,0
63,5,-37,-169,0,0
63,6,-37,-167,0,0
63,7,-37,-165,0,0
63,8,-37,-163,0,0
63,9,-37,-161,0,0
63,10,-37,-159,0,0
63,11,-37,-157,0,0
63,12,-37,-155,0,0
63,13,-37,-153,0,0
63,14,-37,-151,0,0
63,15,-37,-149,0,0
63,16,-37,-147,0,0
63,17,-37,-145,0,0
63,18,-37,-143,0,0
63,19,-37,-141,0,0
63,20,-37,-139,0,0
63,21,-37,-137,0,0
63,22,-37,-135,0,0
63,23,-37,-133,0,0
63,24,-37,-131,0,0
63,25,-37,-129,0,0
63,26,-37,-127,0,0
63,27,-37,-125,0,0
63,28,-37,-123,0,0
63,29,-37,-121,0,0
63,30,-37,-119,0,0
63,31,-37,-117,0,0
63,32,-37,-115,0,0
63,33,-37,-113,0,0
63,34,-37,-111,0,0
63,35,-37,-109,0,0
63,36,-37,-107,0,0
63,37,-37,-105,0,0
63,38,-37,-103,0,0
63,39,-37,-101,0,0
63,40,-37,-99,0,0
63,41,-37,-97,0,0
63,42,-37,-95,0,0
63,43,-37,-93,0,0
63,44,-37,-91,0,0
63,45,-37,-89,0,0
63,46,-37,-87,0,0
63,47,-37,-85,0,0
63,48,-37,-83,0,0
63,49,-37,-81,0,0
63,50,-37,-79,0,0
63,51,-37,-77,0,0
63,52,-37,-75,0,0
63,53,-37,-73,1,0
63,54,-37,-71,1,0
63,55,-37,-69,1,0
63,56,-37,-67,1,0
63,57,-37,-65,1,0
63,58,-37,-63,1,0
63,59,-37,-61,1,0
63,60,-37,-59,1,0
63,61,-37,-57,1,0
63,62,-37,-55,0,0
63,63,-37,-53,0,0
63,64,-37,-51,0,0
63,65,-37,-49,0,0
63,66,-37,-47,0,0
63,67,-37,-45,0,0
63,68,-37,-43,0,0
63,69,-37,-41,0,0
63,70,-37,-39,0,0
63,71,-37,-37,0,0
63,72,-37,-35,0,0
63,73,-37,-33,0,0
63,74,-37,-31,0,0
63,75,-37,-29,0,0
63,76,-37,-27,0,0
63,77,-37,-25,0,0
63,78,-37,-23,0,0
63,79,-37,-21,0,0
63,80,-37,-19,0,0
63,81,-37,-17,0,0
63,82,-37,-15,0,0
63,83,-37,-13,0,0
63,84,-37,-11,0,0
63,85,-37,-9,0,0
63,86,-37,-7,0,0
63,87,-37,-5,0,0
63,88,-37,-3,0,0
63,89,-37,-1,0,0
63,90,-37,1,0,0
63,91,-37,3,0,0
63,92,-37,5,0,0
63,93,-37,7,0,0
63,94,-37,9,0,0
63,95,-37,11,0,0
63,96,-37,13,0,0
63,97,-37,15,0,0
63,98,-37,17,0,0
63,99,-37,19,0,0
63,100,-37,21,0,0
63,101,-37,23,0,0
63,102,-37,25,0,0
63,103,-37,27,0,0
63,104,-37,29,0,0
63,105,-37,31,0,0
63,106,-37,33,0,0
63,107,-37,35,0,0
63,108,-37,37,0,0
63,109,-37,39,0,0
63,110,-37,41,0,0
63,111,-37,43,0,0
63,112,-37,45,0,0
63,113,-37,47,0,0
63,114,-37,49,0,0
63,115,-37,51,0,0
63,116,-37,53,0,0
63,117,-37,55,0,0
63,118,-37,57,0,0
63,119,-37,59,0,0
63,120,-37,61,0,0
63,121,-37,63,0,0
63,122,-37,65,0,0
63,123,-37,67,0,0
63,124,-37,69,0,0
63,125,-37,71,0,0
63,126,-37,73,0,0
63,127,-37,75,0,0
63,128,-37,77,0,0
63,129,-37,79,0,0
63,130,-37,81,0,0
63,131,-37,83,0,0
63,132,-37,85,0,0
63,133,-37,87,0,0
63,134,-37,89,0,0
63,135,-37,91,0,0
63,136,-37,93,0,0
63,137,-37,95,0,0
63,138,-37,97,0,0
63,139,-37,99,0,0
63,140,-37,101,0,0
63,141,-37,103,0,0
63,142,-37,105,0,0
63,143,-37,107,0,0
63,144,-37,109,0,0
63,145,-37,111,0,0
63,146,-37,113,0,0
63,147,-37,115,0,0
63,148,-37,117,0,0
63,149,-37,119,0,0
63,150,-37,121,0,0
63,151,-37,123,0,0
63,152,-37,125,0,0
63,153,-37,127,0,0
63,154,-37,129,0,0
63,155,-37,131,0,0
63,156,-37,133,0,0
63,157,-37,135,0,0
63,158,-37,137,0,0
63,159,-37,139,0,0
63,160,-37,141,1,0
63,161,-37,143,1,0
63,162,-37,145,1,0
63,163,-37,147,1,0
63,164,-37,149,1,0
63,165,-37,151,0,0
63,166,-37,153,0,0
63,167,-37,155,0,0
63,168,-37,157,0,0
63,169,-37,159,0,0
63,170,-37,161,0,0
63,171,-37,163,0,0
63,172,-37,165,0,0
63,173,-37,167,0,0
63,174,-37,169,0,0
63,175,-37,171,0,0
63,176,-37,173,0,0
63,177,-37,175,1,0
63,178,-37,177,0,0
63,179,-37,179,0,0
64,0,-39,-179,0,0
64,1,-39,-177,0,0
64,2,-39,-175,0,0
64,3,-39,-173,0,0
64,4,-39,-171,0,0
64,5,-39,-169,0,0
64,6,-39,-167,0,0
64,7,-39,-165,0,0
64,8,-39,-163,0,0
64,9,-39,-161,0,0
64,10,-39,-159,0,0
64,11,-39,-157,0,0
64,12,-39,-155,0,0
64,13,-39,-153,0,0
64,14,-39,-151,0,0
64,15,-39,-149,0,0
64,16,-39,-147,0,0
64,17,-39,-145,0,0
64,18,-39,-143,0,0
64,19,-39,-141,0,0
64,20,-39,-139,0,0
64,21,-39,-137,0,0
64,22,-39,-135,0,0
64,23,-39,-133,0,0
64,24,-39,-131,0,0
64,25,-39,-129,0,0
64,26,-39,-127,0,0
64,27,-39,-125,0,0
64,28,-39,-123,0,0
64,29,-39,-121,0,0
64,30,-39,-119,0,0
64,31,-39,-117,0,0
64,32,-39,-115,0,0
64,33,-39,-113,0,0
64,34,-39,-111,0,0
64,35,-39,-109,0,0
64,36,-39,-107,0,0
64,37,-39,-105,0,0
64,38,-39,-103,0,0
64,39,-39,-101,0,0
64,40,-39,-99,0,0
64,41,-39,-97,0,0
64,42,-39,-95,0,0
64,43,-39,-93,0,0
64,44,-39,-91,0,0
64,45,-39,-89,0,0
64,46,-39,-87,0,0
64,47,-39,-85,0,0
64,48,-39,-83,0,0
64,49,-39,-81,0,0
64,50,-39,-79,0,0
64,51,-39,-77,0,0
64,52,-39,-75,0,0
64,53,-39,-73,1,0
64,54,-39,-71,1,0
64,55,-39,-69,1,0
64,56,-39,-67,1,0
64,57,-39,-65,1,0
64,58,-39,-63,1,0
64,59,-39,-61,0,0
64,60,-39,-59,0,0
64,61,-39,-57,0,0
64,62,-39,-55,0,0
64,63,-39,-53,0,0
64,64,-39,-51,0,0
64,65,-39,-49,0,0
64,66,-39,-47,0,0
64,67,-39,-45,0,0
64,68,-39,-43,0,0
64,69,-39,-41,0,0
64,70,-39,-39,0,0
64,71,-39,-37,0,0
64,72,-39,-35,0,0
64,73,-39,-33,0,0
64,74,-39,-31,0,0
64,75,-39,-29,0,0
64,76,-39,-27,0,0
64,77,-39,-25,0,0
64,78,-39,-23,0,0
64,79,-39,-21,0,0
64,80,-39,-19,0,0
64,81,-39,-17,0,0
64,82,-39,-15,0,0
64,83,-39,-13,0,0
64,84,-39,-11,0,0
64,85,-39,-9,0,0
64,86,-39,-7,0,0
64,87,-39,-5,0,0
64,88,-39,-3,0,0
64,89,-39,-1,0,0
64,90,-39,1,0,0
64,91,-39,3,0,0
64,92,-39,5,0,0
64,93,-39,7,0,0
64,94,-39,9,0,0
64,95,-39,11,0,0
64,96,-39,13,0,0
64,97,-39,15,0,0
64,98,-39,17,0,0
64,99,-39,19,0,0
64,100,-39,21,0,0
64,101,-39,23,0,0
64,102,-39,25,0,0
64,103,-39,27,0,0
64,104,-39,29,0,0
64,105,-39,31,0,0
64,106,-39,33,0,0
64,107,-39,35,0,0
64,108,-39,37,0,0
64,109,-39,39,0,0
64,110,-39,41,0,0
64,111,-39,43,0,0
64,112,-39,45,0,0
64,113,-39,47,0,0
64,114,-39,49,0,0
64,115,-39,51,0,0
64,116,-39,53,0,0
64,117,-39,55,0,0
64,118,-39,57,0,0
64,119,-39,59,0,0
64,120,-39,61,0,0
64,121,-39,63,0,0
64,122,-39,65,0,0
64,123,-39,67,0,0
64,124,-39,69,0,0
64,125,-39,71,0,0
64,126,-39,73,0,0
64,127,-39,75,0,0
64,128,-39,77,0,0
64,129,-39,79,0,0
64,130,-39,81,0,0
64,131,-39,83,0,0
64,132,-39,85,0,0
64,133,-39,87,0,0
64,134,-39,89,0,0
64,135,-39,91,0,0
64,136,-39,93,0,0
64,137,-39,95,0,0
64,138,-39,97,0,0
64,139,-39,99,0,0
64,140,-39,101,0,0
64,141,-39,103,0,0
64,142,-39,105,0,0
64,143,-39,107,0,0
64,144,-39,109,0,0
64,145,-39,111,0,0
64,146,-39,113,0,0
64,147,-39,115,0,0
64,148,-39,117,0,0
64,149,-39,119,0,0
64,150,-39,121,0,0
64,151,-39,123,0,0
64,152,-39,125,0,0
64,153,-39,127,0,0
64,154,-39,129,0,0
64,155,-39,131,0,0
64,156,-39,133,0,0
64,157,-39,135,0,0
64,158,-39,137,0,0
64,159,-39,139,0,0
64,160,-39,141,0,0
64,161,-39,143,0,0
64,162,-39,145,0,0
64,163,-39,147,0,0
64,164,-39,149,0,0
64,165,-39,151,0,0
64,166,-39,153,0,0
64,167,-39,155,0,0
64,168,-39,157,0,0
64,169,-39,159,0,0
64,170,-39,161,0,0
64,171,-39,163,0,0
64,172,-39,165,0,0
64,173,-39,167,0,0
64,174,-39,169,0,0
64,175,-39,171,0,0
64,176,-39,173,0,0
64,177,-39,175,1,0
64,178,-39,177,1,0
64,179,-39,179,0,0
65,0,-41,-179,0,0
65,1,-41,-177,0,0
65,2,-41,-175,0,0
65,3,-41,-173,0,0
65,4,-41,-171,0,0
65,5,-41,-169,0,0
65,6,-41,-167,0,0
65,7,-41,-165,0,0
65,8,-41,-163,0,0
65,9,-41,-161,0,0
65,10,-41,-159,0,0
65,11,-41,-157,0,0
65,12,-41,-155,0,0
65,13,-41,-153,0,0
65,14,-41,-151,0,0
65,15,-41,-149,0,0
65,16,-41,-147,0,0
65,17,-41,-145,0,0
65,18,-41,-143,0,0
65,19,-41,-141,0,0
65,20,-41,-139,0,0
65,21,-41,-137,0,0
65,22,-41,-135,0,0
65,23,-41,-133,0,0
65,24,-41,-131,0,0
65,25,-41,-129,0,0
65,26,-41,-127,0,0
65,27,-41,-125,0,0
65,28,-41,-123,0,0
65,29,-41,-121,0,0
65,30,-41,-119,0,0
65,31,-41,-117,0,0
65,32,-41,-115,0,0
65,33,-41,-113,0,0
65,34,-41,-111,0,0
65,35,-41,-109,0,0
65,36,-41,-107,0,0
65,37,-41,-105,0,0
65,38,-41,-103,0,0
65,39,-41,-101,0,0
65,40,-41,-99,0,0
65,41,-41,-97,0,0
65,42,-41,-95,0,0
65,43,-41,-93,0,0
65,44,-41,-91,0,0
65,45,-41,-89,0,0
65,46,-41,-87,0,0
65,47,-41,-85,0,0
65,48,-41,-83,0,0
65,49,-41,-81,0,0
65,50,-41,-79,0,0
65,51,-41,-77,0,0
65,52,-41,-75,0,0
65,53,-41,-73,1,0
65,54,-41,-71,1,0
65,55,-41,-69,1,0
65,56,-41,-67,1,0
65,57,-41,-65,0,0
65,58,-41,-63,1,0
65,59,-41,-61,0,0
65,60,-41,-59,0,0
65,61,-41,-57,0,0
65,62,-41,-55,0,0
65,63,-41,-53,0,0
65,64,-41,-51,0,0
65,65,-41,-49,0,0
65,66,-41,-47,0,0
65,67,-41,-45,0,0
65,68,-41,-43,0,0
65,69,-41,-41,0,0
65,70,-41,-39,0,0
65,71,-41,-37,0,0
65,72,-41,-35,0,0
65,73,-41,-33,0,0
65,74,-41,-31,0,0
65,75,-41,-29,0,0
65,76,-41,-27,0,0
65,77,-41,-25,0,0
65,78,-41,-23,0,0
65,79,-41,-21,0,0
65,80,-41,-19,0,0
65,81,-41,-17,0,0
65,82,-41,-15,0,0
65,83,-41,-13,0,0
65,84,-41,-11,0,0
65,85,-41,-9,0,0
65,86,-41,-7,0,0
65,87,-41,-5,0,0
65,88,-41,-3,0,0
65,89,-41,-1,0,0
65,90,-41,1,0,0
65,91,-41,3,0,0
65,92,-41,5,0,0
65,93,-41,7,0,0
65,94,-41,9,0,0
65,95,-41,11,0,0
65,96,-41,13,0,0
65,97,-41,15,0,0
65,98,-41,17,0,0
65,99,-41,19,0,0
65,100,-41,21,0,0
65,101,-41,23,0,0
65,102,-41,25,0,0
65,103,-41,27,0,0
65,104,-41,29,0,0
65,105,-41,31,0,0
65,106,-41,33,0,0
65,107,-41,35,0,0
65,108,-41,37,0,0
65,109,-41,39,0,0
65,110,-41,41,0,0
65,111,-41,43,0,0
65,112,-41,45,0,0
65,113,-41,47,0,0
65,114,-41,49,0,0
65,115,-41,51,0,0
65,116,-41,53,0,0
65,117,-41,55,0,0
65,118,-41,57,0,0
65,119,-41,59,0,0
65,120,-41,61,0,0
65,121,-41,63,0,0
65,122,-41,65,0,0
65,123,-41,67,0,0
65,124,-41,69,0,0
65,125,-41,71,0,0
65,126,-41,73,0,0
65,127,-41,75,0,0
65,128,-41,77,0,0
65,129,-41,79,0,0
65,130,-41,81,0,0
65,131,-41,83,0,0
65,132,-41,85,0,0
65,133,-41,87,0,0
65,134,-41,89,0,0
65,135,-41,91,0,0
65,136,-41,93,0,0
65,137,-41,95,0,0
65,138,-41,97,0,0
65,139,-41,99,0,0
65,140,-41,101,0,0
65,141,-41,103,0,0
65,142,-41,105,0,0
65,143,-41,107,0,0
65,144,-41,109,0,0
65,145,-41,111,0,0
65,146,-41,113,0,0
65,147,-41,115,0,0
65,148,-41,117,0,0
65,149,-41,119,0,0
65,150,-41,121,0,0
65,151,-41,123,0,0
65,152,-41,125,0,0
65,153,-41,127,0,0
65,154,-41,129,0,0
65,155,-41,131,0,0
65,156,-41,133,0,0
65,157,-41,135,0,0
65,158,-41,137,0,0
65,159,-41,139,0,0
65,160,-41,141,0,0
65,161,-41,143,0,0
65,162,-41,145,1,0
65,163,-41,147,1,0
65,164,-41,149,0,0
65,165,-41,151,0,0
65,166,-41,153,0,0
65,167,-41,155,0,0
65,168,-41,157,0,0
65,169,-41,159,0,0
65,170,-41,161,0,0
65,171,-41,163,0,0
65,172,-41,165,0,0
65,173,-41,167,0,0
65,174,-41,169,0,0
65,175,-41,171,0,0
65,176,-41,173,1,0
65,177,-41,175,1,0
65,178,-41,177,0,0
65,179,-41,179,0,0
66,0,-43,-179,0,0
66,1,-43,-177,0,0
66,2,-43,-175,0,0
66,3,-43,-173,0,0
66,4,-43,-171,0,0
66,5,-43,-169,0,0
66,6,-43,-167,0,0
66,7,-43,-165,0,0
66,8,-43,-163,0,0
66,9,-43,-161,0,0
66,10,-43,-159,0,0
66,11,-43,-157,0,0
66,12,-43,-155,0,0
66,13,-43,-153,0,0
66,14,-43,-151,0,0
66,15,-43,-149,0,0
66,16,-43,-147,0,0
66,17,-43,-145,0,0
66,18,-43,-143,0,0
66,19,-43,-141,0,0
66,20,-43,-139,0,0
66,21,-43,-137,0,0
66,22,-43,-135,0,0
66,23,-43,-133,0,0
66,24,-43,-131,0,0
66,25,-43,-129,0,0
66,26,-43,-127,0,0
66,27,-43,-125,0,0
66,28,-43,-123,0,0
66,29,-43,-121,0,0
66,30,-43,-119,0,0
66,31,-43,-117,0,0
66,32,-43,-115,0,0
66,33,-43,-113,0,0
66,34,-43,-111,0,0
66,35,-43,-109,0,0
66,36,-43,-107,0,0
66,37,-43,-105,0,0
66,38,-43,-103,0,0
66,39,-43,-101,0,0
66,40,-43,-99,0,0
66,41,-43,-97,0,0
66,42,-43,-95,0,0
66,43,-43,-93,0,0
66,44,-43,-91,0,0
66,45,-43,-89,0,0
66,46,-43,-87,0,0
66,47,-43,-85,0,0
66,48,-43,-83,0,0
66,49,-43,-81,0,0
66,50,-43,-79,0,0
66,51,-43,-77,0,0
66,52,-43,-75,0,0
66,53,-43,-73,0,0
66,54,-43,-71,1,0
66,55,-43,-69,1,0
66,56,-43,-67,1,0
66,57,-43,-65,1,0
66,58,-43,-63,0,0
66,59,-43,-61,0,0
66,60,-43,-59,0,0
66,61,-43,-57,0,0
66,62,-43,-55,0,0
66,63,-43,-53,0,0
66,64,-43,-51,0,0
66,65,-43,-49,0,0
66,66,-43,-47,0,0
66,67,-43,-45,0,0
66,68,-43,-43,0,0
66,69,-43,-41,0,0
66,70,-43,-39,0,0
66,71,-43,-37,0,0
66,72,-43,-35,0,0
66,73,-43,-33,0,0
66,74,-43,-31,0,0
66,75,-43,-29,0,0
66,76,-43,-27,0,0
66,77,-43,-25,0,0
66,78,-43,-23,0,0
66,79,-43,-21,0,0
66,80,-43,-19,0,0
66,81,-43,-17,0,0
66,82,-43,-15,0,0
66,83,-43,-13,0,0
66,84,-43,-11,0,0
66,85,-43,-9,0,0
66,86,-43,-7,0,0
66,87,-43,-5,0,0
66,88,-43,-3,0,0
66,89,-43,-1,0,0
66,90,-43,1,0,0
66,91,-43,3,0,0
66,92,-43,5,0,0
66,93,-43,7,0,0
66,94,-43,9,0,0
66,95,-43,11,0,0
66,96,-43,13,0,0
66,97,-43,15,0,0
66,98,-43,17,0,0
66,99,-43,19,0,0
66,100,-43,21,0,0
66,101,-43,23,0,0
66,102,-43,25,0,0
66,103,-43,27,0,0
66,104,-43,29,0,0
66,105,-43,31,0,0
66,106,-43,33,0,0
66,107,-43,35,0,0
66,108,-43,37,0,0
66,109,-43,39,0,0
66,110,-43,41,0,0
66,111,-43,43,0,0
66,112,-43,45,0,0
66,113,-43,47,0,0
66,114,-43,49,0,0
66,115,-43,51,0,0
66,116,-43,53,0,0
66,117,-43,55,0,0
66,118,-43,57,0,0
66,119,-43,59,0,0
66,120,-43,61,0,0
66,121,-43,63,0,0
66,122,-43,65,0,0
66,123,-43,67,0,0
66,124,-43,69,0,0
66,125,-43,71,0,0
66,126,-43,73,0,0
66,127,-43,75,0,0
66,128,-43,77,0,0
66,129,-43,79,0,0
66,130,-43,81,0,0
66,131,-43,83,0,0
66,132,-43,85,0,0
66,133,-43,87,0,0
66,134,-43,89,0,0
66,135,-43,91,0,0
66,136,-43,93,0,0
66,137,-43,95,0,0
66,138,-43,97,0,0
66,139,-43,99,0,0
66,140,-43,101,0,0
66,141,-43,103,0,0
66,142,-43,105,0,0
66,143,-43,107,0,0
66,144,-43,109,0,0
66,145,-43,111,0,0
66,146,-43,113,0,0
66,147,-43,115,0,0
66,148,-43,117,0,0
66,149,-43,119,0,0
66,150,-43,121,0,0
66,151,-43,123,0,0
66,152,-43,125,0,0
66,153,-43,127,0,0
66,154,-43,129,0,0
66,155,-43,131,0,0
66,156,-43,133,0,0
66,157,-43,135,0,0
66,158,-43,137,0,0
66,159,-43,139,0,0
66,160,-43,141,0,0
66,161,-43,143,0,0
66,162,-43,145,0,0
66,163,-43,147,1,0
66,164,-43,149,0,0
66,165,-43,151,0,0
66,166,-43,153,0,0
66,167,-43,155,0,0
66,168,-43,157,0,0
66,169,-43,159,0,0
66,170,-43,161,0,0
66,171,-43,163,0,0
66,172,-43,165,0,0
66,173,-43,167,0,0
66,174,-43,169,0,0
66,175,-43,171,1,0
66,176,-43,173,1,0
66,177,-43,175,0,0
66,178,-43,177,0,0
66,179,-43,179,0,0
67,0,-45,-179,0,0
67,1,-45,-177,0,0
67,2,-45,-175,0,0
67,3,-45,-173,0,0
67,4,-45,-171,0,0
67,5,-45,-169,0,0
67,6,-45,-167,0,0
67,7,-45,-165,0,0
67,8,-45,-163,0,0
67,9,-45,-161,0,0
67,10,-45,-159,0,0
67,11,-45,-157,0,0
67,12,-45,-155,0,0
67,13,-45,-153,0,0
67,14,-45,-151,0,0
67,15,-45,-149,0,0
67,16,-45,-147,0,0
67,17,-45,-145,0,0
67,18,-45,-143,0,0
67,19,-45,-141,0,0
67,20,-45,-139,0,0
67,21,-45,-137,0,0
67,22,-45,-135,0,0
67,23,-45,-133,0,0
67,24,-45,-131,0,0
67,25,-45,-129,0,0
67,26,-45,-127,0,0
67,27,-45,-125,0,0
67,28,-45,-123,0,0
67,29,-45,-121,0,0
67,30,-45,-119,0,0
67,31,-45,-117,0,0
67,32,-45,-115,0,0
67,33,-45,-113,0,0
67,34,-45,-111,0,0
67,35,-45,-109,0,0
67,36,-45,-107,0,0
67,37,-45,-105,0,0
67,38,-45,-103,0,0
67,39,-45,-101,0,0
67,40,-45,-99,0,0
67,41,-45,-97,0,0
67,42,-45,-95,0,0
67,43,-45,-93,0,0
67,44,-45,-91,0,0
67,45,-45,-89,0,0
67,46,-45,-87,0,0
67,47,-45,-85,0,0
67,48,-45,-83,0,0
67,49,-45,-81,0,0
67,50,-45,-79,0,0
67,51,-45,-77,0,0
67,52,-45,-75,0,0
67,53,-45,-73,1,0
67,54,-45,-71,1,0
67,55,-45,-69,1,0
67,56,-45,-67,1,0
67,57,-45,-65,0,0
67,58,-45,-63,0,0
67,59,-45,-61,0,0
67,60,-45,-59,0,0
67,61,-45,-57,0,0
67,62,-45,-55,0,0
67,63,-45,-53,0,0
67,64,-45,-51,0,0
67,65,-45,-49,0,0
67,66,-45,-47,0,0
67,67,-45,-45,0,0
67,68,-45,-43,0,0
67,69,-45,-41,0,0
67,70,-45,-39,0,0
67,71,-45,-37,0,0
67,72,-45,-35,0,0
67,73,-45,-33,0,0
67,74,-45,-31,0,0
67,75,-45,-29,0,0
67,76,-45,-27,0,0
67,77,-45,-25,0,0
67,78,-45,-23,0,0
67,79,-45,-21,0,0
67,80,-45,-19,0,0
67,81,-45,-17,0,0
67,82,-45,-15,0,0
67,83,-45,-13,0,0
67,84,-45,-11,0,0
67,85,-45,-9,0,0
67,86,-45,-7,0,0
67,87,-45,-5,0,0
67,88,-45,-3,0,0
67,89,-45,-1,0,0
67,90,-45,1,0,0
67,91,-45,3,0,0
67,92,-45,5,0,0
67,93,-45,7,0,0
67,94,-45,9,0,0
67,95,-45,11,0,0
67,96,-45,13,0,0
67,97,-45,15,0,0
67,98,-45,17,0,0
67,99,-45,19,0,0
67,100,-45,21,0,0
67,101,-45,23,0,0
67,102,-45,25,0,0
67,103,-45,27,0,0
67,104,-45,29,0,0
67,105,-45,31,0,0
67,106,-45,33,0,0
67,107,-45,35,0,0
67,108,-45,37,0,0
67,109,-45,39,0,0
67,110,-45,41,0,0
67,111,-45,43,0,0
67,112,-45,45,0,0
67,113,-45,47,0,0
67,114,-45,49,0,0
67,115,-45,51,0,0
67,116,-45,53,0,0
67,117,-45,55,0,0
67,118,-45,57,0,0
67,119,-45,59,0,0
67,120,-45,61,0,0
67,121,-45,63,0,0
67,122,-45,65,0,0
67,123,-45,67,0,0
67,124,-45,69,0,0
67,125,-45,71,0,0
67,126,-45,73,0,0
67,127,-45,75,0,0
67,128,-45,77,0,0
67,129,-45,79,0,0
67,130,-45,81,0,0
67,131,-45,83,0,0
67,132,-45,85,0,0
67,133,-45,87,0,0
67,134,-45,89,0,0
67,135,-45,91,0,0
67,136,-45,93,0,0
67,137,-45,95,0,0
67,138,-45,97,0,0
67,139,-45,99,0,0
67,140,-45,101,0,0
67,141,-45,103,0,0
67,142,-45,105,0,0
67,143,-45,107,0,0
67,144,-45,109,0,0
67,145,-45,111,0,0
67,146,-45,113,0,0
67,147,-45,115,0,0
67,148,-45,117,0,0
67,149,-45,119,0,0
67,150,-45,121,0,0
67,151,-45,123,0,0
67,152,-45,125,0,0
67,153,-45,127,0,0
67,154,-45,129,0,0
67,155,-45,131,0,0
67,156,-45,133,0,0
67,157,-45,135,0,0
67,158,-45,137,0,0
67,159,-45,139,0,0
67,160,-45,141,0,0
67,161,-45,143,0,0
67,162,-45,145,0,0
67,163,-45,147,0,0
67,164,-45,149,0,0
67,165,-45,151,0,0
67,166,-45,153,0,0
67,167,-45,155,0,0
67,168,-45,157,0,0
67,169,-45,159,0,0
67,170,-45,161,0,0
67,171,-45,163,0,0
67,172,-45,165,0,0
67,173,-45,167,0,0
67,174,-45,169,1,0
67,175,-45,171,1,0
67,176,-45,173,0,0
67,177,-45,175,0,0
67,178,-45,177,0,0
67,179,-45,179,0,0
68,0,-47,-179,0,0
68,1,-47,-177,0,0
68,2,-47,-175,0,0
68,3,-47,-173,0,0
68,4,-47,-171,0,0
68,5,-47,-169,0,0
68,6,-47,-167,0,0
68,7,-47,-165,0,0
68,8,-47,-163,0,0
68,9,-47,-161,0,0
68,10,-47,-159,0,0
68,11,-47,-157,0,0
68,12,-47,-155,0,0
68,13,-47,-153,0,0
68,14,-47,-151,0,0
68,15,-47,-149,0,0
68,16,-47,-147,0,0
68,17,-47,-145,0,0
68,18,-47,-143,0,0
68,19,-47,-141,0,0
68,20,-47,-139,0,0
68,21,-47,-137,0,0
68,22,-47,-135,0,0
68,23,-47,-133,0,0
68,24,-47,-131,0,0
68,25,-47,-129,0,0
68,26,-47,-127,0,0
68,27,-47,-125,0,0
68,28,-47,-123,0,0
68,29,-47,-121,0,0
68,30,-47,-119,0,0
68,31,-47,-117,0,0
68,32,-47,-115,0,0
68,33,-47,-113,0,0
68,34,-47,-111,0,0
68,35,-47,-109,0,0
68,36,-47,-107,0,0
68,37,-47,-105,0,0
68,38,-47,-103,0,0
68,39,-47,-101,0,0
68,40,-47,-99,0,0
68,41,-47,-97,0,0
68,42,-47,-95,0,0
68,43,-47,-93,0,0
68,44,-47,-91,0,0
68,45,-47,-89,0,0
68,46,-47,-87,0,0
68,47,-47,-85,0,0
68,48,-47,-83,0,0
68,49,-47,-81,0,0
68,50,-47,-79,0,0
68,51,-47,-77,0,0
68,52,-47,-75,0,0
68,53,-47,-73,1,0
68,54,-47,-71,1,0
68,55,-47,-69,1,0
68,56,-47,-67,1,0
68,57,-47,-65,0,0
68,58,-47,-63,0,0
68,59,-47,-61,0,0
68,60,-47,-59,0,0
68,61,-47,-57,0,0
68,62,-47,-55,0,0
68,63,-47,-53,0,0
68,64,-47,-51,0,0
68,65,-47,-49,0,0
68,66,-47,-47,0,0
68,67,-47,-45,0,0
68,68,-47,-43,0,0
68,69,-47,-41,0,0
68,70,-47,-39,0,0
68,71,-47,-37,0,0
68,72,-47,-35,0,0
68,73,-47,-33,0,0
68,74,-47,-31,0,0
68,75,-47,-29,0,0
68,76,-47,-27,0,0
68,77,-47,-25,0,0
68,78,-47,-23,0,0
68,79,-47,-21,0,0
68,80,-47,-19,0,0
68,81,-47,-17,0,0
68,82,-47,-15,0,0
68,83,-47,-13,0,0
68,84,-47,-11,0,0
68,85,-47,-9,0,0
68,86,-47,-7,0,0
68,87,-47,-5,0,0
68,88,-47,-3,0,0
68,89,-47,-1,0,0
68,90,-47,1,0,0
68,91,-47,3,0,0
68,92,-47,5,0,0
68,93,-47,7,0,0
68,94,-47,9,0,0
68,95,-47,11,0,0
68,96,-47,13,0,0
68,97,-47,15,0,0
68,98,-47,17,0,0
68,99,-47,19,0,0
68,100,-47,21,0,0
68,101,-47,23,0,0
68,102,-47,25,0,0
68,103,-47,27,0,0
68,104,-47,29,0,0
68,105,-47,31,0,0
68,106,-47,33,0,0
68,107,-47,35,0,0
68,108,-47,37,0,0
68,109,-47,39,0,0
68,110,-47,41,0,0
68,111,-47,43,0,0
68,112,-47,45,0,0
68,113,-47,47,0,0
68,114,-47,49,0,0
68,115,-47,51,0,0
68,116,-47,53,0,0
68,117,-47,55,0,0
68,118,-47,57,0,0
68,119,-47,59,0,0
68,120,-47,61,0,0
68,121,-47,63,0,0
68,122,-47,65,0,0
68,123,-47,67,0,0
68,124,-47,69,0,0
68,125,-47,71,0,0
68,126,-47,73,0,0
68,127,-47,75,0,0
68,128,-47,77,0,0
68,129,-47,79,0,0
68,130,-47,81,0,0
68,131,-47,83,0,0
68,132,-47,85,0,0
68,133,-47,87,0,0
68,134,-47,89,0,0
68,135,-47,91,0,0
68,136,-47,93,0,0
68,137,-47,95,0,0
68,138,-47,97,0,0
68,139,-47,99,0,0
68,140,-47,101,0,0
68,141,-47,103,0,0
68,142,-47,105,0,0
68,143,-47,107,0,0
68,144,-47,109,0,0
68,145,-47,111,0,0
68,146,-47,113,0,0
68,147,-47,115,0,0
68,148,-47,117,0,0
68,149,-47,119,0,0
68,150,-47,121,0,0
68,151,-47,123,0,0
68,152,-47,125,0,0
68,153,-47,127,0,0
68,154,-47,129,0,0
68,155,-47,131,0,0
68,156,-47,133,0,0
68,157,-47,135,0,0
68,158,-47,137,0,0
68,159,-47,139,0,0
68,160,-47,141,0,0
68,161,-47,143,0,0
68,162,-47,145,0,0
68,163,-47,147,0,0
68,164,-47,149,0,0
68,165,-47,151,0,0
68,166,-47,153,0,0
68,167,-47,155,0,0
68,168,-47,157,0,0
68,169,-47,159,0,0
68,170,-47,161,0,0
68,171,-47,163,0,0
68,172,-47,165,0,0
68,173,-47,167,0,0
68,174,-47,169,0,0
68,175,-47,171,0,0
68,176,-47,173,0,0
68,177,-47,175,0,0
68,178,-47,177,0,0
68,179,-47,179,0,0
69,0,-49,-179,0,0
69,1,-49,-177,0,0
69,2,-49,-175,0,0
69,3,-49,-173,0,0
69,4,-49,-171,0,0
69,5,-49,-169,0,0
69,6,-49,-167,0,0
69,7,-49,-165,0,0
69,8,-49,-163,0,0
69,9,-49,-161,0,0
69,10,-49,-159,0,0
69,11,-49,-157,0,0
69,12,-49,-155,0,0
69,13,-49,-153,0,0
69,14,-49,-151,0,0
69,15,-49,-149,0,0
69,16,-49,-147,0,0
69,17,-49,-145,0,0
69,18,-49,-143,0,0
69,19,-49,-141,0,0
69,20,-49,-139,0,0
69,21,-49,-137,0,0
69,22,-49,-135,0,0
69,23,-49,-133,0,0
69,24,-49,-131,0,0
69,25,-49,-129,0,0
69,26,-49,-127,0,0
69,27,-49,-125,0,0
69,28,-49,-123,0,0
69,29,-49,-121,0,0
69,30,-49,-119,0,0
69,31,-49,-117,0,0
69,32,-49,-115,0,0
69,33,-49,-113,0,0
69,34,-49,-111,0,0
69,35,-49,-109,0,0
69,36,-49,-107,0,0
69,37,-49,-105,0,0
69,38,-49,-103,0,0
69,39,-49,-101,0,0
69,40,-49,-99,0,0
69,41,-49,-97,0,0
69,42,-49,-95,0,0
69,43,-49,-93,0,0
69,44,-49,-91,0,0
69,45,-49,-89,0,0
69,46,-49,-87,0,0
69,47,-49,-85,0,0
69,48,-49,-83,0,0
69,49,-49,-81,0,0
69,50,-49,-79,0,0
69,51,-49,-77,0,0
69,52,-49,-75,0,0
69,53,-49,-73,1,0
69,54,-49,-71,1,0
69,55,-49,-69,1,0
69,56,-49,-67,0,0
69,57,-49,-65,0,0
69,58,-49,-63,0,0
69,59,-49,-61,0,0
69,60,-49,-59,0,0
69,61,-49,-57,0,0
69,62,-49,-55,0,0
69,63,-49,-53,0,0
69,64,-49,-51,0,0
69,65,-49,-49,0,0
69,66,-49,-47,0,0
69,67,-49,-45,0,0
69,68,-49,-43,0,0
69,69,-49,-41,0,0
69,70,-49,-39,0,0
69,71,-49,-37,0,0
69,72,-49,-35,0,0
69,73,-49,-33,0,0
69,74,-49,-31,0,0
69,75,-49,-29,0,0
69,76,-49,-27,0,0
69,77,-49,-25,0,0
69,78,-49,-23,0,0
69,79,-49,-21,0,0
69,80,-49,-19,0,0
69,81,-49,-17,0,0
69,82,-49,-15,0,0
69,83,-49,-13,0,0
69,84,-49,-11,0,0
69,85,-49,-9,0,0
69,86,-49,-7,0,0
69,87,-49,-5,0,0
69,88,-49,-3,0,0
69,89,-49,-1,0,0
69,90,-49,1,0,0
69,91,-49,3,0,0
69,92,-49,5,0,0
69,93,-49,7,0,0
69,94,-49,9,0,0
69,95,-49,11,0,0
69,96,-49,13,0,0
69,97,-49,15,0,0
69,98,-49,17,0,0
69,99,-49,19,0,0
69,100,-49,21,0,0
69,101,-49,23,0,0
69,102,-49,25,0,0
69,103,-49,27,0,0
69,104,-49,29,0,0
69,105,-49,31,0,0
69,106,-49,33,0,0
69,107,-49,35,0,0
69,108,-49,37,0,0
69,109,-49,39,0,0
69,110,-49,41,0,0
69,111,-49,43,0,0
69,112,-49,45,0,0
69,113,-49,47,0,0
69,114,-49,49,0,0
69,115,-49,51,0,0
69,116,-49,53,0,0
69,117,-49,55,0,0
69,118,-49,57,0,0
69,119,-49,59,0,0
69,120,-49,61,0,0
69,121,-49,63,0,0
69,122,-49,65,0,0
69,123,-49,67,0,0
69,124,-49,69,1,0
69,125,-49,71,0,0
69,126,-49,73,0,0
69,127,-49,75,0,0
69,128,-49,77,0,0
69,129,-49,79,0,0
69,130,-49,81,0,0
69,131,-49,83,0,0
69,132,-49,85,0,0
69,133,-49,87,0,0
69,134,-49,89,0,0
69,135,-49,91,0,0
69,136,-49,93,0,0
69,137,-49,95,0,0
69,138,-49,97,0,0
69,139,-49,99,0,0
69,140,-49,101,0,0
69,141,-49,103,0,0
69,142,-49,105,0,0
69,143,-49,107,0,0
69,144,-49,109,0,0
69,145,-49,111,0,0
69,146,-49,113,0,0
69,147,-49,115,0,0
69,148,-49,117,0,0
69,149,-49,119,0,0
69,150,-49,121,0,0
69,151,-49,123,0,0
69,152,-49,125,0,0
69,153,-49,127,0,0
69,154,-49,129,0,0
69,155,-49,131,0,0
69,156,-49,133,0,0
69,157,-49,135,0,0
69,158,-49,137,0,0
69,159,-49,139,0,0
69,160,-49,141,0,0
69,161,-49,143,0,0
69,162,-49,145,0,0
69,163,-49,147,0,0
69,164,-49,149,0,0
69,165,-49,151,0,0
69,166,-49,153,0,0
69,167,-49,155,0,0
69,168,-49,157,0,0
69,169,-49,159,0,0
69,170,-49,161,0,0
69,171,-49,163,0,0
69,172,-49,165,0,0
69,173,-49,167,0,0
69,174,-49,169,0,0
69,175,-49,171,0,0
69,176,-49,173,0,0
69,177,-49,175,0,0
69,178,-49,177,0,0
69,179,-49,179,0,0
70,0,-51,-179,0,0
70,1,-51,-177,0,0
70,2,-51,-175,0,0
70,3,-51,-173,0,0
70,4,-51,-171,0,0
70,5,-51,-169,0,0
70,6,-51,-167,0,0
70,7,-51,-165,0,0
70,8,-51,-163,0,0
70,9,-51,-161,0,0
70,10,-51,-159,0,0
70,11,-51,-157,0,0
70,12,-51,-155,0,0
70,13,-51,-153,0,0
70,14,-51,-151,0,0
70,15,-51,-149,0,0
70,16,-51,-147,0,0
70,17,-51,-145,0,0
70,18,-51,-143,0,0
70,19,-51,-141,0,0
70,20,-51,-139,0,0
70,21,-51,-137,0,0
70,22,-51,-135,0,0
70,23,-51,-133,0,0
70,24,-51,-131,0,0
70,25,-51,-129,0,0
70,26,-51,-127,0,0
70,27,-51,-125,0,0
70,28,-51,-123,0,0
70,29,-51,-121,0,0
70,30,-51,-119,0,0
70,31,-51,-117,0,0
70,32,-51,-115,0,0
70,33,-51,-113,0,0
70,34,-51,-111,0,0
70,35,-51,-109,0,0
70,36,-51,-107,0,0
70,37,-51,-105,0,0
70,38,-51,-103,0,0
70,39,-51,-101,0,0
70,40,-51,-99,0,0
70,41,-51,-97,0,0
70,42,-51,-95,0,0
70,43,-51,-93,0,0
70,44,-51,-91,0,0
70,45,-51,-89,0,0
70,46,-51,-87,0,0
70,47,-51,-85,0,0
70,48,-51,-83,0,0
70,49,-51,-81,0,0
70,50,-51,-79,0,0
70,51,-51,-77,0,0
70,52,-51,-75,0,0
70,53,-51,-73,1,0
70,54,-51,-71,1,0
70,55,-51,-69,0,0
70,56,-51,-67,0,0
70,57,-51,-65,0,0
70,58,-51,-63,0,0
70,59,-51,-61,0,0
70,60,-51,-59,0,0
70,61,-51,-57,0,0
70,62,-51,-55,0,0
70,63,-51,-53,0,0
70,64,-51,-51,0,0
70,65,-51,-49,0,0
70,66,-51,-47,0,0
70,67,-51,-45,0,0
70,68,-51,-43,0,0
70,69,-51,-41,0,0
70,70,-51,-39,0,0
70,71,-51,-37,0,0
70,72,-51,-35,0,0
70,73,-51,-33,0,0
70,74,-51,-31,0,0
70,75,-51,-29,0,0
70,76,-51,-27,0,0
70,77,-51,-25,0,0
70,78,-51,-23,0,0
70,79,-51,-21,0,0
70,80,-51,-19,0,0
70,81,-51,-17,0,0
70,82,-51,-15,0,0
70,83,-51,-13,0,0
70,84,-51,-11,0,0
70,85,-51,-9,0,0
70,86,-51,-7,0,0
70,87,-51,-5,0,0
70,88,-51,-3,0,0
70,89,-51,-1,0,0
70,90,-51,1,0,0
70,91,-51,3,0,0
70,92,-51,5,0,0
70,93,-51,7,0,0
70,94,-51,9,0,0
70,95,-51,11,0,0
70,96,-51,13,0,0
70,97,-51,15,0,0
70,98,-51,17,0,0
70,99,-51,19,0,0
70,100,-51,21,0,0
70,101,-51,23,0,0
70,102,-51,25,0,0
70,103,-51,27,0,0
70,104,-51,29,0,0
70,105,-51,31,0,0
70,106,-51,33,0,0
70,107,-51,35,0,0
70,108,-51,37,0,0
70,109,-51,39,0,0
70,110,-51,41,0,0
70,111,-51,43,0,0
70,112,-51,45,0,0
70,113,-51,47,0,0
70,114,-51,49,0,0
70,115,-51,51,0,0
70,116,-51,53,0,0
70,117,-51,55,0,0
70,118,-51,57,0,0
70,119,-51,59,0,0
70,120,-51,61,0,0
70,121,-51,63,0,0
70,122,-51,65,0,0
70,123,-51,67,0,0
70,124,-51,69,0,0
70,125,-51,71,0,0
70,126,-51,73,0,0
70,127,-51,75,0,0
70,128,-51,77,0,0
70,129,-51,79,0,0
70,130,-51,81,0,0
70,131,-51,83,0,0
70,132,-51,85,0,0
70,133,-51,87,0,0
70,134,-51,89,0,0
70,135,-51,91,0,0
70,136,-51,93,0,0
70,137,-51,95,0,0
70,138,-51,97,0,0
70,139,-51,99,0,0
70,140,-51,101,0,0
70,141,-51,103,0,0
70,142,-51,105,0,0
70,143,-51,107,0,0
70,144,-51,109,0,0
70,145,-51,111,0,0
70,146,-51,113,0,0
70,147,-51,115,0,0
70,148,-51,117,0,0
70,149,-51,119,0,0
70,150,-51,121,0,0
70,151,-51,123,0,0
70,152,-51,125,0,0
70,153,-51,127,0,0
70,154,-51,129,0,0
70,155,-51,131,0,0
70,156,-51,133,0,0
70,157,-51,135,0,0
70,158,-51,137,0,0
70,159,-51,139,0,0
70,160,-51,141,0,0
70,161,-51,143,0,0
70,162,-51,145,0,0
70,163,-51,147,0,0
70,164,-51,149,0,0
70,165,-51,151,0,0
70,166,-51,153,0,0
70,167,-51,155,0,0
70,168,-51,157,0,0
70,169,-51,159,0,0
70,170,-51,161,0,0
70,171,-51,163,0,0
70,172,-51,165,0,0
70,173,-51,167,0,0
70,174,-51,169,0,0
70,175,-51,171,0,0
70,176,-51,173,0,0
70,177,-51,175,0,0
70,178,-51,177,0,0
70,179,-51,179,0,0
71,0,-53,-179,0,0
71,1,-53,-177,0,0
71,2,-53,-175,0,0
71,3,-53,-173,0,0
71,4,-53,-171,0,0
71,5,-53,-169,0,0
71,6,-53,-167,0,0
71,7,-53,-165,0,0
71,8,-53,-163,0,0
71,9,-53,-161,0,0
71,10,-53,-159,0,0
71,11,-53,-157,0,0
71,12,-53,-155,0,0
71,13,-53,-153,0,0
71,14,-53,-151,0,0
71,15,-53,-149,0,0
71,16,-53,-147,0,0
71,17,-53,-145,0,0
71,18,-53,-143,0,0
71,19,-53,-141,0,0
71,20,-53,-139,0,0
71,21,-53,-137,0,0
71,22,-53,-135,0,0
71,23,-53,-133,0,0
71,24,-53,-131,0,0
71,25,-53,-129,0,0
71,26,-53,-127,0,0
71,27,-53,-125,0,0
71,28,-53,-123,0,0
71,29,-53,-121,0,0
71,30,-53,-119,0,0
71,31,-53,-117,0,0
71,32,-53,-115,0,0
71,33,-53,-113,0,0
71,34,-53,-111,0,0
71,35,-53,-109,0,0
71,36,-53,-107,0,0
71,37,-53,-105,0,0
71,38,-53,-103,0,0
71,39,-53,-101,0,0
71,40,-53,-99,0,0
71,41,-53,-97,0,0
71,42,-53,-95,0,0
71,43,-53,-93,0,0
71,44,-53,-91,0,0
71,45,-53,-89,0,0
71,46,-53,-87,0,0
71,47,-53,-85,0,0
71,48,-53,-83,0,0
71,49,-53,-81,0,0
71,50,-53,-79,0,0
71,51,-53,-77,0,0
71,52,-53,-75,0,0
71,53,-53,-73,1,0
71,54,-53,-71,1,0
71,55,-53,-69,1,0
71,56,-53,-67,0,0
71,57,-53,-65,0,0
71,58,-53,-63,0,0
71,59,-53,-61,0,0
71,60,-53,-59,0,0
71,61,-53,-57,0,0
71,62,-53,-55,0,0
71,63,-53,-53,0,0
71,64,-53,-51,0,0
71,65,-53,-49,0,0
71,66,-53,-47,0,0
71,67,-53,-45,0,0
71,68,-53,-43,0,0
71,69,-53,-41,0,0
71,70,-53,-39,0,0
71,71,-53,-37,0,0
71,72,-53,-35,0,0
71,73,-53,-33,0,0
71,74,-53,-31,0,0
71,75,-53,-29,0,0
71,76,-53,-27,0,0
71,77,-53,-25,0,0
71,78,-53,-23,0,0
71,79,-53,-21,0,0
71,80,-53,-19,0,0
71,81,-53,-17,0,0
71,82,-53,-15,0,0
71,83,-53,-13,0,0
71,84,-53,-11,0,0
71,85,-53,-9,0,0
71,86,-53,-7,0,0
71,87,-53,-5,0,0
71,88,-53,-3,0,0
71,89,-53,-1,0,0
71,90,-53,1,0,0
71,91,-53,3,0,0
71,92,-53,5,0,0
71,93,-53,7,0,0
71,94,-53,9,0,0
71,95,-53,11,0,0
71,96,-53,13,0,0
71,97,-53,15,0,0
71,98,-53,17,0,0
71,99,-53,19,0,0
71,100,-53,21,0,0
71,101,-53,23,0,0
71,102,-53,25,0,0
71,103,-53,27,0,0
71,104,-53,29,0,0
71,105,-53,31,0,0
71,106,-53,33,0,0
71,107,-53,35,0,0
71,108,-53,37,0,0
71,109,-53,39,0,0
71,110,-53,41,0,0
71,111,-53,43,0,0
71,112,-53,45,0,0
71,113,-53,47,0,0
71,114,-53,49,0,0
71,115,-53,51,0,0
71,116,-53,53,0,0
71,117,-53,55,0,0
71,118,-53,57,0,0
71,119,-53,59,0,0
71,120,-53,61,0,0
71,121,-53,63,0,0
71,122,-53,65,0,0
71,123,-53,67,0,0
71,124,-53,69,0,0
71,125,-53,71,0,0
71,126,-53,73,0,0
71,127,-53,75,0,0
71,128,-53,77,0,0
71,129,-53,79,0,0
71,130,-53,81,0,0
71,131,-53,83,0,0
71,132,-53,85,0,0
71,133,-53,87,0,0
71,134,-53,89,0,0
71,135,-53,91,0,0
71,136,-53,93,0,0
71,137,-53,95,0,0
71,138,-53,97,0,0
71,139,-53,99,0,0
71,140,-53,101,0,0
71,141,-53,103,0,0
71,142,-53,105,0,0
71,143,-53,107,0,0
71,144,-53,109,0,0
71,145,-53,111,0,0
71,146,-53,113,0,0
71,147,-53,115,0,0
71,148,-53,117,0,0
71,149,-53,119,0,0
71,150,-53,121,0,0
71,151,-53,123,0,0
71,152,-53,125,0,0
71,153,-53,127,0,0
71,154,-53,129,0,0
71,155,-53,131,0,0
71,156,-53,133,0,0
71,157,-53,135,0,0
71,158,-53,137,0,0
71,159,-53,139,0,0
71,160,-53,141,0,0
71,161,-53,143,0,0
71,162,-53,145,0,0
71,163,-53,147,0,0
71,164,-53,149,0,0
71,165,-53,151,0,0
71,166,-53,153,0,0
71,167,-53,155,0,0
71,168,-53,157,0,0
71,169,-53,159,0,0
71,170,-53,161,0,0
71,171,-53,163,0,0
71,172,-53,165,0,0
71,173,-53,167,0,0
71,174,-53,169,0,0
71,175,-53,171,0,0
71,176,-53,173,0,0
71,177,-53,175,0,0
71,178,-53,177,0,0
71,179,-53,179,0,0
72,0,-55,-179,0,0
72,1,-55,-177,0,0
72,2,-55,-175,0,0
72,3,-55,-173,0,0
72,4,-55,-171,0,0
72,5,-55,-169,0,0
72,6,-55,-167,0,0
72,7,-55,-165,0,0
72,8,-55,-163,0,0
72,9,-55,-161,0,0
72,10,-55,-159,0,0
72,11,-55,-157,0,0
72,12,-55,-155,0,0
72,13,-55,-153,0,0
72,14,-55,-151,0,0
72,15,-55,-149,0,0
72,16,-55,-147,0,0
72,17,-55,-145,0,0
72,18,-55,-143,0,0
72,19,-55,-141,0,0
72,20,-55,-139,0,0
72,21,-55,-137,0,0
72,22,-55,-135,0,0
72,23,-55,-133,0,0
72,24,-55,-131,0,0
72,25,-55,-129,0,0
72,26,-55,-127,0,0
72,27,-55,-125,0,0
72,28,-55,-123,0,0
72,29,-55,-121,0,0
72,30,-55,-119,0,0
72,31,-55,-117,0,0
72,32,-55,-115,0,0
72,33,-55,-113,0,0
72,34,-55,-111,0,0
72,35,-55,-109,0,0
72,36,-55,-107,0,0
72,37,-55,-105,0,0
72,38,-55,-103,0,0
72,39,-55,-101,0,0
72,40,-55,-99,0,0
72,41,-55,-97,0,0
72,42,-55,-95,0,0
72,43,-55,-93,0,0
72,44,-55,-91,0,0
72,45,-55,-89,0,0
72,46,-55,-87,0,0
72,47,-55,-85,0,0
72,48,-55,-83,0,0
72,49,-55,-81,0,0
72,50,-55,-79,0,0
72,51,-55,-77,0,0
72,52,-55,-75,0,0
72,53,-55,-73,0,0
72,54,-55,-71,0,0
72,55,-55,-69,1,0
72,56,-55,-67,1,0
72,57,-55,-65,0,0
72,58,-55,-63,0,0
72,59,-55,-61,0,0
72,60,-55,-59,0,0
72,61,-55,-57,0,0
72,62,-55,-55,0,0
72,63,-55,-53,0,0
72,64,-55,-51,0,0
72,65,-55,-49,0,0
72,66,-55,-47,0,0
72,67,-55,-45,0,0
72,68,-55,-43,0,0
72,69,-55,-41,0,0
72,70,-55,-39,0,0
72,71,-55,-37,0,0
72,72,-55,-35,0,0
72,73,-55,-33,0,0
72,74,-55,-31,0,0
72,75,-55,-29,0,0
72,76,-55,-27,0,0
72,77,-55,-25,0,0
72,78,-55,-23,0,0
72,79,-55,-21,0,0
72,80,-55,-19,0,0
72,81,-55,-17,0,0
72,82,-55,-15,0,0
72,83,-55,-13,0,0
72,84,-55,-11,0,0
72,85,-55,-9,0,0
72,86,-55,-7,0,0
72,87,-55,-5,0,0
72,88,-55,-3,0,0
72,89,-55,-1,0,0
72,90,-55,1,0,0
72,91,-55,3,0,0
72,92,-55,5,0,0
72,93,-55,7,0,0
72,94,-55,9,0,0
72,95,-55,11,0,0
72,96,-55,13,0,0
72,97,-55,15,0,0
72,98,-55,17,0,0
72,99,-55,19,0,0
72,100,-55,21,0,0
72,101,-55,23,0,0
72,102,-55,25,0,0
72,103,-55,27,0,0
72,104,-55,29,0,0
72,105,-55,31,0,0
72,106,-55,33,0,0
72,107,-55,35,0,0
72,108,-55,37,0,0
72,109,-55,39,0,0
72,110,-55,41,0,0
72,111,-55,43,0,0
72,112,-55,45,0,0
72,113,-55,47,0,0
72,114,-55,49,0,0
72,115,-55,51,0,0
72,116,-55,53,0,0
72,117,-55,55,0,0
72,118,-55,57,0,0
72,119,-55,59,0,0
72,120,-55,61,0,0
72,121,-55,63,0,0
72,122,-55,65,0,0
72,123,-55,67,0,0
72,124,-55,69,0,0
72,125,-55,71,0,0
72,126,-55,73,0,0
72,127,-55,75,0,0
72,128,-55,77,0,0
72,129,-55,79,0,0
72,130,-55,81,0,0
72,131,-55,83,0,0
72,132,-55,85,0,0
72,133,-55,87,0,0
72,134,-55,89,0,0
72,135,-55,91,0,0
72,136,-55,93,0,0
72,137,-55,95,0,0
72,138,-55,97,0,0
72,139,-55,99,0,0
72,140,-55,101,0,0
72,141,-55,103,0,0
72,142,-55,105,0,0
72,143,-55,107,0,0
72,144,-55,109,0,0
72,145,-55,111,0,0
72,146,-55,113,0,0
72,147,-55,115,0,0
72,148,-55,117,0,0
72,149,-55,119,0,0
72,150,-55,121,0,0
72,151,-55,123,0,0
72,152,-55,125,0,0
72,153,-55,127,0,0
72,154,-55,129,0,0
72,155,-55,131,0,0
72,156,-55,133,0,0
72,157,-55,135,0,0
72,158,-55,137,0,0
72,159,-55,139,0,0
72,160,-55,141,0,0
72,161,-55,143,0,0
72,162,-55,145,0,0
72,163,-55,147,0,0
72,164,-55,149,0,0
72,165,-55,151,0,0
72,166,-55,153,0,0
72,167,-55,155,0,0
72,168,-55,157,0,0
72,169,-55,159,0,0
72,170,-55,161,0,0
72,171,-55,163,0,0
72,172,-55,165,0,0
72,173,-55,167,0,0
72,174,-55,169,0,0
72,175,-55,171,0,0
72,176,-55,173,0,0
72,177,-55,175,0,0
72,178,-55,177,0,0
72,179,-55,179,0,0
73,0,-57,-179,0,0
73,1,-57,-177,0,0
73,2,-57,-175,0,0
73,3,-57,-173,0,0
73,4,-57,-171,0,0
73,5,-57,-169,0,0
73,6,-57,-167,0,0
73,7,-57,-165,0,0
73,8,-57,-163,0,0
73,9,-57,-161,0,0
73,10,-57,-159,0,0
73,11,-57,-157,0,0
73,12,-57,-155,0,0
73,13,-57,-153,0,0
73,14,-57,-151,0,0
73,15,-57,-149,0,0
73,16,-57,-147,0,0
73,17,-57,-145,0,0
73,18,-57,-143,0,0
73,19,-57,-141,0,0
73,20,-57,-139,0,0
73,21,-57,-137,0,0
73,22,-57,-135,0,0
73,23,-57,-133,0,0
73,24,-57,-131,0,0
73,25,-57,-129,0,0
73,26,-57,-127,0,0
73,27,-57,-125,0,0
73,28,-57,-123,0,0
73,29,-57,-121,0,0
73,30,-57,-119,0,0
73,31,-57,-117,0,0
73,32,-57,-115,0,0
73,33,-57,-113,0,0
73,34,-57,-111,0,0
73,35,-57,-109,0,0
73,36,-57,-107,0,0
73,37,-57,-105,0,0
73,38,-57,-103,0,0
73,39,-57,-101,0,0
73,40,-57,-99,0,0
73,41,-57,-97,0,0
73,42,-57,-95,0,0
73,43,-57,-93,0,0
73,44,-57,-91,0,0
73,45,-57,-89,0,0
73,46,-57,-87,0,0
73,47,-57,-85,0,0
73,48,-57,-83,0,0
73,49,-57,-81,0,0
73,50,-57,-79,0,0
73,51,-57,-77,0,0
73,52,-57,-75,0,0
73,53,-57,-73,0,0
73,54,-57,-71,0,0
73,55,-57,-69,0,0
73,56,-57,-67,0,0
73,57,-57,-65,0,0
73,58,-57,-63,0,0
73,59,-57,-61,0,0
73,60,-57,-59,0,0
73,61,-57,-57,0,0
73,62,-57,-55,0,0
73,63,-57,-53,0,0
73,64,-57,-51,0,0
73,65,-57,-49,0,0
73,66,-57,-47,0,0
73,67,-57,-45,0,0
73,68,-57,-43,0,0
73,69,-57,-41,0,0
73,70,-57,-39,0,0
73,71,-57,-37,0,0
73,72,-57,-35,0,0
73,73,-57,-33,0,0
73,74,-57,-31,0,0
73,75,-57,-29,0,0
73,76,-57,-27,0,0
73,77,-57,-25,0,0
73,78,-57,-23,0,0
73,79,-57,-21,0,0
73,80,-57,-19,0,0
73,81,-57,-17,0,0
73,82,-57,-15,0,0
73,83,-57,-13,0,0
73,84,-57,-11,0,0
73,85,-57,-9,0,0
73,86,-57,-7,0,0
73,87,-57,-5,0,0
73,88,-57,-3,0,0
73,89,-57,-1,0,0
73,90,-57,1,0,0
73,91,-57,3,0,0
73,92,-57,5,0,0
73,93,-57,7,0,0
73,94,-57,9,0,0
73,95,-57,11,0,0
73,96,-57,13,0,0
73,97,-57,15,0,0
73,98,-57,17,0,0
73,99,-57,19,0,0
73,100,-57,21,0,0
73,101,-57,23,0,0
73,102,-57,25,0,0
73,103,-57,27,0,0
73,104,-57,29,0,0
73,105,-57,31,0,0
73,106,-57,33,0,0
73,107,-57,35,0,0
73,108,-57,37,0,0
73,109,-57,39,0,0
73,110,-57,41,0,0
73,111,-57,43,0,0
73,112,-57,45,0,0
73,113,-57,47,0,0
73,114,-57,49,0,0
73,115,-57,51,0,0
73,116,-57,53,0,0
73,117,-57,55,0,0
73,118,-57,57,0,0
73,119,-57,59,0,0
73,120,-57,61,0,0
73,121,-57,63,0,0
73,122,-57,65,0,0
73,123,-57,67,0,0
73,124,-57,69,0,0
73,125,-57,71,0,0
73,126,-57,73,0,0
73,127,-57,75,0,0
73,128,-57,77,0,0
73,129,-57,79,0,0
73,130,-57,81,0,0
73,131,-57,83,0,0
73,132,-57,85,0,0
73,133,-57,87,0,0
73,134,-57,89,0,0
73,135,-57,91,0,0
73,136,-57,93,0,0
73,137,-57,95,0,0
73,138,-57,97,0,0
73,139,-57,99,0,0
73,140,-57,101,0,0
73,141,-57,103,0,0
73,142,-57,105,0,0
73,143,-57,107,0,0
73,144,-57,109,0,0
73,145,-57,111,0,0
73,146,-57,113,0,0
73,147,-57,115,0,0
73,148,-57,117,0,0
73,149,-57,119,0,0
73,150,-57,121,0,0
73,151,-57,123,0,0
73,152,-57,125,0,0
73,153,-57,127,0,0
73,154,-57,129,0,0
73,155,-57,131,0,0
73,156,-57,133,0,0
73,157,-57,135,0,0
73,158,-57,137,0,0
73,159,-57,139,0,0
73,160,-57,141,0,0
73,161,-57,143,0,0
73,162,-57,145,0,0
73,163,-57,147,0,0
73,164,-57,149,0,0
73,165,-57,151,0,0
73,166,-57,153,0,0
73,167,-57,155,0,0
73,168,-57,157,0,0
73,169,-57,159,0,0
73,170,-57,161,0,0
73,171,-57,163,0,0
73,172,-57,165,0,0
73,173,-57,167,0,0
73,174,-57,169,0,0
73,175,-57,171,0,0
73,176,-57,173,0,0
73,177,-57,175,0,0
73,178,-57,177,0,0
73,179,-57,179,0,0
74,0,-59,-179,0,0
74,1,-59,-177,0,0
74,2,-59,-175,0,0
74,3,-59,-173,0,0
74,4,-59,-171,0,0
74,5,-59,-169,0,0
74,6,-59,-167,0,0
74,7,-59,-165,0,0
74,8,-59,-163,0,0
74,9,-59,-161,0,0
74,10,-59,-159,0,0
74,11,-59,-157,0,0
74,12,-59,-155,0,0
74,13,-59,-153,0,0
74,14,-59,-151,0,0
74,15,-59,-149,0,0
74,16,-59,-147,0,0
74,17,-59,-145,0,0
74,18,-59,-143,0,0
74,19,-59,-141,0,0
74,20,-59,-139,0,0
74,21,-59,-137,0,0
74,22,-59,-135,0,0
74,23,-59,-133,0,0
74,24,-59,-131,0,0
74,25,-59,-129,0,0
74,26,-59,-127,0,0
74,27,-59,-125,0,0
74,28,-59,-123,0,0
74,29,-59,-121,0,0
74,30,-59,-119,0,0
74,31,-59,-117,0,0
74,32,-59,-115,0,0
74,33,-59,-113,0,0
74,34,-59,-111,0,0
74,35,-59,-109,0,0
74,36,-59,-107,0,0
74,37,-59,-105,0,0
74,38,-59,-103,0,0
74,39,-59,-101,0,0
74,40,-59,-99,0,0
74,41,-59,-97,0,0
74,42,-59,-95,0,0
74,43,-59,-93,0,0
74,44,-59,-91,0,0
74,45,-59,-89,0,0
74,46,-59,-87,0,0
74,47,-59,-85,0,0
74,48,-59,-83,0,0
74,49,-59,-81,0,0
74,50,-59,-79,0,0
74,51,-59,-77,0,0
74,52,-59,-75,0,0
74,53,-59,-73,0,0
74,54,-59,-71,0,0
74,55,-59,-69,0,0
74,56,-59,-67,0,0
74,57,-59,-65,0,0
74,58,-59,-63,0,0
74,59,-59,-61,0,0
74,60,-59,-59,0,0
74,61,-59,-57,0,0
74,62,-59,-55,0,0
74,63,-59,-53,0,0
74,64,-59,-51,0,0
74,65,-59,-49,0,0
74,66,-59,-47,0,0
74,67,-59,-45,0,0
74,68,-59,-43,0,0
74,69,-59,-41,0,0
74,70,-59,-39,0,0
74,71,-59,-37,0,0
74,72,-59,-35,0,0
74,73,-59,-33,0,0
74,74,-59,-31,0,0
74,75,-59,-29,0,0
74,76,-59,-27,0,0
74,77,-59,-25,0,0
74,78,-59,-23,0,0
74,79,-59,-21,0,0
74,80,-59,-19,0,0
74,81,-59,-17,0,0
74,82,-59,-15,0,0
74,83,-59,-13,0,0
74,84,-59,-11,0,0
74,85,-59,-9,0,0
74,86,-59,-7,0,0
74,87,-59,-5,0,0
74,88,-59,-3,0,0
74,89,-59,-1,0,0
74,90,-59,1,0,0
74,91,-59,3,0,0
74,92,-59,5,0,0
74,93,-59,7,0,0
74,94,-59,9,0,0
74,95,-59,11,0,0
74,96,-59,13,0,0
74,97,-59,15,0,0
74,98,-59,17,0,0
74,99,-59,19,0,0
74,100,-59,21,0,0
74,101,-59,23,0,0
74,102,-59,25,0,0
74,103,-59,27,0,0
74,104,-59,29,0,0
74,105,-59,31,0,0
74,106,-59,33,0,0
74,107,-59,35,0,0
74,108,-59,37,0,0
74,109,-59,39,0,0
74,110,-59,41,0,0
74,111,-59,43,0,0
74,112,-59,45,0,0
74,113,-59,47,0,0
74,114,-59,49,0,0
74,115,-59,51,0,0
74,116,-59,53,0,0
74,117,-59,55,0,0
74,118,-59,57,0,0
74,119,-59,59,0,0
74,120,-59,61,0,0
74,121,-59,63,0,0
74,122,-59,65,0,0
74,123,-59,67,0,0
74,124,-59,69,0,0
74,125,-59,71,0,0
74,126,-59,73,0,0
74,127,-59,75,0,0
74,128,-59,77,0,0
74,129,-59,79,0,0
74,130,-59,81,0,0
74,131,-59,83,0,0
74,132,-59,85,0,0
74,133,-59,87,0,0
74,134,-59,89,0,0
74,135,-59,91,0,0
74,136,-59,93,0,0
74,137,-59,95,0,0
74,138,-59,97,0,0
74,139,-59,99,0,0
74,140,-59,101,0,0
74,141,-59,103,0,0
74,142,-59,105,0,0
74,143,-59,107,0,0
74,144,-59,109,0,0
74,145,-59,111,0,0
74,146,-59,113,0,0
74,147,-59,115,0,0
74,148,-59,117,0,0
74,149,-59,119,0,0
74,150,-59,121,0,0
74,151,-59,123,0,0
74,152,-59,125,0,0
74,153,-59,127,0,0
74,154,-59,129,0,0
74,155,-59,131,0,0
74,156,-59,133,0,0
74,157,-59,135,0,0
74,158,-59,137,0,0
74,159,-59,139,0,0
74,160,-59,141,0,0
74,161,-59,143,0,0
74,162,-59,145,0,0
74,163,-59,147,0,0
74,164,-59,149,0,0
74,165,-59,151,0,0
74,166,-59,153,0,0
74,167,-59,155,0,0
74,168,-59,157,0,0
74,169,-59,159,0,0
74,170,-59,161,0,0
74,171,-59,163,0,0
74,172,-59,165,0,0
74,173,-59,167,0,0
74,174,-59,169,0,0
74,175,-59,171,0,0
74,176,-59,173,0,0
74,177,-59,175,0,0
74,178,-59,177,0,0
74,179,-59,179,0,0
75,0,-61,-179,0,0
75,1,-61,-177,0,0
75,2,-61,-175,0,0
75,3,-61,-173,0,0
75,4,-61,-171,0,0
75,5,-61,-169,0,0
75,6,-61,-167,0,0
75,7,-61,-165,0,0
75,8,-61,-163,0,0
75,9,-61,-161,0,0
75,10,-61,-159,0,0
75,11,-61,-157,0,0
75,12,-61,-155,0,0
75,13,-61,-153,0,0
75,14,-61,-151,0,0
75,15,-61,-149,0,0
75,16,-61,-147,0,0
75,17,-61,-145,0,0
75,18,-61,-143,0,0
75,19,-61,-141,0,0
75,20,-61,-139,0,0
75,21,-61,-137,0,0
75,22,-61,-135,0,0
75,23,-61,-133,0,0
75,24,-61,-131,0,0
75,25,-61,-129,0,0
75,26,-61,-127,0,0
75,27,-61,-125,0,0
75,28,-61,-123,0,0
75,29,-61,-121,0,0
75,30,-61,-119,0,0
75,31,-61,-117,0,0
75,32,-61,-115,0,0
75,33,-61,-113,0,0
75,34,-61,-111,0,0
75,35,-61,-109,0,0
75,36,-61,-107,0,0
75,37,-61,-105,0,0
75,38,-61,-103,0,0
75,39,-61,-101,0,0
75,40,-61,-99,0,0
75,41,-61,-97,0,0
75,42,-61,-95,0,0
75,43,-61,-93,0,0
75,44,-61,-91,0,0
75,45,-61,-89,0,0
75,46,-61,-87,0,0
75,47,-61,-85,0,0
75,48,-61,-83,0,0
75,49,-61,-81,0,0
75,50,-61,-79,0,0
75,51,-61,-77,0,0
75,52,-61,-75,0,0
75,53,-61,-73,0,0
75,54,-61,-71,0,0
75,55,-61,-69,0,0
75,56,-61,-67,0,0
75,57,-61,-65,0,0
75,58,-61,-63,0,0
75,59,-61,-61,0,0
75,60,-61,-59,0,0
75,61,-61,-57,0,0
75,62,-61,-55,0,0
75,63,-61,-53,0,0
75,64,-61,-51,0,0
75,65,-61,-49,0,0
75,66,-61,-47,0,0
75,67,-61,-45,0,0
75,68,-61,-43,0,0
75,69,-61,-41,0,0
75,70,-61,-39,0,0
75,71,-61,-37,0,0
75,72,-61,-35,0,0
75,73,-61,-33,0,0
75,74,-61,-31,0,0
75,75,-61,-29,0,0
75,76,-61,-27,0,0
75,77,-61,-25,0,0
75,78,-61,-23,0,0
75,79,-61,-21,0,0
75,80,-61,-19,0,0
75,81,-61,-17,0,0
75,82,-61,-15,0,0
75,83,-61,-13,0,0
75,84,-61,-11,0,0
75,85,-61,-9,0,0
75,86,-61,-7,0,0
75,87,-61,-5,0,0
75,88,-61,-3,0,0
75,89,-61,-1,0,0
75,90,-61,1,0,0
75,91,-61,3,0,0
75,92,-61,5,0,0
75,93,-61,7,0,0
75,94,-61,9,0,0
75,95,-61,11,0,0
75,96,-61,13,0,0
75,97,-61,15,0,0
75,98,-61,17,0,0
75,99,-61,19,0,0
75,100,-61,21,0,0
75,101,-61,23,0,0
75,102,-61,25,0,0
75,103,-61,27,0,0
75,104,-61,29,0,0
75,105,-61,31,0,0
75,106,-61,33,0,0
75,107,-61,35,0,0
75,108,-61,37,0,0
75,109,-61,39,0,0
75,110,-61,41,0,0
75,111,-61,43,0,0
75,112,-61,45,0,0
75,113,-61,47,0,0
75,114,-61,49,0,0
75,115,-61,51,0,0
75,116,-61,53,0,0
75,117,-61,55,0,0
75,118,-61,57,0,0
75,119,-61,59,0,0
75,120,-61,61,0,0
75,121,-61,63,0,0
75,122,-61,65,0,0
75,123,-61,67,0,0
75,124,-61,69,0,0
75,125,-61,71,0,0
75,126,-61,73,0,0
75,127,-61,75,0,0
75,128,-61,77,0,0
75,129,-61,79,0,0
75,130,-61,81,0,0
75,131,-61,83,0,0
75,132,-61,85,0,0
75,133,-61,87,0,0
75,134,-61,89,0,0
75,135,-61,91,0,0
75,136,-61,93,0,0
75,137,-61,95,0,0
75,138,-61,97,0,0
75,139,-61,99,0,0
75,140,-61,101,0,0
75,141,-61,103,0,0
75,142,-61,105,0,0
75,143,-61,107,0,0
75,144,-61,109,0,0
75,145,-61,111,0,0
75,146,-61,113,0,0
75,147,-61,115,0,0
75,148,-61,117,0,0
75,149,-61,119,0,0
75,150,-61,121,0,0
75,151,-61,123,0,0
75,152,-61,125,0,0
75,153,-61,127,0,0
75,154,-61,129,0,0
75,155,-61,131,0,0
75,156,-61,133,0,0
75,157,-61,135,0,0
75,158,-61,137,0,0
75,159,-61,139,0,0
75,160,-61,141,0,0
75,161,-61,143,0,0
75,162,-61,145,0,0
75,163,-61,147,0,0
75,164,-61,149,0,0
75,165,-61,151,0,0
75,166,-61,153,0,0
75,167,-61,155,0,0
75,168,-61,157,0,0
75,169,-61,159,0,0
75,170,-61,161,0,0
75,171,-61,163,0,0
75,172,-61,165,0,0
75,173,-61,167,0,0
75,174,-61,169,0,0
75,175,-61,171,0,0
75,176,-61,173,0,0
75,177,-61,175,0,0
75,178,-61,177,0,0
75,179,-61,179,0,0
76,0,-63,-179,0,0
76,1,-63,-177,0,0
76,2,-63,-175,0,0
76,3,-63,-173,0,0
76,4,-63,-171,0,0
76,5,-63,-169,0,0
76,6,-63,-167,0,0
76,7,-63,-165,0,0
76,8,-63,-163,0,0
76,9,-63,-161,0,0
76,10,-63,-159,0,0
76,11,-63,-157,0,0
76,12,-63,-155,0,0
76,13,-63,-153,0,0
76,14,-63,-151,0,0
76,15,-63,-149,0,0
76,16,-63,-147,0,0
76,17,-63,-145,0,0
76,18,-63,-143,0,0
76,19,-63,-141,0,0
76,20,-63,-139,0,0
76,21,-63,-137,0,0
76,22,-63,-135,0,0
76,23,-63,-133,0,0
76,24,-63,-131,0,0
76,25,-63,-129,0,0
76,26,-63,-127,0,0
76,27,-63,-125,0,0
76,28,-63,-123,0,0
76,29,-63,-121,0,0
76,30,-63,-119,0,0
76,31,-63,-117,0,0
76,32,-63,-115,0,0
76,33,-63,-113,0,0
76,34,-63,-111,0,0
76,35,-63,-109,0,0
76,36,-63,-107,0,0
76,37,-63,-105,0,0
76,38,-63,-103,0,0
76,39,-63,-101,0,0
76,40,-63,-99,0,0
76,41,-63,-97,0,0
76,42,-63,-95,0,0
76,43,-63,-93,0,0
76,44,-63,-91,0,0
76,45,-63,-89,0,0
76,46,-63,-87,0,0
76,47,-63,-85,0,0
76,48,-63,-83,0,0
76,49,-63,-81,0,0
76,50,-63,-79,0,0
76,51,-63,-77,0,0
76,52,-63,-75,0,0
76,53,-63,-73,0,0
76,54,-63,-71,0,0
76,55,-63,-69,0,0
76,56,-63,-67,0,0
76,57,-63,-65,0,0
76,58,-63,-63,0,0
76,59,-63,-61,0,0
76,60,-63,-59,0,0
76,61,-63,-57,0,0
76,62,-63,-55,0,0
76,63,-63,-53,0,0
76,64,-63,-51,0,0
76,65,-63,-49,0,0
76,66,-63,-47,0,0
76,67,-63,-45,0,0
76,68,-63,-43,0,0
76,69,-63,-41,0,0
76,70,-63,-39,0,0
76,71,-63,-37,0,0
76,72,-63,-35,0,0
76,73,-63,-33,0,0
76,74,-63,-31,0,0
76,75,-63,-29,0,0
76,76,-63,-27,0,0
76,77,-63,-25,0,0
76,78,-63,-23,0,0
76,79,-63,-21,0,0
76,80,-63,-19,0,0
76,81,-63,-17,0,0
76,82,-63,-15,0,0
76,83,-63,-13,0,0
76,84,-63,-11,0,0
76,85,-63,-9,0,0
76,86,-63,-7,0,0
76,87,-63,-5,0,0
76,88,-63,-3,0,0
76,89,-63,-1,0,0
76,90,-63,1,0,0
76,91,-63,3,0,0
76,92,-63,5,0,0
76,93,-63,7,0,0
76,94,-63,9,0,0
76,95,-63,11,0,0
76,96,-63,13,0,0
76,97,-63,15,0,0
76,98,-63,17,0,0
76,99,-63,19,0,0
76,100,-63,21,0,0
76,101,-63,23,0,0
76,102,-63,25,0,0
76,103,-63,27,0,0
76,104,-63,29,0,0
76,105,-63,31,0,0
76,106,-63,33,0,0
76,107,-63,35,0,0
76,108,-63,37,0,0
76,109,-63,39,0,0
76,110,-63,41,0,0
76,111,-63,43,0,0
76,112,-63,45,0,0
76,113,-63,47,0,0
76,114,-63,49,0,0
76,115,-63,51,0,0
76,116,-63,53,0,0
76,117,-63,55,0,0
76,118,-63,57,0,0
76,119,-63,59,0,0
76,120,-63,61,0,0
76,121,-63,63,0,0
76,122,-63,65,0,0
76,123,-63,67,0,0
76,124,-63,69,0,0
76,125,-63,71,0,0
76,126,-63,73,0,0
76,127,-63,75,0,0
76,128,-63,77,0,0
76,129,-63,79,0,0
76,130,-63,81,0,0
76,131,-63,83,0,0
76,132,-63,85,0,0
76,133,-63,87,0,0
76,134,-63,89,0,0
76,135,-63,91,0,0
76,136,-63,93,0,0
76,137,-63,95,0,0
76,138,-63,97,0,0
76,139,-63,99,0,0
76,140,-63,101,0,0
76,141,-63,103,0,0
76,142,-63,105,0,0
76,143,-63,107,0,0
76,144,-63,109,0,0
76,145,-63,111,0,0
76,146,-63,113,0,0
76,147,-63,115,0,0
76,148,-63,117,0,0
76,149,-63,119,0,0
76,150,-63,121,0,0
76,151,-63,123,0,0
76,152,-63,125,0,0
76,153,-63,127,0,0
76,154,-63,129,0,0
76,155,-63,131,0,0
76,156,-63,133,0,0
76,157,-63,135,0,0
76,158,-63,137,0,0
76,159,-63,139,0,0
76,160,-63,141,0,0
76,161,-63,143,0,0
76,162,-63,145,0,0
76,163,-63,147,0,0
76,164,-63,149,0,0
76,165,-63,151,0,0
76,166,-63,153,0,0
76,167,-63,155,0,0
76,168,-63,157,0,0
76,169,-63,159,0,0
76,170,-63,161,0,0
76,171,-63,163,0,0
76,172,-63,165,0,0
76,173,-63,167,0,0
76,174,-63,169,0,0
76,175,-63,171,0,0
76,176,-63,173,0,0
76,177,-63,175,0,0
76,178,-63,177,0,0
76,179,-63,179,0,0
77,0,-65,-179,0,0
77,1,-65,-177,0,0
77,2,-65,-175,0,0
77,3,-65,-173,0,0
77,4,-65,-171,0,0
77,5,-65,-169,0,0
77,6,-65,-167,0,0
77,7,-65,-165,0,0
77,8,-65,-163,0,0
77,9,-65,-161,0,0
77,10,-65,-159,0,0
77,11,-65,-157,0,0
77,12,-65,-155,0,0
77,13,-65,-153,0,0
77,14,-65,-151,0,0
77,15,-65,-149,0,0
77,16,-65,-147,0,0
77,17,-65,-145,0,0
77,18,-65,-143,0,0
77,19,-65,-141,0,0
77,20,-65,-139,0,0
77,21,-65,-137,0,0
77,22,-65,-135,0,0
77,23,-65,-133,0,0
77,24,-65,-131,0,0
77,25,-65,-129,0,0
77,26,-65,-127,0,0
77,27,-65,-125,0,0
77,28,-65,-123,0,0
77,29,-65,-121,0,0
77,30,-65,-119,0,0
77,31,-65,-117,0,0
77,32,-65,-115,0,0
77,33,-65,-113,0,0
77,34,-65,-111,0,0
77,35,-65,-109,0,0
77,36,-65,-107,0,0
77,37,-65,-105,0,0
77,38,-65,-103,0,0
77,39,-65,-101,0,0
77,40,-65,-99,0,0
77,41,-65,-97,0,0
77,42,-65,-95,0,0
77,43,-65,-93,0,0
77,44,-65,-91,0,0
77,45,-65,-89,0,0
77,46,-65,-87,0,0
77,47,-65,-85,0,0
77,48,-65,-83,0,0
77,49,-65,-81,0,0
77,50,-65,-79,0,0
77,51,-65,-77,0,0
77,52,-65,-75,0,0
77,53,-65,-73,0,0
77,54,-65,-71,0,0
77,55,-65,-69,0,0
77,56,-65,-67,0,0
77,57,-65,-65,0,0
77,58,-65,-63,1,0
77,59,-65,-61,0,0
77,60,-65,-59,0,0
77,61,-65,-57,0,0
77,62,-65,-55,0,0
77,63,-65,-53,0,0
77,64,-65,-51,0,0
77,65,-65,-49,0,0
77,66,-65,-47,0,0
77,67,-65,-45,0,0
77,68,-65,-43,0,0
77,69,-65,-41,0,0
77,70,-65,-39,0,0
77,71,-65,-37,0,0
77,72,-65,-35,0,0
77,73,-65,-33,0,0
77,74,-65,-31,0,0
77,75,-65,-29,0,0
77,76,-65,-27,0,0
77,77,-65,-25,0,0
77,78,-65,-23,0,0
77,79,-65,-21,0,0
77,80,-65,-19,0,0
77,81,-65,-17,0,0
77,82,-65,-15,0,0
77,83,-65,-13,0,0
77,84,-65,-11,0,0
77,85,-65,-9,0,0
77,86,-65,-7,0,0
77,87,-65,-5,0,0
77,88,-65,-3,0,0
77,89,-65,-1,0,0
77,90,-65,1,0,0
77,91,-65,3,0,0
77,92,-65,5,0,0
77,93,-65,7,0,0
77,94,-65,9,0,0
77,95,-65,11,0,0
77,96,-65,13,0,0
77,97,-65,15,0,0
77,98,-65,17,0,0
77,99,-65,19,0,0
77,100,-65,21,0,0
77,101,-65,23,0,0
77,102,-65,25,0,0
77,103,-65,27,0,0
77,104,-65,29,0,0
77,105,-65,31,0,0
77,106,-65,33,0,0
77,107,-65,35,0,0
77,108,-65,37,0,0
77,109,-65,39,0,0
77,110,-65,41,0,0
77,111,-65,43,0,0
77,112,-65,45,0,0
77,113,-65,47,0,0
77,114,-65,49,0,0
77,115,-65,51,0,0
77,116,-65,53,0,0
77,117,-65,55,0,0
77,118,-65,57,0,0
77,119,-65,59,0,0
77,120,-65,61,0,0
77,121,-65,63,0,0
77,122,-65,65,0,0
77,123,-65,67,0,0
77,124,-65,69,0,0
77,125,-65,71,0,0
77,126,-65,73,0,0
77,127,-65,75,0,0
77,128,-65,77,0,0
77,129,-65,79,0,0
77,130,-65,81,0,0
77,131,-65,83,0,0
77,132,-65,85,0,0
77,133,-65,87,0,0
77,134,-65,89,0,0
77,135,-65,91,0,0
77,136,-65,93,0,0
77,137,-65,95,0,0
77,138,-65,97,0,0
77,139,-65,99,0,0
77,140,-65,101,0,0
77,141,-65,103,0,0
77,142,-65,105,0,0
77,143,-65,107,0,0
77,144,-65,109,0,0
77,145,-65,111,0,0
77,146,-65,113,0,0
77,147,-65,115,0,0
77,148,-65,117,0,0
77,149,-65,119,0,0
77,150,-65,121,0,0
77,151,-65,123,0,0
77,152,-65,125,0,0
77,153,-65,127,0,0
77,154,-65,129,0,0
77,155,-65,131,0,0
77,156,-65,133,0,0
77,157,-65,135,0,0
77,158,-65,137,0,0
77,159,-65,139,0,0
77,160,-65,141,0,0
77,161,-65,143,0,0
77,162,-65,145,0,0
77,163,-65,147,0,0
77,164,-65,149,0,0
77,165,-65,151,0,0
77,166,-65,153,0,0
77,167,-65,155,0,0
77,168,-65,157,0,0
77,169,-65,159,0,0
77,170,-65,161,0,0
77,171,-65,163,0,0
77,172,-65,165,0,0
77,173,-65,167,0,0
77,174,-65,169,0,0
77,175,-65,171,0,0
77,176,-65,173,0,0
77,177,-65,175,0,0
77,178,-65,177,0,0
77,179,-65,179,0,0
78,0,-67,-179,0,0
78,1,-67,-177,0,0
78,2,-67,-175,0,0
78,3,-67,-173,0,0
78,4,-67,-171,0,0
78,5,-67,-169,0,0
78,6,-67,-167,0,0
78,7,-67,-165,0,0
78,8,-67,-163,0,0
78,9,-67,-161,0,0
78,10,-67,-159,0,0
78,11,-67,-157,0,0
78,12,-67,-155,0,0
78,13,-67,-153,0,0
78,14,-67,-151,0,0
78,15,-67,-149,0,0
78,16,-67,-147,0,0
78,17,-67,-145,0,0
78,18,-67,-143,0,0
78,19,-67,-141,0,0
78,20,-67,-139,0,0
78,21,-67,-137,0,0
78,22,-67,-135,0,0
78,23,-67,-133,0,0
78,24,-67,-131,0,0
78,25,-67,-129,0,0
78,26,-67,-127,0,0
78,27,-67,-125,0,0
78,28,-67,-123,0,0
78,29,-67,-121,0,0
78,30,-67,-119,0,0
78,31,-67,-117,0,0
78,32,-67,-115,0,0
78,33,-67,-113,0,0
78,34,-67,-111,0,0
78,35,-67,-109,0,0
78,36,-67,-107,0,0
78,37,-67,-105,0,0
78,38,-67,-103,0,0
78,39,-67,-101,0,0
78,40,-67,-99,0,0
78,41,-67,-97,0,0
78,42,-67,-95,0,0
78,43,-67,-93,0,0
78,44,-67,-91,0,0
78,45,-67,-89,0,0
78,46,-67,-87,0,0
78,47,-67,-85,0,0
78,48,-67,-83,0,0
78,49,-67,-81,0,0
78,50,-67,-79,0,0
78,51,-67,-77,0,0
78,52,-67,-75,0,0
78,53,-67,-73,0,0
78,54,-67,-71,0,0
78,55,-67,-69,0,0
78,56,-67,-67,1,0
78,57,-67,-65,1,0
78,58,-67,-63,0,0
78,59,-67,-61,0,0
78,60,-67,-59,0,0
78,61,-67,-57,0,0
78,62,-67,-55,0,0
78,63,-67,-53,0,0
78,64,-67,-51,0,0
78,65,-67,-49,0,0
78,66,-67,-47,0,0
78,67,-67,-45,0,0
78,68,-67,-43,0,0
78,69,-67,-41,0,0
78,70,-67,-39,0,0
78,71,-67,-37,0,0
78,72,-67,-35,0,0
78,73,-67,-33,0,0
78,74,-67,-31,0,0
78,75,-67,-29,0,0
78,76,-67,-27,0,0
78,77,-67,-25,0,0
78,78,-67,-23,0,0
78,79,-67,-21,0,0
78,80,-67,-19,0,0
78,81,-67,-17,0,0
78,82,-67,-15,0,0
78,83,-67,-13,0,0
78,84,-67,-11,0,0
78,85,-67,-9,0,0
78,86,-67,-7,0,0
78,87,-67,-5,0,0
78,88,-67,-3,0,0
78,89,-67,-1,0,0
78,90,-67,1,0,0
78,91,-67,3,0,0
78,92,-67,5,0,0
78,93,-67,7,0,0
78,94,-67,9,0,0
78,95,-67,11,0,0
78,96,-67,13,0,0
78,97,-67,15,0,0
78,98,-67,17,0,0
78,99,-67,19,0,0
78,100,-67,21,0,0
78,101,-67,23,0,0
78,102,-67,25,0,0
78,103,-67,27,0,0
78,104,-67,29,0,0
78,105,-67,31,0,0
78,106,-67,33,0,0
78,107,-67,35,0,0
78,108,-67,37,0,0
78,109,-67,39,0,0
78,110,-67,41,0,0
78,111,-67,43,0,0
78,112,-67,45,0,0
78,113,-67,47,0,0
78,114,-67,49,1,0
78,115,-67,51,1,0
78,116,-67,53,1,0
78,117,-67,55,1,0
78,118,-67,57,0,0
78,119,-67,59,0,0
78,120,-67,61,0,0
78,121,-67,63,0,0
78,122,-67,65,0,0
78,123,-67,67,0,0
78,124,-67,69,0,0
78,125,-67,71,0,0
78,126,-67,73,0,0
78,127,-67,75,0,0
78,128,-67,77,0,0
78,129,-67,79,0,0
78,130,-67,81,0,0
78,131,-67,83,0,0
78,132,-67,85,0,0
78,133,-67,87,1,0
78,134,-67,89,1,0
78,135,-67,91,1,0
78,136,-67,93,1,0
78,137,-67,95,1,0
78,138,-67,97,1,0
78,139,-67,99,1,0
78,140,-67,101,1,0
78,141,-67,103,1,0
78,142,-67,105,1,0
78,143,-67,107,1,0
78,144,-67,109,1,0
78,145,-67,111,1,0
78,146,-67,113,1,0
78,147,-67,115,1,0
78,148,-67,117,0,0
78,149,-67,119,0,0
78,150,-67,121,0,0
78,151,-67,123,1,0
78,152,-67,125,1,0
78,153,-67,127,1,0
78,154,-67,129,0,0
78,155,-67,131,1,0
78,156,-67,133,1,0
78,157,-67,135,1,0
78,158,-67,137,1,0
78,159,-67,139,1,0
78,160,-67,141,1,0
78,161,-67,143,1,0
78,162,-67,145,0,0
78,163,-67,147,0,0
78,164,-67,149,0,0
78,165,-67,151,0,0
78,166,-67,153,0,0
78,167,-67,155,0,0
78,168,-67,157,0,0
78,169,-67,159,0,0
78,170,-67,161,0,0
78,171,-67,163,0,0
78,172,-67,165,0,0
78,173,-67,167,0,0
78,174,-67,169,0,0
78,175,-67,171,0,0
78,176,-67,173,0,0
78,177,-67,175,0,0
78,178,-67,177,0,0
78,179,-67,179,0,0
79,0,-69,-179,0,0
79,1,-69,-177,0,0
79,2,-69,-175,0,0
79,3,-69,-173,0,0
79,4,-69,-171,0,0
79,5,-69,-169,0,0
79,6,-69,-167,0,0
79,7,-69,-165,0,0
79,8,-69,-163,0,0
79,9,-69,-161,0,0
79,10,-69,-159,0,0
79,11,-69,-157,0,0
79,12,-69,-155,0,0
79,13,-69,-153,0,0
79,14,-69,-151,0,0
79,15,-69,-149,0,0
79,16,-69,-147,0,0
79,17,-69,-145,0,0
79,18,-69,-143,0,0
79,19,-69,-141,0,0
79,20,-69,-139,0,0
79,21,-69,-137,0,0
79,22,-69,-135,0,0
79,23,-69,-133,0,0
79,24,-69,-131,0,0
79,25,-69,-129,0,0
79,26,-69,-127,0,0
79,27,-69,-125,0,0
79,28,-69,-123,0,0
79,29,-69,-121,0,0
79,30,-69,-119,0,0
79,31,-69,-117,0,0
79,32,-69,-115,0,0
79,33,-69,-113,0,0
79,34,-69,-111,0,0
79,35,-69,-109,0,0
79,36,-69,-107,0,0
79,37,-69,-105,0,0
79,38,-69,-103,0,0
79,39,-69,-101,0,0
79,40,-69,-99,0,0
79,41,-69,-97,0,0
79,42,-69,-95,0,0
79,43,-69,-93,0,0
79,44,-69,-91,0,0
79,45,-69,-89,0,0
79,46,-69,-87,0,0
79,47,-69,-85,0,0
79,48,-69,-83,0,0
79,49,-69,-81,0,0
79,50,-69,-79,0,0
79,51,-69,-77,0,0
79,52,-69,-75,0,0
79,53,-69,-73,0,0
79,54,-69,-71,1,0
79,55,-69,-69,0,0
79,56,-69,-67,0,0
79,57,-69,-65,1,0
79,58,-69,-63,0,0
79,59,-69,-61,0,0
79,60,-69,-59,0,0
79,61,-69,-57,0,0
79,62,-69,-55,0,0
79,63,-69,-53,0,0
79,64,-69,-51,0,0
79,65,-69,-49,0,0
79,66,-69,-47,0,0
79,67,-69,-45,0,0
79,68,-69,-43,0,0
79,69,-69,-41,0,0
79,70,-69,-39,0,0
79,71,-69,-37,0,0
79,72,-69,-35,0,0
79,73,-69,-33,0,0
79,74,-69,-31,0,0
79,75,-69,-29,0,0
79,76,-69,-27,0,0
79,77,-69,-25,0,0
79,78,-69,-23,0,0
79,79,-69,-21,0,0
79,80,-69,-19,0,0
79,81,-69,-17,0,0
79,82,-69,-15,0,0
79,83,-69,-13,0,0
79,84,-69,-11,0,0
79,85,-69,-9,0,0
79,86,-69,-7,0,0
79,87,-69,-5,0,0
79,88,-69,-3,0,0
79,89,-69,-1,0,0
79,90,-69,1,0,0
79,91,-69,3,0,0
79,92,-69,5,0,0
79,93,-69,7,0,0
79,94,-69,9,0,0
79,95,-69,11,0,0
79,96,-69,13,0,0
79,97,-69,15,0,0
79,98,-69,17,0,0
79,99,-69,19,0,0
79,100,-69,21,0,0
79,101,-69,23,0,0
79,102,-69,25,0,0
79,103,-69,27,0,0
79,104,-69,29,0,0
79,105,-69,31,0,0
79,106,-69,33,1,0
79,107,-69,35,0,0
79,108,-69,37,0,0
79,109,-69,39,0,0
79,110,-69,41,1,0
79,111,-69,43,1,0
79,112,-69,45,1,0
79,113,-69,47,1,0
79,114,-69,49,1,0
79,115,-69,51,1,0
79,116,-69,53,1,0
79,117,-69,55,1,0
79,118,-69,57,1,0
79,119,-69,59,1,0
79,120,-69,61,1,0
79,121,-69,63,1,0
79,122,-69,65,1,0
79,123,-69,67,1,0
79,124,-69,69,1,0
79,125,-69,71,0,0
79,126,-69,73,0,0
79,127,-69,75,0,0
79,128,-69,77,0,0
79,129,-69,79,1,0
79,130,-69,81,1,0
79,131,-69,83,1,0
79,132,-69,85,1,0
79,133,-69,87,1,0
79,134,-69,89,1,0
79,135,-69,91,1,0
79,136,-69,93,1,0
79,137,-69,95,1,0
79,138,-69,97,1,0
79,139,-69,99,1,0
79,140,-69,101,1,0
79,141,-69,103,1,0
79,142,-69,105,1,0
79,143,-69,107,1,0
79,144,-69,109,1,0
79,145,-69,111,1,0
79,146,-69,113,1,0
79,147,-69,115,1,0
79,148,-69,117,1,0
79,149,-69,119,1,0
79,150,-69,121,1,0
79,151,-69,123,1,0
79,152,-69,125,1,0
79,153,-69,127,1,0
79,154,-69,129,1,0
79,155,-69,131,1,0
79,156,-69,133,1,0
79,157,-69,135,1,0
79,158,-69,137,1,0
79,159,-69,139,1,0
79,160,-69,141,1,0
79,161,-69,143,1,0
79,162,-69,145,1,0
79,163,-69,147,1,0
79,164,-69,149,1,0
79,165,-69,151,1,0
79,166,-69,153,1,0
79,167,-69,155,1,0
79,168,-69,157,0,0
79,169,-69,159,0,0
79,170,-69,161,0,0
79,171,-69,163,0,0
79,172,-69,165,0,0
79,173,-69,167,0,0
79,174,-69,169,0,0
79,175,-69,171,0,0
79,176,-69,173,0,0
79,177,-69,175,0,0
79,178,-69,177,0,0
79,179,-69,179,0,0
80,0,-71,-179,0,0
80,1,-71,-177,0,0
80,2,-71,-175,0,0
80,3,-71,-173,0,0
80,4,-71,-171,0,0
80,5,-71,-169,0,0
80,6,-71,-167,0,0
80,7,-71,-165,0,0
80,8,-71,-163,0,0
80,9,-71,-161,0,0
80,10,-71,-159,0,0
80,11,-71,-157,0,0
80,12,-71,-155,0,0
80,13,-71,-153,0,0
80,14,-71,-151,0,0
80,15,-71,-149,0,0
80,16,-71,-147,0,0
80,17,-71,-145,0,0
80,18,-71,-143,0,0
80,19,-71,-141,0,0
80,20,-71,-139,0,0
80,21,-71,-137,0,0
80,22,-71,-135,0,0
80,23,-71,-133,0,0
80,24,-71,-131,0,0
80,25,-71,-129,0,0
80,26,-71,-127,0,0
80,27,-71,-125,0,0
80,28,-71,-123,0,0
80,29,-71,-121,0,0
80,30,-71,-119,0,0
80,31,-71,-117,0,0
80,32,-71,-115,0,0
80,33,-71,-113,0,0
80,34,-71,-111,0,0
80,35,-71,-109,0,0
80,36,-71,-107,0,0
80,37,-71,-105,0,0
80,38,-71,-103,0,0
80,39,-71,-101,0,0
80,40,-71,-99,0,0
80,41,-71,-97,0,0
80,42,-71,-95,0,0
80,43,-71,-93,0,0
80,44,-71,-91,0,0
80,45,-71,-89,0,0
80,46,-71,-87,0,0
80,47,-71,-85,0,0
80,48,-71,-83,0,0
80,49,-71,-81,0,0
80,50,-71,-79,0,0
80,51,-71,-77,0,0
80,52,-71,-75,1,0
80,53,-71,-73,0,0
80,54,-71,-71,1,0
80,55,-71,-69,1,0
80,56,-71,-67,1,0
80,57,-71,-65,1,0
80,58,-71,-63,1,0
80,59,-71,-61,0,0
80,60,-71,-59,0,0
80,61,-71,-57,0,0
80,62,-71,-55,0,0
80,63,-71,-53,0,0
80,64,-71,-51,0,0
80,65,-71,-49,0,0
80,66,-71,-47,0,0
80,67,-71,-45,0,0
80,68,-71,-43,0,0
80,69,-71,-41,0,0
80,70,-71,-39,0,0
80,71,-71,-37,0,0
80,72,-71,-35,0,0
80,73,-71,-33,0,0
80,74,-71,-31,0,0
80,75,-71,-29,0,0
80,76,-71,-27,0,0
80,77,-71,-25,0,0
80,78,-71,-23,0,0
80,79,-71,-21,0,0
80,80,-71,-19,0,0
80,81,-71,-17,0,0
80,82,-71,-15,0,0
80,83,-71,-13,0,0
80,84,-71,-11,0,0
80,85,-71,-9,0,0
80,86,-71,-7,1,0
80,87,-71,-5,0,0
80,88,-71,-3,0,0
80,89,-71,-1,0,0
80,90,-71,1,0,0
80,91,-71,3,1,0
80,92,-71,5,1,0
80,93,-71,7,1,0
80,94,-71,9,1,0
80,95,-71,11,1,0
80,96,-71,13,1,0
80,97,-71,15,1,0
80,98,-71,17,1,0
80,99,-71,19,1,0
80,100,-71,21,1,0
80,101,-71,23,1,0
80,102,-71,25,1,0
80,103,-71,27,1,0
80,104,-71,29,1,0
80,105,-71,31,1,0
80,106,-71,33,1,0
80,107,-71,35,1,0
80,108,-71,37,1,0
80,109,-71,39,1,0
80,110,-71,41,1,0
80,111,-71,43,1,0
80,112,-71,45,1,0
80,113,-71,47,1,0
80,114,-71,49,1,0
80,115,-71,51,1,0
80,116,-71,53,1,0
80,117,-71,55,1,0
80,118,-71,57,1,0
80,119,-71,59,1,0
80,120,-71,61,1,0
80,121,-71,63,1,0
80,122,-71,65,1,0
80,123,-71,67,1,0
80,124,-71,69,0,0
80,125,-71,71,0,0
80,126,-71,73,1,0
80,127,-71,75,1,0
80,128,-71,77,1,0
80,129,-71,79,1,0
80,130,-71,81,1,0
80,131,-71,83,1,0
80,132,-71,85,1,0
80,133,-71,87,1,0
80,134,-71,89,1,0
80,135,-71,91,1,0
80,136,-71,93,1,0
80,137,-71,95,1,0
80,138,-71,97,1,0
80,139,-71,99,1,0
80,140,-71,101,1,0
80,141,-71,103,1,0
80,142,-71,105,1,0
80,143,-71,107,1,0
80,144,-71,109,1,0
80,145,-71,111,1,0
80,146,-71,113,1,0
80,147,-71,115,1,0
80,148,-71,117,1,0
80,149,-71,119,1,0
80,150,-71,121,1,0
80,151,-71,123,1,0
80,152,-71,125,1,0
80,153,-71,127,1,0
80,154,-71,129,1,0
80,155,-71,131,1,0
80,156,-71,133,1,0
80,157,-71,135,1,0
80,158,-71,137,1,0
80,159,-71,139,1,0
80,160,-71,141,1,0
80,161,-71,143,1,0
80,162,-71,145,1,0
80,163,-71,147,1,0
80,164,-71,149,1,0
80,165,-71,151,1,0
80,166,-71,153,1,0
80,167,-71,155,1,0
80,168,-71,157,1,0
80,169,-71,159,1,0
80,170,-71,161,1,0
80,171,-71,163,1,0
80,172,-71,165,1,0
80,173,-71,167,1,0
80,174,-71,169,0,0
80,175,-71,171,0,0
80,176,-71,173,0,0
80,177,-71,175,0,0
80,178,-71,177,0,0
80,179,-71,179,0,0
81,0,-73,-179,0,0
81,1,-73,-177,0,0
81,2,-73,-175,0,0
81,3,-73,-173,0,0
81,4,-73,-171,0,0
81,5,-73,-169,0,0
81,6,-73,-167,0,0
81,7,-73,-165,0,0
81,8,-73,-163,0,0
81,9,-73,-161,0,0
81,10,-73,-159,0,0
81,11,-73,-157,0,0
81,12,-73,-155,0,0
81,13,-73,-153,0,0
81,14,-73,-151,0,0
81,15,-73,-149,0,0
81,16,-73,-147,0,0
81,17,-73,-145,0,0
81,18,-73,-143,0,0
81,19,-73,-141,0,0
81,20,-73,-139,0,0
81,21,-73,-137,0,0
81,22,-73,-135,0,0
81,23,-73,-133,0,0
81,24,-73,-131,0,0
81,25,-73,-129,0,0
81,26,-73,-127,0,0
81,27,-73,-125,0,0
81,28,-73,-123,0,0
81,29,-73,-121,0,0
81,30,-73,-119,0,0
81,31,-73,-117,0,0
81,32,-73,-115,0,0
81,33,-73,-113,0,0
81,34,-73,-111,0,0
81,35,-73,-109,0,0
81,36,-73,-107,0,0
81,37,-73,-105,1,0
81,38,-73,-103,1,0
81,39,-73,-101,1,0
81,40,-73,-99,0,0
81,41,-73,-97,0,0
81,42,-73,-95,0,0
81,43,-73,-93,0,0
81,44,-73,-91,1,0
81,45,-73,-89,1,0
81,46,-73,-87,0,0
81,47,-73,-85,0,0
81,48,-73,-83,0,0
81,49,-73,-81,0,0
81,50,-73,-79,0,0
81,51,-73,-77,0,0
81,52,-73,-75,1,0
81,53,-73,-73,0,0
81,54,-73,-71,0,0
81,55,-73,-69,0,0
81,56,-73,-67,1,0
81,57,-73,-65,1,0
81,58,-73,-63,1,0
81,59,-73,-61,1,0
81,60,-73,-59,0,0
81,61,-73,-57,0,0
81,62,-73,-55,0,0
81,63,-73,-53,0,0
81,64,-73,-51,0,0
81,65,-73,-49,0,0
81,66,-73,-47,0,0
81,67,-73,-45,0,0
81,68,-73,-43,0,0
81,69,-73,-41,0,0
81,70,-73,-39,0,0
81,71,-73,-37,0,0
81,72,-73,-35,0,0
81,73,-73,-33,0,0
81,74,-73,-31,0,0
81,75,-73,-29,0,0
81,76,-73,-27,0,0
81,77,-73,-25,0,0
81,78,-73,-23,0,0
81,79,-73,-21,0,0
81,80,-73,-19,0,0
81,81,-73,-17,0,0
81,82,-73,-15,0,0
81,83,-73,-13,1,0
81,84,-73,-11,1,0
81,85,-73,-9,1,0
81,86,-73,-7,1,0
81,87,-73,-5,1,0
81,88,-73,-3,1,0
81,89,-73,-1,1,0
81,90,-73,1,1,0
81,91,-73,3,1,0
81,92,-73,5,1,0
81,93,-73,7,1,0
81,94,-73,9,1,0
81,95,-73,11,1,0
81,96,-73,13,1,0
81,97,-73,15,1,0
81,98,-73,17,1,0
81,99,-73,19,1,0
81,100,-73,21,1,0
81,101,-73,23,1,0
81,102,-73,25,1,0
81,103,-73,27,1,0
81,104,-73,29,1,0
81,105,-73,31,1,0
81,106,-73,33,1,0
81,107,-73,35,1,0
81,108,-73,37,1,0
81,109,-73,39,1,0
81,110,-73,41,1,0
81,111,-73,43,1,0
81,112,-73,45,1,0
81,113,-73,47,1,0
81,114,-73,49,1,0
81,115,-73,51,1,0
81,116,-73,53,1,0
81,117,-73,55,1,0
81,118,-73,57,1,0
81,119,-73,59,1,0
81,120,-73,61,1,0
81,121,-73,63,1,0
81,122,-73,65,1,0
81,123,-73,67,0,0
81,124,-73,69,1,0
81,125,-73,71,1,0
81,126,-73,73,1,0
81,127,-73,75,1,0
81,128,-73,77,1,0
81,129,-73,79,1,0
81,130,-73,81,1,0
81,131,-73,83,1,0
81,132,-73,85,1,0
81,133,-73,87,1,0
81,134,-73,89,1,0
81,135,-73,91,1,0
81,136,-73,93,1,0
81,137,-73,95,1,0
81,138,-73,97,1,0
81,139,-73,99,1,0
81,140,-73,101,1,0
81,141,-73,103,1,0
81,142,-73,105,1,0
81,143,-73,107,1,0
81,144,-73,109,1,0
81,145,-73,111,1,0
81,146,-73,113,1,0
81,147,-73,115,1,0
81,148,-73,117,1,0
81,149,-73,119,1,0
81,150,-73,121,1,0
81,151,-73,123,1,0
81,152,-73,125,1,0
81,153,-73,127,1,0
81,154,-73,129,1,0
81,155,-73,131,1,0
81,156,-73,133,1,0
81,157,-73,135,1,0
81,158,-73,137,1,0
81,159,-73,139,1,0
81,160,-73,141,1,0
81,161,-73,143,1,0
81,162,-73,145,1,0
81,163,-73,147,1,0
81,164,-73,149,1,0
81,165,-73,151,1,0
81,166,-73,153,1,0
81,167,-73,155,1,0
81,168,-73,157,1,0
81,169,-73,159,1,0
81,170,-73,161,1,0
81,171,-73,163,1,0
81,172,-73,165,1,0
81,173,-73,167,1,0
81,174,-73,169,1,0
81,175,-73,171,0,0
81,176,-73,173,0,0
81,177,-73,175,0,0
81,178,-73,177,0,0
81,179,-73,179,0,0
82,0,-75,-179,0,0
82,1,-75,-177,0,0
82,2,-75,-175,0,0
82,3,-75,-173,0,0
82,4,-75,-171,0,0
82,5,-75,-169,0,0
82,6,-75,-167,0,0
82,7,-75,-165,0,0
82,8,-75,-163,0,0
82,9,-75,-161,0,0
82,10,-75,-159,0,0
82,11,-75,-157,0,0
82,12,-75,-155,0,0
82,13,-75,-153,0,0
82,14,-75,-151,0,0
82,15,-75,-149,0,0
82,16,-75,-147,0,0
82,17,-75,-145,0,0
82,18,-75,-143,0,0
82,19,-75,-141,0,0
82,20,-75,-139,0,0
82,21,-75,-137,0,0
82,22,-75,-135,1,0
82,23,-75,-133,1,0
82,24,-75,-131,1,0
82,25,-75,-129,1,0
82,26,-75,-127,1,0
82,27,-75,-125,1,0
82,28,-75,-123,1,0
82,29,-75,-121,1,0
82,30,-75,-119,1,0
82,31,-75,-117,1,0
82,32,-75,-115,1,0
82,33,-75,-113,1,0
82,34,-75,-111,0,0
82,35,-75,-109,0,0
82,36,-75,-107,0,0
82,37,-75,-105,0,0
82,38,-75,-103,0,0
82,39,-75,-101,0,0
82,40,-75,-99,1,0
82,41,-75,-97,1,0
82,42,-75,-95,1,0
82,43,-75,-93,1,0
82,44,-75,-91,1,0
82,45,-75,-89,1,0
82,46,-75,-87,1,0
82,47,-75,-85,1,0
82,48,-75,-83,1,0
82,49,-75,-81,1,0
82,50,-75,-79,1,0
82,51,-75,-77,1,0
82,52,-75,-75,1,0
82,53,-75,-73,1,0
82,54,-75,-71,1,0
82,55,-75,-69,1,0
82,56,-75,-67,1,0
82,57,-75,-65,1,0
82,58,-75,-63,0,0
82,59,-75,-61,0,0
82,60,-75,-59,0,0
82,61,-75,-57,0,0
82,62,-75,-55,0,0
82,63,-75,-53,0,0
82,64,-75,-51,0,0
82,65,-75,-49,0,0
82,66,-75,-47,0,0
82,67,-75,-45,0,0
82,68,-75,-43,0,0
82,69,-75,-41,0,0
82,70,-75,-39,0,0
82,71,-75,-37,0,0
82,72,-75,-35,0,0
82,73,-75,-33,0,0
82,74,-75,-31,0,0
82,75,-75,-29,0,0
82,76,-75,-27,0,0
82,77,-75,-25,0,0
82,78,-75,-23,0,0
82,79,-75,-21,0,0
82,80,-75,-19,0,0
82,81,-75,-17,1,0
82,82,-75,-15,1,0
82,83,-75,-13,1,0
82,84,-75,-11,1,0
82,85,-75,-9,1,0
82,86,-75,-7,1,0
82,87,-75,-5,1,0
82,88,-75,-3,1,0
82,89,-75,-1,1,0
82,90,-75,1,1,0
82,91,-75,3,1,0
82,92,-75,5,1,0
82,93,-75,7,1,0
82,94,-75,9,1,0
82,95,-75,11,1,0
82,96,-75,13,1,0
82,97,-75,15,1,0
82,98,-75,17,1,0
82,99,-75,19,1,0
82,100,-75,21,1,0
82,101,-75,23,1,0
82,102,-75,25,1,0
82,103,-75,27,1,0
82,104,-75,29,1,0
82,105,-75,31,1,0
82,106,-75,33,1,0
82,107,-75,35,1,0
82,108,-75,37,1,0
82,109,-75,39,1,0
82,110,-75,41,1,0
82,111,-75,43,1,0
82,112,-75,45,1,0
82,113,-75,47,1,0
82,114,-75,49,1,0
82,115,-75,51,1,0
82,116,-75,53,1,0
82,117,-75,55,1,0
82,118,-75,57,1,0
82,119,-75,59,1,0
82,120,-75,61,1,0
82,121,-75,63,1,0
82,122,-75,65,1,0
82,123,-75,67,1,0
82,124,-75,69,1,0
82,125,-75,71,1,0
82,126,-75,73,1,0
82,127,-75,75,1,0
82,128,-75,77,1,0
82,129,-75,79,1,0
82,130,-75,81,1,0
82,131,-75,83,1,0
82,132,-75,85,1,0
82,133,-75,87,1,0
82,134,-75,89,1,0
82,135,-75,91,1,0
82,136,-75,93,1,0
82,137,-75,95,1,0
82,138,-75,97,1,0
82,139,-75,99,1,0
82,140,-75,101,1,0
82,141,-75,103,1,0
82,142,-75,105,1,0
82,143,-75,107,1,0
82,144,-75,109,1,0
82,145,-75,111,1,0
82,146,-75,113,1,0
82,147,-75,115,1,0
82,148,-75,117,1,0
82,149,-75,119,1,0
82,150,-75,121,1,0
82,151,-75,123,1,0
82,152,-75,125,1,0
82,153,-75,127,1,0
82,154,-75,129,1,0
82,155,-75,131,1,0
82,156,-75,133,1,0
82,157,-75,135,1,0
82,158,-75,137,1,0
82,159,-75,139,1,0
82,160,-75,141,1,0
82,161,-75,143,1,0
82,162,-75,145,1,0
82,163,-75,147,1,0
82,164,-75,149,1,0
82,165,-75,151,1,0
82,166,-75,153,1,0
82,167,-75,155,1,0
82,168,-75,157,1,0
82,169,-75,159,1,0
82,170,-75,161,1,0
82,171,-75,163,0,0
82,172,-75,165,0,0
82,173,-75,167,0,0
82,174,-75,169,0,0
82,175,-75,171,0,0
82,176,-75,173,0,0
82,177,-75,175,0,0
82,178,-75,177,0,0
82,179,-75,179,0,0
83,0,-77,-179,0,0
83,1,-77,-177,0,0
83,2,-77,-175,0,0
83,3,-77,-173,0,0
83,4,-77,-171,0,0
83,5,-77,-169,0,0
83,6,-77,-167,0,0
83,7,-77,-165,0,0
83,8,-77,-163,0,0
83,9,-77,-161,0,0
83,10,-77,-159,0,0
83,11,-77,-157,0,0
83,12,-77,-155,0,0
83,13,-77,-153,0,0
83,14,-77,-151,0,0
83,15,-77,-149,1,0
83,16,-77,-147,1,0
83,17,-77,-145,1,0
83,18,-77,-143,1,0
83,19,-77,-141,1,0
83,20,-77,-139,1,0
83,21,-77,-137,1,0
83,22,-77,-135,1,0
83,23,-77,-133,1,0
83,24,-77,-131,1,0
83,25,-77,-129,1,0
83,26,-77,-127,1,0
83,27,-77,-125,1,0
83,28,-77,-123,1,0
83,29,-77,-121,1,0
83,30,-77,-119,1,0
83,31,-77,-117,1,0
83,32,-77,-115,1,0
83,33,-77,-113,1,0
83,34,-77,-111,1,0
83,35,-77,-109,1,0
83,36,-77,-107,1,0
83,37,-77,-105,1,0
83,38,-77,-103,1,0
83,39,-77,-101,1,0
83,40,-77,-99,1,0
83,41,-77,-97,1,0
83,42,-77,-95,1,0
83,43,-77,-93,1,0
83,44,-77,-91,1,0
83,45,-77,-89,1,0
83,46,-77,-87,1,0
83,47,-77,-85,1,0
83,48,-77,-83,1,0
83,49,-77,-81,1,0
83,50,-77,-79,1,0
83,51,-77,-77,1,0
83,52,-77,-75,0,0
83,53,-77,-73,0,0
83,54,-77,-71,0,0
83,55,-77,-69,0,0
83,56,-77,-67,0,0
83,57,-77,-65,0,0
83,58,-77,-63,0,0
83,59,-77,-61,0,0
83,60,-77,-59,0,0
83,61,-77,-57,0,0
83,62,-77,-55,0,0
83,63,-77,-53,0,0
83,64,-77,-51,0,0
83,65,-77,-49,0,0
83,66,-77,-47,0,0
83,67,-77,-45,0,0
83,68,-77,-43,0,0
83,69,-77,-41,0,0
83,70,-77,-39,0,0
83,71,-77,-37,0,0
83,72,-77,-35,0,0
83,73,-77,-33,0,0
83,74,-77,-31,1,0
83,75,-77,-29,1,0
83,76,-77,-27,1,0
83,77,-77,-25,1,0
83,78,-77,-23,1,0
83,79,-77,-21,1,0
83,80,-77,-19,1,0
83,81,-77,-17,1,0
83,82,-77,-15,1,0
83,83,-77,-13,1,0
83,84,-77,-11,1,0
83,85,-77,-9,1,0
83,86,-77,-7,1,0
83,87,-77,-5,1,0
83,88,-77,-3,1,0
83,89,-77,-1,1,0
83,90,-77,1,1,0
83,91,-77,3,1,0
83,92,-77,5,1,0
83,93,-77,7,1,0
83,94,-77,9,1,0
83,95,-77,11,1,0
83,96,-77,13,1,0
83,97,-77,15,1,0
83,98,-77,17,1,0
83,99,-77,19,1,0
83,100,-77,21,1,0
83,101,-77,23,1,0
83,102,-77,25,1,0
83,103,-77,27,1,0
83,104,-77,29,1,0
83,105,-77,31,1,0
83,106,-77,33,1,0
83,107,-77,35,1,0
83,108,-77,37,1,0
83,109,-77,39,1,0
83,110,-77,41,1,0
83,111,-77,43,1,0
83,112,-77,45,1,0
83,113,-77,47,1,0
83,114,-77,49,1,0
83,115,-77,51,1,0
83,116,-77,53,1,0
83,117,-77,55,1,0
83,118,-77,57,1,0
83,119,-77,59,1,0
83,120,-77,61,1,0
83,121,-77,63,1,0
83,122,-77,65,1,0
83,123,-77,67,1,0
83,124,-77,69,1,0
83,125,-77,71,1,0
83,126,-77,73,1,0
83,127,-77,75,1,0
83,128,-77,77,1,0
83,129,-77,79,1,0
83,130,-77,81,1,0
83,131,-77,83,1,0
83,132,-77,85,1,0
83,133,-77,87,1,0
83,134,-77,89,1,0
83,135,-77,91,1,0
83,136,-77,93,1,0
83,137,-77,95,1,0
83,138,-77,97,1,0
83,139,-77,99,1,0
83,140,-77,101,1,0
83,141,-77,103,1,0
83,142,-77,105,1,0
83,143,-77,107,1,0
83,144,-77,109,1,0
83,145,-77,111,1,0
83,146,-77,113,1,0
83,147,-77,115,1,0
83,148,-77,117,1,0
83,149,-77,119,1,0
83,150,-77,121,1,0
83,151,-77,123,1,0
83,152,-77,125,1,0
83,153,-77,127,1,0
83,154,-77,129,1,0
83,155,-77,131,1,0
83,156,-77,133,1,0
83,157,-77,135,1,0
83,158,-77,137,1,0
83,159,-77,139,1,0
83,160,-77,141,1,0
83,161,-77,143,1,0
83,162,-77,145,1,0
83,163,-77,147,1,0
83,164,-77,149,1,0
83,165,-77,151,1,0
83,166,-77,153,1,0
83,167,-77,155,1,0
83,168,-77,157,1,0
83,169,-77,159,1,0
83,170,-77,161,1,0
83,171,-77,163,0,0
83,172,-77,165,0,0
83,173,-77,167,0,0
83,174,-77,169,0,0
83,175,-77,171,0,0
83,176,-77,173,0,0
83,177,-77,175,0,0
83,178,-77,177,0,0
83,179,-77,179,0,0
84,0,-79,-179,0,0
84,1,-79,-177,0,0
84,2,-79,-175,0,0
84,3,-79,-173,0,0
84,4,-79,-171,0,0
84,5,-79,-169,0,0
84,6,-79,-167,0,0
84,7,-79,-165,0,0
84,8,-79,-163,1,0
84,9,-79,-161,0,0
84,10,-79,-159,0,0
84,11,-79,-157,0,0
84,12,-79,-155,1,0
84,13,-79,-153,1,0
84,14,-79,-151,1,0
84,15,-79,-149,1,0
84,16,-79,-147,1,0
84,17,-79,-145,1,0
84,18,-79,-143,1,0
84,19,-79,-141,1,0
84,20,-79,-139,1,0
84,21,-79,-137,1,0
84,22,-79,-135,1,0
84,23,-79,-133,1,0
84,24,-79,-131,1,0
84,25,-79,-129,1,0
84,26,-79,-127,1,0
84,27,-79,-125,1,0
84,28,-79,-123,1,0
84,29,-79,-121,1,0
84,30,-79,-119,1,0
84,31,-79,-117,1,0
84,32,-79,-115,1,0
84,33,-79,-113,1,0
84,34,-79,-111,1,0
84,35,-79,-109,1,0
84,36,-79,-107,1,0
84,37,-79,-105,1,0
84,38,-79,-103,1,0
84,39,-79,-101,1,0
84,40,-79,-99,1,0
84,41,-79,-97,1,0
84,42,-79,-95,1,0
84,43,-79,-93,1,0
84,44,-79,-91,1,0
84,45,-79,-89,1,0
84,46,-79,-87,1,0
84,47,-79,-85,1,0
84,48,-79,-83,1,0
84,49,-79,-81,0,0
84,50,-79,-79,0,0
84,51,-79,-77,0,0
84,52,-79,-75,0,0
84,53,-79,-73,0,0
84,54,-79,-71,1,0
84,55,-79,-69,1,0
84,56,-79,-67,0,0
84,57,-79,-65,0,0
84,58,-79,-63,0,0
84,59,-79,-61,0,0
84,60,-79,-59,0,0
84,61,-79,-57,0,0
84,62,-79,-55,0,0
84,63,-79,-53,0,0
84,64,-79,-51,0,0
84,65,-79,-49,1,0
84,66,-79,-47,1,0
84,67,-79,-45,1,0
84,68,-79,-43,0,0
84,69,-79,-41,0,0
84,70,-79,-39,0,0
84,71,-79,-37,0,0
84,72,-79,-35,0,0
84,73,-79,-33,1,0
84,74,-79,-31,1,0
84,75,-79,-29,1,0
84,76,-79,-27,1,0
84,77,-79,-25,1,0
84,78,-79,-23,1,0
84,79,-79,-21,1,0
84,80,-79,-19,1,0
84,81,-79,-17,1,0
84,82,-79,-15,1,0
84,83,-79,-13,1,0
84,84,-79,-11,1,0
84,85,-79,-9,1,0
84,86,-79,-7,1,0
84,87,-79,-5,1,0
84,88,-79,-3,1,0
84,89,-79,-1,1,0
84,90,-79,1,1,0
84,91,-79,3,1,0
84,92,-79,5,1,0
84,93,-79,7,1,0
84,94,-79,9,1,0
84,95,-79,11,1,0
84,96,-79,13,1,0
84,97,-79,15,1,0
84,98,-79,17,1,0
84,99,-79,19,1,0
84,100,-79,21,1,0
84,101,-79,23,1,0
84,102,-79,25,1,0
84,103,-79,27,1,0
84,104,-79,29,1,0
84,105,-79,31,1,0
84,106,-79,33,1,0
84,107,-79,35,1,0
84,108,-79,37,1,0
84,109,-79,39,1,0
84,110,-79,41,1,0
84,111,-79,43,1,0
84,112,-79,45,1,0
84,113,-79,47,1,0
84,114,-79,49,1,0
84,115,-79,51,1,0
84,116,-79,53,1,0
84,117,-79,55,1,0
84,118,-79,57,1,0
84,119,-79,59,1,0
84,120,-79,61,1,0
84,121,-79,63,1,0
84,122,-79,65,1,0
84,123,-79,67,1,0
84,124,-79,69,1,0
84,125,-79,71,1,0
84,126,-79,73,1,0
84,127,-79,75,1,0
84,128,-79,77,1,0
84,129,-79,79,1,0
84,130,-79,81,1,0
84,131,-79,83,1,0
84,132,-79,85,1,0
84,133,-79,87,1,0
84,134,-79,89,1,0
84,135,-79,91,1,0
84,136,-79,93,1,0
84,137,-79,95,1,0
84,138,-79,97,1,0
84,139,-79,99,1,0
84,140,-79,101,1,0
84,141,-79,103,1,0
84,142,-79,105,1,0
84,143,-79,107,1,0
84,144,-79,109,1,0
84,145,-79,111,1,0
84,146,-79,113,1,0
84,147,-79,115,1,0
84,148,-79,117,1,0
84,149,-79,119,1,0
84,150,-79,121,1,0
84,151,-79,123,1,0
84,152,-79,125,1,0
84,153,-79,127,1,0
84,154,-79,129,1,0
84,155,-79,131,1,0
84,156,-79,133,1,0
84,157,-79,135,1,0
84,158,-79,137,1,0
84,159,-79,139,1,0
84,160,-79,141,1,0
84,161,-79,143,1,0
84,162,-79,145,1,0
84,163,-79,147,1,0
84,164,-79,149,1,0
84,165,-79,151,1,0
84,166,-79,153,1,0
84,167,-79,155,1,0
84,168,-79,157,1,0
84,169,-79,159,1,0
84,170,-79,161,1,0
84,171,-79,163,0,0
84,172,-79,165,0,0
84,173,-79,167,0,0
84,174,-79,169,0,0
84,175,-79,171,0,0
84,176,-79,173,0,0
84,177,-79,175,0,0
84,178,-79,177,0,0
84,179,-79,179,0,0
85,0,-81,-179,0,0
85,1,-81,-177,0,0
85,2,-81,-175,0,0
85,3,-81,-173,0,0
85,4,-81,-171,0,0
85,5,-81,-169,0,0
85,6,-81,-167,0,0
85,7,-81,-165,0,0
85,8,-81,-163,0,0
85,9,-81,-161,0,0
85,10,-81,-159,0,0
85,11,-81,-157,0,0
85,12,-81,-155,0,0
85,13,-81,-153,0,0
85,14,-81,-151,0,0
85,15,-81,-149,1,0
85,16,-81,-147,1,0
85,17,-81,-145,1,0
85,18,-81,-143,1,0
85,19,-81,-141,1,0
85,20,-81,-139,1,0
85,21,-81,-137,1,0
85,22,-81,-135,1,0
85,23,-81,-133,1,0
85,24,-81,-131,1,0
85,25,-81,-129,1,0
85,26,-81,-127,1,0
85,27,-81,-125,1,0
85,28,-81,-123,1,0
85,29,-81,-121,1,0
85,30,-81,-119,1,0
85,31,-81,-117,1,0
85,32,-81,-115,1,0
85,33,-81,-113,1,0
85,34,-81,-111,1,0
85,35,-81,-109,1,0
85,36,-81,-107,1,0
85,37,-81,-105,1,0
85,38,-81,-103,1,0
85,39,-81,-101,1,0
85,40,-81,-99,1,0
85,41,-81,-97,1,0
85,42,-81,-95,1,0
85,43,-81,-93,1,0
85,44,-81,-91,1,0
85,45,-81,-89,1,0
85,46,-81,-87,1,0
85,47,-81,-85,1,0
85,48,-81,-83,1,0
85,49,-81,-81,1,0
85,50,-81,-79,1,0
85,51,-81,-77,1,0
85,52,-81,-75,1,0
85,53,-81,-73,1,0
85,54,-81,-71,1,0
85,55,-81,-69,1,0
85,56,-81,-67,0,0
85,57,-81,-65,0,0
85,58,-81,-63,0,0
85,59,-81,-61,0,0
85,60,-81,-59,0,0
85,61,-81,-57,0,0
85,62,-81,-55,0,0
85,63,-81,-53,0,0
85,64,-81,-51,0,0
85,65,-81,-49,0,0
85,66,-81,-47,0,0
85,67,-81,-45,0,0
85,68,-81,-43,0,0
85,69,-81,-41,0,0
85,70,-81,-39,1,0
85,71,-81,-37,0,0
85,72,-81,-35,1,0
85,73,-81,-33,1,0
85,74,-81,-31,1,0
85,75,-81,-29,1,0
85,76,-81,-27,1,0
85,77,-81,-25,1,0
85,78,-81,-23,1,0
85,79,-81,-21,1,0
85,80,-81,-19,1,0
85,81,-81,-17,1,0
85,82,-81,-15,1,0
85,83,-81,-13,1,0
85,84,-81,-11,1,0
85,85,-81,-9,1,0
85,86,-81,-7,1,0
85,87,-81,-5,1,0
85,88,-81,-3,1,0
85,89,-81,-1,1,0
85,90,-81,1,1,0
85,91,-81,3,1,0
85,92,-81,5,1,0
85,93,-81,7,1,0
85,94,-81,9,1,0
85,95,-81,11,1,0
85,96,-81,13,1,0
85,97,-81,15,1,0
85,98,-81,17,1,0
85,99,-81,19,1,0
85,100,-81,21,1,0
85,101,-81,23,1,0
85,102,-81,25,1,0
85,103,-81,27,1,0
85,104,-81,29,1,0
85,105,-81,31,1,0
85,106,-81,33,1,0
85,107,-81,35,1,0
85,108,-81,37,1,0
85,109,-81,39,1,0
85,110,-81,41,1,0
85,111,-81,43,1,0
85,112,-81,45,1,0
85,113,-81,47,1,0
85,114,-81,49,1,0
85,115,-81,51,1,0
85,116,-81,53,1,0
85,117,-81,55,1,0
85,118,-81,57,1,0
85,119,-81,59,1,0
85,120,-81,61,1,0
85,121,-81,63,1,0
85,122,-81,65,1,0
85,123,-81,67,1,0
85,124,-81,69,1,0
85,125,-81,71,1,0
85,126,-81,73,1,0
85,127,-81,75,1,0
85,128,-81,77,1,0
85,129,-81,79,1,0
85,130,-81,81,1,0
85,131,-81,83,1,0
85,132,-81,85,1,0
85,133,-81,87,1,0
85,134,-81,89,1,0
85,135,-81,91,1,0
85,136,-81,93,1,0
85,137,-81,95,1,0
85,138,-81,97,1,0
85,139,-81,99,1,0
85,140,-81,101,1,0
85,141,-81,103,1,0
85,142,-81,105,1,0
85,143,-81,107,1,0
85,144,-81,109,1,0
85,145,-81,111,1,0
85,146,-81,113,1,0
85,147,-81,115,1,0
85,148,-81,117,1,0
85,149,-81,119,1,0
85,150,-81,121,1,0
85,151,-81,123,1,0
85,152,-81,125,1,0
85,153,-81,127,1,0
85,154,-81,129,1,0
85,155,-81,131,1,0
85,156,-81,133,1,0
85,157,-81,135,1,0
85,158,-81,137,1,0
85,159,-81,139,1,0
85,160,-81,141,1,0
85,161,-81,143,1,0
85,162,-81,145,1,0
85,163,-81,147,1,0
85,164,-81,149,1,0
85,165,-81,151,1,0
85,166,-81,153,1,0
85,167,-81,155,1,0
85,168,-81,157,1,0
85,169,-81,159,1,0
85,170,-81,161,0,0
85,171,-81,163,0,0
85,172,-81,165,0,0
85,173,-81,167,0,0
85,174,-81,169,0,0
85,175,-81,171,0,0
85,176,-81,173,0,0
85,177,-81,175,0,0
85,178,-81,177,0,0
85,179,-81,179,0,0
86,0,-83,-179,0,0
86,1,-83,-177,0,0
86,2,-83,-175,0,0
86,3,-83,-173,1,0
86,4,-83,-171,0,0
86,5,-83,-169,0,0
86,6,-83,-167,0,0
86,7,-83,-165,0,0
86,8,-83,-163,1,0
86,9,-83,-161,0,0
86,10,-83,-159,0,0
86,11,-83,-157,0,0
86,12,-83,-155,1,0
86,13,-83,-153,1,0
86,14,-83,-151,1,0
86,15,-83,-149,1,0
86,16,-83,-147,1,0
86,17,-83,-145,1,0
86,18,-83,-143,1,0
86,19,-83,-141,1,0
86,20,-83,-139,1,0
86,21,-83,-137,1,0
86,22,-83,-135,1,0
86,23,-83,-133,1,0
86,24,-83,-131,1,0
86,25,-83,-129,1,0
86,26,-83,-127,1,0
86,27,-83,-125,1,0
86,28,-83,-123,1,0
86,29,-83,-121,1,0
86,30,-83,-119,1,0
86,31,-83,-117,1,0
86,32,-83,-115,1,0
86,33,-83,-113,1,0
86,34,-83,-111,1,0
86,35,-83,-109,1,0
86,36,-83,-107,1,0
86,37,-83,-105,1,0
86,38,-83,-103,1,0
86,39,-83,-101,1,0
86,40,-83,-99,1,0
86,41,-83,-97,1,0
86,42,-83,-95,1,0
86,43,-83,-93,1,0
86,44,-83,-91,1,0
86,45,-83,-89,1,0
86,46,-83,-87,1,0
86,47,-83,-85,1,0
86,48,-83,-83,1,0
86,49,-83,-81,1,0
86,50,-83,-79,1,0
86,51,-83,-77,1,0
86,52,-83,-75,1,0
86,53,-83,-73,1,0
86,54,-83,-71,1,0
86,55,-83,-69,1,0
86,56,-83,-67,1,0
86,57,-83,-65,1,0
86,58,-83,-63,1,0
86,59,-83,-61,1,0
86,60,-83,-59,0,0
86,61,-83,-57,1,0
86,62,-83,-55,1,0
86,63,-83,-53,1,0
86,64,-83,-51,1,0
86,65,-83,-49,1,0
86,66,-83,-47,1,0
86,67,-83,-45,1,0
86,68,-83,-43,1,0
86,69,-83,-41,1,0
86,70,-83,-39,1,0
86,71,-83,-37,1,0
86,72,-83,-35,1,0
86,73,-83,-33,1,0
86,74,-83,-31,1,0
86,75,-83,-29,1,0
86,76,-83,-27,1,0
86,77,-83,-25,1,0
86,78,-83,-23,1,0
86,79,-83,-21,1,0
86,80,-83,-19,1,0
86,81,-83,-17,1,0
86,82,-83,-15,1,0
86,83,-83,-13,1,0
86,84,-83,-11,1,0
86,85,-83,-9,1,0
86,86,-83,-7,1,0
86,87,-83,-5,1,0
86,88,-83,-3,1,0
86,89,-83,-1,1,0
86,90,-83,1,1,0
86,91,-83,3,1,0
86,92,-83,5,1,0
86,93,-83,7,1,0
86,94,-83,9,1,0
86,95,-83,11,1,0
86,96,-83,13,1,0
86,97,-83,15,1,0
86,98,-83,17,1,0
86,99,-83,19,1,0
86,100,-83,21,1,0
86,101,-83,23,1,0
86,102,-83,25,1,0
86,103,-83,27,1,0
86,104,-83,29,1,0
86,105,-83,31,1,0
86,106,-83,33,1,0
86,107,-83,35,1,0
86,108,-83,37,1,0
86,109,-83,39,1,0
86,110,-83,41,1,0
86,111,-83,43,1,0
86,112,-83,45,1,0
86,113,-83,47,1,0
86,114,-83,49,1,0
86,115,-83,51,1,0
86,116,-83,53,1,0
86,117,-83,55,1,0
86,118,-83,57,1,0
86,119,-83,59,1,0
86,120,-83,61,1,0
86,121,-83,63,1,0
86,122,-83,65,1,0
86,123,-83,67,1,0
86,124,-83,69,1,0
86,125,-83,71,1,0
86,126,-83,73,1,0
86,127,-83,75,1,0
86,128,-83,77,1,0
86,129,-83,79,1,0
86,130,-83,81,1,0
86,131,-83,83,1,0
86,132,-83,85,1,0
86,133,-83,87,1,0
86,134,-83,89,1,0
86,135,-83,91,1,0
86,136,-83,93,1,0
86,137,-83,95,1,0
86,138,-83,97,1,0
86,139,-83,99,1,0
86,140,-83,101,1,0
86,141,-83,103,1,0
86,142,-83,105,1,0
86,143,-83,107,1,0
86,144,-83,109,1,0
86,145,-83,111,1,0
86,146,-83,113,1,0
86,147,-83,115,1,0
86,148,-83,117,1,0
86,149,-83,119,1,0
86,150,-83,121,1,0
86,151,-83,123,1,0
86,152,-83,125,1,0
86,153,-83,127,1,0
86,154,-83,129,1,0
86,155,-83,131,1,0
86,156,-83,133,1,0
86,157,-83,135,1,0
86,158,-83,137,1,0
86,159,-83,139,1,0
86,160,-83,141,1,0
86,161,-83,143,1,0
86,162,-83,145,1,0
86,163,-83,147,1,0
86,164,-83,149,1,0
86,165,-83,151,1,0
86,166,-83,153,1,0
86,167,-83,155,1,0
86,168,-83,157,1,0
86,169,-83,159,1,0
86,170,-83,161,1,0
86,171,-83,163,1,0
86,172,-83,165,1,0
86,173,-83,167,1,0
86,174,-83,169,0,0
86,175,-83,171,0,0
86,176,-83,173,0,0
86,177,-83,175,0,0
86,178,-83,177,0,0
86,179,-83,179,0,0
87,0,-85,-179,1,0
87,1,-85,-177,1,0
87,2,-85,-175,1,0
87,3,-85,-173,1,0
87,4,-85,-171,1,0
87,5,-85,-169,1,0
87,6,-85,-167,1,0
87,7,-85,-165,1,0
87,8,-85,-163,1,0
87,9,-85,-161,1,0
87,10,-85,-159,0,0
87,11,-85,-157,0,0
87,12,-85,-155,1,0
87,13,-85,-153,1,0
87,14,-85,-151,1,0
87,15,-85,-149,1,0
87,16,-85,-147,1,0
87,17,-85,-145,1,0
87,18,-85,-143,1,0
87,19,-85,-141,1,0
87,20,-85,-139,1,0
87,21,-85,-137,1,0
87,22,-85,-135,1,0
87,23,-85,-133,1,0
87,24,-85,-131,1,0
87,25,-85,-129,1,0
87,26,-85,-127,1,0
87,27,-85,-125,1,0
87,28,-85,-123,1,0
87,29,-85,-121,1,0
87,30,-85,-119,1,0
87,31,-85,-117,1,0
87,32,-85,-115,1,0
87,33,-85,-113,1,0
87,34,-85,-111,1,0
87,35,-85,-109,1,0
87,36,-85,-107,1,0
87,37,-85,-105,1,0
87,38,-85,-103,1,0
87,39,-85,-101,1,0
87,40,-85,-99,1,0
87,41,-85,-97,1,0
87,42,-85,-95,1,0
87,43,-85,-93,1,0
87,44,-85,-91,1,0
87,45,-85,-89,1,0
87,46,-85,-87,1,0
87,47,-85,-85,1,0
87,48,-85,-83,1,0
87,49,-85,-81,1,0
87,50,-85,-79,1,0
87,51,-85,-77,1,0
87,52,-85,-75,1,0
87,53,-85,-73,1,0
87,54,-85,-71,1,0
87,55,-85,-69,1,0
87,56,-85,-67,1,0
87,57,-85,-65,1,0
87,58,-85,-63,1,0
87,59,-85,-61,1,0
87,60,-85,-59,1,0
87,61,-85,-57,1,0
87,62,-85,-55,1,0
87,63,-85,-53,1,0
87,64,-85,-51,1,0
87,65,-85,-49,1,0
87,66,-85,-47,1,0
87,67,-85,-45,1,0
87,68,-85,-43,1,0
87,69,-85,-41,1,0
87,70,-85,-39,1,0
87,71,-85,-37,1,0
87,72,-85,-35,1,0
87,73,-85,-33,1,0
87,74,-85,-31,1,0
87,75,-85,-29,1,0
87,76,-85,-27,1,0
87,77,-85,-25,1,0
87,78,-85,-23,1,0
87,79,-85,-21,1,0
87,80,-85,-19,1,0
87,81,-85,-17,1,0
87,82,-85,-15,1,0
87,83,-85,-13,1,0
87,84,-85,-11,1,0
87,85,-85,-9,1,0
87,86,-85,-7,1,0
87,87,-85,-5,1,0
87,88,-85,-3,1,0
87,89,-85,-1,1,0
87,90,-85,1,1,0
87,91,-85,3,1,0
87,92,-85,5,1,0
87,93,-85,7,1,0
87,94,-85,9,1,0
87,95,-85,11,1,0
87,96,-85,13,1,0
87,97,-85,15,1,0
87,98,-85,17,1,0
87,99,-85,19,1,0
87,100,-85,21,1,0
87,101,-85,23,1,0
87,102,-85,25,1,0
87,103,-85,27,1,0
87,104,-85,29,1,0
87,105,-85,31,1,0
87,106,-85,33,1,0
87,107,-85,35,1,0
87,108,-85,37,1,0
87,109,-85,39,1,0
87,110,-85,41,1,0
87,111,-85,43,1,0
87,112,-85,45,1,0
87,113,-85,47,1,0
87,114,-85,49,1,0
87,115,-85,51,1,0
87,116,-85,53,1,0
87,117,-85,55,1,0
87,118,-85,57,1,0
87,119,-85,59,1,0
87,120,-85,61,1,0
87,121,-85,63,1,0
87,122,-85,65,1,0
87,123,-85,67,1,0
87,124,-85,69,1,0
87,125,-85,71,1,0
87,126,-85,73,1,0
87,127,-85,75,1,0
87,128,-85,77,1,0
87,129,-85,79,1,0
87,130,-85,81,1,0
87,131,-85,83,1,0
87,132,-85,85,1,0
87,133,-85,87,1,0
87,134,-85,89,1,0
87,135,-85,91,1,0
87,136,-85,93,1,0
87,137,-85,95,1,0
87,138,-85,97,1,0
87,139,-85,99,1,0
87,140,-85,101,1,0
87,141,-85,103,1,0
87,142,-85,105,1,0
87,143,-85,107,1,0
87,144,-85,109,1,0
87,145,-85,111,1,0
87,146,-85,113,1,0
87,147,-85,115,1,0
87,148,-85,117,1,0
87,149,-85,119,1,0
87,150,-85,121,1,0
87,151,-85,123,1,0
87,152,-85,125,1,0
87,153,-85,127,1,0
87,154,-85,129,1,0
87,155,-85,131,1,0
87,156,-85,133,1,0
87,157,-85,135,1,0
87,158,-85,137,1,0
87,159,-85,139,1,0
87,160,-85,141,1,0
87,161,-85,143,1,0
87,162,-85,145,1,0
87,163,-85,147,1,0
87,164,-85,149,1,0
87,165,-85,151,1,0
87,166,-85,153,1,0
87,167,-85,155,1,0
87,168,-85,157,1,0
87,169,-85,159,1,0
87,170,-85,161,1,0
87,171,-85,163,1,0
87,172,-85,165,1,0
87,173,-85,167,1,0
87,174,-85,169,1,0
87,175,-85,171,1,0
87,176,-85,173,1,0
87,177,-85,175,1,0
87,178,-85,177,1,0
87,179,-85,179,1,0
88,0,-87,-179,1,0
88,1,-87,-177,1,0
88,2,-87,-175,1,0
88,3,-87,-173,1,0
88,4,-87,-171,1,0
88,5,-87,-169,1,0
88,6,-87,-167,1,0
88,7,-87,-165,1,0
88,8,-87,-163,1,0
88,9,-87,-161,1,0
88,10,-87,-159,1,0
88,11,-87,-157,1,0
88,12,-87,-155,1,0
88,13,-87,-153,1,0
88,14,-87,-151,1,0
88,15,-87,-149,1,0
88,16,-87,-147,1,0
88,17,-87,-145,1,0
88,18,-87,-143,1,0
88,19,-87,-141,1,0
88,20,-87,-139,1,0
88,21,-87,-137,1,0
88,22,-87,-135,1,0
88,23,-87,-133,1,0
88,24,-87,-131,1,0
88,25,-87,-129,1,0
88,26,-87,-127,1,0
88,27,-87,-125,1,0
88,28,-87,-123,1,0
88,29,-87,-121,1,0
88,30,-87,-119,1,0
88,31,-87,-117,1,0
88,32,-87,-115,1,0
88,33,-87,-113,1,0
88,34,-87,-111,1,0
88,35,-87,-109,1,0
88,36,-87,-107,1,0
88,37,-87,-105,1,0
88,38,-87,-103,1,0
88,39,-87,-101,1,0
88,40,-87,-99,1,0
88,41,-87,-97,1,0
88,42,-87,-95,1,0
88,43,-87,-93,1,0
88,44,-87,-91,1,0
88,45,-87,-89,1,0
88,46,-87,-87,1,0
88,47,-87,-85,1,0
88,48,-87,-83,1,0
88,49,-87,-81,1,0
88,50,-87,-79,1,0
88,51,-87,-77,1,0
88,52,-87,-75,1,0
88,53,-87,-73,1,0
88,54,-87,-71,1,0
88,55,-87,-69,1,0
88,56,-87,-67,1,0
88,57,-87,-65,1,0
88,58,-87,-63,1,0
88,59,-87,-61,1,0
88,60,-87,-59,1,0
88,61,-87,-57,1,0
88,62,-87,-55,1,0
88,63,-87,-53,1,0
88,64,-87,-51,1,0
88,65,-87,-49,1,0
88,66,-87,-47,1,0
88,67,-87,-45,1,0
88,68,-87,-43,1,0
88,69,-87,-41,1,0
88,70,-87,-39,1,0
88,71,-87,-37,1,0
88,72,-87,-35,1,0
88,73,-87,-33,1,0
88,74,-87,-31,1,0
88,75,-87,-29,1,0
88,76,-87,-27,1,0
88,77,-87,-25,1,0
88,78,-87,-23,1,0
88,79,-87,-21,1,0
88,80,-87,-19,1,0
88,81,-87,-17,1,0
88,82,-87,-15,1,0
88,83,-87,-13,1,0
88,84,-87,-11,1,0
88,85,-87,-9,1,0
88,86,-87,-7,1,0
88,87,-87,-5,1,0
88,88,-87,-3,1,0
88,89,-87,-1,1,0
88,90,-87,1,1,0
88,91,-87,3,1,0
88,92,-87,5,1,0
88,93,-87,7,1,0
88,94,-87,9,1,0
88,95,-87,11,1,0
88,96,-87,13,1,0
88,97,-87,15,1,0
88,98,-87,17,1,0
88,99,-87,19,1,0
88,100,-87,21,1,0
88,101,-87,23,1,0
88,102,-87,25,1,0
88,103,-87,27,1,0
88,104,-87,29,1,0
88,105,-87,31,1,0
88,106,-87,33,1,0
88,107,-87,35,1,0
88,108,-87,37,1,0
88,109,-87,39,1,0
88,110,-87,41,1,0
88,111,-87,43,1,0
88,112,-87,45,1,0
88,113,-87,47,1,0
88,114,-87,49,1,0
88,115,-87,51,1,0
88,116,-87,53,1,0
88,117,-87,55,1,0
88,118,-87,57,1,0
88,119,-87,59,1,0
88,120,-87,61,1,0
88,121,-87,63,1,0
88,122,-87,65,1,0
88,123,-87,67,1,0
88,124,-87,69,1,0
88,125,-87,71,1,0
88,126,-87,73,1,0
88,127,-87,75,1,0
88,128,-87,77,1,0
88,129,-87,79,1,0
88,130,-87,81,1,0
88,131,-87,83,1,0
88,132,-87,85,1,0
88,133,-87,87,1,0
88,134,-87,89,1,0
88,135,-87,91,1,0
88,136,-87,93,1,0
88,137,-87,95,1,0
88,138,-87,97,1,0
88,139,-87,99,1,0
88,140,-87,101,1,0
88,141,-87,103,1,0
88,142,-87,105,1,0
88,143,-87,107,1,0
88,144,-87,109,1,0
88,145,-87,111,1,0
88,146,-87,113,1,0
88,147,-87,115,1,0
88,148,-87,117,1,0
88,149,-87,119,1,0
88,150,-87,121,1,0
88,151,-87,123,1,0
88,152,-87,125,1,0
88,153,-87,127,1,0
88,154,-87,129,1,0
88,155,-87,131,1,0
88,156,-87,133,1,0
88,157,-87,135,1,0
88,158,-87,137,1,0
88,159,-87,139,1,0
88,160,-87,141,1,0
88,161,-87,143,1,0
88,162,-87,145,1,0
88,163,-87,147,1,0
88,164,-87,149,1,0
88,165,-87,151,1,0
88,166,-87,153,1,0
88,167,-87,155,1,0
88,168,-87,157,1,0
88,169,-87,159,1,0
88,170,-87,161,1,0
88,171,-87,163,1,0
88,172,-87,165,1,0
88,173,-87,167,1,0
88,174,-87,169,1,0
88,175,-87,171,1,0
88,176,-87,173,1,0
88,177,-87,175,1,0
88,178,-87,177,1,0
88,179,-87,179,1,0
89,0,-89,-179,1,0
89,1,-89,-177,1,0
89,2,-89,-175,1,0
89,3,-89,-173,1,0
89,4,-89,-171,1,0
89,5,-89,-169,1,0
89,6,-89,-167,1,0
89,7,-89,-165,1,0
89,8,-89,-163,1,0
89,9,-89,-161,1,0
89,10,-89,-159,1,0
89,11,-89,-157,1,0
89,12,-89,-155,1,0
89,13,-89,-153,1,0
89,14,-89,-151,1,0
89,15,-89,-149,1,0
89,16,-89,-147,1,0
89,17,-89,-145,1,0
89,18,-89,-143,1,0
89,19,-89,-141,1,0
89,20,-89,-139,1,0
89,21,-89,-137,1,0
89,22,-89,-135,1,0
89,23,-89,-133,1,0
89,24,-89,-131,1,0
89,25,-89,-129,1,0
89,26,-89,-127,1,0
89,27,-89,-125,1,0
89,28,-89,-123,1,0
89,29,-89,-121,1,0
89,30,-89,-119,1,0
89,31,-89,-117,1,0
89,32,-89,-115,1,0
89,33,-89,-113,1,0
89,34,-89,-111,1,0
89,35,-89,-109,1,0
89,36,-89,-107,1,0
89,37,-89,-105,1,0
89,38,-89,-103,1,0
89,39,-89,-101,1,0
89,40,-89,-99,1,0
89,41,-89,-97,1,0
89,42,-89,-95,1,0
89,43,-89,-93,1,0
89,44,-89,-91,1,0
89,45,-89,-89,1,0
89,46,-89,-87,1,0
89,47,-89,-85,1,0
89,48,-89,-83,1,0
89,49,-89,-81,1,0
89,50,-89,-79,1,0
89,51,-89,-77,1,0
89,52,-89,-75,1,0
89,53,-89,-73,1,0
89,54,-89,-71,1,0
89,55,-89,-69,1,0
89,56,-89,-67,1,0
89,57,-89,-65,1,0
89,58,-89,-63,1,0
89,59,-89,-61,1,0
89,60,-89,-59,1,0
89,61,-89,-57,1,0
89,62,-89,-55,1,0
89,63,-89,-53,1,0
89,64,-89,-51,1,0
89,65,-89,-49,1,0
89,66,-89,-47,1,0
89,67,-89,-45,1,0
89,68,-89,-43,1,0
89,69,-89,-41,1,0
89,70,-89,-39,1,0
89,71,-89,-37,1,0
89,72,-89,-35,1,0
89,73,-89,-33,1,0
89,74,-89,-31,1,0
89,75,-89,-29,1,0
89,76,-89,-27,1,0
89,77,-89,-25,1,0
89,78,-89,-23,1,0
89,79,-89,-21,1,0
89,80,-89,-19,1,0
89,81,-89,-17,1,0
89,82,-89,-15,1,0
89,83,-89,-13,1,0
89,84,-89,-11,1,0
89,85,-89,-9,1,0
89,86,-89,-7,1,0
89,87,-89,-5,1,0
89,88,-89,-3,1,0
89,89,-89,-1,1,0
89,90,-89,1,1,0
89,91,-89,3,1,0
89,92,-89,5,1,0
89,93,-89,7,1,0
89,94,-89,9,1,0
89,95,-89,11,1,0
89,96,-89,13,1,0
89,97,-89,15,1,0
89,98,-89,17,1,0
89,99,-89,19,1,0
89,100,-89,21,1,0
89,101,-89,23,1,0
89,102,-89,25,1,0
89,103,-89,27,1,0
89,104,-89,29,1,0
89,105,-89,31,1,0
89,106,-89,33,1,0
89,107,-89,35,1,0
89,108,-89,37,1,0
89,109,-89,39,1,0
89,110,-89,41,1,0
89,111,-89,43,1,0
89,112,-89,45,1,0
89,113,-89,47,1,0
89,114,-89,49,1,0
89,115,-89,51,1,0
89,116,-89,53,1,0
89,117,-89,55,1,0
89,118,-89,57,1,0
89,119,-89,59,1,0
89,120,-89,61,1,0
89,121,-89,63,1,0
89,122,-89,65,1,0
89,123,-89,67,1,0
89,124,-89,69,1,0
89,125,-89,71,1,0
89,126,-89,73,1,0
89,127,-89,75,1,0
89,128,-89,77,1,0
89,129,-89,79,1,0
89,130,-89,81,1,0
89,131,-89,83,1,0
89,132,-89,85,1,0
89,133,-89,87,1,0
89,134,-89,89,1,0
89,135,-89,91,1,0
89,136,-89,93,1,0
89,137,-89,95,1,0
89,138,-89,97,1,0
89,139,-89,99,1,0
89,140,-89,101,1,0
89,141,-89,103,1,0
89,142,-89,105,1,0
89,143,-89,107,1,0
89,144,-89,109,1,0
89,145,-89,111,1,0
89,146,-89,113,1,0
89,147,-89,115,1,0
89,148,-89,117,1,0
89,149,-89,119,1,0
89,150,-89,121,1,0
89,151,-89,123,1,0
89,152,-89,125,1,0
89,153,-89,127,1,0
89,154,-89,129,1,0
89,155,-89,131,1,0
89,156,-89,133,1,0
89,157,-89,135,1,0
89,158,-89,137,1,0
89,159,-89,139,1,0
89,160,-89,141,1,0
89,161,-89,143,1,0
89,162,-89,145,1,0
89,163,-89,147,1,0
89,164,-89,149,1,0
89,165,-89,151,1,0
89,166,-89,153,1,0
89,167,-89,155,1,0
89,168,-89,157,1,0
89,169,-89,159,1,0
89,170,-89,161,1,0
89,171,-89,163,1,0
89,172,-89,165,1,0
89,173,-89,167,1,0
89,174,-89,169,1,0
89,175,-89,171,1,0
89,176,-89,173,1,0
89,177,-89,175,1,0
89,178,-89,177,1,0
89,179,-89,179,1,0
