row,col,lat,lon,p_land,p_water,p_land_vs_water,mass_land_water,logp_land,logp_water,argmax_token,argmax_prob,p_land_lower,p_water_lower,p_land_space,p_water_space,p_land_upper,p_water_upper
0,0,85,-175,5.687001e-01,4.312955e-01,0.568703,0.999996,-0.56440,-0.84096,Land,0.568700,4.300739e-08,1.829831e-09,1.195815e-07,1.706853e-08,2.183148e-09,5.680140e-11
0,1,85,-165,9.971734e-01,2.824505e-03,0.997175,0.999998,-0.00283,-5.86942,Land,0.997173,2.750056e-08,1.555345e-10,1.634729e-07,2.976890e-10,1.085291e-09,6.059178e-12
0,2,85,-155,9.941669e-01,5.831374e-03,0.994169,0.999998,-0.00585,-5.14450,Land,0.994167,7.025371e-08,2.089041e-10,1.383946e-07,2.965965e-10,2.210080e-09,6.464327e-12
0,3,85,-145,9.999901e-01,8.905165e-06,0.999991,0.999999,-0.00001,-11.62888,Land,0.999990,2.128430e-08,2.685420e-12,9.279391e-08,1.820737e-12,3.571466e-10,1.434027e-13
0,4,85,-135,9.999987e-01,7.143889e-07,0.999999,0.999999,-0.00000,-14.15184,Land,0.999999,2.909658e-08,1.138624e-12,3.028374e-08,1.247799e-13,4.986407e-10,4.738206e-14
0,5,85,-125,9.999982e-01,9.034785e-07,0.999999,0.999999,-0.00000,-13.91701,Land,0.999998,4.677115e-08,1.106098e-12,5.809152e-08,1.422716e-13,7.526273e-10,5.312673e-14
0,6,85,-115,9.999996e-01,2.362340e-08,1.000000,1.000000,-0.00000,-17.56103,Land,1.000000,3.847545e-08,1.742990e-13,2.685060e-08,6.658503e-15,4.390612e-10,9.493380e-15
0,7,85,-105,9.999996e-01,3.245489e-08,1.000000,1.000000,-0.00000,-17.24341,Land,1.000000,1.676859e-08,1.811752e-13,2.707254e-08,1.089562e-14,3.105919e-10,1.425938e-14
0,8,85,-95,9.999994e-01,2.229472e-07,1.000000,1.000000,-0.00000,-15.31633,Land,0.999999,3.936380e-08,4.846681e-13,2.107763e-08,1.313379e-14,4.025698e-10,1.597427e-14
0,9,85,-85,9.999956e-01,2.461895e-06,0.999998,0.999998,-0.00000,-12.91458,Land,0.999996,7.475825e-08,3.273010e-12,9.152886e-08,3.666168e-13,8.872687e-10,8.004742e-14
0,10,85,-75,9.999993e-01,1.873999e-07,1.000000,1.000000,-0.00000,-15.49002,Land,0.999999,6.194149e-08,5.842373e-13,1.461451e-08,2.709668e-14,4.908793e-10,2.107998e-14
0,11,85,-65,9.998177e-01,1.792621e-04,0.999821,0.999997,-0.00018,-8.62666,Land,0.999818,7.966752e-08,2.052270e-11,7.324622e-08,1.354770e-11,1.332471e-09,5.220801e-13
0,12,85,-55,9.940264e-01,5.970135e-03,0.994030,0.999997,-0.00599,-5.12099,Land,0.994026,1.051871e-07,1.759842e-10,7.159153e-08,1.862271e-10,1.194303e-09,1.523360e-12
0,13,85,-45,9.987944e-01,1.203616e-03,0.998796,0.999998,-0.00121,-6.72242,Land,0.998794,1.751488e-08,2.576705e-11,2.004364e-08,2.289654e-11,1.211523e-10,2.885929e-13
0,14,85,-35,5.976336e-04,9.994022e-01,0.000598,1.000000,-7.42253,-0.00060,Water,0.999402,5.513800e-10,1.795583e-10,9.741564e-11,3.714683e-09,4.447506e-12,8.443470e-13
0,15,85,-25,9.525982e-01,4.739516e-02,0.952605,0.999993,-0.04856,-3.04924,Land,0.952598,3.966854e-08,2.267958e-10,5.940777e-08,8.549426e-10,2.814128e-10,3.290585e-12
0,16,85,-15,9.998658e-01,1.322482e-04,0.999868,0.999998,-0.00013,-8.93083,Land,0.999866,4.950371e-08,2.207920e-11,8.053335e-08,7.221276e-12,7.081023e-10,5.950971e-13
0,17,85,-5,9.999849e-01,1.349157e-05,0.999987,0.999998,-0.00002,-11.21345,Land,0.999985,5.639747e-08,9.401608e-12,1.172458e-07,9.890594e-13,1.069031e-09,3.003532e-13
0,18,85,5,9.999730e-01,2.466444e-05,0.999975,0.999998,-0.00003,-10.61015,Land,0.999973,4.242768e-08,1.166847e-11,1.090627e-07,1.363396e-12,2.055899e-09,7.481432e-13
0,19,85,15,9.999946e-01,4.190738e-06,0.999996,0.999999,-0.00001,-12.38263,Land,0.999995,4.858185e-08,3.068419e-12,5.319347e-08,1.951696e-13,9.742404e-10,1.331003e-13
0,20,85,25,9.999948e-01,4.098231e-06,0.999996,0.999999,-0.00001,-12.40496,Land,0.999995,4.611279e-08,3.145513e-12,7.205466e-08,2.850574e-13,1.373830e-09,1.360134e-13
0,21,85,35,9.999987e-01,8.484296e-07,0.999999,1.000000,-0.00000,-13.97988,Land,0.999999,2.652697e-08,8.622678e-13,2.709321e-08,4.721065e-14,9.325020e-10,4.104824e-14
0,22,85,45,9.999993e-01,2.885082e-07,1.000000,1.000000,-0.00000,-15.05854,Land,0.999999,2.063805e-08,6.823134e-13,3.232089e-08,2.976422e-14,4.628716e-10,4.001228e-14
0,23,85,55,9.999994e-01,3.331258e-07,1.000000,1.000000,-0.00000,-14.91475,Land,0.999999,1.197932e-08,3.950573e-13,1.533080e-08,1.504567e-14,5.942899e-10,3.266847e-14
0,24,85,65,9.999729e-01,2.581144e-05,0.999974,0.999999,-0.00003,-10.56469,Land,0.999973,2.262310e-08,3.785323e-12,5.806537e-08,1.267084e-12,9.954279e-10,1.948841e-13
0,25,85,75,9.999992e-01,4.200601e-07,1.000000,1.000000,-0.00000,-14.68287,Land,0.999999,8.275534e-09,3.715196e-13,6.984341e-08,5.271088e-14,4.908708e-10,5.324857e-14
0,26,85,85,9.999980e-01,3.350723e-07,1.000000,0.999998,-0.00000,-14.90892,Land,0.999998,1.046411e-08,3.771000e-13,6.909717e-08,8.119196e-14,2.341593e-10,2.815284e-14
0,27,85,95,9.999990e-01,3.278735e-07,1.000000,0.999999,-0.00000,-14.93064,Land,0.999999,8.763838e-09,3.539659e-13,9.006424e-08,6.536182e-14,4.107983e-10,4.393956e-14
0,28,85,105,9.999997e-01,4.055494e-08,1.000000,1.000000,-0.00000,-17.02061,Land,1.000000,7.908146e-09,1.192059e-13,3.012376e-08,1.110555e-14,1.765505e-10,1.225699e-14
0,29,85,115,9.999998e-01,3.131704e-08,1.000000,1.000000,-0.00000,-17.27910,Land,1.000000,1.017259e-08,1.142832e-13,1.885191e-08,6.035143e-15,1.505389e-10,7.448499e-15
0,30,85,125,9.999993e-01,2.237593e-07,1.000000,1.000000,-0.00000,-15.31269,Land,0.999999,1.585294e-08,3.499427e-13,5.191007e-08,3.837671e-14,3.336100e-10,3.003239e-14
0,31,85,135,9.999997e-01,1.173012e-07,1.000000,1.000000,-0.00000,-15.95852,Land,1.000000,9.373552e-09,2.455104e-13,2.161139e-08,1.866053e-14,1.946198e-10,1.761733e-14
0,32,85,145,9.999992e-01,2.630376e-07,1.000000,0.999999,-0.00000,-15.15097,Land,0.999999,2.736865e-08,5.831000e-13,4.925570e-08,5.161417e-14,6.348689e-10,5.777228e-14
0,33,85,155,9.999954e-01,4.052244e-06,0.999996,0.999999,-0.00000,-12.41624,Land,0.999995,3.344670e-08,2.812956e-12,9.269324e-08,3.481700e-13,1.037481e-09,1.975619e-13
0,34,85,165,9.999927e-01,6.666550e-06,0.999993,0.999999,-0.00001,-11.91841,Land,0.999993,5.593498e-08,5.532110e-12,8.323529e-08,4.029444e-13,1.047625e-09,3.057831e-13
0,35,85,175,9.990907e-01,9.069870e-04,0.999093,0.999998,-0.00091,-7.00538,Land,0.999091,4.222215e-08,1.183793e-10,2.142070e-07,6.754635e-11,2.216512e-09,4.649759e-12
1,0,75,-175,2.014119e-03,9.979849e-01,0.002014,0.999999,-6.20757,-0.00202,Water,0.997985,6.116403e-09,6.341519e-09,8.255049e-10,4.785541e-08,4.437668e-10,8.149539e-11
1,1,75,-165,6.599600e-01,3.400359e-01,0.659963,0.999996,-0.41558,-1.07870,Land,0.659960,1.124063e-07,5.805802e-09,1.074241e-07,1.447701e-08,6.962201e-09,1.255190e-10
1,2,75,-155,9.981571e-01,1.841900e-03,0.998158,0.999999,-0.00184,-6.29696,Land,0.998157,4.744655e-08,1.401281e-10,9.458492e-08,7.043864e-11,3.015433e-09,5.622688e-12
1,3,75,-145,9.999746e-01,2.465303e-05,0.999975,0.999999,-0.00003,-10.61061,Land,0.999975,4.874771e-08,1.049592e-11,5.777707e-08,1.314682e-12,1.412018e-09,4.444970e-13
1,4,75,-135,9.999967e-01,2.763003e-06,0.999997,0.999999,-0.00000,-12.79919,Land,0.999997,3.916550e-08,2.235452e-12,3.556935e-08,2.114199e-13,9.856319e-10,1.039597e-13
1,5,75,-125,9.999938e-01,5.532378e-06,0.999994,0.999999,-0.00001,-12.10489,Land,0.999994,5.498308e-08,3.604025e-12,3.582035e-08,3.145827e-13,1.093010e-09,1.452976e-13
1,6,75,-115,9.999996e-01,5.025999e-08,1.000000,1.000000,-0.00000,-16.80606,Land,1.000000,2.344529e-08,2.165349e-13,3.461528e-08,1.500674e-14,3.578779e-10,1.121503e-14
1,7,75,-105,9.999996e-01,3.261751e-08,1.000000,1.000000,-0.00000,-17.23842,Land,1.000000,1.209029e-08,1.610396e-13,3.671450e-08,1.785492e-14,2.110443e-10,1.209443e-14
1,8,75,-95,9.999997e-01,6.546331e-08,1.000000,1.000000,-0.00000,-16.54178,Land,1.000000,2.754388e-08,2.669360e-13,1.193779e-08,1.135018e-14,3.261833e-10,1.300562e-14
1,9,75,-85,9.999995e-01,2.633041e-07,1.000000,1.000000,-0.00000,-15.14996,Land,1.000000,3.259648e-08,5.483051e-13,1.146590e-08,1.787794e-14,4.682410e-10,2.387828e-14
1,10,75,-75,9.999987e-01,6.253473e-07,0.999999,0.999999,-0.00000,-14.28496,Land,0.999999,6.785412e-08,8.566239e-13,1.877685e-08,3.454740e-14,1.118790e-09,3.113095e-14
1,11,75,-65,9.997137e-01,2.851322e-04,0.999715,0.999999,-0.00029,-8.16256,Land,0.999714,3.437950e-08,8.091275e-12,2.600821e-08,7.961503e-12,4.537457e-10,1.619684e-13
1,12,75,-55,2.901097e-02,9.709884e-01,0.029011,0.999999,-3.54008,-0.02944,Water,0.970988,2.235364e-08,1.967206e-09,2.147508e-09,4.950953e-09,6.932054e-10,1.201988e-11
1,13,75,-45,4.868726e-01,5.131240e-01,0.486874,0.999997,-0.71975,-0.66724,Water,0.513124,7.607800e-08,1.084750e-09,1.458429e-08,1.910449e-09,6.137549e-10,4.848478e-12
1,14,75,-35,1.510699e-04,9.998489e-01,0.000151,1.000000,-8.79777,-0.00015,Water,0.999849,6.150558e-10,6.599851e-10,1.613489e-11,3.870921e-09,1.184301e-11,2.601810e-12
1,15,75,-25,1.222416e-04,9.998776e-01,0.000122,1.000000,-9.00951,-0.00012,Water,0.999878,5.106662e-10,5.071596e-10,3.060066e-11,6.824459e-09,1.135944e-11,4.005888e-12
1,16,75,-15,9.940303e-01,5.966375e-03,0.994034,0.999997,-0.00599,-5.12162,Land,0.994030,1.492851e-07,3.733951e-10,9.374472e-08,2.085748e-10,4.190608e-09,5.246266e-12
1,17,75,-5,9.769477e-01,2.304642e-02,0.976953,0.999994,-0.02332,-3.77024,Land,0.976948,1.853115e-07,1.070933e-09,1.577416e-07,1.018362e-09,1.231393e-08,3.421316e-11
1,18,75,5,9.999608e-01,3.805222e-05,0.999962,0.999999,-0.00004,-10.17655,Land,0.999961,1.034437e-07,1.698744e-11,8.563014e-08,1.028051e-12,4.342917e-09,6.466847e-13
1,19,75,15,9.999971e-01,2.265914e-06,0.999998,0.999999,-0.00000,-12.99753,Land,0.999997,3.731039e-08,2.493821e-12,5.106301e-08,7.023094e-14,9.531527e-10,9.564515e-14
1,20,75,25,9.999944e-01,5.001285e-06,0.999995,0.999999,-0.00001,-12.20582,Land,0.999994,2.970721e-08,3.103211e-12,2.105671e-08,1.959217e-13,1.170495e-09,1.208411e-13
1,21,75,35,9.999987e-01,1.010833e-06,0.999999,1.000000,-0.00000,-13.80474,Land,0.999999,1.051409e-08,6.991454e-13,9.720573e-09,3.994534e-14,6.024499e-10,4.271449e-14
1,22,75,45,9.999996e-01,2.205477e-07,1.000000,1.000000,-0.00000,-15.32715,Land,1.000000,1.170406e-08,3.486998e-13,9.564395e-09,1.791590e-14,4.283148e-10,2.153987e-14
1,23,75,55,9.999917e-01,7.741146e-06,0.999992,0.999999,-0.00001,-11.76896,Land,0.999992,2.072377e-08,2.650175e-12,2.094097e-08,3.445226e-13,8.127350e-10,1.611785e-13
1,24,75,65,9.999800e-01,1.935375e-05,0.999981,0.999999,-0.00002,-10.85262,Land,0.999980,1.822976e-08,3.173646e-12,4.794882e-08,6.929061e-13,1.662966e-09,3.061477e-13
1,25,75,75,9.999995e-01,2.149139e-07,1.000000,1.000000,-0.00000,-15.35303,Land,1.000000,1.403804e-08,4.543528e-13,2.338143e-08,2.234902e-14,4.006025e-10,4.274949e-14
1,26,75,85,9.999996e-01,2.337372e-07,1.000000,1.000000,-0.00000,-15.26907,Land,1.000000,9.663879e-09,3.026371e-13,2.495966e-08,1.993671e-14,2.852071e-10,3.269737e-14
1,27,75,95,9.999992e-01,3.575196e-07,1.000000,1.000000,-0.00000,-14.84408,Land,0.999999,2.022122e-08,5.739203e-13,5.149396e-08,4.095926e-14,4.919220e-10,4.729026e-14
1,28,75,105,9.999997e-01,5.526642e-08,1.000000,1.000000,-0.00000,-16.71110,Land,1.000000,6.535197e-09,1.315709e-13,3.645937e-08,1.678697e-14,1.362163e-10,1.313246e-14
1,29,75,115,9.999997e-01,5.112900e-08,1.000000,1.000000,-0.00000,-16.78891,Land,1.000000,1.067227e-08,1.551381e-13,2.891681e-08,1.191476e-14,2.416985e-10,1.175737e-14
1,30,75,125,9.999990e-01,5.470928e-07,0.999999,1.000000,-0.00000,-14.41865,Land,0.999999,1.338200e-08,5.559443e-13,4.168228e-08,5.814138e-14,3.966335e-10,3.980879e-14
1,31,75,135,9.999996e-01,1.259973e-07,1.000000,1.000000,-0.00000,-15.88700,Land,1.000000,5.192235e-09,2.696299e-13,3.478246e-08,3.663710e-14,2.402910e-10,2.985309e-14
1,32,75,145,9.999996e-01,1.238908e-07,1.000000,1.000000,-0.00000,-15.90387,Land,1.000000,9.793959e-09,2.815505e-13,2.886808e-08,2.893519e-14,2.724750e-10,2.685717e-14
1,33,75,155,9.999979e-01,1.771132e-06,0.999998,1.000000,-0.00000,-13.24389,Land,0.999998,1.939878e-08,1.224760e-12,4.147635e-08,1.267335e-13,7.244926e-10,1.072803e-13
1,34,75,165,9.999651e-01,3.425143e-05,0.999966,0.999999,-0.00003,-10.28178,Land,0.999965,5.071905e-08,1.188585e-11,7.180020e-08,1.057992e-12,1.345049e-09,4.944178e-13
1,35,75,175,9.791045e-01,2.089226e-02,0.979108,0.999997,-0.02112,-3.86838,Land,0.979104,8.409713e-08,1.278258e-09,1.228796e-07,8.530542e-10,5.347742e-09,3.214996e-11
2,0,65,-175,4.983349e-04,9.995010e-01,0.000498,0.999999,-7.60424,-0.00050,Water,0.999501,3.120284e-09,3.613367e-09,2.344846e-10,3.424023e-08,3.061983e-10,8.398839e-11
2,1,65,-165,5.056953e-03,9.949421e-01,0.005057,0.999999,-5.28699,-0.00507,Water,0.994942,1.210810e-08,6.947954e-09,1.199008e-09,3.003490e-08,9.458723e-10,1.336054e-10
2,2,65,-155,9.109256e-01,8.907142e-02,0.910928,0.999997,-0.09329,-2.41832,Land,0.910926,1.777697e-07,2.346466e-09,9.280599e-08,2.212856e-09,1.585516e-08,7.725941e-11
2,3,65,-145,9.988201e-01,1.178958e-03,0.998821,0.999999,-0.00118,-6.74312,Land,0.998820,6.836832e-08,1.005198e-10,5.576049e-08,2.838923e-11,4.312067e-09,5.348814e-12
2,4,65,-135,9.999962e-01,3.380249e-06,0.999997,1.000000,-0.00000,-12.59756,Land,0.999996,3.113907e-08,2.654102e-12,1.585589e-08,1.395408e-13,1.009667e-09,1.642212e-13
2,5,65,-125,9.999928e-01,6.498744e-06,0.999994,0.999999,-0.00001,-11.94390,Land,0.999993,4.556213e-08,4.458571e-12,2.632644e-08,2.196780e-13,1.715865e-09,3.174775e-13
2,6,65,-115,9.999996e-01,5.655749e-08,1.000000,1.000000,-0.00000,-16.68801,Land,1.000000,1.681027e-08,2.037983e-13,3.103496e-08,2.037010e-14,2.797238e-10,1.679422e-14
2,7,65,-105,9.999998e-01,2.545920e-08,1.000000,1.000000,-0.00000,-17.48619,Land,1.000000,7.219558e-09,1.220521e-13,2.514315e-08,1.814066e-14,2.064469e-10,1.424173e-14
2,8,65,-95,9.999994e-01,1.882587e-07,1.000000,1.000000,-0.00000,-15.48545,Land,0.999999,1.749429e-08,3.161511e-13,2.097794e-08,2.177682e-14,4.479865e-10,2.463898e-14
2,9,65,-85,9.999993e-01,3.819757e-07,1.000000,1.000000,-0.00000,-14.77791,Land,0.999999,2.138020e-08,5.900585e-13,1.190638e-08,2.401791e-14,9.020511e-10,4.471289e-14
2,10,65,-75,9.999994e-01,2.674745e-07,1.000000,1.000000,-0.00000,-15.13424,Land,0.999999,1.985434e-08,3.440905e-13,1.081134e-08,1.887278e-14,8.385992e-10,3.333127e-14
2,11,65,-65,4.211086e-01,5.788852e-01,0.421111,0.999994,-0.86486,-0.54665,Water,0.578885,4.111970e-07,1.045672e-08,4.483737e-08,1.027459e-08,4.774952e-08,2.025369e-10
2,12,65,-55,3.514628e-01,6.485323e-01,0.351465,0.999995,-1.04565,-0.43304,Water,0.648532,3.679420e-07,1.169668e-08,3.079561e-08,1.051899e-08,2.469930e-08,1.505497e-10
2,13,65,-45,2.426574e-04,9.997571e-01,0.000243,1.000000,-8.32386,-0.00024,Water,0.999757,2.984508e-09,2.145460e-09,2.376695e-11,7.530116e-09,1.844192e-10,2.434995e-11
2,14,65,-35,1.834364e-06,9.999981e-01,0.000002,1.000000,-13.20881,-0.00000,Water,0.999998,1.128644e-10,2.348355e-09,8.003660e-13,9.486932e-09,1.093657e-11,2.659112e-11
2,15,65,-25,1.391887e-05,9.999857e-01,0.000014,1.000000,-11.18226,-0.00001,Water,0.999986,6.300051e-10,4.852531e-09,5.798335e-12,2.481470e-08,6.067665e-11,1.005612e-10
2,16,65,-15,5.733417e-03,9.942659e-01,0.005733,0.999999,-5.16144,-0.00575,Water,0.994266,8.526262e-09,4.005561e-09,9.386212e-10,1.705500e-08,7.541544e-10,7.177005e-11
2,17,65,-5,9.965999e-01,3.397707e-03,0.996602,0.999998,-0.00341,-5.68465,Land,0.996600,1.322501e-07,4.198170e-10,7.357255e-08,1.125163e-10,1.612765e-08,2.314737e-11
2,18,65,5,9.999880e-01,1.154248e-05,0.999988,1.000000,-0.00001,-11.36948,Land,0.999988,2.152912e-08,3.567867e-12,1.846437e-08,2.199505e-13,1.971281e-09,3.469837e-13
2,19,65,15,9.999973e-01,2.300103e-06,0.999998,1.000000,-0.00000,-12.98256,Land,0.999997,1.689244e-08,1.568810e-12,1.420939e-08,5.326106e-14,1.315877e-09,1.402510e-13
2,20,65,25,9.999987e-01,8.575500e-07,0.999999,1.000000,-0.00000,-13.96919,Land,0.999999,1.876050e-08,1.003017e-12,1.146074e-08,5.454068e-14,8.513900e-10,9.288270e-14
2,21,65,35,9.999982e-01,1.478248e-06,0.999999,1.000000,-0.00000,-13.42465,Land,0.999998,1.096664e-08,9.891452e-13,1.075559e-08,8.314973e-14,8.052903e-10,1.049360e-13
2,22,65,45,9.999994e-01,3.778962e-07,1.000000,1.000000,-0.00000,-14.78865,Land,0.999999,7.145244e-09,4.365565e-13,6.589872e-09,3.270554e-14,3.636978e-10,4.427896e-14
2,23,65,55,9.999986e-01,1.075714e-06,0.999999,1.000000,-0.00000,-13.74253,Land,0.999999,1.352671e-08,8.348591e-13,1.088214e-08,4.354250e-14,6.651208e-10,8.324593e-14
2,24,65,65,9.999931e-01,6.548669e-06,0.999993,1.000000,-0.00001,-11.93625,Land,0.999993,1.211880e-08,1.822257e-12,1.167882e-08,1.640864e-13,9.995276e-10,1.688729e-13
2,25,65,75,9.999990e-01,7.950195e-07,0.999999,1.000000,-0.00000,-14.04490,Land,0.999999,1.020522e-08,4.872884e-13,1.131370e-08,2.169419e-14,5.132898e-10,7.683106e-14
2,26,65,85,9.999998e-01,9.697205e-08,1.000000,1.000000,-0.00000,-16.14884,Land,1.000000,4.803459e-09,2.325012e-13,1.522295e-08,1.953204e-14,2.203914e-10,4.262627e-14
2,27,65,95,9.999995e-01,3.261900e-07,1.000000,1.000000,-0.00000,-14.93579,Land,0.999999,6.904273e-09,5.803164e-13,2.017835e-08,3.765516e-14,3.415618e-10,7.838150e-14
2,28,65,105,9.999998e-01,1.576612e-08,1.000000,1.000000,-0.00000,-17.96540,Land,1.000000,2.825980e-09,6.979087e-14,2.597360e-08,1.234907e-14,1.115111e-10,1.235796e-14
2,29,65,115,9.999997e-01,7.610596e-08,1.000000,1.000000,-0.00000,-16.39114,Land,1.000000,7.157458e-09,2.899515e-13,2.066565e-08,2.515075e-14,2.110309e-10,2.877301e-14
2,30,65,125,9.999989e-01,8.546446e-07,0.999999,1.000000,-0.00000,-13.97258,Land,0.999999,1.238876e-08,8.317648e-13,1.981176e-08,6.780756e-14,4.259296e-10,6.950155e-14
2,31,65,135,9.999998e-01,9.054536e-08,1.000000,1.000000,-0.00000,-16.21741,Land,1.000000,4.718260e-09,1.730790e-13,3.017610e-08,2.468262e-14,2.007695e-10,2.413951e-14
2,32,65,145,9.999996e-01,1.260440e-07,1.000000,1.000000,-0.00000,-15.88663,Land,1.000000,9.454933e-09,3.795822e-13,2.243800e-08,3.747814e-14,3.096301e-10,4.420294e-14
2,33,65,155,9.999947e-01,5.020567e-06,0.999995,1.000000,-0.00001,-12.20197,Land,0.999995,2.220201e-08,2.907987e-12,3.538204e-08,1.922534e-13,8.774421e-10,2.010765e-13
2,34,65,165,9.998841e-01,1.151479e-04,0.999885,0.999999,-0.00012,-9.06929,Land,0.999884,6.248403e-08,4.549829e-11,6.090245e-08,3.376191e-12,2.235234e-09,1.493144e-12
2,35,65,175,9.973264e-01,2.671800e-03,0.997328,0.999998,-0.00268,-5.92500,Land,0.997326,8.760808e-08,2.879187e-10,8.185678e-08,7.877995e-11,6.012430e-09,9.410997e-12
3,0,55,-175,1.117769e-04,9.998877e-01,0.000112,0.999999,-9.09901,-0.00011,Water,0.999888,2.439520e-09,3.985184e-09,3.825129e-11,2.521558e-08,2.089690e-10,1.180688e-10
3,1,55,-165,2.101428e-04,9.997893e-01,0.000210,0.999999,-8.46772,-0.00021,Water,0.999789,3.995496e-09,6.509686e-09,4.203354e-11,1.322362e-08,2.659664e-10,1.224138e-10
3,2,55,-155,9.220444e-02,9.077932e-01,0.092205,0.999998,-2.38375,-0.09674,Water,0.907793,8.002647e-08,8.580683e-09,1.180560e-08,1.704482e-08,1.053795e-08,4.034606e-10
3,3,55,-145,1.939801e-02,9.806015e-01,0.019398,0.999999,-3.94258,-0.01959,Water,0.980601,1.582766e-08,2.534610e-09,1.998480e-09,8.163381e-09,1.499572e-09,9.307585e-11
3,4,55,-135,9.999949e-01,4.689383e-06,0.999995,1.000000,-0.00001,-12.27021,Land,0.999995,3.173556e-08,3.958149e-12,1.700473e-08,2.336191e-13,1.234703e-09,2.874864e-13
3,5,55,-125,9.998604e-01,1.386638e-04,0.999861,0.999999,-0.00014,-8.88346,Land,0.999860,5.798057e-08,2.908402e-11,3.229859e-08,3.217059e-12,2.667986e-09,2.220644e-12
3,6,55,-115,9.999995e-01,5.704610e-08,1.000000,1.000000,-0.00000,-16.67941,Land,1.000000,1.737379e-08,3.285759e-13,3.566692e-08,3.340443e-14,4.313363e-10,3.102721e-14
3,7,55,-105,9.999998e-01,8.805272e-09,1.000000,1.000000,-0.00000,-18.54792,Land,1.000000,4.590823e-09,5.618732e-14,2.970900e-08,1.342462e-14,1.409542e-10,8.593708e-15
3,8,55,-95,9.999997e-01,7.592439e-08,1.000000,1.000000,-0.00000,-16.39353,Land,1.000000,1.020302e-08,1.738429e-13,3.002397e-08,2.458048e-14,1.981788e-10,1.784695e-14
3,9,55,-85,9.999995e-01,1.548943e-07,1.000000,1.000000,-0.00000,-15.68052,Land,0.999999,1.506852e-08,3.792511e-13,2.375473e-08,3.785708e-14,4.649406e-10,3.653842e-14
3,10,55,-75,9.999991e-01,4.900949e-07,1.000000,1.000000,-0.00000,-14.52867,Land,0.999999,2.821621e-08,7.275666e-13,1.128062e-08,2.102080e-14,8.109440e-10,3.552936e-14
3,11,55,-65,5.371031e-01,4.628922e-01,0.537106,0.999995,-0.62157,-0.77026,Land,0.537103,3.342125e-07,9.231000e-09,4.127943e-08,6.551430e-09,2.203172e-08,1.503937e-10
3,12,55,-55,6.701102e-04,9.993291e-01,0.000670,0.999999,-7.30807,-0.00067,Water,0.999329,6.054474e-09,1.055505e-08,6.527262e-11,1.215038e-08,1.253885e-09,1.428183e-10
3,13,55,-45,2.142429e-05,9.999784e-01,0.000021,1.000000,-10.75099,-0.00002,Water,0.999978,7.665486e-10,5.170760e-09,3.866771e-12,1.174537e-08,8.645823e-11,6.537990e-11
3,14,55,-35,1.073376e-07,9.999999e-01,0.000000,1.000000,-16.04729,-0.00000,Water,1.000000,1.633292e-11,7.744303e-10,1.580724e-13,5.607029e-09,1.755074e-12,1.498189e-11
3,15,55,-25,1.569182e-06,9.999983e-01,0.000002,1.000000,-13.36496,-0.00000,Water,0.999998,8.903510e-11,1.777229e-09,6.943470e-13,9.767428e-09,1.544873e-11,6.349061e-11
3,16,55,-15,2.592121e-05,9.999738e-01,0.000026,1.000000,-10.56045,-0.00003,Water,0.999974,1.164156e-09,3.073608e-09,9.189921e-12,1.233154e-08,1.357950e-10,9.931401e-11
3,17,55,-5,8.677326e-01,1.322635e-01,0.867736,0.999996,-0.14187,-2.02296,Land,0.867733,1.148409e-07,1.831534e-09,8.828197e-08,4.239501e-09,1.840058e-08,9.001158e-11
3,18,55,5,9.999966e-01,3.122055e-06,0.999997,1.000000,-0.00000,-12.67702,Land,0.999997,1.343384e-08,9.912608e-13,2.814487e-08,7.574908e-14,8.933791e-10,1.079131e-13
3,19,55,15,9.999985e-01,1.026256e-06,0.999999,0.999999,-0.00000,-13.78959,Land,0.999998,2.796491e-08,1.644312e-12,2.447938e-08,6.759705e-14,1.010097e-09,1.661240e-13
3,20,55,25,9.999974e-01,2.130192e-06,0.999998,1.000000,-0.00000,-13.05930,Land,0.999997,3.624836e-08,1.722674e-12,1.312959e-08,9.716500e-14,1.123516e-09,1.611265e-13
3,21,55,35,9.999992e-01,6.467054e-07,0.999999,1.000000,-0.00000,-14.25137,Land,0.999999,3.682093e-09,2.883602e-13,1.056328e-08,4.248684e-14,4.021330e-10,5.085299e-14
3,22,55,45,9.999994e-01,4.067781e-07,1.000000,1.000000,-0.00000,-14.71500,Land,0.999999,3.949597e-09,2.288701e-13,8.116518e-09,3.278386e-14,3.352363e-10,4.727300e-14
3,23,55,55,9.999964e-01,3.248001e-06,0.999997,1.000000,-0.00000,-12.63747,Land,0.999996,1.184816e-08,1.405623e-12,1.422187e-08,9.019082e-14,7.571091e-10,1.812294e-13
3,24,55,65,9.999759e-01,2.357242e-05,0.999976,0.999999,-0.00002,-10.65543,Land,0.999976,1.650330e-08,6.324297e-12,2.088303e-08,2.611427e-13,1.534198e-09,7.052561e-13
3,25,55,75,9.999991e-01,7.577802e-07,0.999999,1.000000,-0.00000,-14.09287,Land,0.999999,5.309434e-09,4.021792e-13,7.417069e-09,2.753695e-14,3.428766e-10,9.807528e-14
3,26,55,85,9.999997e-01,1.241221e-07,1.000000,1.000000,-0.00000,-15.90200,Land,1.000000,5.692644e-09,2.040710e-13,1.408639e-08,2.138069e-14,2.018889e-10,3.464701e-14
3,27,55,95,9.999995e-01,3.960152e-07,1.000000,1.000000,-0.00000,-14.74181,Land,0.999999,4.016995e-09,3.029909e-13,1.592785e-08,2.851858e-14,1.750168e-10,4.857757e-14
3,28,55,105,9.999998e-01,3.533130e-09,1.000000,1.000000,-0.00000,-19.46108,Land,1.000000,1.931726e-09,3.489309e-14,4.082892e-08,1.365805e-14,7.718611e-11,7.532571e-15
3,29,55,115,9.999996e-01,1.789270e-07,1.000000,1.000000,-0.00000,-15.53629,Land,1.000000,5.230027e-09,3.551452e-13,2.607705e-08,5.748488e-14,2.283326e-10,5.639861e-14
3,30,55,125,9.999934e-01,6.140897e-06,0.999994,1.000000,-0.00001,-12.00054,Land,0.999993,1.269174e-08,3.363243e-12,3.779393e-08,4.496511e-13,9.323072e-10,3.443040e-13
3,31,55,135,9.999996e-01,2.171557e-07,1.000000,1.000000,-0.00000,-15.34265,Land,1.000000,4.090093e-09,3.278641e-13,2.722162e-08,6.560372e-14,2.602679e-10,4.851332e-14
3,32,55,145,9.999991e-01,6.725490e-07,0.999999,1.000000,-0.00000,-14.21219,Land,0.999999,7.819327e-09,9.416884e-13,2.089620e-08,7.992840e-14,3.922595e-10,1.167928e-13
3,33,55,155,9.996454e-01,3.537884e-04,0.999646,0.999999,-0.00035,-7.94681,Land,0.999645,6.666086e-08,6.379773e-11,6.430510e-08,9.908735e-12,3.941308e-09,2.783139e-12
3,34,55,165,9.984898e-01,1.509008e-03,0.998491,0.999999,-0.00151,-6.49630,Land,0.998490,5.379684e-08,1.844242e-10,5.891375e-08,3.377900e-11,4.712743e-09,9.121099e-12
3,35,55,175,9.966704e-01,3.328017e-03,0.996672,0.999998,-0.00334,-5.70538,Land,0.996670,6.836622e-08,3.121200e-10,6.235364e-08,9.460080e-11,3.785460e-09,1.147230e-11
4,0,45,-175,1.088725e-04,9.998908e-01,0.000109,1.000000,-9.12533,-0.00011,Water,0.999891,2.496230e-09,5.647270e-09,6.607584e-12,7.909789e-09,1.785044e-10,4.700151e-11
4,1,45,-165,7.788200e-05,9.999218e-01,0.000078,1.000000,-9.46032,-0.00008,Water,0.999922,2.664356e-09,8.066181e-09,4.280206e-12,6.658291e-09,1.998330e-10,6.534939e-11
4,2,45,-155,7.603406e-03,9.923963e-01,0.007603,1.000000,-4.87916,-0.00763,Water,0.992396,4.927817e-09,3.477733e-09,7.033710e-10,8.881497e-09,7.416909e-10,4.988382e-11
4,3,45,-145,3.799611e-01,6.200371e-01,0.379962,0.999998,-0.96769,-0.47798,Water,0.620037,5.099830e-08,3.025005e-09,2.012941e-08,7.757287e-09,3.760721e-09,6.544643e-11
4,4,45,-135,9.999972e-01,2.420566e-06,0.999998,1.000000,-0.00000,-12.93151,Land,0.999997,1.999551e-08,1.456499e-12,2.740490e-08,1.652577e-13,1.215247e-09,1.536972e-13
4,5,45,-125,9.999802e-01,1.929628e-05,0.999981,0.999999,-0.00002,-10.85560,Land,0.999980,2.067420e-08,6.926126e-12,2.115100e-08,8.989606e-13,1.625649e-09,5.145919e-13
4,6,45,-115,9.999997e-01,4.128197e-09,1.000000,1.000000,-0.00000,-19.30542,Land,1.000000,7.691224e-09,8.550768e-14,4.095523e-08,2.493152e-14,2.844862e-10,1.833282e-14
4,7,45,-105,9.999998e-01,1.493881e-09,1.000000,1.000000,-0.00000,-20.32189,Land,1.000000,3.322390e-09,2.578987e-14,4.827054e-08,1.224601e-14,1.150428e-10,6.102983e-15
4,8,45,-95,9.999998e-01,9.008661e-09,1.000000,1.000000,-0.00000,-18.52508,Land,1.000000,3.538316e-09,4.572565e-14,2.437868e-08,1.351457e-14,1.125737e-10,9.124970e-15
4,9,45,-85,9.999997e-01,7.630439e-08,1.000000,1.000000,-0.00000,-16.38854,Land,1.000000,8.777520e-09,2.405934e-13,2.545821e-08,3.374232e-14,2.924287e-10,2.840813e-14
4,10,45,-75,9.999995e-01,2.523222e-07,1.000000,1.000000,-0.00000,-15.19256,Land,0.999999,1.047625e-08,5.809316e-13,1.607796e-08,5.510753e-14,4.229196e-10,5.131818e-14
4,11,45,-65,9.993889e-01,6.096968e-04,0.999390,0.999999,-0.00061,-7.40255,Land,0.999389,1.323080e-07,9.878122e-11,5.264688e-08,1.738233e-11,4.048719e-09,1.913960e-12
4,12,45,-55,5.897615e-03,9.941021e-01,0.005898,1.000000,-5.13321,-0.00592,Water,0.994102,1.076813e-08,3.071949e-09,6.363802e-10,6.156235e-09,3.858247e-10,2.537285e-11
4,13,45,-45,2.625178e-08,9.999999e-01,0.000000,1.000000,-17.45553,-0.00000,Water,1.000000,1.709389e-11,3.380520e-09,4.444656e-14,5.871520e-09,1.539252e-12,3.621033e-11
4,14,45,-35,7.659966e-08,9.999999e-01,0.000000,1.000000,-16.38467,-0.00000,Water,1.000000,2.142723e-11,1.092244e-09,2.802714e-13,1.067036e-08,2.027212e-12,2.189458e-11
4,15,45,-25,2.769136e-07,9.999997e-01,0.000000,1.000000,-15.09956,-0.00000,Water,1.000000,4.539025e-11,1.199919e-09,2.914875e-13,5.172194e-09,4.190466e-12,2.908746e-11
4,16,45,-15,3.085799e-05,9.999687e-01,0.000031,1.000000,-10.38611,-0.00003,Water,0.999969,2.066153e-09,3.330986e-09,1.452915e-11,1.344645e-08,1.581048e-10,9.850297e-11
4,17,45,-5,9.913089e-01,8.688886e-03,0.991311,0.999998,-0.00873,-4.74571,Land,0.991309,4.244091e-08,2.864906e-10,5.744342e-08,2.423612e-10,9.031608e-09,1.908451e-11
4,18,45,5,9.999928e-01,6.828045e-06,0.999993,1.000000,-0.00001,-11.89447,Land,0.999993,2.073196e-08,2.455878e-12,2.638882e-08,1.917208e-13,1.282928e-09,3.083519e-13
4,19,45,15,9.999955e-01,3.466982e-06,0.999997,0.999999,-0.00000,-12.57223,Land,0.999995,4.558838e-08,2.313029e-12,3.142727e-08,1.342552e-13,2.788414e-09,3.445225e-13
4,20,45,25,9.999989e-01,6.977333e-07,0.999999,1.000000,-0.00000,-14.17543,Land,0.999999,1.363009e-08,5.163984e-13,1.705281e-08,4.476864e-14,5.725229e-10,7.007973e-14
4,21,45,35,9.999983e-01,1.430240e-06,0.999999,1.000000,-0.00000,-13.45767,Land,0.999998,5.655196e-09,6.255470e-13,2.892531e-08,1.421721e-13,5.453239e-10,1.241791e-13
4,22,45,45,9.999997e-01,1.690815e-07,1.000000,1.000000,-0.00000,-15.59288,Land,1.000000,2.457778e-09,1.351464e-13,9.488038e-09,2.920589e-14,1.391989e-10,2.910573e-14
4,23,45,55,9.999985e-01,1.280162e-06,0.999999,1.000000,-0.00000,-13.56852,Land,0.999998,8.761322e-09,6.436406e-13,1.223508e-08,5.080206e-14,6.818439e-10,1.320730e-13
4,24,45,65,9.999941e-01,5.493954e-06,0.999995,1.000000,-0.00001,-12.11186,Land,0.999994,1.376294e-08,2.068594e-12,1.934105e-08,1.689528e-13,8.758034e-10,3.460427e-13
4,25,45,75,9.999994e-01,3.752542e-07,1.000000,1.000000,-0.00000,-14.79566,Land,0.999999,4.858844e-09,3.891459e-13,1.404016e-08,4.188403e-14,5.910028e-10,1.183993e-13
4,26,45,85,9.999996e-01,2.319095e-07,1.000000,1.000000,-0.00000,-15.27692,Land,1.000000,3.974723e-09,3.046540e-13,2.672124e-08,3.992938e-14,1.915493e-10,6.835077e-14
4,27,45,95,9.999997e-01,2.181897e-07,1.000000,1.000000,-0.00000,-15.33790,Land,1.000000,3.146339e-09,2.482659e-13,1.547743e-08,2.929875e-14,1.793178e-10,4.975452e-14
4,28,45,105,9.999998e-01,1.657576e-08,1.000000,1.000000,-0.00000,-17.91532,Land,1.000000,2.947739e-09,9.014546e-14,3.328230e-08,3.239396e-14,1.408788e-10,1.876446e-14
4,29,45,115,9.999997e-01,1.264844e-07,1.000000,1.000000,-0.00000,-15.88315,Land,1.000000,3.978032e-09,2.634960e-13,2.052677e-08,4.189055e-14,2.549412e-10,5.578282e-14
4,30,45,125,9.999933e-01,6.302962e-06,0.999994,1.000000,-0.00001,-11.97449,Land,0.999993,1.009335e-08,2.980193e-12,2.457365e-08,3.445136e-13,1.066297e-09,2.915078e-13
4,31,45,135,9.999997e-01,1.827449e-07,1.000000,1.000000,-0.00000,-15.51517,Land,1.000000,3.193695e-09,2.096950e-13,2.244553e-08,5.317293e-14,2.133670e-10,2.569500e-14
4,32,45,145,9.999981e-01,1.594740e-06,0.999998,1.000000,-0.00000,-13.34880,Land,0.999998,1.438348e-08,8.382621e-13,2.637772e-08,1.260251e-13,9.589511e-10,8.720334e-14
4,33,45,155,9.999162e-01,8.316796e-05,0.999917,0.999999,-0.00008,-9.39465,Land,0.999916,5.716187e-08,1.971473e-11,3.307375e-08,1.239060e-12,4.159855e-09,7.857237e-13
4,34,45,165,6.085976e-01,3.913995e-01,0.608599,0.999997,-0.49660,-0.93803,Land,0.608598,6.053813e-08,6.448557e-09,4.530055e-08,9.013787e-09,5.234616e-09,9.544182e-11
4,35,45,175,9.928234e-01,7.174044e-03,0.992826,0.999997,-0.00720,-4.93729,Land,0.992823,1.037169e-07,8.554048e-10,1.149202e-07,2.894223e-10,7.686117e-09,1.730863e-11
5,0,35,-175,7.864019e-05,9.999207e-01,0.000079,0.999999,-9.45063,-0.00008,Water,0.999921,2.804761e-09,6.320195e-09,4.889495e-12,7.842450e-09,3.016312e-10,5.971076e-11
5,1,35,-165,3.435049e-05,9.999654e-01,0.000034,1.000000,-10.27889,-0.00003,Water,0.999965,8.789657e-10,4.886020e-09,5.101906e-12,6.195634e-09,1.157493e-10,6.035178e-11
5,2,35,-155,5.614344e-05,9.999437e-01,0.000056,1.000000,-9.78760,-0.00006,Water,0.999944,6.842933e-10,2.587264e-09,8.444730e-12,5.916121e-09,9.569147e-11,3.316455e-11
5,3,35,-145,2.882354e-05,9.999710e-01,0.000029,1.000000,-10.45432,-0.00003,Water,0.999971,6.902490e-10,1.901144e-09,4.543787e-12,5.513383e-09,6.661927e-11,3.302784e-11
5,4,35,-135,9.041879e-01,9.581007e-02,0.904190,0.999998,-0.10072,-2.34539,Land,0.904188,9.587970e-08,1.002075e-09,2.781358e-08,9.250889e-10,5.651254e-09,2.477097e-11
5,5,35,-125,4.356881e-04,9.995640e-01,0.000436,1.000000,-7.73858,-0.00044,Water,0.999564,3.729694e-09,1.114051e-09,1.773237e-10,1.326096e-08,3.529097e-10,4.322771e-11
5,6,35,-115,9.999997e-01,2.167047e-08,1.000000,1.000000,-0.00000,-17.64732,Land,1.000000,6.710184e-09,2.132428e-13,2.599162e-08,2.997411e-14,3.048969e-10,3.328010e-14
5,7,35,-105,9.999997e-01,1.415515e-08,1.000000,1.000000,-0.00000,-18.07319,Land,1.000000,9.730461e-09,9.866157e-14,3.817442e-08,2.415128e-14,2.809512e-10,1.672333e-14
5,8,35,-95,9.999997e-01,2.883656e-08,1.000000,1.000000,-0.00000,-17.36162,Land,1.000000,1.097404e-08,1.127721e-13,3.573178e-08,2.451404e-14,4.208774e-10,2.156888e-14
5,9,35,-85,9.999993e-01,2.237954e-07,1.000000,1.000000,-0.00000,-15.31253,Land,0.999999,1.842847e-08,4.317438e-13,3.309413e-08,6.055818e-14,4.002744e-10,3.914594e-14
5,10,35,-75,9.999988e-01,5.858479e-07,0.999999,0.999999,-0.00000,-14.35021,Land,0.999999,3.342061e-08,9.035724e-13,2.968996e-08,8.188706e-14,1.590862e-09,7.965459e-14
5,11,35,-65,9.783393e-01,2.166031e-02,0.978340,1.000000,-0.02190,-3.83227,Land,0.978339,1.596576e-07,3.777137e-10,6.175158e-09,5.477025e-11,6.228275e-09,4.075433e-12
5,12,35,-55,4.478181e-04,9.995519e-01,0.000448,1.000000,-7.71112,-0.00045,Water,0.999552,9.627388e-09,4.194044e-09,4.796976e-11,5.166606e-09,3.111711e-10,4.801777e-11
5,13,35,-45,6.901771e-08,9.999999e-01,0.000000,1.000000,-16.48890,-0.00000,Water,1.000000,2.485645e-11,1.311300e-09,1.216650e-13,6.079556e-09,1.658460e-12,1.459771e-11
5,14,35,-35,7.905151e-08,9.999999e-01,0.000000,1.000000,-16.35317,-0.00000,Water,1.000000,1.107578e-11,5.611948e-10,1.956329e-14,1.261588e-09,8.798351e-13,3.364022e-12
5,15,35,-25,1.586457e-06,9.999983e-01,0.000002,1.000000,-13.35401,-0.00000,Water,0.999998,1.574726e-10,2.259124e-09,7.817287e-13,1.037540e-08,1.866827e-11,3.597412e-11
5,16,35,-15,4.050296e-04,9.995945e-01,0.000405,1.000000,-7.81155,-0.00041,Water,0.999595,8.344423e-09,4.207717e-09,1.104806e-10,1.387302e-08,4.078716e-10,8.594119e-11
5,17,35,-5,1.139796e-02,9.885998e-01,0.011398,0.999998,-4.47432,-0.01147,Water,0.988600,6.215905e-08,5.972435e-09,1.983694e-09,3.075292e-08,6.347755e-09,2.801875e-10
5,18,35,5,9.999295e-01,6.880122e-05,0.999931,0.999998,-0.00007,-9.58429,Land,0.999929,2.298285e-07,3.081745e-11,6.554184e-08,1.285197e-12,1.410341e-08,1.993530e-12
5,19,35,15,9.999884e-01,1.019320e-05,0.999990,0.999999,-0.00001,-11.49379,Land,0.999988,1.715590e-07,1.542423e-11,3.497871e-08,2.453611e-13,9.167970e-09,7.891666e-13
5,20,35,25,9.999924e-01,6.695007e-06,0.999993,0.999999,-0.00001,-11.91415,Land,0.999992,7.471124e-08,6.798979e-12,4.475851e-08,2.904935e-13,3.624285e-09,5.012323e-13
5,21,35,35,9.999996e-01,1.455383e-07,1.000000,1.000000,-0.00000,-15.74283,Land,1.000000,7.034066e-09,3.239573e-13,2.964558e-08,5.601877e-14,4.434261e-10,4.963064e-14
5,22,35,45,9.999993e-01,4.334212e-07,1.000000,1.000000,-0.00000,-14.65156,Land,0.999999,1.304607e-08,5.330165e-13,1.780081e-08,4.994152e-14,8.212149e-10,7.856499e-14
5,23,35,55,9.999980e-01,1.673428e-06,0.999998,1.000000,-0.00000,-13.30064,Land,0.999998,1.110800e-08,1.057429e-12,1.822630e-08,9.012767e-14,9.357846e-10,2.303131e-13
5,24,35,65,9.999955e-01,4.052907e-06,0.999996,1.000000,-0.00000,-12.41608,Land,0.999996,1.812031e-08,2.713480e-12,1.797242e-08,1.842207e-13,9.839633e-10,4.071662e-13
5,25,35,75,9.999994e-01,4.253838e-07,1.000000,1.000000,-0.00000,-14.67027,Land,0.999999,1.803728e-09,3.798168e-13,8.158343e-09,5.060724e-14,4.194220e-10,1.505669e-13
5,26,35,85,9.999997e-01,1.676480e-07,1.000000,1.000000,-0.00000,-15.60140,Land,1.000000,5.940685e-09,3.025376e-13,1.098961e-08,2.511053e-14,3.273729e-10,4.064003e-14
5,27,35,95,9.999991e-01,6.637136e-07,0.999999,1.000000,-0.00000,-14.22542,Land,0.999999,3.854889e-09,4.883971e-13,1.742033e-08,5.635794e-14,3.883052e-10,7.656694e-14
5,28,35,105,9.999998e-01,2.154643e-08,1.000000,1.000000,-0.00000,-17.65306,Land,1.000000,2.909415e-09,9.470806e-14,3.066653e-08,2.224710e-14,1.790024e-10,2.160083e-14
5,29,35,115,9.999994e-01,3.188850e-07,1.000000,1.000000,-0.00000,-14.95844,Land,0.999999,6.434925e-09,5.913632e-13,2.301097e-08,6.686287e-14,4.666548e-10,1.001441e-13
5,30,35,125,9.961961e-01,3.802631e-03,0.996197,0.999999,-0.00381,-5.57206,Land,0.996196,1.464056e-08,6.215335e-11,5.309127e-08,1.049233e-10,1.287364e-09,2.402411e-12
5,31,35,135,9.999983e-01,1.345524e-06,0.999999,1.000000,-0.00000,-13.51873,Land,0.999998,9.262412e-09,6.007119e-13,3.046695e-08,1.632758e-13,5.819554e-10,4.055089e-14
5,32,35,145,9.999966e-01,2.811157e-06,0.999997,0.999999,-0.00000,-12.78191,Land,0.999997,1.487909e-08,1.147380e-12,3.780973e-08,2.370813e-13,1.289802e-09,9.382451e-14
5,33,35,155,2.594478e-01,7.405507e-01,0.259448,0.999998,-1.34920,-0.30036,Water,0.740551,4.946353e-08,3.426984e-09,1.382134e-08,8.246576e-09,7.900429e-09,5.711424e-11
5,34,35,165,5.968627e-04,9.994030e-01,0.000597,1.000000,-7.42382,-0.00060,Water,0.999403,1.018838e-09,1.410430e-09,1.128869e-10,8.149260e-09,1.051100e-10,1.747041e-11
5,35,35,175,3.718583e-04,9.996277e-01,0.000372,1.000000,-7.89700,-0.00037,Water,0.999628,3.139444e-09,3.708550e-09,1.129597e-10,2.178385e-08,2.530890e-10,5.282300e-11
6,0,25,-175,4.662233e-06,9.999950e-01,0.000005,1.000000,-12.27602,-0.00001,Water,0.999995,4.193753e-10,5.352114e-09,1.753014e-12,1.519781e-08,5.050911e-11,7.855331e-11
6,1,25,-165,8.579271e-06,9.999912e-01,0.000009,1.000000,-11.66616,-0.00001,Water,0.999991,5.682612e-10,4.151026e-09,2.454169e-12,8.966575e-09,5.948903e-11,6.166443e-11
6,2,25,-155,2.658268e-06,9.999972e-01,0.000003,1.000000,-12.83784,-0.00000,Water,0.999997,1.772093e-10,3.460554e-09,9.447720e-13,5.457130e-09,1.915674e-11,2.506471e-11
6,3,25,-145,6.755692e-07,9.999993e-01,0.000001,1.000000,-14.20771,-0.00000,Water,0.999999,7.428187e-11,1.095403e-09,4.525361e-13,5.629642e-09,4.659587e-12,1.345867e-11
6,4,25,-135,8.840308e-03,9.911595e-01,0.008840,1.000000,-4.72843,-0.00888,Water,0.991160,7.869061e-09,9.427751e-10,6.814649e-10,4.397500e-09,2.552057e-10,1.270669e-11
6,5,25,-125,1.824470e-05,9.999815e-01,0.000018,1.000000,-10.91164,-0.00002,Water,0.999982,9.530288e-10,1.744320e-09,5.905859e-12,1.073486e-08,8.410534e-11,4.556478e-11
6,6,25,-115,9.999990e-01,3.134122e-07,1.000000,0.999999,-0.00000,-14.97575,Land,0.999999,2.287461e-08,1.160512e-12,3.299176e-08,1.018678e-13,2.139034e-09,1.440194e-13
6,7,25,-105,9.999994e-01,1.236278e-07,1.000000,1.000000,-0.00000,-15.90599,Land,0.999999,1.649936e-08,3.127343e-13,2.321999e-08,4.579737e-14,8.435365e-10,5.283606e-14
6,8,25,-95,9.999990e-01,5.450756e-07,0.999999,1.000000,-0.00000,-14.42234,Land,0.999999,1.902419e-08,6.187279e-13,2.533671e-08,6.815526e-14,1.339512e-09,7.051322e-14
6,9,25,-85,9.999962e-01,2.913863e-06,0.999997,0.999999,-0.00000,-12.74603,Land,0.999996,3.650797e-08,1.891171e-12,2.464585e-08,2.002139e-13,2.642920e-09,1.406865e-13
6,10,25,-75,9.999986e-01,7.382247e-07,0.999999,0.999999,-0.00000,-14.11902,Land,0.999999,7.168131e-08,8.829162e-13,1.844107e-08,3.852956e-14,1.741139e-09,3.715012e-14
6,11,25,-65,9.811712e-01,1.882693e-02,0.981173,0.999998,-0.01901,-3.97247,Land,0.981171,1.025271e-07,2.685744e-10,1.836905e-08,1.183657e-10,9.045584e-09,9.757331e-12
6,12,25,-55,1.791695e-04,9.998205e-01,0.000179,1.000000,-8.62718,-0.00018,Water,0.999821,4.199438e-09,2.584738e-09,2.149526e-11,5.978948e-09,2.547012e-10,4.946421e-11
6,13,25,-45,3.210203e-09,1.000000e+00,0.000000,1.000000,-19.55693,-0.00000,Water,1.000000,1.854308e-12,4.044236e-10,2.105287e-14,2.709984e-09,1.444053e-13,4.199917e-12
6,14,25,-35,1.482205e-08,1.000000e+00,0.000000,1.000000,-18.02715,-0.00000,Water,1.000000,3.234432e-12,3.300224e-10,9.968326e-15,1.200794e-09,3.134918e-13,2.374074e-12
6,15,25,-25,2.336401e-05,9.999760e-01,0.000023,0.999999,-10.66431,-0.00002,Water,0.999976,1.569373e-09,8.373321e-09,1.301155e-11,2.109641e-08,1.366235e-10,9.823220e-11
6,16,25,-15,9.776425e-01,2.235236e-02,0.977648,0.999995,-0.02261,-3.80082,Land,0.977642,2.797603e-07,1.453180e-09,8.761051e-08,9.241607e-10,2.523317e-08,5.582461e-11
6,17,25,-5,9.996054e-01,3.905443e-04,0.999609,0.999996,-0.00039,-7.84797,Land,0.999605,1.380626e-07,1.120697e-10,6.608049e-08,5.042779e-11,8.327994e-09,9.943932e-12
6,18,25,5,9.999979e-01,1.115227e-06,0.999999,0.999999,-0.00000,-13.70645,Land,0.999998,1.014478e-07,4.115997e-12,1.584524e-08,1.488111e-13,5.043228e-09,4.569938e-13
6,19,25,15,9.999977e-01,1.471511e-06,0.999999,0.999999,-0.00000,-13.42922,Land,0.999998,9.250242e-08,4.231044e-12,2.286277e-08,1.250060e-13,3.346685e-09,2.711123e-13
6,20,25,25,9.999964e-01,2.558165e-06,0.999997,0.999999,-0.00000,-12.87622,Land,0.999996,1.331233e-07,7.082164e-12,1.974510e-08,1.363955e-13,9.172789e-09,6.267712e-13
6,21,25,35,9.999979e-01,1.642313e-06,0.999998,1.000000,-0.00000,-13.31940,Land,0.999998,1.419537e-08,1.198650e-12,3.484795e-08,1.821537e-13,1.303018e-09,1.729185e-13
6,22,25,45,9.999996e-01,6.737025e-08,1.000000,1.000000,-0.00000,-16.51306,Land,1.000000,5.737190e-09,2.151781e-13,2.167709e-08,3.953316e-14,4.235489e-10,4.077960e-14
6,23,25,55,9.999855e-01,1.364977e-05,0.999986,0.999999,-0.00001,-11.20179,Land,0.999985,3.364400e-08,7.689350e-12,3.563975e-08,7.195674e-13,4.448142e-09,1.592794e-12
6,24,25,65,9.999806e-01,1.862779e-05,0.999981,0.999999,-0.00002,-10.89086,Land,0.999981,2.234598e-08,7.442722e-12,2.391364e-08,5.274256e-13,2.912328e-09,7.438163e-13
6,25,25,75,9.999992e-01,3.736547e-07,1.000000,1.000000,-0.00000,-14.79993,Land,0.999999,1.859287e-08,1.267791e-12,1.660913e-08,1.241683e-13,1.440733e-09,1.445111e-13
6,26,25,85,9.999992e-01,3.770374e-07,1.000000,1.000000,-0.00000,-14.79092,Land,0.999999,1.352425e-08,1.024067e-12,2.964780e-08,1.435528e-13,8.833603e-10,1.229946e-13
6,27,25,95,9.999976e-01,1.958352e-06,0.999998,1.000000,-0.00000,-13.14341,Land,0.999998,1.201020e-08,1.481640e-12,2.294825e-08,1.284114e-13,1.324849e-09,1.621765e-13
6,28,25,105,9.999995e-01,7.844423e-08,1.000000,1.000000,-0.00000,-16.36088,Land,1.000000,6.440762e-09,2.589042e-13,3.514952e-08,7.253973e-14,4.224859e-10,5.213104e-14
6,29,25,115,9.999991e-01,4.485928e-07,1.000000,1.000000,-0.00000,-14.61715,Land,0.999999,6.632149e-09,6.469556e-13,2.651460e-08,1.121728e-13,7.341341e-10,1.028417e-13
6,30,25,125,2.829094e-03,9.971707e-01,0.002829,1.000000,-5.86780,-0.00283,Water,0.997171,3.024731e-09,5.584651e-10,6.899900e-10,9.642563e-09,7.303028e-11,6.757802e-12
6,31,25,135,9.999971e-01,2.579612e-06,0.999997,1.000000,-0.00000,-12.86787,Land,0.999997,1.005017e-08,7.419115e-13,2.968452e-08,2.196756e-13,7.642730e-10,5.535686e-14
6,32,25,145,9.994120e-01,5.869169e-04,0.999413,0.999999,-0.00059,-7.44063,Land,0.999412,2.291061e-08,2.115945e-11,6.679745e-08,2.847329e-11,1.716243e-09,6.251641e-13
6,33,25,155,4.367825e-04,9.995630e-01,0.000437,1.000000,-7.73608,-0.00044,Water,0.999563,2.712957e-09,2.786520e-09,8.829981e-11,1.364202e-08,2.467029e-10,2.772066e-11
6,34,25,165,1.366252e-03,9.986334e-01,0.001366,1.000000,-6.59568,-0.00137,Water,0.998633,3.773292e-09,1.712226e-09,1.864129e-10,1.096868e-08,3.772200e-10,2.833657e-11
6,35,25,175,8.170830e-05,9.999174e-01,0.000082,0.999999,-9.41236,-0.00008,Water,0.999917,2.369837e-09,6.301754e-09,1.923800e-11,2.048389e-08,2.204799e-10,9.517121e-11
7,0,15,-175,6.902245e-06,9.999923e-01,0.000007,0.999999,-11.88366,-0.00001,Water,0.999992,5.462367e-10,4.938545e-09,2.961519e-12,1.343262e-08,7.462551e-11,7.546550e-11
7,1,15,-165,9.722238e-07,9.999989e-01,0.000001,1.000000,-13.84368,-0.00000,Water,0.999999,1.095076e-10,3.066424e-09,5.727429e-13,8.668519e-09,1.356517e-11,4.222755e-11
7,2,15,-155,3.290832e-07,9.999996e-01,0.000000,1.000000,-14.92696,-0.00000,Water,1.000000,5.504963e-11,4.463577e-09,2.890580e-13,1.161736e-08,7.947201e-12,5.218763e-11
7,3,15,-145,1.209870e-07,9.999998e-01,0.000000,1.000000,-15.92758,-0.00000,Water,1.000000,3.058068e-11,2.197112e-09,2.382019e-13,8.397287e-09,3.647434e-12,3.695967e-11
7,4,15,-135,6.632133e-06,9.999932e-01,0.000007,1.000000,-11.92358,-0.00001,Water,0.999993,5.713886e-10,2.914331e-09,3.152866e-12,1.048054e-08,5.968850e-11,6.416528e-11
7,5,15,-125,1.098116e-06,9.999988e-01,0.000001,1.000000,-13.72191,-0.00000,Water,0.999999,1.266710e-10,1.010749e-09,1.422978e-12,1.101236e-08,1.332684e-11,2.462378e-11
7,6,15,-115,9.999924e-01,6.315953e-06,0.999994,0.999999,-0.00001,-11.97243,Land,0.999992,7.113761e-08,8.149614e-12,3.172994e-08,5.449305e-13,4.200859e-09,4.844198e-13
7,7,15,-105,9.999966e-01,2.090056e-06,0.999998,0.999999,-0.00000,-13.07832,Land,0.999997,5.395400e-08,1.465144e-12,2.145595e-08,9.275778e-14,3.847033e-09,1.537405e-13
7,8,15,-95,9.999975e-01,1.725696e-06,0.999998,0.999999,-0.00000,-13.26988,Land,0.999998,3.373390e-08,9.797431e-13,2.454316e-08,1.065534e-13,1.712387e-09,8.686820e-14
7,9,15,-85,9.999930e-01,6.297974e-06,0.999994,0.999999,-0.00001,-11.97528,Land,0.999993,4.594768e-08,1.811205e-12,1.866457e-08,2.400195e-13,1.883464e-09,1.046926e-13
7,10,15,-75,9.999982e-01,1.255647e-07,1.000000,0.999998,-0.00000,-15.89044,Land,0.999998,2.661101e-08,2.347139e-13,1.703142e-08,4.183317e-14,7.064780e-10,1.762185e-14
7,11,15,-65,9.432445e-01,5.675100e-02,0.943249,0.999996,-0.05843,-2.86908,Land,0.943245,1.605025e-07,6.644839e-10,4.091792e-08,5.612414e-10,1.851154e-08,1.885087e-11
7,12,15,-55,3.839737e-05,9.999610e-01,0.000038,0.999999,-10.16752,-0.00004,Water,0.999961,1.425967e-09,6.144699e-09,7.828161e-12,1.078078e-08,1.801824e-10,1.066196e-10
7,13,15,-45,1.292807e-09,1.000000e+00,0.000000,1.000000,-20.46645,-0.00000,Water,1.000000,9.226725e-13,4.800507e-10,1.069187e-14,4.134298e-09,1.028554e-13,4.681376e-12
7,14,15,-35,5.757348e-09,1.000000e+00,0.000000,1.000000,-18.97279,-0.00000,Water,1.000000,5.092496e-12,8.576153e-10,6.842769e-14,1.439443e-08,5.319468e-13,1.551111e-11
7,15,15,-25,1.023782e-06,9.999987e-01,0.000001,1.000000,-13.79201,-0.00000,Water,0.999999,1.271794e-10,2.718507e-09,7.207411e-13,1.300897e-08,2.617012e-11,7.136825e-11
7,16,15,-15,9.952651e-05,9.998996e-01,0.000100,0.999999,-9.21509,-0.00010,Water,0.999900,2.876433e-09,7.666224e-09,3.234477e-11,2.026627e-08,3.322889e-10,1.762202e-10
7,17,15,-5,9.985744e-01,1.417355e-03,0.998583,0.999992,-0.00143,-6.55896,Land,0.998574,1.428419e-07,3.817445e-10,6.721353e-08,1.301983e-10,1.314597e-08,3.852902e-11
7,18,15,5,9.999830e-01,1.548238e-05,0.999985,0.999998,-0.00002,-11.07581,Land,0.999983,7.682384e-08,1.876027e-11,1.646208e-08,1.164847e-12,3.897200e-09,1.180657e-12
7,19,15,15,9.999978e-01,1.009805e-06,0.999999,0.999999,-0.00000,-13.80575,Land,0.999998,1.061603e-07,2.277168e-12,3.331271e-08,9.533669e-14,3.513093e-09,2.071127e-13
7,20,15,25,9.999972e-01,1.627822e-06,0.999998,0.999999,-0.00000,-13.32827,Land,0.999997,8.057620e-08,2.071188e-12,2.718898e-08,1.923753e-13,2.935919e-09,2.521174e-13
7,21,15,35,9.999973e-01,2.243929e-06,0.999998,0.999999,-0.00000,-13.00728,Land,0.999997,2.238391e-08,1.379293e-12,1.731178e-08,1.875455e-13,1.719825e-09,2.064992e-13
7,22,15,45,9.999991e-01,2.811311e-07,1.000000,0.999999,-0.00000,-15.08444,Land,0.999999,1.774035e-08,4.195748e-13,1.391134e-08,5.426086e-14,8.397405e-10,5.038623e-14
7,23,15,55,9.999682e-01,3.085109e-05,0.999969,0.999999,-0.00003,-10.38634,Land,0.999968,3.506618e-08,1.106918e-11,4.646608e-08,1.003473e-12,5.746839e-09,1.514621e-12
7,24,15,65,9.999664e-01,3.281809e-05,0.999967,0.999999,-0.00003,-10.32453,Land,0.999966,3.455535e-08,1.694435e-11,1.921936e-08,7.847446e-13,4.139104e-09,1.129673e-12
7,25,15,75,9.999995e-01,1.542606e-07,1.000000,1.000000,-0.00000,-15.68462,Land,1.000000,1.148482e-08,5.113203e-13,1.456436e-08,4.385338e-14,6.566169e-10,5.038644e-14
7,26,15,85,9.999961e-01,3.404925e-06,0.999997,1.000000,-0.00000,-12.59029,Land,0.999996,1.313115e-08,2.200525e-12,2.558093e-08,2.863640e-13,1.316102e-09,2.313140e-13
7,27,15,95,9.999941e-01,5.272413e-06,0.999995,0.999999,-0.00001,-12.15302,Land,0.999994,1.714246e-08,3.047894e-12,4.766624e-08,4.310438e-13,2.779302e-09,3.598144e-13
7,28,15,105,9.999993e-01,3.087041e-07,1.000000,1.000000,-0.00000,-14.99088,Land,0.999999,7.809059e-09,3.800019e-13,3.603035e-08,1.268591e-13,4.752836e-10,6.138976e-14
7,29,15,115,9.999985e-01,1.067478e-06,0.999999,1.000000,-0.00000,-13.75021,Land,0.999998,1.303089e-08,1.195681e-12,2.442994e-08,1.345872e-13,1.058484e-09,1.052901e-13
7,30,15,125,9.439826e-01,5.601391e-02,0.943986,0.999996,-0.05765,-2.88216,Land,0.943983,5.114141e-08,2.396828e-10,9.327017e-08,1.122004e-09,2.894417e-09,8.146794e-12
7,31,15,135,9.997130e-01,2.863918e-04,0.999714,0.999999,-0.00029,-8.15815,Land,0.999713,1.940472e-08,1.070094e-11,5.791130e-08,1.290857e-11,1.724334e-09,4.453837e-13
7,32,15,145,4.799341e-01,5.200633e-01,0.479935,0.999997,-0.73411,-0.65380,Water,0.520063,6.307311e-08,2.421453e-09,6.197533e-08,1.721457e-08,6.958534e-09,4.517054e-11
7,33,15,155,3.529425e-05,9.999644e-01,0.000035,1.000000,-10.25179,-0.00004,Water,0.999964,6.707967e-10,2.471584e-09,7.741451e-12,1.180965e-08,8.331230e-11,3.501845e-11
7,34,15,165,6.077803e-05,9.999382e-01,0.000061,0.999999,-9.70828,-0.00006,Water,0.999938,1.684018e-09,4.221865e-09,1.731691e-11,2.238934e-08,2.686223e-10,1.023203e-10
7,35,15,175,2.203849e-04,9.997792e-01,0.000220,1.000000,-8.42014,-0.00022,Water,0.999779,2.503271e-09,1.978969e-09,9.504201e-12,3.792797e-09,1.326980e-10,1.362653e-11
8,0,5,-175,1.432561e-05,9.999848e-01,0.000014,0.999999,-11.15346,-0.00002,Water,0.999985,6.594362e-10,5.530677e-09,6.511030e-12,1.860170e-08,9.609230e-11,8.883687e-11
8,1,5,-165,2.820174e-06,9.999969e-01,0.000003,1.000000,-12.77871,-0.00000,Water,0.999997,2.026893e-10,4.186818e-09,1.991897e-12,1.351936e-08,2.619519e-11,7.338332e-11
8,2,5,-155,2.743525e-07,9.999997e-01,0.000000,1.000000,-15.10885,-0.00000,Water,1.000000,2.397114e-11,1.569223e-09,3.265324e-13,7.101835e-09,2.863728e-12,1.775121e-11
8,3,5,-145,3.530411e-07,9.999996e-01,0.000000,1.000000,-14.85668,-0.00000,Water,1.000000,3.059523e-11,9.431679e-10,6.574800e-13,8.453232e-09,4.920873e-12,1.895026e-11
8,4,5,-135,1.436650e-05,9.999853e-01,0.000014,1.000000,-11.15061,-0.00001,Water,0.999985,7.379122e-10,3.352729e-09,7.598229e-12,1.391756e-08,1.036883e-10,7.548347e-11
8,5,5,-125,1.768046e-06,9.999981e-01,0.000002,1.000000,-13.24564,-0.00000,Water,0.999998,1.689135e-10,1.581748e-09,2.567028e-12,2.292028e-08,2.490184e-11,5.341990e-11
8,6,5,-115,9.999911e-01,8.138558e-06,0.999992,0.999999,-0.00001,-11.71890,Land,0.999991,3.563390e-08,5.866151e-12,2.041736e-08,5.525028e-13,7.881733e-10,2.045893e-13
8,7,5,-105,9.999882e-01,1.116869e-05,0.999989,0.999999,-0.00001,-11.40240,Land,0.999988,2.876147e-08,4.453926e-12,2.409845e-08,4.667027e-13,2.788282e-09,3.512380e-13
8,8,5,-95,9.999899e-01,9.494990e-06,0.999991,0.999999,-0.00001,-11.56475,Land,0.999990,3.443663e-08,2.582766e-12,3.803571e-08,3.177525e-13,2.869774e-09,2.262699e-13
8,9,5,-85,9.998961e-01,1.022158e-04,0.999898,0.999998,-0.00010,-9.18842,Land,0.999896,4.982097e-08,2.090922e-11,1.569280e-08,2.443947e-12,4.002649e-09,5.507507e-13
8,10,5,-75,9.999837e-01,1.475895e-05,0.999985,0.999998,-0.00002,-11.12366,Land,0.999984,1.216982e-08,1.647960e-12,1.280935e-08,6.660378e-13,5.918530e-10,6.093385e-14
8,11,5,-65,1.048375e-01,8.951598e-01,0.104838,0.999997,-2.25534,-0.11075,Water,0.895160,1.383932e-07,6.116205e-09,1.060518e-08,1.284509e-08,1.120541e-08,1.065164e-10
8,12,5,-55,4.513120e-06,9.999953e-01,0.000005,1.000000,-12.30852,-0.00000,Water,0.999995,3.826236e-10,4.074916e-09,1.533018e-12,1.269295e-08,4.057590e-11,5.974045e-11
8,13,5,-45,1.696259e-08,9.999999e-01,0.000000,1.000000,-17.89226,-0.00000,Water,1.000000,6.905224e-12,1.293336e-09,7.778670e-14,1.491082e-08,1.175716e-12,3.143951e-11
8,14,5,-35,2.289706e-08,9.999999e-01,0.000000,1.000000,-17.59226,-0.00000,Water,1.000000,1.000580e-11,8.537066e-10,1.877840e-13,2.479328e-08,2.067139e-12,3.109359e-11
8,15,5,-25,3.931736e-06,9.999958e-01,0.000004,1.000000,-12.44643,-0.00000,Water,0.999996,2.008126e-10,3.117989e-09,1.906601e-12,2.411462e-08,4.230816e-11,1.146768e-10
8,16,5,-15,6.805940e-04,9.993177e-01,0.000681,0.999998,-7.29254,-0.00068,Water,0.999318,1.260080e-08,1.260014e-08,7.451196e-11,2.057683e-08,2.035063e-09,3.653800e-10
8,17,5,-5,9.778153e-05,9.999007e-01,0.000098,0.999998,-9.23277,-0.00010,Water,0.999901,2.014173e-09,8.527931e-09,7.285750e-12,1.166237e-08,4.103671e-10,3.229880e-10
8,18,5,5,9.976325e-01,2.364045e-03,0.997636,0.999997,-0.00237,-6.04738,Land,0.997633,8.808151e-08,2.240673e-10,5.914475e-08,1.190892e-10,7.246732e-09,1.745711e-11
8,19,5,15,9.999959e-01,2.938305e-06,0.999997,0.999999,-0.00000,-12.73768,Land,0.999996,5.957267e-08,5.622977e-12,4.120203e-08,3.620946e-13,2.593246e-09,3.574013e-13
8,20,5,25,9.999893e-01,8.918301e-06,0.999991,0.999998,-0.00001,-11.62741,Land,0.999989,7.272089e-08,6.087965e-12,3.858308e-08,6.494138e-13,4.428660e-09,6.616189e-13
8,21,5,35,9.999740e-01,2.487623e-05,0.999975,0.999999,-0.00003,-10.60160,Land,0.999974,4.387670e-08,9.971477e-12,1.624033e-08,8.542711e-13,5.179730e-09,1.381851e-12
8,22,5,45,9.999729e-01,2.567275e-05,0.999974,0.999999,-0.00003,-10.57008,Land,0.999973,7.318064e-08,1.327492e-11,1.848864e-08,8.842662e-13,5.880481e-09,1.285845e-12
8,23,5,55,9.994232e-01,5.743121e-04,0.999426,0.999998,-0.00058,-7.46234,Land,0.999423,8.702117e-08,1.178724e-10,6.799512e-08,1.786287e-11,9.028965e-09,6.151100e-12
8,24,5,65,9.991319e-01,8.667827e-04,0.999133,0.999999,-0.00087,-7.05072,Land,0.999132,4.628939e-08,1.783989e-10,5.324844e-08,1.526065e-11,8.949601e-09,7.585325e-12
8,25,5,75,9.999837e-01,1.558964e-05,0.999984,0.999999,-0.00002,-11.06890,Land,0.999984,3.633968e-08,1.369561e-11,4.493163e-08,1.030556e-12,4.184451e-09,1.097479e-12
8,26,5,85,9.999595e-01,3.994556e-05,0.999960,0.999999,-0.00004,-10.12799,Land,0.999959,2.037894e-08,1.311121e-11,3.661220e-08,1.676139e-12,2.276847e-09,1.228537e-12
8,27,5,95,9.999786e-01,2.099495e-05,0.999979,1.000000,-0.00002,-10.77123,Land,0.999979,2.089857e-08,7.147391e-12,2.969280e-08,7.648221e-13,2.722601e-09,5.851960e-13
8,28,5,105,9.999992e-01,4.508677e-07,1.000000,1.000000,-0.00000,-14.61209,Land,0.999999,7.970474e-09,4.967155e-13,3.373534e-08,8.847614e-14,7.982527e-10,7.626335e-14
8,29,5,115,9.999961e-01,3.102995e-06,0.999997,0.999999,-0.00000,-12.68314,Land,0.999996,5.388578e-08,3.637579e-12,4.603386e-08,2.054398e-13,2.818687e-09,1.962468e-13
8,30,5,125,3.277647e-02,9.672223e-01,0.032777,0.999999,-3.41804,-0.03333,Water,0.967222,4.244515e-08,1.878809e-09,5.509150e-09,1.387648e-08,2.696703e-09,6.110117e-11
8,31,5,135,9.999782e-01,2.145860e-05,0.999979,1.000000,-0.00002,-10.74939,Land,0.999978,1.546329e-08,2.276570e-12,3.166197e-08,9.073515e-13,5.748354e-10,1.142920e-13
8,32,5,145,9.935432e-01,6.455399e-03,0.993545,0.999999,-0.00648,-5.04284,Land,0.993543,4.687931e-08,1.236166e-10,7.572856e-08,1.570974e-10,3.155849e-09,4.896124e-12
8,33,5,155,9.013857e-03,9.909855e-01,0.009014,0.999999,-4.70899,-0.00906,Water,0.990985,9.349072e-09,2.754910e-09,1.827586e-09,1.660687e-08,1.003876e-09,8.318663e-11
8,34,5,165,3.870739e-05,9.999602e-01,0.000039,0.999999,-10.15948,-0.00004,Water,0.999960,1.229053e-09,6.097451e-09,1.912797e-11,2.726089e-08,1.309285e-10,1.447807e-10
8,35,5,175,1.632618e-04,9.998357e-01,0.000163,0.999999,-8.72016,-0.00016,Water,0.999836,4.875003e-09,7.636962e-09,1.469535e-11,1.291384e-08,3.110110e-10,5.912101e-11
9,0,-5,-175,5.371115e-06,9.999943e-01,0.000005,1.000000,-12.13447,-0.00001,Water,0.999994,3.233933e-10,3.341401e-09,1.350975e-12,1.258713e-08,3.330141e-11,4.217592e-11
9,1,-5,-165,5.323091e-06,9.999942e-01,0.000005,1.000000,-12.14346,-0.00001,Water,0.999994,5.507483e-10,8.509580e-09,1.860307e-12,2.093015e-08,5.587551e-11,8.806545e-11
9,2,-5,-155,8.317652e-07,9.999990e-01,0.000001,1.000000,-13.99972,-0.00000,Water,0.999999,1.031277e-10,1.979882e-09,5.358087e-13,1.023997e-08,1.613850e-11,3.656865e-11
9,3,-5,-145,1.402269e-06,9.999983e-01,0.000001,1.000000,-13.47742,-0.00000,Water,0.999998,1.651927e-10,3.720808e-09,6.411612e-13,9.503084e-09,2.064109e-11,4.289906e-11
9,4,-5,-135,8.276741e-06,9.999913e-01,0.000008,1.000000,-11.70206,-0.00001,Water,0.999991,5.085434e-10,4.498810e-09,1.685093e-12,7.448572e-09,6.139744e-11,5.666888e-11
9,5,-5,-125,2.895730e-06,9.999969e-01,0.000003,1.000000,-12.75227,-0.00000,Water,0.999997,1.916816e-10,3.317261e-09,6.549718e-13,6.209315e-09,3.032494e-11,5.140987e-11
9,6,-5,-115,2.513346e-02,9.748662e-01,0.025133,1.000000,-3.68356,-0.02546,Water,0.974866,1.252921e-08,8.330176e-10,1.812020e-09,3.730379e-09,1.021153e-09,1.627672e-11
9,7,-5,-105,1.397676e-02,9.860228e-01,0.013977,1.000000,-4.27036,-0.01408,Water,0.986023,1.510416e-08,1.113133e-09,1.153050e-09,3.766908e-09,5.008018e-10,1.434591e-11
9,8,-5,-95,1.720738e-02,9.827919e-01,0.017207,0.999999,-4.06242,-0.01736,Water,0.982792,3.330261e-08,2.855985e-09,1.311624e-09,9.842671e-09,2.965048e-09,6.666791e-11
9,9,-5,-85,4.710217e-02,9.528961e-01,0.047102,0.999998,-3.05544,-0.04825,Water,0.952896,1.005260e-07,4.485760e-09,3.770022e-09,8.722102e-09,5.016263e-09,6.095829e-11
9,10,-5,-75,1.038496e-02,9.896137e-01,0.010385,0.999999,-4.56740,-0.01044,Water,0.989614,6.611857e-08,7.575605e-09,1.248601e-09,1.449314e-08,3.723694e-09,1.250172e-10
9,11,-5,-65,3.991932e-02,9.600799e-01,0.039919,0.999999,-3.22089,-0.04074,Water,0.960080,3.932417e-08,1.429460e-09,2.393890e-09,6.376040e-09,1.936491e-09,3.083845e-11
9,12,-5,-55,1.564669e-04,9.998432e-01,0.000156,1.000000,-8.76267,-0.00016,Water,0.999843,4.782184e-09,3.920265e-09,1.214695e-11,1.287307e-08,4.030410e-10,7.133149e-11
9,13,-5,-45,5.959062e-06,9.999937e-01,0.000006,1.000000,-12.03060,-0.00001,Water,0.999994,5.275340e-10,4.123839e-09,1.411053e-12,1.198328e-08,8.408110e-11,7.257429e-11
9,14,-5,-35,2.973020e-05,9.999700e-01,0.000030,1.000000,-10.42335,-0.00003,Water,0.999970,1.363749e-09,2.540351e-09,4.071117e-12,6.993631e-09,1.382620e-10,6.205561e-11
9,15,-5,-25,1.557105e-05,9.999842e-01,0.000016,1.000000,-11.07010,-0.00002,Water,0.999984,6.363954e-10,3.605895e-09,2.292555e-12,1.110196e-08,1.073084e-10,7.804797e-11
9,16,-5,-15,8.289605e-05,9.999164e-01,0.000083,0.999999,-9.39792,-0.00008,Water,0.999916,2.409864e-09,8.994916e-09,1.289324e-11,1.787511e-08,5.679689e-10,3.100079e-10
9,17,-5,-5,5.712295e-05,9.999420e-01,0.000057,0.999999,-9.77030,-0.00006,Water,0.999942,1.232471e-09,6.714898e-09,4.094138e-12,1.250577e-08,3.155981e-10,1.885774e-10
9,18,-5,5,2.146256e-03,9.978511e-01,0.002146,0.999997,-6.14403,-0.00215,Water,0.997851,2.655456e-08,2.457745e-08,2.538111e-10,2.723036e-08,5.512755e-09,1.162901e-09
9,19,-5,15,8.072244e-01,1.927689e-01,0.807230,0.999993,-0.21415,-1.64626,Land,0.807224,4.159374e-07,4.576572e-09,8.650388e-08,4.627155e-09,4.194497e-08,2.744480e-10
9,20,-5,25,9.999827e-01,1.570587e-05,0.999984,0.999998,-0.00002,-11.06148,Land,0.999983,1.576598e-07,1.160221e-11,2.751523e-08,7.622671e-13,3.561026e-09,4.538402e-13
9,21,-5,35,9.993834e-01,6.153421e-04,0.999385,0.999999,-0.00062,-7.39333,Land,0.999383,5.085716e-08,3.787747e-11,1.899231e-08,1.861748e-11,3.702058e-09,1.838238e-12
9,22,-5,45,3.927147e-01,6.072791e-01,0.392717,0.999994,-0.93467,-0.49877,Water,0.607279,1.605099e-07,3.698844e-09,2.646763e-08,8.101656e-09,1.277112e-08,8.684450e-11
9,23,-5,55,3.082618e-04,9.996907e-01,0.000308,0.999999,-8.08456,-0.00031,Water,0.999691,6.072130e-09,6.353516e-09,3.286245e-11,1.608458e-08,1.326498e-09,2.057081e-10
9,24,-5,65,4.194161e-04,9.995795e-01,0.000419,0.999999,-7.77665,-0.00042,Water,0.999579,7.377095e-09,8.986112e-09,7.216300e-11,2.639661e-08,1.806638e-09,3.659654e-10
9,25,-5,75,5.544089e-05,9.999443e-01,0.000055,1.000000,-9.80019,-0.00006,Water,0.999944,1.074271e-09,1.851763e-09,1.295926e-11,8.957087e-09,1.654532e-10,5.705236e-11
9,26,-5,85,1.545660e-04,9.998450e-01,0.000155,1.000000,-8.77489,-0.00016,Water,0.999845,3.581454e-09,2.501665e-09,3.167517e-11,9.925796e-09,4.584143e-10,9.374371e-11
9,27,-5,95,6.041936e-04,9.993953e-01,0.000604,1.000000,-7.41162,-0.00060,Water,0.999395,4.463838e-09,1.549403e-09,1.253535e-10,1.773094e-08,8.124943e-10,8.181139e-11
9,28,-5,105,6.717128e-01,3.282846e-01,0.671715,0.999997,-0.39792,-1.11387,Land,0.671713,1.345919e-07,1.685203e-09,4.983931e-08,3.500607e-09,2.197182e-08,7.641969e-11
9,29,-5,115,9.749915e-01,2.500475e-02,0.974995,0.999996,-0.02533,-3.68869,Land,0.974991,7.805548e-08,2.081235e-10,9.939326e-08,5.329207e-10,1.257183e-08,8.769792e-12
9,30,-5,125,9.520622e-04,9.990472e-01,0.000952,0.999999,-6.95688,-0.00095,Water,0.999047,8.206795e-09,2.053134e-09,1.965581e-10,2.754041e-08,9.085246e-10,9.146548e-11
9,31,-5,135,7.142948e-01,2.857047e-01,0.714295,1.000000,-0.33646,-1.25280,Land,0.714295,1.089291e-07,7.744870e-10,1.200340e-08,1.034980e-09,5.650509e-09,1.947040e-11
9,32,-5,145,6.303638e-01,3.696336e-01,0.630365,0.999997,-0.46146,-0.99524,Land,0.630364,7.834894e-08,7.839255e-10,4.479355e-08,4.197149e-09,4.108338e-09,2.967119e-11
9,33,-5,155,1.570546e-04,9.998428e-01,0.000157,1.000000,-8.75892,-0.00016,Water,0.999843,1.784062e-09,1.279599e-09,4.338251e-11,1.050021e-08,1.133405e-10,3.384216e-11
9,34,-5,165,7.355539e-05,9.999256e-01,0.000074,0.999999,-9.51747,-0.00007,Water,0.999926,2.525328e-09,5.404091e-09,1.122159e-11,2.970798e-08,2.586599e-10,9.289988e-11
9,35,-5,175,8.320361e-05,9.999158e-01,0.000083,0.999999,-9.39422,-0.00008,Water,0.999916,4.349817e-09,5.245365e-09,2.144978e-11,3.122944e-08,3.454418e-10,9.693778e-11
10,0,-15,-175,4.590369e-06,9.999950e-01,0.000005,1.000000,-12.29155,-0.00001,Water,0.999995,4.570734e-10,4.814611e-09,1.417510e-12,1.622442e-08,4.118233e-11,5.291685e-11
10,1,-15,-165,1.603250e-06,9.999981e-01,0.000002,1.000000,-13.34348,-0.00000,Water,0.999998,1.717200e-10,2.462027e-09,4.389648e-13,8.605501e-09,2.626078e-11,5.219333e-11
10,2,-15,-155,7.874609e-07,9.999990e-01,0.000001,1.000000,-14.05445,-0.00000,Water,0.999999,1.138981e-10,3.407392e-09,1.916225e-13,5.211216e-09,1.427225e-11,3.505886e-11
10,3,-15,-145,1.822586e-06,9.999980e-01,0.000002,1.000000,-13.21525,-0.00000,Water,0.999998,2.501274e-10,2.284965e-09,5.271175e-13,5.984922e-09,2.892708e-11,3.739977e-11
10,4,-15,-135,4.261280e-05,9.999572e-01,0.000043,1.000000,-10.06336,-0.00004,Water,0.999957,1.309945e-09,2.179524e-09,4.892425e-12,4.197870e-09,1.272409e-10,3.249141e-11
10,5,-15,-125,4.020427e-06,9.999959e-01,0.000004,1.000000,-12.42412,-0.00000,Water,0.999996,2.592846e-10,1.648580e-09,7.136715e-13,4.609527e-09,2.908632e-11,2.857417e-11
10,6,-15,-115,9.997852e-01,2.139708e-04,0.999786,0.999999,-0.00021,-8.44967,Land,0.999785,4.052467e-08,2.173365e-11,3.078781e-08,4.715815e-12,3.762116e-09,1.375063e-12
10,7,-15,-105,9.998890e-01,1.101611e-04,0.999890,0.999999,-0.00011,-9.11357,Land,0.999889,1.439711e-08,8.888094e-12,2.434634e-08,2.541886e-12,1.452248e-09,3.767109e-13
10,8,-15,-95,9.999552e-01,4.410945e-05,0.999956,0.999999,-0.00004,-10.02884,Land,0.999955,1.329726e-08,5.492162e-12,1.691186e-08,1.277795e-12,8.068223e-10,1.997136e-13
10,9,-15,-85,9.999377e-01,6.124926e-05,0.999939,0.999999,-0.00006,-9.70056,Land,0.999938,2.068899e-08,6.488743e-12,2.115066e-08,1.638144e-12,9.512327e-10,2.217059e-13
10,10,-15,-75,9.999985e-01,1.024830e-06,0.999999,1.000000,-0.00000,-13.79098,Land,0.999999,1.870717e-08,7.687848e-13,1.616492e-08,7.014744e-14,4.687910e-10,3.379387e-14
10,11,-15,-65,9.999881e-01,1.131715e-05,0.999989,0.999999,-0.00001,-11.38919,Land,0.999988,1.375268e-08,2.685120e-12,1.530815e-08,2.034658e-13,3.375052e-10,7.200207e-14
10,12,-15,-55,9.686739e-01,3.132082e-02,0.968679,0.999995,-0.03183,-3.46347,Land,0.968674,2.305399e-08,5.522895e-11,1.860917e-08,1.183829e-10,1.090070e-09,8.924051e-13
10,13,-15,-45,1.126612e-05,9.999886e-01,0.000011,1.000000,-11.39371,-0.00001,Water,0.999989,5.730794e-10,2.792990e-09,1.449555e-12,6.119429e-09,9.782238e-11,7.602759e-11
10,14,-15,-35,4.125344e-06,9.999958e-01,0.000004,1.000000,-12.39836,-0.00000,Water,0.999996,2.355510e-10,1.000030e-09,1.045307e-12,6.569094e-09,2.358771e-11,1.933664e-11
10,15,-15,-25,1.799049e-05,9.999819e-01,0.000018,1.000000,-10.92567,-0.00002,Water,0.999982,6.091928e-10,2.170785e-09,2.835434e-12,1.160008e-08,9.469703e-11,6.395117e-11
10,16,-15,-15,6.603525e-05,9.999336e-01,0.000066,1.000000,-9.62532,-0.00007,Water,0.999934,1.916069e-09,4.800842e-09,1.585839e-11,1.408244e-08,2.724331e-10,1.060551e-10
10,17,-15,-5,7.080911e-01,2.919058e-01,0.708093,0.999997,-0.34518,-1.23132,Land,0.708091,7.287377e-08,1.154735e-09,3.126977e-08,2.369949e-09,9.640851e-09,5.952229e-11
10,18,-15,5,9.996514e-01,3.467693e-04,0.999653,0.999998,-0.00035,-7.96685,Land,0.999651,1.733110e-07,7.013704e-11,4.211750e-08,6.788213e-12,1.207865e-08,4.738209e-12
10,19,-15,15,9.999766e-01,2.262701e-05,0.999977,0.999999,-0.00002,-10.69637,Land,0.999977,1.355072e-07,9.403467e-12,2.501520e-08,5.402875e-13,5.094874e-09,6.821919e-13
10,20,-15,25,9.999985e-01,7.525079e-07,0.999999,0.999999,-0.00000,-14.09985,Land,0.999999,9.579319e-08,1.518193e-12,1.411527e-08,8.079767e-14,1.452253e-09,1.028304e-13
10,21,-15,35,9.999863e-01,1.264922e-05,0.999987,0.999999,-0.00001,-11.27792,Land,0.999986,6.758886e-08,4.010559e-12,1.577492e-08,4.466119e-13,3.480077e-09,2.625005e-13
10,22,-15,45,9.999837e-01,1.515279e-05,0.999985,0.999999,-0.00002,-11.09733,Land,0.999984,4.131349e-08,4.683072e-12,1.361400e-08,5.510401e-13,1.758912e-09,2.983926e-13
10,23,-15,55,9.992926e-01,7.071322e-04,0.999293,1.000000,-0.00071,-7.25429,Land,0.999293,5.290791e-08,4.643242e-11,1.146088e-08,3.495495e-12,5.679409e-09,1.224656e-12
10,24,-15,65,9.998661e-01,1.334033e-04,0.999867,1.000000,-0.00013,-8.92213,Land,0.999866,2.672541e-08,9.607077e-12,1.846200e-08,1.833200e-12,1.738159e-09,5.297521e-13
10,25,-15,75,9.999169e-01,8.246177e-05,0.999918,0.999999,-0.00008,-9.40318,Land,0.999917,8.207654e-08,1.633803e-11,2.421373e-08,1.361406e-12,6.334206e-09,7.800320e-13
10,26,-15,85,9.980812e-01,1.916988e-03,0.998083,0.999998,-0.00192,-6.25700,Land,0.998081,8.402300e-08,1.506281e-10,6.236481e-08,5.172941e-11,1.361518e-08,9.888816e-12
10,27,-15,95,9.964424e-01,3.556738e-03,0.996443,0.999999,-0.00356,-5.63891,Land,0.996442,4.093228e-08,8.145266e-11,4.649029e-08,8.157541e-11,5.009293e-09,4.476911e-12
10,28,-15,105,9.999391e-01,6.048739e-05,0.999940,1.000000,-0.00006,-9.71308,Land,0.999939,2.383240e-08,3.653873e-12,2.405368e-08,1.249006e-12,4.193485e-09,4.887792e-13
10,29,-15,115,9.999445e-01,5.435934e-05,0.999946,0.999999,-0.00006,-9.81989,Land,0.999944,6.528656e-08,8.545397e-12,2.526335e-08,1.091659e-12,5.345715e-09,6.295163e-13
10,30,-15,125,9.829652e-01,1.703159e-02,0.982968,0.999997,-0.01718,-4.07269,Land,0.982965,7.506563e-08,1.274491e-10,5.911034e-08,2.790529e-10,4.051294e-09,6.086340e-12
10,31,-15,135,9.999305e-01,6.852478e-05,0.999931,0.999999,-0.00007,-9.58832,Land,0.999931,1.008963e-07,2.011024e-11,2.097760e-08,1.273178e-12,2.637116e-09,1.203162e-12
10,32,-15,145,9.998880e-01,1.104727e-04,0.999890,0.999998,-0.00011,-9.11074,Land,0.999888,1.009441e-07,1.421218e-11,6.258643e-08,2.740916e-12,5.537155e-09,8.231113e-13
10,33,-15,155,1.345590e-01,8.654379e-01,0.134559,0.999997,-2.00575,-0.14452,Water,0.865438,1.016371e-07,2.497645e-09,2.358850e-08,1.570033e-08,5.762876e-09,7.657071e-11
10,34,-15,165,2.802879e-04,9.997185e-01,0.000280,0.999999,-8.17969,-0.00028,Water,0.999718,5.587969e-09,2.728109e-09,4.746653e-11,3.281446e-08,5.650717e-10,8.914934e-11
10,35,-15,175,1.952589e-04,9.998041e-01,0.000195,0.999999,-8.54118,-0.00020,Water,0.999804,3.789753e-09,2.601201e-09,5.052216e-11,2.557087e-08,3.034549e-10,5.371541e-11
11,0,-25,-175,3.361672e-05,9.999655e-01,0.000034,0.999999,-10.30049,-0.00003,Water,0.999966,2.439937e-09,4.520998e-09,3.354423e-12,1.449685e-08,2.031089e-10,6.832157e-11
11,1,-25,-165,2.371648e-05,9.999756e-01,0.000024,0.999999,-10.64934,-0.00002,Water,0.999976,1.863467e-09,3.381047e-09,2.418352e-12,1.064952e-08,2.313630e-10,9.062647e-11
11,2,-25,-155,2.218602e-06,9.999975e-01,0.000002,1.000000,-13.01863,-0.00000,Water,0.999998,3.162043e-10,4.146773e-09,4.294045e-13,6.929719e-09,2.654919e-11,4.197439e-11
11,3,-25,-145,1.434150e-06,9.999985e-01,0.000001,1.000000,-13.45494,-0.00000,Water,0.999998,2.327577e-10,1.881130e-09,3.166061e-13,4.917826e-09,1.872099e-11,2.513349e-11
11,4,-25,-135,1.027944e-04,9.998971e-01,0.000103,1.000000,-9.18278,-0.00010,Water,0.999897,2.351663e-09,1.409167e-09,1.665978e-11,6.480904e-09,2.316868e-10,3.298580e-11
11,5,-25,-125,2.762661e-05,9.999722e-01,0.000028,1.000000,-10.49673,-0.00003,Water,0.999972,1.072031e-09,1.346937e-09,4.190008e-12,6.477786e-09,8.090424e-11,3.479021e-11
11,6,-25,-115,9.999340e-01,6.518319e-05,0.999935,0.999999,-0.00007,-9.63831,Land,0.999934,8.306759e-08,1.377423e-11,2.833607e-08,1.293726e-12,4.587987e-09,8.939452e-13
11,7,-25,-105,9.999843e-01,1.529833e-05,0.999985,1.000000,-0.00002,-11.08777,Land,0.999984,7.770298e-09,1.858228e-12,1.259825e-08,3.266818e-13,5.729305e-10,8.666334e-14
11,8,-25,-95,9.996267e-01,3.719054e-04,0.999628,0.999999,-0.00037,-7.89687,Land,0.999627,6.197482e-08,3.796141e-11,3.692046e-08,8.037591e-12,3.936528e-09,1.136560e-12
11,9,-25,-85,9.957830e-01,4.214125e-03,0.995786,0.999997,-0.00423,-5.46931,Land,0.995783,1.111620e-07,1.470880e-10,6.038498e-08,1.058366e-10,3.139073e-09,3.194205e-12
11,10,-25,-75,9.998814e-01,1.176270e-04,0.999882,0.999999,-0.00012,-9.04799,Land,0.999881,5.650829e-08,2.133711e-11,3.181659e-08,3.021165e-12,1.483785e-09,4.804303e-13
11,11,-25,-65,9.995383e-01,4.606219e-04,0.999539,0.999999,-0.00046,-7.68293,Land,0.999538,6.703593e-08,4.038094e-11,4.228807e-08,7.448390e-12,2.827369e-09,1.956730e-12
11,12,-25,-55,6.189717e-01,3.810233e-01,0.618975,0.999995,-0.47970,-0.96489,Land,0.618972,8.345226e-08,5.152135e-10,2.023129e-08,2.003532e-09,4.061196e-09,1.486663e-11
11,13,-25,-45,7.968223e-06,9.999918e-01,0.000008,1.000000,-11.74005,-0.00001,Water,0.999992,5.212036e-10,4.027421e-09,1.301709e-12,9.641528e-09,4.914427e-11,6.920611e-11
11,14,-25,-35,2.387625e-05,9.999760e-01,0.000024,1.000000,-10.64263,-0.00002,Water,0.999976,1.072448e-09,1.904493e-09,3.883533e-12,6.544013e-09,5.107215e-11,2.036996e-11
11,15,-25,-25,1.881257e-06,9.999981e-01,0.000002,1.000000,-13.18357,-0.00000,Water,0.999998,4.597851e-11,5.994496e-10,2.106763e-13,3.788147e-09,5.950025e-12,4.167488e-12
11,16,-25,-15,2.551466e-03,9.974483e-01,0.002551,1.000000,-5.97109,-0.00255,Water,0.997448,3.689210e-09,1.180648e-09,2.803804e-10,8.735672e-09,3.716608e-10,3.437906e-11
11,17,-25,-5,2.916344e-03,9.970835e-01,0.002916,1.000000,-5.83742,-0.00292,Water,0.997083,2.665544e-09,6.309000e-10,4.463331e-10,9.863827e-09,1.775194e-10,1.395316e-11
11,18,-25,5,9.966853e-01,3.312496e-03,0.996687,0.999998,-0.00332,-5.71005,Land,0.996685,1.699131e-07,2.442909e-10,3.639773e-08,6.071043e-11,1.050541e-08,1.109478e-11
11,19,-25,15,9.999735e-01,2.557796e-05,0.999974,0.999999,-0.00003,-10.57378,Land,0.999973,1.485260e-07,1.375676e-11,1.848467e-08,5.962463e-13,4.852613e-09,5.927736e-13
11,20,-25,25,9.999929e-01,6.393263e-06,0.999994,0.999999,-0.00001,-11.96027,Land,0.999993,1.324394e-07,5.434229e-12,1.955396e-08,1.908537e-13,4.214195e-09,2.508840e-13
11,21,-25,35,9.999582e-01,4.012033e-05,0.999960,0.999998,-0.00004,-10.12363,Land,0.999958,1.321185e-07,1.109615e-11,2.739502e-08,1.675212e-12,6.635636e-09,6.183163e-13
11,22,-25,45,9.999479e-01,5.063661e-05,0.999949,0.999998,-0.00005,-9.89084,Land,0.999948,1.162933e-07,1.107080e-11,1.859088e-08,8.023463e-13,2.737965e-09,3.793049e-13
11,23,-25,55,9.949236e-01,5.075973e-03,0.994924,1.000000,-0.00509,-5.28324,Land,0.994924,8.821919e-08,1.251990e-10,2.007844e-08,3.534419e-11,8.279907e-09,2.681870e-12
11,24,-25,65,9.618698e-01,3.812868e-02,0.961871,0.999998,-0.03888,-3.26679,Land,0.961870,1.413557e-07,6.145116e-10,2.274627e-08,3.123938e-10,6.593210e-09,2.312561e-11
11,25,-25,75,9.973028e-01,2.695945e-03,0.997304,0.999999,-0.00270,-5.91601,Land,0.997303,1.084156e-07,1.186957e-10,2.270973e-08,2.506096e-11,7.443546e-09,6.694209e-12
11,26,-25,85,9.700361e-01,2.996331e-02,0.970037,0.999999,-0.03042,-3.50778,Land,0.970036,1.059724e-07,3.888886e-10,1.371770e-08,1.974381e-10,1.200798e-08,1.049516e-11
11,27,-25,95,9.941037e-01,5.894977e-03,0.994105,0.999999,-0.00591,-5.13365,Land,0.994104,8.719787e-08,1.668903e-10,4.310040e-08,1.047481e-10,1.268543e-08,9.141377e-12
11,28,-25,105,9.999210e-01,7.845445e-05,0.999922,0.999999,-0.00008,-9.45299,Land,0.999921,3.312701e-08,7.629783e-12,2.737055e-08,2.125464e-12,3.398727e-09,6.475149e-13
11,29,-25,115,9.999736e-01,2.558463e-05,0.999974,0.999999,-0.00003,-10.57352,Land,0.999974,7.911065e-08,4.717455e-12,1.361475e-08,3.951282e-13,2.724613e-09,3.433038e-13
11,30,-25,125,9.960640e-01,3.933804e-03,0.996066,0.999998,-0.00394,-5.53815,Land,0.996064,8.809286e-08,7.827840e-11,3.605134e-08,4.516696e-11,3.594785e-09,4.022364e-12
11,31,-25,135,9.999610e-01,3.840727e-05,0.999962,0.999999,-0.00004,-10.16726,Land,0.999961,8.640723e-08,1.348507e-11,1.453319e-08,7.135765e-13,2.665331e-09,9.876088e-13
11,32,-25,145,9.999708e-01,2.763647e-05,0.999972,0.999998,-0.00003,-10.49637,Land,0.999971,1.458428e-07,6.689604e-12,3.311478e-08,6.973333e-13,3.711009e-09,4.047276e-13
11,33,-25,155,9.977215e-01,2.274839e-03,0.997725,0.999996,-0.00228,-6.08585,Land,0.997722,1.802177e-07,1.042685e-10,9.868880e-08,5.031193e-11,8.239443e-09,4.316035e-12
11,34,-25,165,9.253469e-03,9.907458e-01,0.009253,0.999999,-4.68276,-0.00930,Water,0.990746,2.113794e-08,2.030376e-09,1.839375e-09,2.835699e-08,1.356745e-09,6.180799e-11
11,35,-25,175,1.162583e-03,9.988368e-01,0.001163,0.999999,-6.75711,-0.00116,Water,0.998837,8.210268e-09,2.283983e-09,2.377782e-10,2.245718e-08,6.531115e-10,5.559256e-11
12,0,-35,-175,4.724535e-05,9.999521e-01,0.000047,0.999999,-9.96016,-0.00005,Water,0.999952,1.617148e-09,4.292673e-09,2.769349e-12,8.508531e-09,2.103148e-10,9.539941e-11
12,1,-35,-165,1.872866e-05,9.999806e-01,0.000019,0.999999,-10.88546,-0.00002,Water,0.999981,9.222069e-10,5.190319e-09,1.670799e-12,9.892950e-09,9.254067e-11,9.813930e-11
12,2,-35,-155,2.468346e-05,9.999745e-01,0.000025,0.999999,-10.60938,-0.00003,Water,0.999975,1.414287e-09,5.749197e-09,1.826032e-12,6.716427e-09,1.613309e-10,1.194534e-10
12,3,-35,-145,5.108504e-06,9.999946e-01,0.000005,1.000000,-12.18460,-0.00001,Water,0.999995,7.926052e-10,4.587733e-09,1.234451e-12,1.206435e-08,5.882162e-11,7.995072e-11
12,4,-35,-135,4.073220e-05,9.999590e-01,0.000041,1.000000,-10.10849,-0.00004,Water,0.999959,1.835685e-09,2.167677e-09,4.156644e-12,5.735324e-09,1.648145e-10,5.760396e-11
12,5,-35,-125,2.374292e-05,9.999761e-01,0.000024,1.000000,-10.64823,-0.00002,Water,0.999976,1.869350e-09,4.040919e-09,2.047714e-12,4.508136e-09,1.095638e-10,6.776862e-11
12,6,-35,-115,9.998738e-01,1.252065e-04,0.999875,0.999999,-0.00013,-8.98555,Land,0.999874,5.730164e-08,1.480937e-11,3.309011e-08,2.183785e-12,3.711758e-09,6.257442e-13
12,7,-35,-105,9.994641e-01,5.348024e-04,0.999465,0.999999,-0.00054,-7.53361,Land,0.999464,7.168047e-08,4.474135e-11,3.159394e-08,7.292897e-12,4.256241e-09,1.434473e-12
12,8,-35,-95,9.989095e-01,1.088712e-03,0.998911,0.999998,-0.00109,-6.82276,Land,0.998909,1.245061e-07,6.242376e-11,4.751869e-08,1.847914e-11,5.645783e-09,2.007619e-12
12,9,-35,-85,9.990056e-01,9.931222e-04,0.999007,0.999999,-0.00099,-6.91466,Land,0.999006,1.062315e-07,8.666878e-11,2.772138e-08,1.534135e-11,4.066846e-09,2.669212e-12
12,10,-35,-75,9.247147e-01,7.528173e-02,0.924718,0.999996,-0.07827,-2.58652,Land,0.924715,1.156146e-07,6.042704e-10,5.249069e-08,9.675387e-10,3.037470e-09,9.186017e-12
12,11,-35,-65,6.686907e-01,3.313079e-01,0.668692,0.999999,-0.40243,-1.10471,Land,0.668691,1.560008e-07,1.876112e-09,1.631938e-08,1.574767e-09,4.881292e-09,3.489670e-11
12,12,-35,-55,4.245404e-03,9.957543e-01,0.004245,1.000000,-5.46192,-0.00425,Water,0.995754,1.576895e-08,9.687202e-10,3.290456e-10,7.986731e-09,6.571194e-10,4.244723e-11
12,13,-35,-45,6.658072e-06,9.999933e-01,0.000007,1.000000,-11.91968,-0.00001,Water,0.999993,3.404793e-10,9.183652e-10,7.188631e-13,4.956829e-09,3.519453e-11,2.557072e-11
12,14,-35,-35,4.375059e-07,9.999995e-01,0.000000,1.000000,-14.64218,-0.00000,Water,1.000000,4.985804e-11,1.133475e-09,1.592410e-13,4.143494e-09,5.024690e-12,1.939140e-11
12,15,-35,-25,3.030216e-06,9.999968e-01,0.000003,1.000000,-12.70688,-0.00000,Water,0.999997,2.967261e-10,1.947144e-09,6.848228e-13,7.628496e-09,4.354074e-11,4.794509e-11
12,16,-35,-15,4.730385e-05,9.999527e-01,0.000047,1.000000,-9.95892,-0.00005,Water,0.999953,6.059910e-10,3.244351e-10,7.494638e-12,3.650908e-09,2.516256e-11,5.632733e-12
12,17,-35,-5,1.168717e-05,9.999882e-01,0.000012,1.000000,-11.35702,-0.00001,Water,0.999988,6.532603e-10,1.997945e-09,2.391851e-12,8.532811e-09,7.991164e-11,6.047340e-11
12,18,-35,5,2.384043e-03,9.976159e-01,0.002384,1.000000,-6.03896,-0.00239,Water,0.997616,8.809781e-09,1.434466e-09,6.068383e-11,4.608102e-09,6.087253e-10,1.639019e-11
12,19,-35,15,9.998391e-01,1.593876e-04,0.999841,0.999999,-0.00016,-8.74417,Land,0.999839,2.978826e-07,4.926725e-11,3.498137e-08,3.613985e-12,1.511154e-08,2.614131e-12
12,20,-35,25,9.999887e-01,1.030058e-05,0.999990,0.999999,-0.00001,-11.48331,Land,0.999989,9.723766e-08,5.926173e-12,2.652702e-08,3.874620e-13,3.006615e-09,3.763115e-13
12,21,-35,35,9.999196e-01,7.912779e-05,0.999921,0.999999,-0.00008,-9.44445,Land,0.999920,2.728171e-07,3.020127e-11,2.647932e-08,1.732748e-12,1.020296e-08,9.945364e-13
12,22,-35,45,9.367158e-01,6.327992e-02,0.936720,0.999996,-0.06538,-2.76019,Land,0.936716,2.778657e-07,9.663722e-10,7.274785e-08,1.595145e-09,1.651799e-08,3.811654e-11
12,23,-35,55,1.973556e-02,9.802642e-01,0.019736,1.000000,-3.92533,-0.01993,Water,0.980264,3.258962e-08,1.644500e-09,3.311633e-10,3.929334e-09,3.069863e-09,2.415193e-11
12,24,-35,65,9.840663e-02,9.015925e-01,0.098407,0.999999,-2.31865,-0.10359,Water,0.901593,1.335181e-07,4.249664e-09,2.531272e-09,5.471319e-09,1.048602e-08,9.041901e-11
12,25,-35,75,7.352714e-03,9.926472e-01,0.007353,1.000000,-4.91269,-0.00738,Water,0.992647,9.835024e-09,5.263099e-10,8.246568e-11,1.404497e-09,6.774556e-10,7.002413e-12
12,26,-35,85,9.803203e-01,1.967659e-02,0.980323,0.999997,-0.01988,-3.92833,Land,0.980320,1.718234e-07,7.258881e-10,7.736334e-08,4.838040e-10,2.502421e-08,4.524219e-11
12,27,-35,95,5.696472e-01,4.303484e-01,0.569650,0.999996,-0.56274,-0.84316,Land,0.569647,1.335468e-07,1.808260e-09,5.595577e-08,1.112570e-08,2.847502e-08,1.513958e-10
12,28,-35,105,9.994902e-01,5.089052e-04,0.999491,0.999999,-0.00051,-7.58325,Land,0.999490,6.078802e-08,4.292026e-11,4.253305e-08,1.176502e-11,6.537868e-09,2.429730e-12
12,29,-35,115,9.998721e-01,1.266832e-04,0.999873,0.999999,-0.00013,-8.97382,Land,0.999872,9.558713e-08,1.464548e-11,3.565636e-08,2.141433e-12,8.787254e-09,1.058528e-12
12,30,-35,125,9.958790e-01,4.118567e-03,0.995881,0.999998,-0.00413,-5.49225,Land,0.995879,1.275037e-07,1.672426e-10,6.588477e-08,8.992811e-11,1.157624e-08,1.298525e-11
12,31,-35,135,9.995980e-01,3.999837e-04,0.999600,0.999998,-0.00040,-7.82409,Land,0.999598,2.846126e-07,6.688517e-11,4.483142e-08,6.015108e-12,1.137753e-08,6.902429e-12
12,32,-35,145,9.998804e-01,1.179921e-04,0.999882,0.999998,-0.00012,-9.04489,Land,0.999880,1.399847e-07,1.653874e-11,7.554170e-08,1.851730e-12,5.988950e-09,1.216387e-12
12,33,-35,155,9.974224e-01,2.574024e-03,0.997426,0.999996,-0.00258,-5.96228,Land,0.997422,1.567709e-07,1.424271e-10,1.278120e-07,5.671661e-11,1.053446e-08,6.327741e-12
12,34,-35,165,9.607850e-04,9.990384e-01,0.000961,0.999999,-6.94776,-0.00096,Water,0.999038,6.987699e-09,3.873666e-09,2.624330e-10,3.590295e-08,1.064167e-09,1.408056e-10
12,35,-35,175,1.111702e-03,9.988878e-01,0.001112,1.000000,-6.80186,-0.00111,Water,0.998888,5.677806e-09,1.595601e-09,2.181837e-10,2.089872e-08,6.836490e-10,6.658983e-11
13,0,-45,-175,1.945996e-06,9.999979e-01,0.000002,1.000000,-13.14974,-0.00000,Water,0.999998,1.824661e-10,2.712742e-09,3.333009e-13,6.701669e-09,1.860597e-11,4.611283e-11
13,1,-45,-165,1.281822e-06,9.999986e-01,0.000001,1.000000,-13.56723,-0.00000,Water,0.999999,1.108534e-10,2.068256e-09,3.413428e-13,7.022209e-09,1.353258e-11,4.118755e-11
13,2,-45,-155,9.024553e-07,9.999990e-01,0.000001,1.000000,-13.91815,-0.00000,Water,0.999999,1.338105e-10,2.003791e-09,3.759731e-13,5.506627e-09,1.140858e-11,3.786864e-11
13,3,-45,-145,3.147359e-07,9.999996e-01,0.000000,1.000000,-14.97153,-0.00000,Water,1.000000,7.008430e-11,2.087902e-09,1.621071e-13,6.907893e-09,8.432141e-12,3.826396e-11
13,4,-45,-135,7.739988e-06,9.999922e-01,0.000008,1.000000,-11.76911,-0.00001,Water,0.999992,5.652900e-10,1.865479e-09,1.640611e-12,5.381998e-09,3.232710e-11,2.615640e-11
13,5,-45,-125,6.592189e-07,9.999993e-01,0.000001,1.000000,-14.23221,-0.00000,Water,0.999999,1.091709e-10,2.007037e-09,2.643769e-13,4.164382e-09,8.339371e-12,4.068871e-11
13,6,-45,-115,9.580058e-01,4.199050e-02,0.958009,0.999996,-0.04290,-3.17031,Land,0.958006,2.273821e-07,7.863474e-10,1.065070e-07,1.034819e-09,7.824825e-09,1.285450e-11
13,7,-45,-105,5.182061e-01,4.817906e-01,0.518208,0.999997,-0.65738,-0.73025,Land,0.518206,1.438013e-07,2.127332e-09,3.101217e-08,5.070309e-09,1.037197e-08,6.559740e-11
13,8,-45,-95,1.687073e-04,9.998308e-01,0.000169,1.000000,-8.68735,-0.00017,Water,0.999831,7.939960e-09,3.950741e-09,1.614354e-11,1.040379e-08,8.026983e-10,1.568767e-10
13,9,-45,-85,8.684559e-06,9.999911e-01,0.000009,1.000000,-11.65396,-0.00001,Water,0.999991,1.044896e-09,3.604337e-09,1.003376e-12,8.000880e-09,1.042863e-10,7.026935e-11
13,10,-45,-75,3.005652e-05,9.999696e-01,0.000030,1.000000,-10.41243,-0.00003,Water,0.999970,3.273399e-09,1.287319e-08,3.420836e-12,1.162465e-08,1.575902e-10,1.867485e-10
13,11,-45,-65,3.166475e-05,9.999681e-01,0.000032,1.000000,-10.36031,-0.00003,Water,0.999968,2.598683e-09,3.931641e-09,6.365642e-12,1.996421e-08,1.853358e-10,1.049439e-10
13,12,-45,-55,5.612912e-05,9.999437e-01,0.000056,1.000000,-9.78786,-0.00006,Water,0.999944,3.316354e-09,1.391958e-09,1.049779e-11,1.522861e-08,1.513668e-10,5.136093e-11
13,13,-45,-45,2.927267e-08,9.999999e-01,0.000000,1.000000,-17.34661,-0.00000,Water,1.000000,1.674346e-11,1.146903e-09,9.928909e-14,8.971619e-09,1.934422e-12,2.561309e-11
13,14,-45,-35,9.516257e-07,9.999990e-01,0.000001,1.000000,-13.86509,-0.00000,Water,0.999999,2.230136e-10,1.982563e-09,3.678740e-13,1.059103e-08,1.782200e-11,4.131755e-11
13,15,-45,-25,3.997293e-08,9.999999e-01,0.000000,1.000000,-17.03506,-0.00000,Water,1.000000,1.867560e-11,7.223739e-10,1.063059e-13,6.767911e-09,1.116534e-12,1.099123e-11
13,16,-45,-15,6.086926e-07,9.999994e-01,0.000001,1.000000,-14.31195,-0.00000,Water,0.999999,4.999254e-11,7.374308e-10,3.754240e-13,5.336798e-09,2.379252e-12,6.959816e-12
13,17,-45,-5,4.245382e-07,9.999995e-01,0.000000,1.000000,-14.67226,-0.00000,Water,1.000000,4.441420e-11,1.781754e-09,1.654836e-13,4.402433e-09,3.388456e-12,1.678261e-11
13,18,-45,5,1.954171e-06,9.999980e-01,0.000002,1.000000,-13.14554,-0.00000,Water,0.999998,4.599167e-11,2.896671e-10,4.837518e-13,1.974080e-09,2.091087e-12,2.347420e-12
13,19,-45,15,5.959462e-01,4.040535e-01,0.595946,1.000000,-0.51760,-0.90621,Land,0.595946,1.373846e-07,1.115535e-09,4.113630e-09,1.093186e-09,2.529321e-09,4.582165e-12
13,20,-45,25,3.197597e-01,6.802363e-01,0.319761,0.999996,-1.14019,-0.38532,Water,0.680236,2.639506e-07,6.232995e-09,4.320042e-08,1.917983e-08,1.571725e-08,1.251378e-10
13,21,-45,35,9.581452e-01,4.185429e-02,0.958146,0.999999,-0.04276,-3.17356,Land,0.958145,2.342612e-07,3.117024e-10,6.577887e-09,1.641477e-10,8.849488e-09,3.335119e-12
13,22,-45,45,1.552173e-05,9.999844e-01,0.000016,1.000000,-11.07327,-0.00002,Water,0.999984,4.312166e-10,8.538383e-10,2.651305e-12,4.321353e-09,2.282024e-11,1.240395e-11
13,23,-45,55,2.549157e-05,9.999742e-01,0.000025,1.000000,-10.57716,-0.00003,Water,0.999974,2.742051e-09,6.254154e-09,6.037179e-12,2.726917e-08,2.228629e-10,1.785712e-10
13,24,-45,65,8.083300e-05,9.999185e-01,0.000081,0.999999,-9.42313,-0.00008,Water,0.999919,6.756897e-09,5.431354e-09,1.998635e-11,2.272848e-08,5.675565e-10,2.069416e-10
13,25,-45,75,3.148116e-06,9.999965e-01,0.000003,1.000000,-12.66871,-0.00000,Water,0.999997,8.470133e-10,4.250235e-09,9.812738e-13,6.804252e-09,6.169429e-11,7.544431e-11
13,26,-45,85,5.709065e-05,9.999426e-01,0.000057,1.000000,-9.77087,-0.00006,Water,0.999943,4.156711e-09,1.791009e-09,3.041619e-12,5.616301e-09,3.591550e-10,3.779658e-11
13,27,-45,95,7.396787e-04,9.992599e-01,0.000740,1.000000,-7.20929,-0.00074,Water,0.999260,1.369415e-08,2.084710e-09,1.672967e-11,4.940183e-09,1.213830e-09,4.498422e-11
13,28,-45,105,9.956974e-01,4.301439e-03,0.995699,0.999999,-0.00431,-5.44881,Land,0.995697,4.076056e-08,1.407146e-10,5.310258e-08,1.469663e-10,6.308836e-09,7.838212e-12
13,29,-45,115,9.955257e-01,4.472092e-03,0.995528,0.999998,-0.00448,-5.40990,Land,0.995526,8.065818e-08,1.282587e-10,6.923628e-08,1.244397e-10,1.000995e-08,5.484912e-12
13,30,-45,125,2.158667e-01,7.841293e-01,0.215868,0.999996,-1.53309,-0.24318,Water,0.784129,6.204599e-08,1.332249e-09,3.748622e-08,1.446984e-08,2.782324e-09,4.225396e-11
13,31,-45,135,9.933942e-01,6.602375e-03,0.993398,0.999997,-0.00663,-5.02033,Land,0.993394,1.657338e-07,2.838100e-10,7.864143e-08,1.734924e-10,9.762628e-09,1.568085e-11
13,32,-45,145,6.095427e-01,3.904531e-01,0.609545,0.999996,-0.49505,-0.94045,Land,0.609543,1.184880e-07,2.419774e-09,7.395006e-08,9.878795e-09,1.196063e-08,8.078931e-11
13,33,-45,155,3.611645e-03,9.963879e-01,0.003612,1.000000,-5.62359,-0.00362,Water,0.996388,1.356301e-08,1.842360e-09,7.115149e-10,2.342677e-08,1.232509e-09,6.830396e-11
13,34,-45,165,7.988813e-05,9.999193e-01,0.000080,0.999999,-9.43488,-0.00008,Water,0.999919,2.525079e-09,2.694625e-09,1.620950e-11,2.735514e-08,3.061652e-10,1.018328e-10
13,35,-45,175,1.309419e-04,9.998686e-01,0.000131,1.000000,-8.94076,-0.00013,Water,0.999869,2.590978e-09,3.219110e-09,2.183616e-11,2.116901e-08,2.616667e-10,8.345795e-11
14,0,-55,-175,9.010483e-08,9.999999e-01,0.000000,1.000000,-16.22229,-0.00000,Water,1.000000,2.251724e-11,1.183239e-09,1.159670e-13,6.549354e-09,2.834009e-12,2.440117e-11
14,1,-55,-165,3.314587e-08,9.999999e-01,0.000000,1.000000,-17.22235,-0.00000,Water,1.000000,1.126626e-11,1.134795e-09,4.489113e-14,5.708917e-09,1.102946e-12,1.750807e-11
14,2,-55,-155,3.102236e-08,9.999999e-01,0.000000,1.000000,-17.28856,-0.00000,Water,1.000000,1.020201e-11,1.975123e-09,5.478973e-14,9.113032e-09,1.770714e-12,3.778221e-11
14,3,-55,-145,2.085411e-08,1.000000e+00,0.000000,1.000000,-17.68571,-0.00000,Water,1.000000,6.097204e-12,8.830173e-10,2.979125e-14,5.018149e-09,1.087629e-12,2.336832e-11
14,4,-55,-135,7.996103e-08,9.999999e-01,0.000000,1.000000,-16.34173,-0.00000,Water,1.000000,1.796964e-11,1.435814e-09,5.665404e-14,6.228405e-09,1.922666e-12,2.203691e-11
14,5,-55,-125,4.691672e-08,9.999999e-01,0.000000,1.000000,-16.87489,-0.00000,Water,1.000000,1.238856e-11,1.105477e-09,4.416507e-14,5.284446e-09,1.230254e-12,1.710152e-11
14,6,-55,-115,4.296295e-06,9.999956e-01,0.000004,1.000000,-12.35776,-0.00000,Water,0.999996,4.563981e-10,3.298135e-09,1.068459e-12,7.614804e-09,1.925020e-11,2.997063e-11
14,7,-55,-105,2.286118e-06,9.999976e-01,0.000002,1.000000,-12.98866,-0.00000,Water,0.999998,3.897824e-10,4.344298e-09,9.508302e-13,9.082808e-09,1.955657e-11,4.233875e-11
14,8,-55,-95,4.122819e-06,9.999957e-01,0.000004,1.000000,-12.39897,-0.00000,Water,0.999996,3.953746e-10,2.662006e-09,5.053175e-13,4.570630e-09,3.838369e-11,5.857410e-11
14,9,-55,-85,6.403989e-06,9.999934e-01,0.000006,1.000000,-11.95859,-0.00001,Water,0.999993,1.003390e-09,4.828195e-09,1.322454e-12,7.655797e-09,6.781499e-11,7.244738e-11
14,10,-55,-75,2.295399e-06,9.999975e-01,0.000002,1.000000,-12.98460,-0.00000,Water,0.999998,4.600272e-10,5.364617e-09,4.794270e-13,8.341695e-09,6.141668e-11,2.100906e-10
14,11,-55,-65,7.142264e-06,9.999927e-01,0.000007,1.000000,-11.84948,-0.00001,Water,0.999993,6.652529e-10,6.412891e-09,8.850523e-13,9.061812e-09,8.299729e-11,1.593500e-10
14,12,-55,-55,2.076778e-06,9.999977e-01,0.000002,1.000000,-13.08469,-0.00000,Water,0.999998,1.269974e-10,2.736391e-09,2.437565e-13,8.089963e-09,2.387497e-11,1.286878e-10
14,13,-55,-45,9.881349e-08,9.999999e-01,0.000000,1.000000,-16.13003,-0.00000,Water,1.000000,1.756364e-11,6.050650e-10,4.643248e-14,2.205206e-09,1.468885e-12,1.075341e-11
14,14,-55,-35,1.511809e-08,1.000000e+00,0.000000,1.000000,-18.00737,-0.00000,Water,1.000000,7.912727e-12,6.090429e-10,2.840492e-14,4.853192e-09,7.264697e-13,9.849379e-12
14,15,-55,-25,7.317675e-09,1.000000e+00,0.000000,1.000000,-18.73297,-0.00000,Water,1.000000,2.954963e-12,4.455866e-10,1.799707e-14,2.729918e-09,3.494950e-13,7.572125e-12
14,16,-55,-15,1.707359e-07,9.999998e-01,0.000000,1.000000,-15.58315,-0.00000,Water,1.000000,2.625379e-11,8.408630e-10,9.512981e-14,2.967248e-09,2.339504e-12,1.117535e-11
14,17,-55,-5,1.145225e-08,1.000000e+00,0.000000,1.000000,-18.28508,-0.00000,Water,1.000000,5.870523e-12,5.317894e-10,3.153934e-14,3.824960e-09,5.310791e-13,1.011160e-11
14,18,-55,5,3.218076e-07,9.999996e-01,0.000000,1.000000,-14.94931,-0.00000,Water,1.000000,5.525334e-11,1.354581e-09,1.698196e-13,5.642302e-09,5.319581e-12,2.808088e-11
14,19,-55,15,2.112056e-06,9.999978e-01,0.000002,1.000000,-13.06785,-0.00000,Water,0.999998,2.045052e-10,5.976821e-10,1.223232e-12,4.834022e-09,8.001799e-12,8.999514e-12
14,20,-55,25,1.788241e-06,9.999981e-01,0.000002,1.000000,-13.23428,-0.00000,Water,0.999998,3.108836e-10,1.736882e-09,8.046127e-13,8.342691e-09,1.673050e-11,2.472844e-11
14,21,-55,35,2.425816e-04,9.997569e-01,0.000243,0.999999,-8.32417,-0.00024,Water,0.999757,1.093834e-08,3.406597e-09,3.502137e-11,1.280721e-08,5.024429e-10,7.890667e-11
14,22,-55,45,2.995729e-05,9.999698e-01,0.000030,1.000000,-10.41574,-0.00003,Water,0.999970,1.785121e-09,2.468889e-09,4.698042e-12,9.732300e-09,1.075953e-10,5.055753e-11
14,23,-55,55,1.800041e-06,9.999980e-01,0.000002,1.000000,-13.22770,-0.00000,Water,0.999998,3.002949e-10,3.413669e-09,3.099731e-13,9.153700e-09,3.272907e-11,8.643973e-11
14,24,-55,65,1.028770e-05,9.999892e-01,0.000010,0.999999,-11.48456,-0.00001,Water,0.999989,1.125868e-09,4.675459e-09,2.120765e-12,1.709421e-08,1.398001e-10,1.564434e-10
14,25,-55,75,1.213661e-05,9.999874e-01,0.000012,1.000000,-11.31928,-0.00001,Water,0.999987,1.605926e-09,4.862348e-09,3.042295e-12,1.466842e-08,1.438430e-10,1.372370e-10
14,26,-55,85,2.330393e-05,9.999759e-01,0.000023,0.999999,-10.66689,-0.00002,Water,0.999976,2.725689e-09,4.769293e-09,3.432318e-12,8.844891e-09,1.872042e-10,1.345981e-10
14,27,-55,95,9.550998e-06,9.999899e-01,0.000010,0.999999,-11.55886,-0.00001,Water,0.999990,1.365710e-09,5.007605e-09,2.283829e-12,1.388646e-08,1.355049e-10,1.206388e-10
14,28,-55,105,4.908199e-05,9.999505e-01,0.000049,1.000000,-9.92202,-0.00005,Water,0.999950,3.583127e-09,2.757086e-09,1.061022e-11,1.764148e-08,3.036568e-10,7.661526e-11
14,29,-55,115,1.128169e-05,9.999884e-01,0.000011,1.000000,-11.39233,-0.00001,Water,0.999988,1.131156e-09,2.409857e-09,5.328991e-12,1.805881e-08,1.062082e-10,6.385268e-11
14,30,-55,125,1.101237e-05,9.999886e-01,0.000011,1.000000,-11.41649,-0.00001,Water,0.999989,1.605455e-09,4.360068e-09,3.442530e-12,1.465519e-08,1.026499e-10,8.913610e-11
14,31,-55,135,2.056150e-05,9.999791e-01,0.000021,1.000000,-10.79209,-0.00002,Water,0.999979,1.894915e-09,4.538006e-09,4.162492e-12,1.285005e-08,1.046560e-10,7.812868e-11
14,32,-55,145,4.468266e-05,9.999548e-01,0.000045,0.999999,-10.01593,-0.00005,Water,0.999955,1.954023e-09,4.722802e-09,4.625573e-12,1.546352e-08,2.887108e-10,1.587194e-10
14,33,-55,155,3.024061e-06,9.999969e-01,0.000003,1.000000,-12.70891,-0.00000,Water,0.999997,2.096731e-10,1.617351e-09,8.638144e-13,9.040301e-09,2.293942e-11,4.458859e-11
14,34,-55,165,3.180233e-07,9.999996e-01,0.000000,1.000000,-14.96114,-0.00000,Water,1.000000,6.367309e-11,1.724644e-09,2.418206e-13,9.066634e-09,8.007699e-12,4.229069e-11
14,35,-55,175,1.274084e-06,9.999986e-01,0.000001,1.000000,-13.57328,-0.00000,Water,0.999999,1.690923e-10,1.976142e-09,6.049248e-13,7.931412e-09,1.763451e-11,3.896767e-11
15,0,-65,-175,1.353531e-05,9.999863e-01,0.000014,1.000000,-11.21021,-0.00001,Water,0.999986,5.488668e-10,2.437441e-09,1.260052e-12,7.550047e-09,3.576174e-11,4.799504e-11
15,1,-65,-165,1.324683e-05,9.999865e-01,0.000013,1.000000,-11.23175,-0.00001,Water,0.999986,8.642691e-10,3.089600e-09,1.685306e-12,8.793285e-09,5.067248e-11,4.952892e-11
15,2,-65,-155,2.368307e-05,9.999759e-01,0.000024,1.000000,-10.65075,-0.00002,Water,0.999976,1.431256e-09,4.451462e-09,2.469018e-12,8.846933e-09,9.495356e-11,7.926210e-11
15,3,-65,-145,5.030645e-05,9.999491e-01,0.000050,0.999999,-9.89738,-0.00005,Water,0.999949,2.430533e-09,4.515900e-09,3.878820e-12,7.972066e-09,1.729199e-10,9.894665e-11
15,4,-65,-135,6.159956e-05,9.999377e-01,0.000062,0.999999,-9.69486,-0.00006,Water,0.999938,2.864253e-09,2.888343e-09,5.623406e-12,8.005838e-09,1.635529e-10,7.112751e-11
15,5,-65,-125,3.914948e-05,9.999605e-01,0.000039,1.000000,-10.14812,-0.00004,Water,0.999961,1.782590e-09,2.231730e-09,3.147170e-12,6.519114e-09,9.322041e-11,4.489448e-11
15,6,-65,-115,1.728091e-03,9.982709e-01,0.001728,0.999999,-6.36074,-0.00173,Water,0.998271,1.558261e-08,1.857346e-09,1.854584e-10,6.669395e-09,5.433285e-10,4.523730e-11
15,7,-65,-105,1.543032e-04,9.998448e-01,0.000154,0.999999,-8.77659,-0.00016,Water,0.999845,6.764557e-09,2.776950e-09,1.782185e-11,8.302167e-09,3.201150e-10,5.261760e-11
15,8,-65,-95,2.915068e-05,9.999703e-01,0.000029,0.999999,-10.44303,-0.00003,Water,0.999970,1.657032e-09,2.154605e-09,2.496860e-12,5.754938e-09,1.538118e-10,7.524703e-11
15,9,-65,-85,3.804191e-05,9.999613e-01,0.000038,0.999999,-10.17682,-0.00004,Water,0.999961,3.311659e-09,5.006803e-09,4.479288e-12,8.625602e-09,1.866099e-10,1.112353e-10
15,10,-65,-75,3.464672e-06,9.999963e-01,0.000003,1.000000,-12.57289,-0.00000,Water,0.999996,3.815960e-10,3.507363e-09,5.591043e-13,7.248183e-09,3.976401e-11,9.573584e-11
15,11,-65,-65,8.784412e-05,9.999114e-01,0.000088,0.999999,-9.33995,-0.00009,Water,0.999911,5.857852e-09,1.709471e-08,3.580956e-12,9.688304e-09,5.071615e-10,2.374943e-10
15,12,-65,-55,1.018950e-05,9.999897e-01,0.000010,1.000000,-11.49415,-0.00001,Water,0.999990,6.989561e-10,3.792122e-09,1.058740e-12,8.198525e-09,6.270606e-11,7.135869e-11
15,13,-65,-45,6.564815e-07,9.999993e-01,0.000001,1.000000,-14.23637,-0.00000,Water,0.999999,1.130095e-10,1.708045e-09,1.386279e-13,3.287735e-09,6.662347e-12,2.390151e-11
15,14,-65,-35,2.846568e-07,9.999997e-01,0.000000,1.000000,-15.07198,-0.00000,Water,1.000000,4.142312e-11,7.267547e-10,1.043204e-13,2.888886e-09,2.454108e-12,8.911826e-12
15,15,-65,-25,7.489624e-07,9.999992e-01,0.000001,1.000000,-14.10458,-0.00000,Water,0.999999,6.069263e-11,1.086132e-09,1.528910e-13,3.963795e-09,4.381428e-12,1.830349e-11
15,16,-65,-15,1.006376e-05,9.999898e-01,0.000010,1.000000,-11.50657,-0.00001,Water,0.999990,4.538541e-10,8.148902e-10,1.411487e-12,4.378595e-09,2.006758e-11,1.524824e-11
15,17,-65,-5,1.474110e-06,9.999985e-01,0.000001,1.000000,-13.42746,-0.00000,Water,0.999998,1.449121e-10,1.252322e-09,3.162609e-13,4.804564e-09,1.119720e-11,1.987267e-11
15,18,-65,5,4.737581e-06,9.999950e-01,0.000005,1.000000,-12.25998,-0.00000,Water,0.999995,5.362312e-10,1.882755e-09,1.048296e-12,9.887485e-09,4.810792e-11,4.960853e-11
15,19,-65,15,6.678412e-04,9.993310e-01,0.000668,0.999999,-7.31146,-0.00067,Water,0.999331,1.220455e-08,2.917778e-09,4.188841e-11,5.319050e-09,4.030069e-10,6.054644e-11
15,20,-65,25,2.408033e-04,9.997584e-01,0.000241,0.999999,-8.33153,-0.00024,Water,0.999758,9.067387e-09,3.122097e-09,3.399660e-11,8.994276e-09,3.383903e-10,6.120422e-11
15,21,-65,35,5.445306e-04,9.994549e-01,0.000545,0.999999,-7.51559,-0.00055,Water,0.999455,1.608604e-08,2.972603e-09,7.414541e-11,8.118367e-09,5.819754e-10,6.245105e-11
15,22,-65,45,2.268562e-04,9.997720e-01,0.000227,0.999999,-8.39119,-0.00023,Water,0.999772,4.928496e-09,1.203713e-09,1.515235e-11,2.880477e-09,1.130811e-10,2.479818e-11
15,23,-65,55,6.317221e-05,9.999360e-01,0.000063,0.999999,-9.66965,-0.00006,Water,0.999936,2.130038e-09,1.475623e-09,1.058605e-11,1.233431e-08,1.233416e-10,3.755388e-11
15,24,-65,65,2.147458e-04,9.997841e-01,0.000215,0.999999,-8.44606,-0.00022,Water,0.999784,9.540728e-09,4.377282e-09,2.557110e-11,1.609145e-08,4.935876e-10,1.106430e-10
15,25,-65,75,3.381838e-05,9.999646e-01,0.000034,0.999998,-10.29451,-0.00004,Water,0.999965,2.746951e-09,6.404962e-09,3.257485e-12,1.237035e-08,2.840292e-10,2.085880e-10
15,26,-65,85,7.504407e-05,9.999233e-01,0.000075,0.999998,-9.49744,-0.00008,Water,0.999923,4.529017e-09,7.134031e-09,7.737885e-12,1.441547e-08,6.492593e-10,2.174981e-10
15,27,-65,95,6.700876e-04,9.993269e-01,0.000670,0.999997,-7.30810,-0.00067,Water,0.999327,1.400051e-08,3.626589e-09,5.413342e-11,1.070658e-08,1.309978e-09,1.240011e-10
15,28,-65,105,1.956929e-03,9.980412e-01,0.001957,0.999998,-6.23638,-0.00196,Water,0.998041,1.495846e-08,1.897973e-09,1.670284e-10,8.523348e-09,8.389057e-10,5.012467e-11
15,29,-65,115,4.158877e-03,9.958403e-01,0.004159,0.999999,-5.48251,-0.00417,Water,0.995840,1.981116e-08,1.824939e-09,5.884656e-10,9.641838e-09,6.219722e-10,2.525610e-11
15,30,-65,125,1.318770e-03,9.986778e-01,0.001319,0.999997,-6.63106,-0.00132,Water,0.998678,2.297020e-08,3.209657e-09,9.385241e-11,9.080523e-09,1.058147e-09,1.187406e-10
15,31,-65,135,3.800147e-03,9.961966e-01,0.003800,0.999997,-5.57272,-0.00381,Water,0.996197,7.152975e-08,4.538314e-09,2.301456e-10,8.482925e-09,2.540175e-09,1.402196e-10
15,32,-65,145,5.988404e-04,9.993980e-01,0.000599,0.999997,-7.42052,-0.00060,Water,0.999398,1.508189e-08,7.903659e-09,3.347818e-11,1.122836e-08,1.440330e-09,2.536520e-10
15,33,-65,155,5.266465e-04,9.994721e-01,0.000527,0.999999,-7.54898,-0.00053,Water,0.999472,1.505432e-08,7.424791e-09,2.996234e-11,1.014656e-08,8.793490e-10,1.682359e-10
15,34,-65,165,2.899347e-04,9.997089e-01,0.000290,0.999999,-8.14585,-0.00029,Water,0.999709,1.095569e-08,5.934816e-09,1.933502e-11,1.275798e-08,6.463184e-10,1.692830e-10
15,35,-65,175,1.036119e-04,9.998956e-01,0.000104,0.999999,-9.17486,-0.00010,Water,0.999896,4.371460e-09,6.081381e-09,6.953555e-12,8.086183e-09,2.450542e-10,1.069833e-10
16,0,-75,-175,4.533725e-05,9.999542e-01,0.000045,1.000000,-10.00138,-0.00005,Water,0.999954,1.307161e-09,3.248979e-09,4.863531e-12,8.996514e-09,9.609303e-11,7.221029e-11
16,1,-75,-165,8.771455e-04,9.991218e-01,0.000877,0.999999,-7.03884,-0.00088,Water,0.999122,1.047162e-08,2.041952e-09,5.212920e-11,7.353885e-09,4.210143e-10,4.331404e-11
16,2,-75,-155,1.083628e-04,9.998902e-01,0.000108,0.999999,-9.13003,-0.00011,Water,0.999890,3.775503e-09,4.845628e-09,9.436053e-12,9.265682e-09,3.498009e-10,9.537805e-11
16,3,-75,-145,3.513888e-04,9.996463e-01,0.000351,0.999998,-7.95362,-0.00035,Water,0.999646,8.627799e-09,3.100246e-09,1.942821e-11,5.548996e-09,4.429259e-10,6.747752e-11
16,4,-75,-135,2.820094e-03,9.971763e-01,0.002820,0.999996,-5.87099,-0.00283,Water,0.997176,2.885336e-08,1.600633e-09,1.277836e-10,3.830750e-09,1.054962e-09,4.595988e-11
16,5,-75,-125,7.280409e-04,9.992713e-01,0.000728,0.999999,-7.22515,-0.00073,Water,0.999271,8.961424e-09,1.334292e-09,5.276264e-11,5.629746e-09,2.124682e-10,2.021125e-11
16,6,-75,-115,9.941881e-01,5.791562e-03,0.994208,0.999980,-0.00583,-5.15135,Land,0.994188,9.815020e-08,5.846480e-11,3.362648e-09,1.196738e-11,4.793603e-10,3.543598e-13
16,7,-75,-105,5.888421e-01,4.111478e-01,0.588848,0.999990,-0.52960,-0.88880,Land,0.588842,1.208029e-07,4.741657e-10,1.134113e-09,2.054118e-10,1.910199e-09,3.246206e-12
16,8,-75,-95,8.534028e-05,9.999141e-01,0.000085,0.999999,-9.36886,-0.00009,Water,0.999914,3.159792e-09,9.880539e-10,1.189384e-11,5.212633e-09,1.324389e-10,2.839852e-11
16,9,-75,-85,3.432769e-04,9.996561e-01,0.000343,0.999999,-7.97697,-0.00034,Water,0.999656,1.008332e-08,2.930796e-09,2.697988e-11,5.788845e-09,4.231749e-10,4.736788e-11
16,10,-75,-75,1.467476e-02,9.853216e-01,0.014675,0.999996,-4.22163,-0.01479,Water,0.985322,2.594161e-08,6.862988e-10,1.083787e-10,9.746601e-10,5.865239e-10,9.165318e-12
16,11,-75,-65,1.061259e-03,9.989376e-01,0.001061,0.999999,-6.84830,-0.00106,Water,0.998938,1.238099e-08,1.596469e-09,4.208590e-11,2.248845e-09,5.173503e-10,3.175971e-11
16,12,-75,-55,2.333051e-04,9.997663e-01,0.000233,1.000000,-8.36316,-0.00023,Water,0.999766,7.464772e-09,5.144536e-09,1.350350e-11,5.403911e-09,3.578091e-10,6.734726e-11
16,13,-75,-45,1.938543e-05,9.999805e-01,0.000019,1.000000,-10.85099,-0.00002,Water,0.999981,4.369921e-10,6.870676e-10,1.139399e-12,1.511633e-09,1.217641e-11,7.136324e-12
16,14,-75,-35,5.079144e-05,9.999489e-01,0.000051,1.000000,-9.88778,-0.00005,Water,0.999949,3.237815e-09,2.979497e-09,4.949342e-12,3.832944e-09,9.956503e-11,3.710343e-11
16,15,-75,-25,1.764576e-05,9.999820e-01,0.000018,1.000000,-10.94502,-0.00002,Water,0.999982,1.217670e-09,1.682915e-09,2.458366e-12,4.809730e-09,5.432302e-11,2.536249e-11
16,16,-75,-15,2.616153e-03,9.973812e-01,0.002616,0.999997,-5.94605,-0.00262,Water,0.997381,2.361986e-08,1.372301e-09,1.213500e-10,2.854366e-09,3.540010e-10,1.485051e-11
16,17,-75,-5,2.720062e-04,9.997277e-01,0.000272,1.000000,-8.20969,-0.00027,Water,0.999728,5.870580e-09,1.209681e-09,2.238807e-11,3.394528e-09,1.393556e-10,1.856757e-11
16,18,-75,5,2.011286e-03,9.979862e-01,0.002011,0.999997,-6.20898,-0.00202,Water,0.997986,2.513575e-08,2.376683e-09,2.332627e-10,8.467470e-09,1.147228e-09,6.323362e-11
16,19,-75,15,8.284731e-01,1.715137e-01,0.828484,0.999987,-0.18817,-1.76309,Land,0.828473,2.064578e-07,6.266593e-10,2.827119e-08,1.468142e-09,1.134129e-09,1.349423e-11
16,20,-75,25,9.909720e-01,9.023285e-03,0.990977,0.999995,-0.00907,-4.70795,Land,0.990972,1.099268e-07,8.021835e-11,4.779233e-09,3.481947e-11,6.634337e-10,4.778463e-13
16,21,-75,35,9.414486e-01,5.854890e-02,0.941451,0.999997,-0.06034,-2.83789,Land,0.941449,2.742601e-07,3.613383e-10,6.062244e-09,1.759073e-10,2.714256e-09,3.478985e-12
16,22,-75,45,7.178863e-01,2.821044e-01,0.717893,0.999991,-0.33144,-1.26548,Land,0.717886,2.521735e-07,6.868220e-10,3.208568e-09,4.724413e-10,2.240369e-09,6.887504e-12
16,23,-75,55,1.481522e-03,9.985162e-01,0.001482,0.999998,-6.51469,-0.00148,Water,0.998516,2.441940e-08,2.347596e-09,1.079913e-10,6.093023e-09,1.435074e-09,7.174065e-11
16,24,-75,65,3.770287e-02,9.622795e-01,0.037704,0.999982,-3.27802,-0.03845,Water,0.962280,9.851635e-08,1.634777e-09,3.570519e-09,8.174496e-09,3.446602e-09,7.651485e-11
16,25,-75,75,9.409633e-01,5.891957e-02,0.941074,0.999883,-0.06085,-2.83158,Land,0.940963,1.365912e-07,3.022669e-10,6.830855e-08,1.189246e-09,6.936371e-09,1.725648e-11
16,26,-75,85,3.249083e-03,9.967480e-01,0.003249,0.999997,-5.72938,-0.00326,Water,0.996748,1.407350e-08,1.172213e-09,3.176609e-10,7.359236e-09,1.450675e-09,5.994410e-11
16,27,-75,95,8.716423e-04,9.991273e-01,0.000872,0.999999,-7.04513,-0.00087,Water,0.999127,9.968190e-09,1.034383e-09,2.046669e-10,1.045178e-08,3.628151e-10,4.210124e-11
16,28,-75,105,9.972887e-01,2.708242e-03,0.997292,0.999997,-0.00271,-5.91146,Land,0.997289,6.840384e-08,6.565080e-11,2.678786e-08,4.661318e-11,2.989706e-09,2.553465e-12
16,29,-75,115,9.995989e-01,3.862996e-04,0.999614,0.999985,-0.00040,-7.85890,Land,0.999599,1.475081e-07,2.488107e-11,2.052339e-08,6.563412e-12,3.112342e-09,1.043653e-12
16,30,-75,125,7.354160e-01,2.645626e-01,0.735432,0.999979,-0.30732,-1.32968,Land,0.735416,5.243367e-07,1.262828e-09,4.398573e-09,6.363543e-10,2.137675e-09,7.209766e-12
16,31,-75,135,9.981064e-01,1.884797e-03,0.998115,0.999991,-0.00190,-6.27394,Land,0.998106,2.008542e-07,7.434794e-11,3.151994e-08,4.507212e-11,3.642030e-09,2.472068e-12
16,32,-75,145,9.439536e-01,5.601975e-02,0.943979,0.999973,-0.05768,-2.88205,Land,0.943954,1.829429e-07,4.832082e-10,2.584206e-08,5.957358e-10,5.576359e-09,2.381893e-11
16,33,-75,155,1.461299e-01,8.538671e-01,0.146130,0.999997,-1.92326,-0.15798,Water,0.853867,1.285237e-07,1.494540e-09,1.436263e-09,2.594581e-09,2.602543e-09,1.916043e-11
16,34,-75,165,4.049321e-03,9.959477e-01,0.004049,0.999997,-5.50921,-0.00406,Water,0.995948,3.912495e-08,3.355687e-09,4.074134e-10,1.309489e-08,2.085530e-09,1.458489e-10
16,35,-75,175,2.049378e-03,9.979490e-01,0.002049,0.999998,-6.19022,-0.00205,Water,0.997949,1.608082e-08,3.619312e-09,1.949420e-10,1.258909e-08,1.225536e-09,1.021070e-10
17,0,-85,-175,8.379493e-04,9.991602e-01,0.000838,0.999998,-7.08455,-0.00084,Water,0.999160,1.503004e-08,3.339055e-09,8.993300e-11,1.024710e-08,4.821497e-10,9.282832e-11
17,1,-85,-165,3.595116e-03,9.964013e-01,0.003595,0.999996,-5.62818,-0.00361,Water,0.996401,4.331206e-08,2.962091e-09,3.576804e-10,1.054912e-08,1.398961e-09,1.031404e-10
17,2,-85,-155,1.268545e-03,9.987288e-01,0.001269,0.999997,-6.66988,-0.00127,Water,0.998729,1.806980e-08,2.665694e-09,8.866329e-11,7.410752e-09,7.984728e-10,9.345831e-11
17,3,-85,-145,1.534234e-03,9.984610e-01,0.001534,0.999995,-6.47972,-0.00154,Water,0.998461,3.646818e-08,3.086125e-09,1.123691e-10,8.693142e-09,1.330098e-09,1.271965e-10
17,4,-85,-135,1.273070e-02,9.872592e-01,0.012731,0.999990,-4.36374,-0.01282,Water,0.987259,1.124560e-07,2.203830e-09,1.043514e-09,7.918936e-09,4.661460e-09,1.419433e-10
17,5,-85,-125,1.234136e-03,9.987622e-01,0.001234,0.999996,-6.69738,-0.00124,Water,0.998762,2.093330e-08,1.863641e-09,7.934889e-11,6.061652e-09,7.978677e-10,7.533940e-11
17,6,-85,-115,2.123097e-01,7.876572e-01,0.212317,0.999967,-1.54971,-0.23869,Water,0.787657,2.535731e-07,1.071699e-09,1.310658e-08,5.836703e-09,1.849147e-09,2.796109e-11
17,7,-85,-105,7.378950e-02,9.262045e-01,0.073790,0.999994,-2.60654,-0.07666,Water,0.926204,6.356943e-08,9.842905e-10,4.537081e-09,5.131312e-09,1.576276e-09,3.934977e-11
17,8,-85,-95,4.438852e-02,9.555971e-01,0.044389,0.999986,-3.11477,-0.04542,Water,0.955597,1.211049e-07,1.561678e-09,2.890619e-09,5.268328e-09,3.694109e-09,7.156417e-11
17,9,-85,-85,9.482341e-01,5.168352e-02,0.948312,0.999918,-0.05315,-2.96262,Land,0.948234,1.600769e-07,1.566477e-10,1.909470e-08,4.291942e-10,1.770935e-09,5.769751e-12
17,10,-85,-75,5.422278e-03,9.945699e-01,0.005422,0.999992,-5.21724,-0.00544,Water,0.994570,4.392170e-08,2.071222e-09,3.642946e-10,4.257725e-09,1.683904e-09,6.894480e-11
17,11,-85,-65,9.499274e-03,9.904966e-01,0.009499,0.999996,-4.65654,-0.00955,Water,0.990497,2.784276e-08,1.041677e-09,6.507605e-10,4.375732e-09,1.658405e-09,6.987352e-11
17,12,-85,-55,3.293859e-03,9.967020e-01,0.003294,0.999996,-5.71570,-0.00330,Water,0.996702,2.839215e-08,1.628626e-09,1.627082e-10,3.383267e-09,1.629790e-09,5.786688e-11
17,13,-85,-45,1.640489e-04,9.998352e-01,0.000164,0.999999,-8.71535,-0.00016,Water,0.999835,3.664025e-09,1.228049e-09,1.542504e-11,5.579262e-09,2.448046e-10,4.598891e-11
17,14,-85,-35,1.976865e-04,9.998017e-01,0.000198,0.999999,-8.52883,-0.00020,Water,0.999802,7.479349e-09,3.057122e-09,9.755216e-12,2.739568e-09,1.791398e-10,3.965536e-11
17,15,-85,-25,2.976202e-04,9.997013e-01,0.000298,0.999999,-8.11969,-0.00030,Water,0.999701,7.781946e-09,1.995794e-09,3.624522e-11,9.120473e-09,3.172632e-10,4.881139e-11
17,16,-85,-15,2.816947e-01,7.182526e-01,0.281710,0.999947,-1.26693,-0.33093,Water,0.718253,1.868189e-07,2.001405e-09,1.936443e-08,6.204479e-09,3.429319e-09,6.103774e-11
17,17,-85,-5,2.567843e-01,7.431950e-01,0.256790,0.999979,-1.35952,-0.29680,Water,0.743195,1.572070e-07,1.360285e-09,1.201114e-08,4.495883e-09,4.142532e-09,4.266020e-11
17,18,-85,5,3.036841e-01,6.962966e-01,0.303690,0.999981,-1.19177,-0.36198,Water,0.696297,1.839294e-07,2.125890e-09,2.669167e-08,8.885551e-09,4.631236e-09,6.549101e-11
17,19,-85,15,9.347163e-01,6.526387e-02,0.934735,0.999980,-0.06751,-2.72932,Land,0.934716,2.187934e-07,6.124533e-10,6.028461e-08,1.312532e-09,3.892112e-09,2.745100e-11
17,20,-85,25,9.745987e-01,2.539434e-02,0.974605,0.999993,-0.02573,-3.67323,Land,0.974599,1.683042e-07,2.015908e-10,3.475943e-08,3.675226e-10,3.540886e-09,1.200860e-11
17,21,-85,35,8.824896e-01,1.175004e-01,0.882498,0.999990,-0.12501,-2.14131,Land,0.882490,3.500616e-07,8.783252e-10,4.316086e-08,1.529367e-09,1.066812e-08,4.252047e-11
17,22,-85,45,6.323062e-01,3.676613e-01,0.632327,0.999968,-0.45838,-1.00059,Land,0.632306,3.956001e-07,1.717226e-09,2.405983e-08,3.198639e-09,1.431702e-08,8.651880e-11
17,23,-85,55,9.295834e-01,7.040951e-02,0.929590,0.999993,-0.07302,-2.65343,Land,0.929583,1.397365e-07,2.132688e-10,4.370993e-09,1.675722e-10,6.621318e-09,7.963055e-12
17,24,-85,65,6.349206e-01,3.650458e-01,0.634942,0.999966,-0.45426,-1.00773,Land,0.634921,1.763216e-07,1.182776e-09,1.899517e-08,2.416693e-09,1.450539e-08,1.028986e-10
17,25,-85,75,3.808268e-01,6.191167e-01,0.380848,0.999944,-0.96541,-0.47946,Water,0.619117,1.886621e-07,1.305489e-09,1.376471e-08,3.662186e-09,9.505069e-09,9.377548e-11
17,26,-85,85,9.998509e-01,1.318467e-04,0.999868,0.999983,-0.00015,-8.93387,Land,0.999851,1.713682e-08,4.946969e-12,2.066594e-08,5.263350e-12,1.427818e-09,8.278703e-13
17,27,-85,95,5.788621e-02,9.420981e-01,0.057887,0.999984,-2.84928,-0.05965,Water,0.942098,6.646419e-08,1.641554e-09,7.089209e-09,1.068318e-08,4.277728e-09,1.098786e-10
17,28,-85,105,1.153998e-01,8.845928e-01,0.115401,0.999993,-2.15935,-0.12263,Water,0.884593,8.177115e-08,1.121758e-09,9.282137e-09,6.536718e-09,2.147749e-09,5.002029e-11
17,29,-85,115,8.403169e-01,1.596543e-01,0.840341,0.999971,-0.17398,-1.83474,Land,0.840317,1.756181e-07,5.278535e-10,4.663131e-08,1.962516e-09,2.077508e-09,1.690302e-11
17,30,-85,125,1.971192e-01,8.028522e-01,0.197125,0.999971,-1.62395,-0.21958,Water,0.802852,1.544603e-07,1.404507e-09,1.588819e-08,6.785741e-09,2.260170e-09,5.539401e-11
17,31,-85,135,9.084288e-01,9.155469e-02,0.908444,0.999984,-0.09604,-2.39082,Land,0.908429,1.842014e-07,4.025889e-10,4.508782e-08,1.137220e-09,4.923183e-09,2.800342e-11
17,32,-85,145,1.194163e-01,8.805659e-01,0.119418,0.999982,-2.12514,-0.12719,Water,0.880566,1.286077e-07,1.972934e-09,6.689893e-09,5.165040e-09,3.511137e-09,8.391565e-11
17,33,-85,155,7.998940e-01,2.000141e-01,0.799968,0.999908,-0.22328,-1.60937,Land,0.799894,3.379871e-07,1.463733e-09,3.942122e-08,2.326133e-09,5.696784e-09,5.841297e-11
17,34,-85,165,9.581427e-02,9.041724e-01,0.095816,0.999987,-2.34534,-0.10074,Water,0.904172,1.717003e-07,2.644771e-09,4.352529e-09,5.190387e-09,6.341844e-09,1.433586e-10
17,35,-85,175,1.241886e-02,9.875761e-01,0.012419,0.999995,-4.38854,-0.01250,Water,0.987576,6.494986e-08,3.469608e-09,1.399842e-09,1.259216e-08,2.762883e-09,1.291721e-10
