row,col,lat,lon,p_land,p_water,p_land_vs_water,mass_land_water,logp_land,logp_water,argmax_token,argmax_prob,p_land_lower,p_water_lower,p_land_space,p_water_space,p_land_upper
0,0,85,-175,5.935909e-03,9.940635e-01,0.005936,0.999999,-5.12674,-0.00595,Water,0.994064,1.154554e-10,3.768078e-08,3.563320e-09,7.640775e-08,1.503291e-10
0,1,85,-165,2.555585e-03,9.974441e-01,0.002556,1.000000,-5.96947,-0.00256,Water,0.997444,3.382855e-11,2.165113e-08,1.082124e-09,5.128815e-08,4.421451e-11
0,2,85,-155,3.729183e-03,9.962706e-01,0.003729,1.000000,-5.59157,-0.00374,Water,0.996271,3.998426e-11,1.642895e-08,1.179715e-09,3.448028e-08,4.954434e-11
0,3,85,-145,3.311430e-03,9.966884e-01,0.003311,1.000000,-5.71038,-0.00332,Water,0.996688,2.270057e-11,1.084775e-08,9.826176e-10,3.154879e-08,3.060575e-11
0,4,85,-135,7.328461e-03,9.926714e-01,0.007328,1.000000,-4.91599,-0.00736,Water,0.992671,2.484856e-11,8.145626e-09,1.402533e-09,1.902739e-08,3.419536e-11
0,5,85,-125,2.403636e-03,9.975962e-01,0.002404,1.000000,-6.03077,-0.00241,Water,0.997596,1.557728e-11,1.188722e-08,5.247802e-10,2.389678e-08,1.769168e-11
0,6,85,-115,7.887355e-03,9.921125e-01,0.007887,1.000000,-4.84249,-0.00792,Water,0.992112,3.393473e-11,1.292843e-08,1.657746e-09,2.270586e-08,4.855199e-11
0,7,85,-105,7.543217e-02,9.245673e-01,0.075432,0.999999,-2.58452,-0.07843,Water,0.924567,4.515304e-10,2.458520e-08,2.366808e-08,3.913283e-08,7.615540e-10
0,8,85,-95,5.329579e-02,9.467035e-01,0.053296,0.999999,-2.93190,-0.05477,Water,0.946704,5.287699e-10,3.729807e-08,2.466658e-08,5.276984e-08,7.197452e-10
0,9,85,-85,6.260063e-02,9.373986e-01,0.062601,0.999999,-2.77098,-0.06465,Water,0.937399,6.237464e-10,3.704443e-08,2.953698e-08,5.598147e-08,7.710913e-10
0,10,85,-75,7.454495e-02,9.254546e-01,0.074545,1.000000,-2.59635,-0.07747,Water,0.925455,3.081425e-10,1.852449e-08,2.000734e-08,2.975643e-08,4.474963e-10
0,11,85,-65,1.288943e-01,8.711053e-01,0.128894,1.000000,-2.04876,-0.13799,Water,0.871105,3.743017e-10,1.626169e-08,2.946669e-08,2.671845e-08,6.099563e-10
0,12,85,-55,9.539696e-03,9.904600e-01,0.009540,1.000000,-4.65229,-0.00959,Water,0.990460,5.979428e-11,1.913382e-08,2.720999e-09,3.184699e-08,8.707305e-11
0,13,85,-45,6.081007e-03,9.939187e-01,0.006081,1.000000,-5.10258,-0.00610,Water,0.993919,3.720152e-11,1.557177e-08,1.759930e-09,3.865299e-08,5.196957e-11
0,14,85,-35,2.776273e-04,9.997223e-01,0.000278,1.000000,-8.18923,-0.00028,Water,0.999722,1.131743e-12,3.509897e-09,3.798873e-11,1.244732e-08,9.688140e-13
0,15,85,-25,1.929157e-03,9.980707e-01,0.001929,1.000000,-6.25067,-0.00193,Water,0.998071,6.248020e-12,5.393437e-09,3.155764e-10,1.829853e-08,7.709920e-12
0,16,85,-15,2.598939e-02,9.740102e-01,0.025989,1.000000,-3.65007,-0.02633,Water,0.974010,1.818689e-10,1.767631e-08,9.063857e-09,4.613844e-08,2.546314e-10
0,17,85,-5,6.541238e-02,9.345871e-01,0.065412,1.000000,-2.72704,-0.06765,Water,0.934587,4.612353e-10,2.082826e-08,1.970472e-08,4.389154e-08,7.646372e-10
0,18,85,5,8.407229e-02,9.159272e-01,0.084072,0.999999,-2.47608,-0.08782,Water,0.915927,3.814292e-10,1.943253e-08,2.646423e-08,3.845649e-08,6.975395e-10
0,19,85,15,3.792685e-01,6.207307e-01,0.379269,0.999999,-0.96951,-0.47686,Water,0.620731,1.263855e-09,1.543024e-08,1.041684e-07,2.213478e-08,1.843035e-09
0,20,85,25,2.968516e-01,7.031480e-01,0.296852,1.000000,-1.21452,-0.35219,Water,0.703148,6.617754e-10,1.146202e-08,5.056652e-08,1.358446e-08,8.788614e-10
0,21,85,35,2.244296e-01,7.755700e-01,0.224430,1.000000,-1.49419,-0.25416,Water,0.775570,4.391384e-10,1.025863e-08,2.543738e-08,1.202024e-08,5.814711e-10
0,22,85,45,9.257136e-02,9.074283e-01,0.092571,1.000000,-2.37978,-0.09714,Water,0.907428,2.694123e-10,1.336032e-08,2.192110e-08,2.371634e-08,3.128476e-10
0,23,85,55,2.364089e-02,9.763585e-01,0.023641,0.999999,-3.74478,-0.02393,Water,0.976358,2.906293e-10,3.430913e-08,1.040607e-08,5.841680e-08,4.210788e-10
0,24,85,65,4.082298e-02,9.591764e-01,0.040823,0.999999,-3.19851,-0.04168,Water,0.959176,3.233412e-10,2.604255e-08,1.427251e-08,4.688101e-08,4.364855e-10
0,25,85,75,2.015550e-01,7.984435e-01,0.201555,0.999998,-1.60169,-0.22509,Water,0.798444,2.730108e-09,4.938887e-08,1.086877e-07,6.162062e-08,3.512791e-09
0,26,85,85,1.017000e-01,8.982977e-01,0.101700,0.999998,-2.28573,-0.10725,Water,0.898298,3.823080e-09,1.155304e-07,1.448977e-07,1.370781e-07,4.271035e-09
0,27,85,95,8.194166e-03,9.918054e-01,0.008194,1.000000,-4.80433,-0.00823,Water,0.991805,1.156548e-10,2.691613e-08,4.078808e-09,4.995871e-08,1.131972e-10
0,28,85,105,9.947862e-02,9.005200e-01,0.099479,0.999999,-2.30781,-0.10478,Water,0.900520,2.182140e-09,6.412496e-08,5.957641e-08,8.515390e-08,2.762296e-09
0,29,85,115,1.223891e-02,9.877598e-01,0.012239,0.999999,-4.40314,-0.01232,Water,0.987760,6.575076e-10,8.856724e-08,1.066968e-08,1.225705e-07,6.932687e-10
0,30,85,125,2.114567e-03,9.978850e-01,0.002115,1.000000,-6.15891,-0.00212,Water,0.997885,6.150129e-11,3.203119e-08,1.029290e-09,7.001849e-08,6.734014e-11
0,31,85,135,5.089800e-03,9.949098e-01,0.005090,1.000000,-5.28052,-0.00510,Water,0.994910,9.874749e-11,2.692771e-08,2.667756e-09,6.227045e-08,1.347591e-10
0,32,85,145,6.707146e-04,9.993290e-01,0.000671,1.000000,-7.30717,-0.00067,Water,0.999329,2.179902e-11,1.855649e-08,2.766082e-10,5.600086e-08,2.096583e-11
0,33,85,155,2.235212e-03,9.977644e-01,0.002235,1.000000,-6.10342,-0.00224,Water,0.997764,8.154012e-11,2.960185e-08,1.199261e-09,7.569976e-08,7.958792e-11
0,34,85,165,9.554740e-04,9.990443e-01,0.000955,1.000000,-6.95330,-0.00096,Water,0.999044,1.282497e-11,1.638606e-08,3.658183e-10,4.355172e-08,1.678912e-11
0,35,85,175,4.489151e-03,9.955106e-01,0.004489,1.000000,-5.40609,-0.00450,Water,0.995511,6.524850e-11,1.926120e-08,1.855708e-09,5.737361e-08,7.917388e-11
1,0,75,-175,7.634768e-03,9.923648e-01,0.007635,1.000000,-4.87504,-0.00766,Water,0.992365,1.289255e-10,3.193899e-08,3.725138e-09,6.552730e-08,1.690806e-10
1,1,75,-165,3.092680e-03,9.969071e-01,0.003093,1.000000,-5.77872,-0.00310,Water,0.996907,2.732958e-11,1.430768e-08,9.076901e-10,3.251148e-08,3.862433e-11
1,2,75,-155,7.841992e-03,9.921578e-01,0.007842,1.000000,-4.84826,-0.00787,Water,0.992158,7.068424e-11,1.860920e-08,2.540622e-09,3.602183e-08,1.080033e-10
1,3,75,-145,2.088139e-03,9.979117e-01,0.002088,1.000000,-6.17148,-0.00209,Water,0.997912,1.345183e-11,1.108642e-08,4.921978e-10,2.123721e-08,1.782336e-11
1,4,75,-135,6.709126e-03,9.932908e-01,0.006709,1.000000,-5.00429,-0.00673,Water,0.993291,1.586245e-11,6.565625e-09,8.427612e-10,1.252508e-08,2.592619e-11
1,5,75,-125,1.111528e-03,9.988884e-01,0.001112,1.000000,-6.80202,-0.00111,Water,0.998888,3.425666e-12,4.863672e-09,1.518491e-10,1.425181e-08,4.169327e-12
1,6,75,-115,2.594846e-03,9.974051e-01,0.002595,1.000000,-5.95423,-0.00260,Water,0.997405,5.049275e-12,4.389362e-09,2.866996e-10,1.121934e-08,7.742801e-12
1,7,75,-105,1.228730e-01,8.771268e-01,0.122873,1.000000,-2.09660,-0.13110,Water,0.877127,1.724261e-10,7.055670e-09,1.446242e-08,1.132189e-08,3.021730e-10
1,8,75,-95,1.044998e-01,8.954998e-01,0.104500,1.000000,-2.25857,-0.11037,Water,0.895500,3.917806e-10,1.936832e-08,2.305276e-08,2.335120e-08,6.013381e-10
1,9,75,-85,1.901811e-01,8.098185e-01,0.190181,1.000000,-1.65978,-0.21095,Water,0.809818,3.820088e-10,1.402297e-08,3.189421e-08,1.771193e-08,6.578513e-10
1,10,75,-75,1.291325e-01,8.708666e-01,0.129133,0.999999,-2.04692,-0.13827,Water,0.870867,7.514196e-10,3.078528e-08,3.825871e-08,3.233477e-08,1.166401e-09
1,11,75,-65,1.064178e-01,8.935816e-01,0.106418,0.999999,-2.24038,-0.11252,Water,0.893582,3.930581e-10,1.950898e-08,2.403800e-08,2.797870e-08,7.021319e-10
1,12,75,-55,5.431432e-03,9.945682e-01,0.005431,1.000000,-5.21555,-0.00545,Water,0.994568,4.196908e-11,1.853386e-08,1.465682e-09,3.164953e-08,6.517170e-11
1,13,75,-45,3.027385e-03,9.969724e-01,0.003027,1.000000,-5.80006,-0.00303,Water,0.996972,2.646814e-11,1.679592e-08,9.131502e-10,3.347041e-08,3.513643e-11
1,14,75,-35,1.442092e-04,9.998557e-01,0.000144,1.000000,-8.84425,-0.00014,Water,0.999856,5.200357e-13,2.912255e-09,1.320893e-11,9.122230e-09,5.114901e-13
1,15,75,-25,1.280765e-03,9.987191e-01,0.001281,1.000000,-6.66030,-0.00128,Water,0.998719,4.546615e-12,5.177887e-09,1.722900e-10,1.520484e-08,5.485677e-12
1,16,75,-15,2.162679e-02,9.783730e-01,0.021627,1.000000,-3.83382,-0.02186,Water,0.978373,3.733451e-11,6.221265e-09,2.975344e-09,1.760509e-08,6.279723e-11
1,17,75,-5,1.008467e-01,8.991526e-01,0.100847,0.999999,-2.29415,-0.10630,Water,0.899153,6.347281e-10,2.278311e-08,2.996589e-08,4.280266e-08,1.076550e-09
1,18,75,5,2.323774e-01,7.676220e-01,0.232378,0.999999,-1.45939,-0.26446,Water,0.767622,8.002350e-10,1.556767e-08,5.388734e-08,2.424611e-08,1.614566e-09
1,19,75,15,4.954117e-01,5.045877e-01,0.495412,0.999999,-0.70237,-0.68401,Water,0.504588,1.085634e-09,8.555832e-09,7.658702e-08,1.070053e-08,1.874090e-09
1,20,75,25,4.645293e-01,5.354701e-01,0.464530,0.999999,-0.76673,-0.62461,Water,0.535470,1.054916e-09,1.154458e-08,8.489293e-08,1.226809e-08,1.795345e-09
1,21,75,35,3.293536e-01,6.706459e-01,0.329354,1.000000,-1.11062,-0.39951,Water,0.670646,5.091007e-10,9.753297e-09,3.492963e-08,8.494233e-09,8.675287e-10
1,22,75,45,3.257263e-01,6.742727e-01,0.325727,0.999999,-1.12170,-0.39412,Water,0.674273,1.782281e-09,2.472019e-08,1.155801e-07,3.223647e-08,3.002683e-09
1,23,75,55,3.098147e-02,9.690180e-01,0.030981,0.999999,-3.47437,-0.03147,Water,0.969018,3.016310e-10,3.104644e-08,9.915282e-09,4.249264e-08,4.596526e-10
1,24,75,65,9.856762e-02,9.014318e-01,0.098568,0.999999,-2.31701,-0.10377,Water,0.901432,3.968221e-10,1.784618e-08,2.476488e-08,3.063735e-08,6.308940e-10
1,25,75,75,1.025016e-01,8.974971e-01,0.102502,0.999999,-2.27788,-0.10815,Water,0.897497,1.465045e-09,4.929290e-08,4.426254e-08,5.085539e-08,1.668411e-09
1,26,75,85,1.146515e-01,8.853473e-01,0.114652,0.999999,-2.16586,-0.12178,Water,0.885347,1.194112e-09,3.994473e-08,4.606335e-08,5.029331e-08,1.637234e-09
1,27,75,95,2.654728e-02,9.734520e-01,0.026547,0.999999,-3.62883,-0.02691,Water,0.973452,3.839432e-10,3.593433e-08,1.215243e-08,5.394629e-08,4.907983e-10
1,28,75,105,2.351845e-01,7.648123e-01,0.235185,0.999997,-1.44739,-0.26812,Water,0.764812,7.462365e-09,1.194543e-07,2.535862e-07,1.073420e-07,8.697805e-09
1,29,75,115,7.548488e-03,9.924506e-01,0.007548,0.999999,-4.88641,-0.00758,Water,0.992451,3.348939e-10,6.415473e-08,5.103107e-09,9.108492e-08,3.757643e-10
1,30,75,125,2.242989e-02,9.775681e-01,0.022430,0.999998,-3.79736,-0.02269,Water,0.977568,1.279695e-09,1.311544e-07,3.127978e-08,1.792309e-07,1.452565e-09
1,31,75,135,8.657555e-03,9.913421e-01,0.008658,1.000000,-4.74932,-0.00870,Water,0.991342,1.016663e-10,2.107632e-08,3.113891e-09,3.808750e-08,1.485519e-10
1,32,75,145,2.705879e-03,9.972936e-01,0.002706,1.000000,-5.91233,-0.00271,Water,0.997294,9.525728e-11,3.059443e-08,1.582849e-09,8.429591e-08,1.129757e-10
1,33,75,155,8.078121e-04,9.991920e-01,0.000808,1.000000,-7.12118,-0.00081,Water,0.999192,1.346590e-11,1.305874e-08,2.271701e-10,3.263003e-08,1.233080e-11
1,34,75,165,7.718861e-04,9.992279e-01,0.000772,1.000000,-7.16667,-0.00077,Water,0.999228,1.169163e-11,1.257004e-08,2.712318e-10,3.938507e-08,1.507723e-11
1,35,75,175,1.704151e-03,9.982954e-01,0.001704,1.000000,-6.37469,-0.00171,Water,0.998295,4.608278e-11,2.473034e-08,8.560653e-10,6.146991e-08,5.043337e-11
2,0,65,-175,7.103562e-03,9.928956e-01,0.007104,0.999999,-4.94716,-0.00713,Water,0.992896,2.418840e-10,5.979628e-08,4.765327e-09,1.091327e-07,2.546378e-10
2,1,65,-165,3.510408e-03,9.964893e-01,0.003510,1.000000,-5.65202,-0.00352,Water,0.996489,3.109348e-11,1.852654e-08,1.138286e-09,4.479672e-08,3.928096e-11
2,2,65,-155,2.613026e-02,9.738693e-01,0.026130,1.000000,-3.64466,-0.02648,Water,0.973869,1.665740e-10,1.764381e-08,7.315677e-09,3.879745e-08,2.732396e-10
2,3,65,-145,4.536777e-03,9.954631e-01,0.004537,1.000000,-5.39554,-0.00455,Water,0.995463,1.526022e-11,8.361926e-09,8.078616e-10,2.174515e-08,2.221404e-11
2,4,65,-135,1.387979e-02,9.861199e-01,0.013880,1.000000,-4.27732,-0.01398,Water,0.986120,8.294865e-11,2.053635e-08,4.116965e-09,3.943737e-08,1.031336e-10
2,5,65,-125,1.054558e-02,9.894543e-01,0.010546,1.000000,-4.55205,-0.01060,Water,0.989454,2.410381e-11,8.050068e-09,1.380468e-09,1.545147e-08,2.675969e-11
2,6,65,-115,2.771389e-02,9.722860e-01,0.027714,1.000000,-3.58582,-0.02811,Water,0.972286,3.620863e-11,6.335986e-09,3.207824e-09,1.409432e-08,5.339176e-11
2,7,65,-105,3.029578e-01,6.970419e-01,0.302958,1.000000,-1.19416,-0.36091,Water,0.697042,3.776904e-10,8.467071e-09,3.200459e-08,1.114473e-08,5.200841e-10
2,8,65,-95,1.215508e-01,8.784486e-01,0.121551,0.999999,-2.10742,-0.12960,Water,0.878449,6.409870e-10,2.739389e-08,3.677907e-08,3.979497e-08,8.558300e-10
2,9,65,-85,5.525337e-01,4.474657e-01,0.552534,0.999999,-0.59324,-0.80416,Land,0.552534,8.288561e-10,1.015443e-08,8.252272e-08,1.330705e-08,1.345618e-09
2,10,65,-75,4.217749e-01,5.782247e-01,0.421775,1.000000,-0.86328,-0.54779,Water,0.578225,6.430840e-10,9.591254e-09,7.863714e-08,1.597714e-08,1.069938e-09
2,11,65,-65,3.828838e-01,6.171160e-01,0.382884,1.000000,-0.96002,-0.48270,Water,0.617116,1.615653e-10,4.000894e-09,2.626686e-08,6.779036e-09,2.544500e-10
2,12,65,-55,1.760654e-02,9.823928e-01,0.017607,0.999999,-4.03948,-0.01776,Water,0.982393,1.143140e-10,2.579807e-08,5.446334e-09,4.173033e-08,1.762606e-10
2,13,65,-45,1.015377e-02,9.898460e-01,0.010154,1.000000,-4.58991,-0.01021,Water,0.989846,2.850910e-11,8.769882e-09,1.544584e-09,2.099805e-08,2.912234e-11
2,14,65,-35,9.653858e-04,9.990344e-01,0.000965,1.000000,-6.94298,-0.00097,Water,0.999034,6.233497e-12,1.129212e-08,1.990437e-10,2.433630e-08,4.796429e-12
2,15,65,-25,4.462414e-03,9.955373e-01,0.004462,1.000000,-5.41207,-0.00447,Water,0.995537,2.142678e-11,1.239500e-08,1.096951e-09,3.135025e-08,2.670225e-11
2,16,65,-15,2.735202e-02,9.726478e-01,0.027352,1.000000,-3.59897,-0.02773,Water,0.972648,3.483186e-11,6.192343e-09,3.103377e-09,1.499972e-08,3.720463e-11
2,17,65,-5,2.974746e-01,7.025249e-01,0.297475,0.999999,-1.21243,-0.35307,Water,0.702525,5.184211e-10,1.293620e-08,6.373060e-08,2.768646e-08,1.057438e-09
2,18,65,5,4.635142e-01,5.364852e-01,0.463514,0.999999,-0.76892,-0.62272,Water,0.536485,1.176543e-09,1.472533e-08,9.480485e-08,2.368343e-08,1.989735e-09
2,19,65,15,6.630416e-01,3.369579e-01,0.663042,1.000000,-0.41092,-1.08780,Land,0.663042,1.371158e-09,8.483455e-09,9.788848e-08,1.111771e-08,1.873876e-09
2,20,65,25,4.445853e-01,5.554143e-01,0.444585,1.000000,-0.81061,-0.58804,Water,0.555414,6.211401e-10,7.434390e-09,4.461612e-08,8.020237e-09,7.743008e-10
2,21,65,35,6.781026e-01,3.218968e-01,0.678103,0.999999,-0.38846,-1.13352,Land,0.678103,1.254107e-09,9.005975e-09,1.146648e-07,1.021917e-08,1.822778e-09
2,22,65,45,3.149654e-01,6.850330e-01,0.314966,0.999998,-1.15529,-0.37829,Water,0.685033,2.644929e-09,3.989131e-08,1.472696e-07,6.583780e-08,3.529995e-09
2,23,65,55,5.314663e-02,9.468526e-01,0.053147,0.999999,-2.93470,-0.05461,Water,0.946853,7.432833e-10,4.036189e-08,2.216472e-08,6.071323e-08,7.988758e-10
2,24,65,65,4.711197e-02,9.528873e-01,0.047112,0.999999,-3.05523,-0.04826,Water,0.952887,6.129154e-10,3.362868e-08,1.829256e-08,5.599429e-08,6.430813e-10
2,25,65,75,1.821296e-01,8.178692e-01,0.182130,0.999999,-1.70304,-0.20105,Water,0.817869,2.316058e-09,4.478863e-08,7.635051e-08,5.978002e-08,2.315325e-09
2,26,65,85,1.401903e-01,8.598087e-01,0.140190,0.999999,-1.96475,-0.15105,Water,0.859809,1.893589e-09,4.630374e-08,6.164640e-08,6.315960e-08,1.758651e-09
2,27,65,95,8.589524e-03,9.914099e-01,0.008590,0.999999,-4.75721,-0.00863,Water,0.991410,2.350953e-10,3.928213e-08,4.046456e-09,7.103936e-08,1.925034e-10
2,28,65,105,5.521287e-03,9.944783e-01,0.005521,1.000000,-5.19914,-0.00554,Water,0.994478,1.555071e-10,3.885360e-08,2.734390e-09,5.697297e-08,1.114660e-10
2,29,65,115,1.220479e-03,9.987793e-01,0.001220,1.000000,-6.70851,-0.00122,Water,0.998779,2.893716e-11,1.977954e-08,3.547885e-10,4.405315e-08,2.197408e-11
2,30,65,125,4.064326e-03,9.959354e-01,0.004064,1.000000,-5.50551,-0.00407,Water,0.995935,5.802311e-11,2.015570e-08,1.321452e-09,5.373736e-08,6.079135e-11
2,31,65,135,9.748528e-03,9.902508e-01,0.009749,0.999999,-4.63064,-0.00980,Water,0.990251,1.520986e-10,3.228843e-08,5.029020e-09,8.439652e-08,2.055305e-10
2,32,65,145,2.654924e-03,9.973447e-01,0.002655,1.000000,-5.93134,-0.00266,Water,0.997345,3.951307e-11,1.659042e-08,9.739562e-10,5.238005e-08,5.036209e-11
2,33,65,155,9.167595e-04,9.990827e-01,0.000917,0.999999,-6.99467,-0.00092,Water,0.999083,3.212548e-11,2.235301e-08,3.535754e-10,4.635872e-08,1.557008e-11
2,34,65,165,1.467609e-03,9.985322e-01,0.001468,1.000000,-6.52412,-0.00147,Water,0.998532,1.215169e-11,9.850670e-09,3.652642e-10,3.327662e-08,1.260754e-11
2,35,65,175,2.077853e-03,9.979213e-01,0.002078,0.999999,-6.17642,-0.00208,Water,0.997921,8.077704e-11,4.069035e-08,1.422379e-09,1.030886e-07,7.644929e-11
3,0,55,-175,1.254894e-02,9.874500e-01,0.012549,0.999999,-4.37812,-0.01263,Water,0.987450,4.084642e-10,7.113070e-08,8.813067e-09,1.073485e-07,4.552907e-10
3,1,55,-165,3.790870e-03,9.962090e-01,0.003791,1.000000,-5.57516,-0.00380,Water,0.996209,1.587889e-11,8.491367e-09,4.989330e-10,1.752374e-08,2.341039e-11
3,2,55,-155,2.088897e-02,9.791107e-01,0.020889,1.000000,-3.86853,-0.02111,Water,0.979111,1.470701e-10,1.732306e-08,5.080537e-09,3.115811e-08,2.100298e-10
3,3,55,-145,3.620089e-03,9.963798e-01,0.003620,1.000000,-5.62126,-0.00363,Water,0.996380,6.626291e-12,4.484769e-09,3.690391e-10,1.221232e-08,8.287503e-12
3,4,55,-135,3.632646e-02,9.636733e-01,0.036326,1.000000,-3.31521,-0.03700,Water,0.963673,9.015263e-11,1.460565e-08,5.659471e-09,1.736831e-08,1.203255e-10
3,5,55,-125,2.288677e-02,9.771132e-01,0.022887,1.000000,-3.77720,-0.02315,Water,0.977113,2.842929e-11,5.050838e-09,2.073754e-09,1.146795e-08,3.403592e-11
3,6,55,-115,2.375122e-02,9.762487e-01,0.023751,1.000000,-3.74012,-0.02404,Water,0.976249,3.154425e-11,6.229415e-09,2.418639e-09,1.256594e-08,4.457132e-11
3,7,55,-105,5.771649e-01,4.228351e-01,0.577165,1.000000,-0.54963,-0.86077,Land,0.577165,8.188931e-11,9.512240e-10,1.328436e-08,1.433884e-09,1.487396e-10
3,8,55,-95,6.646234e-01,3.353763e-01,0.664624,1.000000,-0.40853,-1.09250,Land,0.664623,6.923400e-10,4.668197e-09,7.824312e-08,5.179686e-09,1.131276e-09
3,9,55,-85,7.297956e-01,2.702040e-01,0.729796,1.000000,-0.31499,-1.30858,Land,0.729796,6.616997e-10,4.734797e-09,6.263934e-08,4.337317e-09,1.194289e-09
3,10,55,-75,8.122930e-01,1.877066e-01,0.812293,1.000000,-0.20789,-1.67288,Land,0.812293,8.054901e-10,3.247698e-09,1.034072e-07,3.438769e-09,1.368845e-09
3,11,55,-65,5.577642e-01,4.422354e-01,0.557764,1.000000,-0.58382,-0.81591,Land,0.557764,5.133668e-10,5.334051e-09,6.439130e-08,6.273347e-09,9.544292e-10
3,12,55,-55,1.351382e-02,9.864859e-01,0.013514,1.000000,-4.30404,-0.01361,Water,0.986486,6.273433e-11,1.649798e-08,2.851817e-09,2.599063e-08,8.803848e-11
3,13,55,-45,3.978615e-03,9.960212e-01,0.003979,1.000000,-5.52682,-0.00399,Water,0.996021,1.983865e-11,8.790021e-09,6.181459e-10,2.153723e-08,2.326045e-11
3,14,55,-35,1.667533e-03,9.983324e-01,0.001668,1.000000,-6.39641,-0.00167,Water,0.998332,3.913368e-12,4.367117e-09,1.930274e-10,1.146147e-08,3.646909e-12
3,15,55,-25,3.537776e-03,9.964621e-01,0.003538,1.000000,-5.64426,-0.00354,Water,0.996462,1.326231e-11,8.732337e-09,8.401215e-10,2.571109e-08,8.965325e-12
3,16,55,-15,1.984725e-02,9.801526e-01,0.019847,1.000000,-3.91969,-0.02005,Water,0.980153,2.676234e-11,5.674451e-09,1.900924e-09,1.221994e-08,3.247974e-11
3,17,55,-5,6.121554e-01,3.878441e-01,0.612156,0.999999,-0.49077,-0.94715,Land,0.612155,9.849514e-10,8.176479e-09,1.097920e-07,1.037224e-08,1.812125e-09
3,18,55,5,8.785617e-01,1.214381e-01,0.878562,1.000000,-0.12947,-2.10835,Land,0.878562,7.312368e-10,1.957209e-09,8.474192e-08,1.852758e-09,1.172013e-09
3,19,55,15,9.420554e-01,5.794452e-02,0.942055,1.000000,-0.05969,-2.84827,Land,0.942055,2.421936e-10,4.400037e-10,4.799963e-08,3.808968e-10,3.868471e-10
3,20,55,25,8.944838e-01,1.055162e-01,0.894484,1.000000,-0.11151,-2.24889,Land,0.894484,1.547766e-10,4.588553e-10,2.504324e-08,4.300446e-10,2.281155e-10
3,21,55,35,9.354782e-01,6.452165e-02,0.935478,1.000000,-0.06670,-2.74075,Land,0.935478,3.575791e-10,5.810019e-10,4.961622e-08,5.094997e-10,5.543430e-10
3,22,55,45,5.554708e-01,4.445288e-01,0.555471,1.000000,-0.58794,-0.81074,Land,0.555471,7.377872e-10,7.028963e-09,7.505193e-08,9.789023e-09,1.109491e-09
3,23,55,55,3.021939e-02,9.697804e-01,0.030219,1.000000,-3.49927,-0.03069,Water,0.969780,1.802548e-10,1.699088e-08,6.575291e-09,3.024253e-08,2.314844e-10
3,24,55,65,8.610347e-02,9.138963e-01,0.086103,1.000000,-2.45221,-0.09004,Water,0.913896,1.921550e-10,9.169132e-09,1.290473e-08,2.022017e-08,3.060455e-10
3,25,55,75,1.005600e-01,8.994397e-01,0.100560,1.000000,-2.29700,-0.10598,Water,0.899440,3.985326e-10,1.462780e-08,1.841686e-08,2.214530e-08,4.079500e-10
3,26,55,85,5.065634e-02,9.493432e-01,0.050656,0.999999,-2.98269,-0.05198,Water,0.949343,5.799242e-10,3.249951e-08,1.698499e-08,4.879034e-08,6.397528e-10
3,27,55,95,5.903899e-03,9.940958e-01,0.005904,1.000000,-5.13214,-0.00592,Water,0.994096,1.162667e-10,2.274214e-08,1.692981e-09,4.242775e-08,1.037551e-10
3,28,55,105,9.813779e-03,9.901859e-01,0.009814,1.000000,-4.62397,-0.00986,Water,0.990186,2.413665e-10,3.595998e-08,3.043430e-09,5.195847e-08,2.033425e-10
3,29,55,115,1.419332e-03,9.985805e-01,0.001419,1.000000,-6.55757,-0.00142,Water,0.998581,2.577505e-11,1.422920e-08,2.761571e-10,3.369029e-08,2.305600e-11
3,30,55,125,5.177157e-03,9.948226e-01,0.005177,1.000000,-5.26350,-0.00519,Water,0.994823,8.406495e-11,2.088578e-08,1.722272e-09,4.737052e-08,6.794516e-11
3,31,55,135,3.093284e-02,9.690668e-01,0.030933,1.000000,-3.47594,-0.03142,Water,0.969067,1.819148e-10,2.022696e-08,8.284693e-09,3.777056e-08,3.210033e-10
3,32,55,145,2.780141e-03,9.972196e-01,0.002780,1.000000,-5.88525,-0.00278,Water,0.997220,3.542329e-11,1.665908e-08,7.673115e-10,3.973830e-08,4.524223e-11
3,33,55,155,8.502300e-04,9.991495e-01,0.000850,1.000000,-7.07000,-0.00085,Water,0.999150,2.139851e-11,1.764327e-08,2.620002e-10,3.399183e-08,1.154887e-11
3,34,55,165,6.210177e-04,9.993789e-01,0.000621,1.000000,-7.38415,-0.00062,Water,0.999379,3.989649e-12,6.398646e-09,1.002000e-10,2.014077e-08,5.242375e-12
3,35,55,175,4.165208e-03,9.958340e-01,0.004165,0.999999,-5.48099,-0.00417,Water,0.995834,1.667019e-10,4.858792e-08,2.910117e-09,9.498113e-08,1.628943e-10
4,0,45,-175,9.676548e-04,9.990321e-01,0.000968,1.000000,-6.94064,-0.00097,Water,0.999032,1.220969e-11,1.500966e-08,2.787087e-10,4.064476e-08,1.119019e-11
4,1,45,-165,5.935774e-04,9.994064e-01,0.000594,1.000000,-7.42934,-0.00059,Water,0.999406,2.387033e-12,5.003160e-09,7.297593e-11,1.550174e-08,2.813992e-12
4,2,45,-155,7.308147e-03,9.926916e-01,0.007308,1.000000,-4.91877,-0.00734,Water,0.992692,4.493495e-11,1.206102e-08,1.684494e-09,2.701237e-08,5.949554e-11
4,3,45,-145,4.022635e-04,9.995976e-01,0.000402,1.000000,-7.81840,-0.00040,Water,0.999598,2.708288e-12,8.261277e-09,1.089074e-10,2.478396e-08,1.748739e-12
4,4,45,-135,2.989366e-03,9.970105e-01,0.002989,1.000000,-5.81269,-0.00299,Water,0.997011,9.977906e-12,6.953115e-09,4.218257e-10,1.550794e-08,1.080881e-11
4,5,45,-125,1.857985e-02,9.814201e-01,0.018580,1.000000,-3.98568,-0.01875,Water,0.981420,1.399135e-11,4.111576e-09,1.331048e-09,8.226984e-09,2.215401e-11
4,6,45,-115,3.202541e-02,9.679746e-01,0.032025,1.000000,-3.44123,-0.03255,Water,0.967975,9.876256e-12,1.643661e-09,9.941773e-10,4.218133e-09,1.710537e-11
4,7,45,-105,8.923685e-01,1.076315e-01,0.892368,1.000000,-0.11388,-2.22904,Land,0.892368,5.416199e-11,1.471916e-10,1.326297e-08,1.885862e-10,1.213438e-10
4,8,45,-95,4.762513e-01,5.237486e-01,0.476251,1.000000,-0.74181,-0.64674,Water,0.523749,5.807909e-11,8.833789e-10,1.171558e-08,1.502048e-09,1.263184e-10
4,9,45,-85,8.836594e-01,1.163406e-01,0.883659,1.000000,-0.12368,-2.15123,Land,0.883659,9.811737e-11,3.120680e-10,2.303704e-08,4.097084e-10,2.017027e-10
4,10,45,-75,8.742722e-01,1.257276e-01,0.874272,1.000000,-0.13436,-2.07364,Land,0.874272,1.349415e-10,6.254194e-10,5.351889e-08,6.947445e-10,2.158730e-10
4,11,45,-65,1.641503e-01,8.358496e-01,0.164150,1.000000,-1.80697,-0.17931,Water,0.835850,5.651278e-11,3.933555e-09,1.495401e-08,7.325897e-09,9.421496e-11
4,12,45,-55,1.197949e-04,9.998801e-01,0.000120,1.000000,-9.02973,-0.00012,Water,0.999880,7.307579e-13,7.090818e-09,2.575052e-11,1.997119e-08,4.162121e-13
4,13,45,-45,1.085539e-04,9.998914e-01,0.000109,1.000000,-9.12826,-0.00011,Water,0.999891,7.522882e-13,4.742234e-09,2.215992e-11,1.948803e-08,3.692783e-13
4,14,45,-35,1.944820e-05,9.999805e-01,0.000019,1.000000,-10.84776,-0.00002,Water,0.999981,1.055317e-13,2.666526e-09,2.722436e-12,1.309844e-08,4.149283e-14
4,15,45,-25,2.817347e-04,9.997182e-01,0.000282,1.000000,-8.17454,-0.00028,Water,0.999718,9.034334e-13,3.862086e-09,4.515128e-11,1.742606e-08,6.351055e-13
4,16,45,-15,2.121445e-03,9.978785e-01,0.002121,1.000000,-6.15566,-0.00212,Water,0.997878,2.669620e-12,2.703634e-09,1.544190e-10,1.014426e-08,3.898049e-12
4,17,45,-5,3.329573e-01,6.670425e-01,0.332957,1.000000,-1.09974,-0.40490,Water,0.667043,1.529068e-10,4.044003e-09,2.296605e-08,7.158258e-09,3.057531e-10
4,18,45,5,7.040790e-01,2.959209e-01,0.704079,1.000000,-0.35086,-1.21766,Land,0.704079,3.750525e-10,2.338882e-09,5.218956e-08,3.649391e-09,6.516034e-10
4,19,45,15,9.566740e-01,4.332593e-02,0.956674,1.000000,-0.04429,-3.13900,Land,0.956674,1.928894e-10,2.219178e-10,3.715740e-08,2.709881e-10,4.087123e-10
4,20,45,25,7.769443e-01,2.230556e-01,0.776944,1.000000,-0.25239,-1.50033,Land,0.776944,3.002890e-10,1.494887e-09,3.899739e-08,1.636784e-09,4.659171e-10
4,21,45,35,4.391211e-01,5.608780e-01,0.439122,0.999999,-0.82298,-0.57825,Water,0.560878,1.861229e-09,1.977852e-08,1.052371e-07,2.523826e-08,2.897109e-09
4,22,45,45,1.634741e-01,8.365258e-01,0.163474,1.000000,-1.81110,-0.17850,Water,0.836526,4.200025e-11,2.263086e-09,7.290060e-09,4.596249e-09,1.064738e-10
4,23,45,55,1.708460e-02,9.829150e-01,0.017085,1.000000,-4.06958,-0.01723,Water,0.982915,1.644950e-10,2.313493e-08,4.586751e-09,4.614007e-08,2.282472e-10
4,24,45,65,5.458325e-02,9.454163e-01,0.054583,1.000000,-2.90803,-0.05613,Water,0.945416,3.357489e-10,2.093325e-08,1.476055e-08,4.351361e-08,5.181537e-10
4,25,45,75,3.687803e-03,9.963120e-01,0.003688,1.000000,-5.60272,-0.00369,Water,0.996312,7.574734e-11,1.841646e-08,9.337795e-10,4.554061e-08,7.710781e-11
4,26,45,85,5.926570e-04,9.994071e-01,0.000593,1.000000,-7.43089,-0.00059,Water,0.999407,2.920906e-11,2.053711e-08,1.862377e-10,5.651862e-08,2.187061e-11
4,27,45,95,5.031258e-03,9.949682e-01,0.005031,0.999999,-5.29209,-0.00504,Water,0.994968,2.789400e-10,5.175472e-08,3.280931e-09,1.200063e-07,2.538112e-10
4,28,45,105,2.103871e-02,9.789594e-01,0.021039,0.999998,-3.86139,-0.02127,Water,0.978959,2.432619e-09,1.456366e-07,2.447168e-08,2.318662e-07,1.996958e-09
4,29,45,115,2.820260e-04,9.997178e-01,0.000282,1.000000,-8.17351,-0.00028,Water,0.999718,1.012257e-11,1.258316e-08,5.789051e-11,4.369695e-08,7.525957e-12
4,30,45,125,5.429388e-03,9.945695e-01,0.005429,0.999999,-5.21593,-0.00545,Water,0.994569,4.673949e-10,9.019134e-08,5.016523e-09,1.843613e-07,4.118740e-10
4,31,45,135,4.245852e-03,9.957540e-01,0.004246,1.000000,-5.46181,-0.00426,Water,0.995754,3.605655e-11,1.177845e-08,1.041067e-09,4.098924e-08,6.281463e-11
4,32,45,145,1.464072e-04,9.998534e-01,0.000146,1.000000,-8.82912,-0.00015,Water,0.999853,7.218934e-12,1.565394e-08,5.168124e-11,5.702104e-08,5.613946e-12
4,33,45,155,1.409508e-04,9.998589e-01,0.000141,1.000000,-8.86710,-0.00014,Water,0.999859,6.828298e-12,1.281288e-08,4.257357e-11,4.188898e-08,3.473473e-12
4,34,45,165,1.078914e-04,9.998919e-01,0.000108,1.000000,-9.13439,-0.00011,Water,0.999892,5.359268e-12,1.588712e-08,4.478513e-11,6.454262e-08,4.022935e-12
4,35,45,175,7.114714e-04,9.992881e-01,0.000711,1.000000,-7.24818,-0.00071,Water,0.999288,3.218097e-11,2.801599e-08,4.056374e-10,8.782532e-08,2.507662e-11
5,0,35,-175,5.474728e-03,9.945242e-01,0.005475,0.999999,-5.20761,-0.00549,Water,0.994524,1.261798e-10,3.814276e-08,2.910560e-09,8.394870e-08,1.141501e-10
5,1,35,-165,6.768458e-04,9.993231e-01,0.000677,1.000000,-7.29807,-0.00068,Water,0.999323,2.294013e-12,5.307677e-09,8.542111e-11,1.483677e-08,2.543507e-12
5,2,35,-155,5.261708e-03,9.947378e-01,0.005262,1.000000,-5.24730,-0.00528,Water,0.994738,5.639187e-11,1.589489e-08,1.500289e-09,4.036190e-08,6.546889e-11
5,3,35,-145,5.863933e-04,9.994135e-01,0.000586,1.000000,-7.44152,-0.00059,Water,0.999414,1.220233e-12,2.788557e-09,4.565704e-11,8.898295e-09,1.236856e-12
5,4,35,-135,8.684003e-04,9.991315e-01,0.000868,1.000000,-7.04886,-0.00087,Water,0.999131,3.846357e-12,6.847943e-09,1.059964e-10,1.238993e-08,2.701243e-12
5,5,35,-125,6.276326e-03,9.937236e-01,0.006276,1.000000,-5.07097,-0.00630,Water,0.993724,5.992232e-12,3.482739e-09,5.034713e-10,8.145835e-09,7.723969e-12
5,6,35,-115,6.180052e-02,9.381994e-01,0.061801,1.000000,-2.78384,-0.06379,Water,0.938199,1.809410e-11,2.083252e-09,2.746219e-09,4.446539e-09,3.366345e-11
5,7,35,-105,8.898048e-01,1.101952e-01,0.889805,1.000000,-0.11675,-2.20550,Land,0.889805,6.860595e-11,1.878017e-10,1.400185e-08,2.180209e-10,1.220354e-10
5,8,35,-95,3.220710e-01,6.779289e-01,0.322071,1.000000,-1.13298,-0.38871,Water,0.677929,5.718393e-11,1.423631e-09,9.701421e-09,2.444426e-09,9.093802e-11
5,9,35,-85,7.550032e-01,2.449968e-01,0.755003,1.000000,-0.28103,-1.40651,Land,0.755003,5.867449e-11,5.162792e-10,2.022829e-08,6.180420e-10,6.274560e-11
5,10,35,-75,6.086930e-01,3.913068e-01,0.608693,1.000000,-0.49644,-0.93826,Land,0.608693,2.156989e-10,2.062805e-09,2.894494e-08,2.465569e-09,3.497775e-10
5,11,35,-65,4.017302e-02,9.598268e-01,0.040173,1.000000,-3.21456,-0.04100,Water,0.959827,2.286946e-11,3.418348e-09,2.418061e-09,7.194311e-09,4.061561e-11
5,12,35,-55,2.729367e-04,9.997269e-01,0.000273,1.000000,-8.20627,-0.00027,Water,0.999727,1.612950e-12,8.151163e-09,5.691356e-11,1.968692e-08,7.988444e-13
5,13,35,-45,5.963810e-04,9.994035e-01,0.000596,1.000000,-7.42463,-0.00060,Water,0.999404,1.583849e-12,4.229884e-09,8.337698e-11,1.442898e-08,9.417883e-13
5,14,35,-35,3.493742e-05,9.999650e-01,0.000035,1.000000,-10.26195,-0.00004,Water,0.999965,2.655977e-13,3.769480e-09,6.574187e-12,1.558540e-08,7.987797e-14
5,15,35,-25,2.983789e-04,9.997016e-01,0.000298,1.000000,-8.11715,-0.00030,Water,0.999702,7.455637e-13,3.482085e-09,4.266718e-11,1.489352e-08,4.276107e-13
5,16,35,-15,4.391033e-03,9.956088e-01,0.004391,1.000000,-5.42819,-0.00440,Water,0.995609,9.696470e-12,6.815176e-09,8.371956e-10,2.265250e-08,8.762570e-12
5,17,35,-5,7.229465e-02,9.277051e-01,0.072295,1.000000,-2.62701,-0.07504,Water,0.927705,9.313579e-11,9.749747e-09,1.334914e-08,2.332890e-08,8.823825e-11
5,18,35,5,5.944997e-01,4.055002e-01,0.594500,1.000000,-0.52004,-0.90263,Land,0.594500,2.360987e-10,2.212412e-09,2.954055e-08,3.119305e-09,3.384681e-10
5,19,35,15,9.491019e-01,5.089795e-02,0.949102,1.000000,-0.05224,-2.97793,Land,0.949102,2.554072e-10,3.422781e-10,4.350498e-08,3.605186e-10,3.919040e-10
5,20,35,25,8.692469e-01,1.307529e-01,0.869247,1.000000,-0.14013,-2.03445,Land,0.869247,4.796919e-10,1.068549e-09,4.630752e-08,1.156819e-09,6.715323e-10
5,21,35,35,8.157387e-01,1.842612e-01,0.815739,1.000000,-0.20366,-1.69140,Land,0.815739,6.406402e-11,3.695959e-10,1.570965e-08,3.919363e-10,1.325078e-10
5,22,35,45,1.439456e-01,8.560538e-01,0.143946,0.999999,-1.93832,-0.15542,Water,0.856054,6.042106e-10,1.600246e-08,2.794760e-08,3.408234e-08,8.573980e-10
5,23,35,55,9.722014e-02,9.027795e-01,0.097220,1.000000,-2.33078,-0.10228,Water,0.902779,3.644371e-10,1.334158e-08,1.782643e-08,2.545067e-08,5.288085e-10
5,24,35,65,1.066654e-01,8.933338e-01,0.106666,0.999999,-2.23806,-0.11279,Water,0.893334,6.937594e-10,2.357520e-08,2.826053e-08,3.824612e-08,8.765894e-10
5,25,35,75,1.198261e-02,9.880168e-01,0.011983,0.999999,-4.42430,-0.01206,Water,0.988017,2.162660e-10,2.599286e-08,3.658797e-09,4.764034e-08,1.893992e-10
5,26,35,85,1.113898e-03,9.988853e-01,0.001114,0.999999,-6.79989,-0.00112,Water,0.998885,1.195681e-10,5.359371e-08,8.750296e-10,1.374743e-07,8.609391e-11
5,27,35,95,2.793658e-03,9.972058e-01,0.002794,0.999999,-5.88040,-0.00280,Water,0.997206,1.523734e-10,4.103531e-08,1.634869e-09,8.946027e-08,9.037923e-11
5,28,35,105,2.771714e-03,9.972278e-01,0.002772,1.000000,-5.88829,-0.00278,Water,0.997228,1.362330e-10,3.669031e-08,1.119676e-09,8.689007e-08,1.243559e-10
5,29,35,115,1.505203e-04,9.998493e-01,0.000151,1.000000,-8.80141,-0.00015,Water,0.999849,9.487171e-12,1.407571e-08,3.835469e-11,5.260763e-08,5.960918e-12
5,30,35,125,3.457249e-03,9.965423e-01,0.003457,1.000000,-5.66728,-0.00346,Water,0.996542,9.403226e-11,2.704174e-08,1.436597e-09,6.439466e-08,7.394457e-11
5,31,35,135,2.137319e-02,9.786263e-01,0.021373,0.999999,-3.84562,-0.02161,Water,0.978626,2.077225e-10,2.340306e-08,7.515045e-09,5.810625e-08,3.366651e-10
5,32,35,145,7.799008e-04,9.992199e-01,0.000780,1.000000,-7.15634,-0.00078,Water,0.999220,1.104619e-11,8.575828e-09,1.782173e-10,3.471989e-08,1.111316e-11
5,33,35,155,3.926634e-05,9.999606e-01,0.000039,1.000000,-10.14514,-0.00004,Water,0.999961,1.156746e-12,5.413285e-09,6.500269e-12,2.246888e-08,5.194002e-13
5,34,35,165,6.227338e-05,9.999377e-01,0.000062,1.000000,-9.68398,-0.00006,Water,0.999938,4.915435e-13,3.235516e-09,6.880033e-12,1.477372e-08,3.868559e-13
5,35,35,175,7.820848e-04,9.992163e-01,0.000782,0.999998,-7.15355,-0.00078,Water,0.999216,5.679224e-11,4.121257e-08,4.986527e-10,1.094273e-07,5.162212e-11
6,0,25,-175,9.844176e-03,9.901546e-01,0.009844,0.999999,-4.62088,-0.00989,Water,0.990155,3.665467e-10,6.989288e-08,5.706033e-09,9.534148e-08,3.193475e-10
6,1,25,-165,7.284952e-04,9.992713e-01,0.000728,1.000000,-7.22453,-0.00073,Water,0.999271,7.143365e-12,1.032822e-08,1.194734e-10,1.996893e-08,6.154783e-12
6,2,25,-155,3.871979e-03,9.961277e-01,0.003872,1.000000,-5.55399,-0.00388,Water,0.996128,3.821791e-11,1.551168e-08,8.763886e-10,2.929278e-08,4.071691e-11
6,3,25,-145,9.045293e-04,9.990953e-01,0.000905,1.000000,-7.00810,-0.00091,Water,0.999095,8.780870e-12,1.101271e-08,1.655044e-10,1.931195e-08,7.803152e-12
6,4,25,-135,7.688909e-04,9.992310e-01,0.000769,1.000000,-7.17056,-0.00077,Water,0.999231,5.334226e-12,7.655525e-09,1.383689e-10,1.569219e-08,4.552869e-12
6,5,25,-125,5.196683e-03,9.948030e-01,0.005197,1.000000,-5.25973,-0.00521,Water,0.994803,5.002044e-11,1.819640e-08,1.133650e-09,2.774932e-08,4.644019e-11
6,6,25,-115,2.338126e-03,9.976618e-01,0.002338,1.000000,-6.05841,-0.00234,Water,0.997662,5.253470e-12,4.063012e-09,1.784326e-10,1.018853e-08,7.382850e-12
6,7,25,-105,4.147986e-02,9.585200e-01,0.041480,1.000000,-3.18255,-0.04236,Water,0.958520,3.400265e-11,4.413674e-09,2.760163e-09,7.532554e-09,6.011314e-11
6,8,25,-95,8.030137e-02,9.196985e-01,0.080301,1.000000,-2.52197,-0.08371,Water,0.919698,1.554155e-10,7.396272e-09,7.715354e-09,1.455025e-08,2.241359e-10
6,9,25,-85,4.164108e-01,5.835889e-01,0.416411,1.000000,-0.87608,-0.53856,Water,0.583589,2.085076e-10,3.136514e-09,2.019463e-08,3.477020e-09,3.252443e-10
6,10,25,-75,1.765428e-01,8.234568e-01,0.176543,1.000000,-1.73419,-0.19424,Water,0.823457,1.769580e-10,7.113006e-09,1.472527e-08,7.878307e-09,2.903849e-10
6,11,25,-65,6.711954e-02,9.328802e-01,0.067120,1.000000,-2.70128,-0.06948,Water,0.932880,8.653133e-11,6.906087e-09,5.667892e-09,1.008095e-08,1.411770e-10
6,12,25,-55,6.616888e-04,9.993382e-01,0.000662,1.000000,-7.32072,-0.00066,Water,0.999338,2.403688e-12,5.710653e-09,6.158333e-11,9.469792e-09,2.104956e-12
6,13,25,-45,3.475997e-04,9.996523e-01,0.000348,1.000000,-7.96446,-0.00035,Water,0.999652,1.097683e-12,4.989695e-09,6.603699e-11,1.331766e-08,5.769189e-13
6,14,25,-35,1.475801e-04,9.998523e-01,0.000148,1.000000,-8.82114,-0.00015,Water,0.999852,9.394621e-13,6.648647e-09,3.801411e-11,1.937194e-08,4.648431e-13
6,15,25,-25,3.951154e-04,9.996048e-01,0.000395,1.000000,-7.83633,-0.00040,Water,0.999605,1.820760e-12,3.461123e-09,3.411088e-11,9.673617e-09,1.265353e-12
6,16,25,-15,2.824755e-03,9.971752e-01,0.002825,1.000000,-5.86933,-0.00283,Water,0.997175,4.074066e-12,4.719530e-09,4.753731e-10,1.422224e-08,3.593589e-12
6,17,25,-5,1.596591e-01,8.403407e-01,0.159659,1.000000,-1.83471,-0.17395,Water,0.840341,1.114408e-10,6.290499e-09,1.448344e-08,9.703080e-09,1.901139e-10
6,18,25,5,6.574660e-01,3.425336e-01,0.657466,1.000000,-0.41936,-1.07139,Land,0.657466,1.342123e-09,8.161657e-09,9.789156e-08,8.946575e-09,2.225450e-09
6,19,25,15,9.671471e-01,3.285283e-02,0.967147,1.000000,-0.03340,-3.41572,Land,0.967147,5.759098e-11,9.282520e-11,1.539762e-08,7.196326e-11,1.422965e-10
6,20,25,25,7.139940e-01,2.860055e-01,0.713994,0.999999,-0.33688,-1.25174,Land,0.713994,1.611045e-09,6.112007e-09,1.084942e-07,7.540328e-09,2.179345e-09
6,21,25,35,5.232214e-01,4.767785e-01,0.523221,1.000000,-0.64775,-0.74070,Land,0.523221,2.109058e-10,1.944588e-09,2.468094e-08,3.912935e-09,4.437200e-10
6,22,25,45,5.924620e-01,4.075378e-01,0.592462,1.000000,-0.52347,-0.89762,Land,0.592462,4.296563e-10,3.193618e-09,4.469640e-08,5.612163e-09,8.808713e-10
6,23,25,55,1.332428e-01,8.667567e-01,0.133243,1.000000,-2.01558,-0.14300,Water,0.866757,7.242985e-10,1.881385e-08,2.610590e-08,3.016082e-08,1.071784e-09
6,24,25,65,5.901376e-02,9.409857e-01,0.059014,0.999999,-2.82998,-0.06083,Water,0.940986,4.974671e-10,2.326147e-08,1.615894e-08,4.164925e-08,6.613727e-10
6,25,25,75,4.064484e-01,5.935509e-01,0.406449,0.999999,-0.90030,-0.52163,Water,0.593551,1.649514e-09,1.475894e-08,7.702629e-08,1.922609e-08,2.132294e-09
6,26,25,85,1.553611e-02,9.844635e-01,0.015536,1.000000,-4.16459,-0.01566,Water,0.984464,2.301758e-10,2.059172e-08,3.582764e-09,4.328983e-08,2.198809e-10
6,27,25,95,1.058832e-03,9.989410e-01,0.001059,1.000000,-6.85059,-0.00106,Water,0.998941,2.544549e-11,1.354757e-08,1.611717e-10,2.668597e-08,1.712812e-11
6,28,25,105,2.331972e-02,9.766799e-01,0.023320,1.000000,-3.75846,-0.02360,Water,0.976680,4.399149e-10,2.682939e-08,6.048400e-09,5.523840e-08,4.481937e-10
6,29,25,115,2.853895e-03,9.971460e-01,0.002854,1.000000,-5.85907,-0.00286,Water,0.997146,2.750018e-11,8.661155e-09,5.505814e-10,3.271935e-08,3.725404e-11
6,30,25,125,1.097300e-03,9.989026e-01,0.001097,1.000000,-6.81490,-0.00110,Water,0.998903,9.591268e-12,7.215658e-09,1.935680e-10,2.598766e-08,1.137430e-11
6,31,25,135,2.598340e-02,9.740163e-01,0.025983,1.000000,-3.65030,-0.02633,Water,0.974016,1.807827e-10,1.746269e-08,6.125281e-09,3.732389e-08,3.152476e-10
6,32,25,145,3.165717e-03,9.968341e-01,0.003166,1.000000,-5.75538,-0.00317,Water,0.996834,2.719332e-11,9.269953e-09,6.288196e-10,2.912741e-08,3.785146e-11
6,33,25,155,1.725027e-04,9.998272e-01,0.000173,1.000000,-8.66510,-0.00017,Water,0.999827,9.465832e-12,1.649672e-08,3.943728e-11,2.927622e-08,3.492675e-12
6,34,25,165,2.197823e-04,9.997801e-01,0.000220,1.000000,-8.42287,-0.00022,Water,0.999780,5.264795e-12,1.071119e-08,5.346951e-11,3.123622e-08,3.797742e-12
6,35,25,175,8.754619e-04,9.991241e-01,0.000875,1.000000,-7.04076,-0.00088,Water,0.999124,2.780281e-11,2.326402e-08,3.093847e-10,5.221433e-08,2.223107e-11
7,0,15,-175,1.244316e-02,9.875558e-01,0.012443,0.999999,-4.38658,-0.01252,Water,0.987556,4.018556e-10,6.991184e-08,8.534559e-09,1.141905e-07,3.598880e-10
7,1,15,-165,3.365056e-04,9.996634e-01,0.000337,1.000000,-7.99690,-0.00034,Water,0.999663,4.452985e-12,1.082639e-08,5.778234e-11,2.519488e-08,3.489227e-12
7,2,15,-155,4.988078e-03,9.950117e-01,0.004988,1.000000,-5.30070,-0.00500,Water,0.995012,2.829340e-11,1.332778e-08,8.426432e-10,2.380307e-08,3.423521e-11
7,3,15,-145,1.912817e-03,9.980870e-01,0.001913,1.000000,-6.25918,-0.00191,Water,0.998087,1.492843e-11,1.242810e-08,4.671623e-10,2.742466e-08,1.507163e-11
7,4,15,-135,1.158824e-03,9.988410e-01,0.001159,1.000000,-6.76035,-0.00116,Water,0.998841,9.471369e-12,1.134930e-08,2.662049e-10,2.390366e-08,9.232873e-12
7,5,15,-125,4.728286e-03,9.952716e-01,0.004728,1.000000,-5.35419,-0.00474,Water,0.995272,1.861162e-11,9.002784e-09,6.701601e-10,1.873874e-08,1.884056e-11
7,6,15,-115,1.764526e-02,9.823546e-01,0.017645,1.000000,-4.03729,-0.01780,Water,0.982355,2.011801e-11,4.902560e-09,1.618460e-09,1.060245e-08,3.701017e-11
7,7,15,-105,1.284562e-02,9.871542e-01,0.012846,1.000000,-4.35475,-0.01293,Water,0.987154,5.186149e-11,1.182569e-08,1.643820e-09,2.051101e-08,6.849556e-11
7,8,15,-95,2.022352e-02,9.797764e-01,0.020224,1.000000,-3.90091,-0.02043,Water,0.979776,1.094862e-11,3.220156e-09,1.116577e-09,5.642114e-09,2.184586e-11
7,9,15,-85,3.112804e-01,6.887193e-01,0.311280,1.000000,-1.16706,-0.37292,Water,0.688719,1.703701e-10,5.010515e-09,2.092239e-08,5.307574e-09,3.080541e-10
7,10,15,-75,1.590851e-01,8.409145e-01,0.159085,1.000000,-1.83832,-0.17327,Water,0.840915,2.037563e-10,9.378125e-09,1.405543e-08,9.869311e-09,3.194404e-10
7,11,15,-65,1.680357e-02,9.831964e-01,0.016804,1.000000,-4.08616,-0.01695,Water,0.983196,8.342737e-12,2.489354e-09,9.950395e-10,5.795764e-09,1.367564e-11
7,12,15,-55,2.529975e-03,9.974699e-01,0.002530,1.000000,-5.97955,-0.00253,Water,0.997470,3.760794e-12,3.979810e-09,2.218382e-10,9.037948e-09,5.105746e-12
7,13,15,-45,4.180611e-04,9.995819e-01,0.000418,1.000000,-7.77988,-0.00042,Water,0.999582,1.285294e-12,4.697955e-09,6.578883e-11,1.477570e-08,9.023114e-13
7,14,15,-35,3.416648e-04,9.996583e-01,0.000342,1.000000,-7.98168,-0.00034,Water,0.999658,8.687100e-13,2.997330e-09,3.092555e-11,9.998258e-09,8.905024e-13
7,15,15,-25,1.067083e-03,9.989328e-01,0.001067,1.000000,-6.84283,-0.00107,Water,0.998933,3.354102e-12,7.100266e-09,2.243159e-10,2.101419e-08,2.311120e-12
7,16,15,-15,5.010469e-03,9.949894e-01,0.005010,1.000000,-5.29623,-0.00502,Water,0.994989,1.518539e-11,5.748679e-09,5.352584e-10,1.684591e-08,1.562007e-11
7,17,15,-5,1.982072e-01,8.017926e-01,0.198207,1.000000,-1.61844,-0.22091,Water,0.801793,1.616435e-10,6.874700e-09,1.646176e-08,1.024980e-08,3.404371e-10
7,18,15,5,7.209967e-01,2.790026e-01,0.720997,0.999999,-0.32712,-1.27653,Land,0.720997,2.246077e-09,9.665553e-09,1.404395e-07,1.102936e-08,3.990274e-09
7,19,15,15,9.581491e-01,4.185091e-02,0.958149,1.000000,-0.04275,-3.17364,Land,0.958149,7.267257e-11,1.547487e-10,1.847775e-08,1.176732e-10,1.881603e-10
7,20,15,25,8.503467e-01,1.496532e-01,0.850347,1.000000,-0.16211,-1.89943,Land,0.850347,1.982316e-10,9.314177e-10,3.258555e-08,8.554346e-10,4.351435e-10
7,21,15,35,5.071939e-01,4.928058e-01,0.507194,1.000000,-0.67886,-0.70764,Land,0.507194,6.863990e-10,6.393407e-09,4.794804e-08,8.577546e-09,1.176656e-09
7,22,15,45,3.753127e-01,6.246869e-01,0.375313,1.000000,-0.98000,-0.47050,Water,0.624687,5.683302e-10,7.219178e-09,4.487368e-08,1.324815e-08,9.759944e-10
7,23,15,55,4.389104e-02,9.561088e-01,0.043891,1.000000,-3.12605,-0.04488,Water,0.956109,1.306196e-10,1.197021e-08,6.777989e-09,2.370303e-08,2.678112e-10
7,24,15,65,4.598567e-02,9.540141e-01,0.045986,1.000000,-3.07943,-0.04708,Water,0.954014,1.653765e-10,1.384122e-08,6.208810e-09,2.300078e-08,2.487610e-10
7,25,15,75,1.926234e-01,8.073756e-01,0.192624,0.999999,-1.64702,-0.21397,Water,0.807376,1.803568e-09,3.186150e-08,5.742870e-08,4.491101e-08,2.344524e-09
7,26,15,85,9.550552e-02,9.044942e-01,0.095506,1.000000,-2.34857,-0.10038,Water,0.904494,2.520427e-10,1.011800e-08,1.551610e-08,2.461720e-08,4.626455e-10
7,27,15,95,2.625744e-02,9.737423e-01,0.026257,1.000000,-3.63981,-0.02661,Water,0.973742,1.432291e-10,1.600397e-08,4.239223e-09,2.503426e-08,1.500135e-10
7,28,15,105,3.170787e-02,9.682915e-01,0.031708,0.999999,-3.45119,-0.03222,Water,0.968292,5.563534e-10,3.636036e-08,1.421846e-08,8.074564e-08,6.548935e-10
7,29,15,115,3.916043e-03,9.960838e-01,0.003916,1.000000,-5.54267,-0.00392,Water,0.996084,3.169070e-11,1.004562e-08,7.266208e-10,3.090047e-08,4.300988e-11
7,30,15,125,1.148954e-03,9.988510e-01,0.001149,1.000000,-6.76890,-0.00115,Water,0.998851,6.517027e-12,5.649080e-09,1.388820e-10,1.867566e-08,7.262910e-12
7,31,15,135,1.116384e-02,9.888359e-01,0.011164,1.000000,-4.49508,-0.01123,Water,0.988836,7.428920e-11,1.323393e-08,2.648250e-09,3.810820e-08,1.389950e-10
7,32,15,145,2.081932e-03,9.979180e-01,0.002082,1.000000,-6.17446,-0.00208,Water,0.997918,6.697482e-12,3.860694e-09,2.178761e-10,1.542460e-08,9.890707e-12
7,33,15,155,1.853263e-03,9.981459e-01,0.001853,0.999999,-6.29081,-0.00186,Water,0.998146,1.636756e-10,5.228234e-08,1.248730e-09,1.078054e-07,1.155472e-10
7,34,15,165,2.857251e-04,9.997142e-01,0.000286,1.000000,-8.16048,-0.00029,Water,0.999714,4.195439e-12,8.596599e-09,5.797283e-11,3.160108e-08,3.237022e-12
7,35,15,175,3.238672e-03,9.967606e-01,0.003239,0.999999,-5.73259,-0.00324,Water,0.996761,1.515893e-10,4.529130e-08,1.839073e-09,1.073826e-07,1.506904e-10
8,0,5,-175,8.247905e-03,9.917508e-01,0.008248,0.999999,-4.79780,-0.00828,Water,0.991751,2.975877e-10,5.586080e-08,4.873118e-09,1.101296e-07,3.148085e-10
8,1,5,-165,1.354496e-03,9.986453e-01,0.001354,1.000000,-6.60433,-0.00136,Water,0.998645,1.384619e-11,1.282379e-08,2.522004e-10,2.657614e-08,1.298218e-11
8,2,5,-155,2.085049e-03,9.979147e-01,0.002085,1.000000,-6.17296,-0.00209,Water,0.997915,2.737719e-11,1.433121e-08,5.613967e-10,3.736425e-08,4.701310e-11
8,3,5,-145,2.217737e-03,9.977815e-01,0.002218,0.999999,-6.11127,-0.00222,Water,0.997781,7.250018e-11,4.666218e-08,1.131518e-09,6.771111e-08,7.638523e-11
8,4,5,-135,3.307014e-03,9.966928e-01,0.003307,1.000000,-5.71171,-0.00331,Water,0.996693,2.527155e-11,1.372305e-08,8.581573e-10,3.019494e-08,3.136085e-11
8,5,5,-125,1.090647e-03,9.989092e-01,0.001091,1.000000,-6.82098,-0.00109,Water,0.998909,1.315302e-11,1.397384e-08,2.707272e-10,3.329039e-08,1.297093e-11
8,6,5,-115,5.463674e-03,9.945362e-01,0.005464,1.000000,-5.20963,-0.00548,Water,0.994536,1.730228e-11,8.351320e-09,6.186564e-10,1.724735e-08,2.355137e-11
8,7,5,-105,1.126969e-02,9.887301e-01,0.011270,1.000000,-4.48564,-0.01133,Water,0.988730,4.387792e-11,1.143788e-08,1.228421e-09,1.670520e-08,5.389732e-11
8,8,5,-95,4.053090e-02,9.594681e-01,0.040531,0.999999,-3.20569,-0.04138,Water,0.959468,5.699877e-10,4.278683e-08,1.315184e-08,5.029151e-08,7.024327e-10
8,9,5,-85,1.157070e-01,8.842916e-01,0.115707,0.999999,-2.15669,-0.12297,Water,0.884292,1.080532e-09,3.650969e-08,3.343180e-08,4.362875e-08,1.507622e-09
8,10,5,-75,7.044058e-02,9.295591e-01,0.070441,1.000000,-2.65299,-0.07304,Water,0.929559,2.119217e-10,1.287536e-08,8.081062e-09,1.681468e-08,2.738420e-10
8,11,5,-65,1.102743e-02,9.889724e-01,0.011027,1.000000,-4.50737,-0.01109,Water,0.988972,1.680628e-11,5.066121e-09,9.857513e-10,1.121016e-08,2.940012e-11
8,12,5,-55,9.236758e-04,9.990761e-01,0.000924,1.000000,-6.98715,-0.00092,Water,0.999076,1.061529e-11,1.353829e-08,2.180503e-10,3.162352e-08,1.488738e-11
8,13,5,-45,5.378226e-05,9.999462e-01,0.000054,1.000000,-9.83057,-0.00005,Water,0.999946,1.136116e-13,1.240518e-09,3.108372e-12,5.644379e-09,1.184221e-13
8,14,5,-35,2.031021e-04,9.997968e-01,0.000203,1.000000,-8.50180,-0.00020,Water,0.999797,1.213801e-12,4.300629e-09,2.578863e-11,1.508394e-08,1.172120e-12
8,15,5,-25,4.309003e-04,9.995690e-01,0.000431,1.000000,-7.74963,-0.00043,Water,0.999569,2.004415e-12,4.306281e-09,5.116396e-11,1.475769e-08,2.098414e-12
8,16,5,-15,5.795071e-03,9.942049e-01,0.005795,1.000000,-5.15075,-0.00581,Water,0.994205,7.119900e-12,4.053794e-09,4.485197e-10,1.112558e-08,1.253472e-11
8,17,5,-5,3.293107e-01,6.706889e-01,0.329311,1.000000,-1.11075,-0.39945,Water,0.670689,3.309716e-10,7.660733e-09,3.719209e-08,1.115996e-08,7.344831e-10
8,18,5,5,3.822233e-01,6.177763e-01,0.382223,1.000000,-0.96175,-0.48163,Water,0.617776,5.939155e-10,7.738517e-09,5.292616e-08,1.584773e-08,1.180534e-09
8,19,5,15,5.008408e-01,4.991585e-01,0.500841,0.999999,-0.69147,-0.69483,Land,0.500841,1.604647e-09,1.366744e-08,9.025021e-08,1.758727e-08,2.349404e-09
8,20,5,25,4.410114e-01,5.589876e-01,0.441012,0.999999,-0.81868,-0.58163,Water,0.558988,3.064553e-09,2.372435e-08,1.265874e-07,3.346928e-08,4.497180e-09
8,21,5,35,3.123296e-01,6.876695e-01,0.312330,0.999999,-1.16370,-0.37445,Water,0.687670,1.775257e-09,1.968622e-08,6.476591e-08,3.188813e-08,2.849330e-09
8,22,5,45,2.952680e-02,9.704726e-01,0.029527,0.999999,-3.52246,-0.02997,Water,0.970473,4.757225e-10,3.003227e-08,8.909463e-09,6.231400e-08,6.725738e-10
8,23,5,55,4.678586e-03,9.953209e-01,0.004679,0.999999,-5.36476,-0.00469,Water,0.995321,1.661501e-10,4.502886e-08,2.125142e-09,7.318894e-08,1.925652e-10
8,24,5,65,1.259080e-02,9.874089e-01,0.012591,1.000000,-4.37479,-0.01267,Water,0.987409,1.443135e-10,1.848819e-08,2.942957e-09,4.284717e-08,1.781340e-10
8,25,5,75,6.562622e-02,9.343718e-01,0.065626,0.999998,-2.72378,-0.06788,Water,0.934372,2.350828e-09,7.584259e-08,3.655433e-08,9.583032e-08,2.324473e-09
8,26,5,85,1.392969e-02,9.860698e-01,0.013930,1.000000,-4.27373,-0.01403,Water,0.986070,1.962805e-10,2.131688e-08,4.013369e-09,5.285851e-08,2.405214e-10
8,27,5,95,9.193975e-03,9.908055e-01,0.009194,0.999999,-4.68921,-0.00924,Water,0.990805,2.694040e-10,3.614067e-08,3.388644e-09,6.962525e-08,2.617916e-10
8,28,5,105,1.008061e-02,9.899190e-01,0.010081,1.000000,-4.59714,-0.01013,Water,0.989919,2.305837e-10,3.009482e-08,4.119533e-09,8.048416e-08,2.666871e-10
8,29,5,115,1.579945e-03,9.984197e-01,0.001580,1.000000,-6.45037,-0.00158,Water,0.998420,5.947563e-11,2.422295e-08,5.462959e-10,6.641770e-08,5.873767e-11
8,30,5,125,8.504829e-04,9.991494e-01,0.000850,1.000000,-7.06971,-0.00085,Water,0.999149,1.187858e-11,9.529639e-09,1.980195e-10,3.809860e-08,1.305244e-11
8,31,5,135,1.154008e-03,9.988458e-01,0.001154,1.000000,-6.76451,-0.00115,Water,0.998846,1.876272e-11,1.387368e-08,3.252668e-10,4.334056e-08,2.661162e-11
8,32,5,145,1.528822e-03,9.984710e-01,0.001529,1.000000,-6.48326,-0.00153,Water,0.998471,1.780249e-11,9.788598e-09,4.016809e-10,4.103146e-08,2.545507e-11
8,33,5,155,2.607991e-04,9.997389e-01,0.000261,1.000000,-8.25176,-0.00026,Water,0.999739,1.124708e-11,1.624947e-08,8.699915e-11,4.156435e-08,6.899347e-12
8,34,5,165,2.695510e-04,9.997302e-01,0.000270,1.000000,-8.21875,-0.00027,Water,0.999730,9.020586e-12,1.528057e-08,8.785197e-11,4.952216e-08,7.005944e-12
8,35,5,175,1.923260e-03,9.980762e-01,0.001923,0.999999,-6.25373,-0.00193,Water,0.998076,6.977660e-11,2.685036e-08,8.595025e-10,8.839415e-08,6.753210e-11
9,0,-5,-175,4.893348e-03,9.951054e-01,0.004893,0.999999,-5.31988,-0.00491,Water,0.995105,2.708319e-10,8.037275e-08,4.247349e-09,1.466766e-07,3.183277e-10
9,1,-5,-165,6.894698e-05,9.999310e-01,0.000069,1.000000,-9.58217,-0.00007,Water,0.999931,9.741810e-13,7.923542e-09,9.369381e-12,1.662438e-08,8.222726e-13
9,2,-5,-155,7.961346e-05,9.999203e-01,0.000080,1.000000,-9.43833,-0.00008,Water,0.999920,2.022785e-12,1.009744e-08,1.912234e-11,2.939478e-08,1.867238e-12
9,3,-5,-145,5.455905e-04,9.994541e-01,0.000546,1.000000,-7.51364,-0.00055,Water,0.999454,1.360172e-11,2.138858e-08,1.767275e-10,3.875056e-08,1.396513e-11
9,4,-5,-135,2.256840e-04,9.997741e-01,0.000226,1.000000,-8.39637,-0.00023,Water,0.999774,3.965761e-12,1.312950e-08,5.047947e-11,2.584456e-08,3.770582e-12
9,5,-5,-125,3.464549e-04,9.996533e-01,0.000346,1.000000,-7.96776,-0.00035,Water,0.999653,1.055271e-11,2.027881e-08,9.501848e-11,3.766841e-08,7.328939e-12
9,6,-5,-115,9.422749e-04,9.990574e-01,0.000942,1.000000,-6.96721,-0.00094,Water,0.999057,1.803193e-11,1.824027e-08,2.701797e-10,3.600448e-08,2.038058e-11
9,7,-5,-105,2.464225e-03,9.975354e-01,0.002464,1.000000,-6.00588,-0.00247,Water,0.997535,3.875379e-11,2.264047e-08,6.613024e-10,3.620423e-08,4.171186e-11
9,8,-5,-95,3.615275e-03,9.963845e-01,0.003615,1.000000,-5.62259,-0.00362,Water,0.996384,3.481700e-11,1.669581e-08,7.486734e-10,2.644224e-08,4.492576e-11
9,9,-5,-85,5.612344e-03,9.943873e-01,0.005612,1.000000,-5.18279,-0.00563,Water,0.994387,6.331972e-11,2.186831e-08,1.339988e-09,3.147115e-08,8.255299e-11
9,10,-5,-75,6.052116e-03,9.939474e-01,0.006052,1.000000,-5.10735,-0.00607,Water,0.993947,1.147487e-10,3.117774e-08,2.279293e-09,5.607515e-08,1.859296e-10
9,11,-5,-65,1.501828e-03,9.984981e-01,0.001502,1.000000,-6.50107,-0.00150,Water,0.998498,3.847403e-12,4.442417e-09,1.102052e-10,9.643905e-09,8.543524e-12
9,12,-5,-55,3.362567e-04,9.996636e-01,0.000336,1.000000,-7.99764,-0.00034,Water,0.999664,4.030349e-12,9.430816e-09,5.046118e-11,2.069789e-08,6.882661e-12
9,13,-5,-45,2.234854e-04,9.997764e-01,0.000223,1.000000,-8.40616,-0.00022,Water,0.999776,1.583090e-12,5.524069e-09,3.408032e-11,1.759689e-08,2.453991e-12
9,14,-5,-35,3.955419e-04,9.996043e-01,0.000396,1.000000,-7.83525,-0.00040,Water,0.999604,4.450175e-12,9.003702e-09,7.994742e-11,2.381871e-08,4.686973e-12
9,15,-5,-25,1.711723e-04,9.998288e-01,0.000171,1.000000,-8.67284,-0.00017,Water,0.999829,6.681172e-13,3.425282e-09,1.802961e-11,1.044156e-08,6.916777e-13
9,16,-5,-15,3.615959e-04,9.996384e-01,0.000362,1.000000,-7.92498,-0.00036,Water,0.999638,9.676284e-13,3.439679e-09,2.639490e-11,8.747449e-09,1.064229e-12
9,17,-5,-5,3.737913e-02,9.626204e-01,0.037379,1.000000,-3.28664,-0.03810,Water,0.962620,3.085327e-10,2.884265e-08,1.086626e-08,4.676590e-08,4.390598e-10
9,18,-5,5,3.375842e-02,9.662407e-01,0.033758,0.999999,-3.38853,-0.03434,Water,0.966241,7.074396e-10,5.208504e-08,1.804497e-08,9.985303e-08,1.044129e-09
9,19,-5,15,5.141015e-03,9.948588e-01,0.005141,1.000000,-5.27050,-0.00515,Water,0.994859,5.604560e-11,1.648858e-08,1.291668e-09,4.143141e-08,7.282421e-11
9,20,-5,25,2.889921e-03,9.971099e-01,0.002890,1.000000,-5.84653,-0.00289,Water,0.997110,3.869738e-11,1.717654e-08,7.281966e-10,4.118740e-08,5.688575e-11
9,21,-5,35,5.712126e-03,9.942877e-01,0.005712,1.000000,-5.16516,-0.00573,Water,0.994288,6.294553e-11,1.758937e-08,1.535512e-09,4.312361e-08,1.009894e-10
9,22,-5,45,6.560125e-04,9.993438e-01,0.000656,1.000000,-7.32933,-0.00066,Water,0.999344,2.631389e-11,2.044287e-08,2.065497e-10,5.650404e-08,3.075614e-11
9,23,-5,55,2.071593e-04,9.997928e-01,0.000207,1.000000,-8.48202,-0.00021,Water,0.999793,1.864573e-12,5.300963e-09,2.573885e-11,1.756130e-08,3.068344e-12
9,24,-5,65,2.969429e-04,9.997029e-01,0.000297,1.000000,-8.12197,-0.00030,Water,0.999703,6.517972e-12,1.271470e-08,7.253070e-11,3.487715e-08,7.667987e-12
9,25,-5,75,9.131576e-04,9.990866e-01,0.000913,1.000000,-6.99860,-0.00091,Water,0.999087,2.836297e-11,2.228108e-08,3.379031e-10,5.463174e-08,3.807494e-11
9,26,-5,85,2.668417e-04,9.997330e-01,0.000267,1.000000,-8.22886,-0.00027,Water,0.999733,5.323151e-12,9.655354e-09,4.355924e-11,2.658282e-08,5.478619e-12
9,27,-5,95,4.341763e-05,9.999565e-01,0.000043,1.000000,-10.04464,-0.00004,Water,0.999957,9.271360e-13,6.537866e-09,7.388380e-12,2.233615e-08,8.588241e-13
9,28,-5,105,1.133216e-04,9.998866e-01,0.000113,1.000000,-9.08528,-0.00011,Water,0.999887,1.547978e-12,6.876478e-09,1.508864e-11,1.938902e-08,1.564156e-12
9,29,-5,115,9.281962e-05,9.999071e-01,0.000093,1.000000,-9.28485,-0.00009,Water,0.999907,3.094326e-12,1.104219e-08,2.028570e-11,3.278568e-08,2.916280e-12
9,30,-5,125,1.966762e-05,9.999803e-01,0.000020,1.000000,-10.83654,-0.00002,Water,0.999980,2.492225e-13,3.044408e-09,2.076436e-12,1.414797e-08,1.575930e-13
9,31,-5,135,3.183101e-05,9.999681e-01,0.000032,1.000000,-10.35507,-0.00003,Water,0.999968,6.467234e-13,5.962636e-09,5.995574e-12,2.572671e-08,7.237048e-13
9,32,-5,145,7.306905e-05,9.999269e-01,0.000073,1.000000,-9.52411,-0.00007,Water,0.999927,1.183803e-12,5.382257e-09,1.067220e-11,2.038967e-08,1.440367e-12
9,33,-5,155,9.284186e-06,9.999907e-01,0.000009,1.000000,-11.58720,-0.00001,Water,0.999991,1.396004e-13,2.882764e-09,9.425106e-13,1.235530e-08,1.019213e-13
9,34,-5,165,5.739722e-05,9.999425e-01,0.000057,1.000000,-9.76551,-0.00006,Water,0.999942,2.027442e-12,1.113743e-08,1.341326e-11,3.369611e-08,1.524843e-12
9,35,-5,175,3.090696e-04,9.996906e-01,0.000309,1.000000,-8.08194,-0.00031,Water,0.999691,1.471516e-11,2.493093e-08,1.293245e-10,6.867388e-08,1.313628e-11
10,0,-15,-175,4.136669e-03,9.958631e-01,0.004137,1.000000,-5.48786,-0.00415,Water,0.995863,4.948366e-11,2.223801e-08,1.276894e-09,4.447019e-08,5.540723e-11
10,1,-15,-165,7.398220e-05,9.999260e-01,0.000074,1.000000,-9.51169,-0.00007,Water,0.999926,7.904814e-13,6.476257e-09,8.058067e-12,1.342343e-08,5.698784e-13
10,2,-15,-155,2.166927e-04,9.997832e-01,0.000217,1.000000,-8.43703,-0.00022,Water,0.999783,2.335627e-12,6.330497e-09,3.390135e-11,2.128650e-08,2.419725e-12
10,3,-15,-145,1.692533e-04,9.998307e-01,0.000169,1.000000,-8.68411,-0.00017,Water,0.999831,1.372790e-12,6.992053e-09,2.292926e-11,1.384549e-08,1.286560e-12
10,4,-15,-135,3.255034e-04,9.996744e-01,0.000326,1.000000,-8.03014,-0.00033,Water,0.999674,2.213762e-12,6.880515e-09,4.464254e-11,1.394153e-08,2.013201e-12
10,5,-15,-125,3.423169e-04,9.996576e-01,0.000342,1.000000,-7.97977,-0.00034,Water,0.999658,3.576477e-12,7.608880e-09,5.584594e-11,2.150438e-08,2.814661e-12
10,6,-15,-115,1.955676e-03,9.980441e-01,0.001956,1.000000,-6.23702,-0.00196,Water,0.998044,2.226523e-11,1.541214e-08,4.534231e-10,2.805925e-08,2.251647e-11
10,7,-15,-105,4.696528e-03,9.953033e-01,0.004697,1.000000,-5.36093,-0.00471,Water,0.995303,3.182402e-11,1.490216e-08,1.029666e-09,2.432499e-08,3.067558e-11
10,8,-15,-95,4.659778e-03,9.953401e-01,0.004660,1.000000,-5.36879,-0.00467,Water,0.995340,1.111677e-11,7.721111e-09,5.783393e-10,1.243711e-08,1.767424e-11
10,9,-15,-85,1.159478e-02,9.884049e-01,0.011595,1.000000,-4.45720,-0.01166,Water,0.988405,1.072378e-10,2.445784e-08,2.880616e-09,3.454428e-08,1.284252e-10
10,10,-15,-75,1.151409e-02,9.884857e-01,0.011514,1.000000,-4.46418,-0.01158,Water,0.988486,4.942646e-11,1.195584e-08,2.413441e-09,2.507851e-08,7.964040e-11
10,11,-15,-65,1.060617e-02,9.893937e-01,0.010606,1.000000,-4.54632,-0.01066,Water,0.989394,2.510979e-11,7.456719e-09,1.617311e-09,1.831546e-08,4.640206e-11
10,12,-15,-55,3.241877e-03,9.967580e-01,0.003242,1.000000,-5.73160,-0.00325,Water,0.996758,1.245448e-11,6.892103e-09,5.010261e-10,1.927603e-08,2.167896e-11
10,13,-15,-45,9.058024e-04,9.990941e-01,0.000906,1.000000,-7.00669,-0.00091,Water,0.999094,4.002947e-12,4.118386e-09,1.102963e-10,1.479390e-08,5.405399e-12
10,14,-15,-35,2.849297e-04,9.997150e-01,0.000285,1.000000,-8.16327,-0.00029,Water,0.999715,2.171040e-12,6.798115e-09,6.950485e-11,2.480612e-08,1.328024e-12
10,15,-15,-25,9.503725e-05,9.999049e-01,0.000095,1.000000,-9.26124,-0.00010,Water,0.999905,3.326659e-13,3.374976e-09,1.196164e-11,1.025735e-08,1.881458e-13
10,16,-15,-15,3.841613e-03,9.961583e-01,0.003842,1.000000,-5.56186,-0.00385,Water,0.996158,5.945895e-12,2.990952e-09,2.270029e-10,7.672560e-09,7.350453e-12
10,17,-15,-5,1.710550e-02,9.828944e-01,0.017106,1.000000,-4.06836,-0.01725,Water,0.982894,1.913511e-11,4.829988e-09,1.356097e-09,1.018922e-08,3.845095e-11
10,18,-15,5,1.548230e-02,9.845176e-01,0.015482,1.000000,-4.16806,-0.01560,Water,0.984518,5.466276e-11,8.355299e-09,2.047999e-09,2.145823e-08,9.363444e-11
10,19,-15,15,1.270336e-02,9.872965e-01,0.012703,1.000000,-4.36589,-0.01278,Water,0.987297,3.487536e-11,6.411728e-09,1.331190e-09,1.622984e-08,5.876482e-11
10,20,-15,25,7.316843e-03,9.926831e-01,0.007317,1.000000,-4.91758,-0.00734,Water,0.992683,2.539101e-11,7.046980e-09,8.794124e-10,1.748738e-08,3.470221e-11
10,21,-15,35,6.888893e-03,9.931110e-01,0.006889,1.000000,-4.97784,-0.00691,Water,0.993111,1.716620e-11,5.140902e-09,7.083874e-10,1.374738e-08,2.306654e-11
10,22,-15,45,3.823786e-03,9.961762e-01,0.003824,1.000000,-5.56651,-0.00383,Water,0.996176,8.328923e-12,3.615350e-09,3.120110e-10,1.196812e-08,1.205836e-11
10,23,-15,55,1.416545e-03,9.985834e-01,0.001417,1.000000,-6.55953,-0.00142,Water,0.998583,1.023165e-11,7.484408e-09,2.105660e-10,2.076222e-08,1.563260e-11
10,24,-15,65,2.252747e-03,9.977472e-01,0.002253,1.000000,-6.09560,-0.00226,Water,0.997747,6.965386e-12,4.569099e-09,2.298569e-10,1.469977e-08,1.085961e-11
10,25,-15,75,2.758787e-03,9.972412e-01,0.002759,1.000000,-5.89296,-0.00276,Water,0.997241,4.160118e-12,3.427231e-09,1.899604e-10,7.259934e-09,6.536215e-12
10,26,-15,85,6.329109e-04,9.993670e-01,0.000633,1.000000,-7.36518,-0.00063,Water,0.999367,2.343188e-12,4.785476e-09,5.661379e-11,1.109040e-08,2.348585e-12
10,27,-15,95,4.436225e-04,9.995563e-01,0.000444,1.000000,-7.72054,-0.00044,Water,0.999556,2.850627e-12,4.649644e-09,4.829312e-11,1.432295e-08,3.249197e-12
10,28,-15,105,6.944034e-04,9.993055e-01,0.000694,1.000000,-7.27246,-0.00069,Water,0.999306,4.931105e-12,5.366370e-09,8.729030e-11,1.849344e-08,5.803760e-12
10,29,-15,115,1.262963e-04,9.998736e-01,0.000126,1.000000,-8.97688,-0.00013,Water,0.999874,9.318653e-13,5.280099e-09,1.885658e-11,1.833267e-08,7.163745e-13
10,30,-15,125,9.882235e-05,9.999011e-01,0.000099,1.000000,-9.22219,-0.00010,Water,0.999901,8.238666e-13,3.699284e-09,1.049480e-11,1.617964e-08,6.003694e-13
10,31,-15,135,1.490373e-04,9.998509e-01,0.000149,1.000000,-8.81131,-0.00015,Water,0.999851,1.555582e-12,5.537119e-09,2.189702e-11,1.913512e-08,1.739298e-12
10,32,-15,145,1.237589e-04,9.998762e-01,0.000124,1.000000,-8.99718,-0.00012,Water,0.999876,1.036184e-12,4.345233e-09,1.386286e-11,1.488760e-08,1.053187e-12
10,33,-15,155,7.353543e-05,9.999264e-01,0.000074,1.000000,-9.51774,-0.00007,Water,0.999926,8.607333e-13,4.727409e-09,9.841632e-12,1.706498e-08,6.670530e-13
10,34,-15,165,8.378660e-05,9.999162e-01,0.000084,1.000000,-9.38724,-0.00008,Water,0.999916,1.001643e-12,5.062420e-09,9.960541e-12,1.790154e-08,7.679104e-13
10,35,-15,175,4.401382e-04,9.995598e-01,0.000440,1.000000,-7.72842,-0.00044,Water,0.999560,3.578720e-12,6.840838e-09,7.142078e-11,2.431643e-08,3.610987e-12
11,0,-25,-175,6.627954e-03,9.933705e-01,0.006628,0.999998,-5.01646,-0.00665,Water,0.993370,4.120025e-10,8.920157e-08,5.540254e-09,1.409889e-07,3.372384e-10
11,1,-25,-165,1.091131e-04,9.998908e-01,0.000109,1.000000,-9.12313,-0.00011,Water,0.999891,1.065093e-12,6.626696e-09,1.532678e-11,1.309902e-08,6.081809e-13
11,2,-25,-155,3.651055e-05,9.999634e-01,0.000037,1.000000,-10.21791,-0.00004,Water,0.999963,4.164731e-13,5.556416e-09,7.151994e-12,1.714800e-08,1.710148e-13
11,3,-25,-145,5.243776e-05,9.999475e-01,0.000052,1.000000,-9.85588,-0.00005,Water,0.999947,5.709951e-13,5.773733e-09,7.051349e-12,1.160570e-08,3.382885e-13
11,4,-25,-135,1.885342e-04,9.998113e-01,0.000189,1.000000,-8.57623,-0.00019,Water,0.999811,2.848783e-12,1.107463e-08,3.775848e-11,1.860362e-08,1.989139e-12
11,5,-25,-125,9.596321e-05,9.999039e-01,0.000096,1.000000,-9.25155,-0.00010,Water,0.999904,2.004322e-12,1.167361e-08,1.733290e-11,2.113407e-08,1.106157e-12
11,6,-25,-115,4.434905e-04,9.995563e-01,0.000443,1.000000,-7.72083,-0.00044,Water,0.999556,5.517496e-12,1.181775e-08,8.990940e-11,2.148605e-08,4.334831e-12
11,7,-25,-105,3.172669e-03,9.968269e-01,0.003173,1.000000,-5.75318,-0.00318,Water,0.996827,2.995463e-11,1.715739e-08,5.855447e-10,2.013108e-08,1.852989e-11
11,8,-25,-95,1.363063e-03,9.986368e-01,0.001363,1.000000,-6.59802,-0.00136,Water,0.998637,9.002526e-12,1.040188e-08,2.044694e-10,1.512261e-08,7.212076e-12
11,9,-25,-85,1.970688e-02,9.802927e-01,0.019707,1.000000,-3.92679,-0.01990,Water,0.980293,8.405534e-11,1.240294e-08,2.124800e-09,1.304277e-08,7.287020e-11
11,10,-25,-75,4.902985e-03,9.950969e-01,0.004903,1.000000,-5.31791,-0.00492,Water,0.995097,2.216026e-11,1.051292e-08,7.074089e-10,1.664469e-08,2.896158e-11
11,11,-25,-65,4.206282e-03,9.957936e-01,0.004206,1.000000,-5.47118,-0.00422,Water,0.995794,1.263186e-11,6.728795e-09,4.184637e-10,1.190582e-08,1.897149e-11
11,12,-25,-55,6.944457e-04,9.993054e-01,0.000694,1.000000,-7.27240,-0.00069,Water,0.999305,4.233239e-12,6.836084e-09,8.292047e-11,1.243708e-08,4.274603e-12
11,13,-25,-45,4.018220e-04,9.995981e-01,0.000402,1.000000,-7.81950,-0.00040,Water,0.999598,2.506521e-12,5.329226e-09,6.158525e-11,1.716961e-08,3.171496e-12
11,14,-25,-35,8.000006e-05,9.999198e-01,0.000080,1.000000,-9.43348,-0.00008,Water,0.999920,1.128014e-12,9.038209e-09,2.515065e-11,2.476459e-08,4.866456e-13
11,15,-25,-25,1.497901e-04,9.998501e-01,0.000150,1.000000,-8.80628,-0.00015,Water,0.999850,2.460790e-12,8.495915e-09,2.372938e-11,1.830669e-08,1.248362e-12
11,16,-25,-15,5.807245e-04,9.994192e-01,0.000581,1.000000,-7.45123,-0.00058,Water,0.999419,2.016876e-12,5.852442e-09,1.166616e-10,1.932016e-08,1.554810e-12
11,17,-25,-5,4.982307e-03,9.950176e-01,0.004982,1.000000,-5.30186,-0.00499,Water,0.995018,1.087484e-11,5.917295e-09,6.118160e-10,1.468982e-08,1.560848e-11
11,18,-25,5,4.886133e-03,9.951137e-01,0.004886,1.000000,-5.32135,-0.00490,Water,0.995114,3.191497e-11,1.052437e-08,8.516492e-10,2.689729e-08,4.061964e-11
11,19,-25,15,3.712554e-03,9.962874e-01,0.003713,1.000000,-5.59604,-0.00372,Water,0.996287,1.385534e-11,7.282252e-09,5.469790e-10,1.721781e-08,1.670318e-11
11,20,-25,25,1.512523e-03,9.984874e-01,0.001513,1.000000,-6.49398,-0.00151,Water,0.998487,3.925684e-12,3.272151e-09,9.953772e-11,7.297874e-09,3.788090e-12
11,21,-25,35,2.111415e-03,9.978885e-01,0.002111,1.000000,-6.16040,-0.00211,Water,0.997888,1.579574e-11,9.483889e-09,3.906391e-10,2.301428e-08,1.778247e-11
11,22,-25,45,1.335966e-03,9.986640e-01,0.001336,1.000000,-6.61810,-0.00134,Water,0.998664,7.891845e-12,6.383090e-09,1.616778e-10,1.720692e-08,9.423744e-12
11,23,-25,55,7.932515e-04,9.992066e-01,0.000793,1.000000,-7.13937,-0.00079,Water,0.999207,8.581838e-12,8.780204e-09,1.463810e-10,2.276144e-08,1.000311e-11
11,24,-25,65,1.221805e-03,9.987780e-01,0.001222,1.000000,-6.70743,-0.00122,Water,0.998778,2.053386e-11,1.455382e-08,3.071969e-10,3.295456e-08,2.269153e-11
11,25,-25,75,1.109556e-03,9.988903e-01,0.001110,1.000000,-6.80380,-0.00111,Water,0.998890,2.173856e-11,1.567750e-08,2.864925e-10,3.410112e-08,2.132835e-11
11,26,-25,85,7.294344e-04,9.992705e-01,0.000729,1.000000,-7.22324,-0.00073,Water,0.999270,5.524383e-12,7.590948e-09,1.045377e-10,1.450542e-08,4.246782e-12
11,27,-25,95,6.208672e-05,9.999379e-01,0.000062,1.000000,-9.68698,-0.00006,Water,0.999938,5.592604e-13,3.745434e-09,4.789965e-12,7.707225e-09,3.164625e-13
11,28,-25,105,2.425494e-04,9.997573e-01,0.000243,1.000000,-8.32431,-0.00024,Water,0.999757,5.548104e-12,1.201591e-08,5.590118e-11,2.879236e-08,3.707434e-12
11,29,-25,115,2.282062e-04,9.997717e-01,0.000228,1.000000,-8.38526,-0.00023,Water,0.999772,2.319980e-12,5.904680e-09,3.306055e-11,1.918096e-08,2.191429e-12
11,30,-25,125,2.861487e-05,9.999714e-01,0.000029,1.000000,-10.46158,-0.00003,Water,0.999971,2.425151e-13,2.490702e-09,2.570712e-12,1.140549e-08,1.939623e-13
11,31,-25,135,1.960177e-04,9.998039e-01,0.000196,1.000000,-8.53731,-0.00020,Water,0.999804,1.669302e-12,5.565021e-09,2.898530e-11,1.794493e-08,1.987289e-12
11,32,-25,145,2.278861e-04,9.997720e-01,0.000228,1.000000,-8.38666,-0.00023,Water,0.999772,2.330101e-12,5.617011e-09,3.527558e-11,1.989050e-08,2.666932e-12
11,33,-25,155,1.090902e-04,9.998908e-01,0.000109,1.000000,-9.12334,-0.00011,Water,0.999891,1.111994e-12,4.060162e-09,1.356511e-11,1.483300e-08,1.089054e-12
11,34,-25,165,6.057943e-05,9.999393e-01,0.000061,1.000000,-9.71156,-0.00006,Water,0.999939,1.186305e-12,8.365982e-09,1.234068e-11,2.307953e-08,6.942100e-13
11,35,-25,175,2.270992e-04,9.997727e-01,0.000227,1.000000,-8.39012,-0.00023,Water,0.999773,5.634174e-12,1.365698e-08,6.084264e-11,3.460934e-08,3.670516e-12
12,0,-35,-175,1.016957e-03,9.989827e-01,0.001017,1.000000,-6.89094,-0.00102,Water,0.998983,1.389129e-11,1.573834e-08,2.629948e-10,3.701998e-08,9.647301e-12
12,1,-35,-165,1.530957e-05,9.999846e-01,0.000015,1.000000,-11.08703,-0.00002,Water,0.999985,2.209132e-13,5.359058e-09,3.448612e-12,2.131390e-08,7.670842e-14
12,2,-35,-155,9.582476e-06,9.999903e-01,0.000010,1.000000,-11.55557,-0.00001,Water,0.999990,1.495044e-13,4.615666e-09,2.308418e-12,2.186205e-08,6.042150e-14
12,3,-35,-145,3.731537e-05,9.999626e-01,0.000037,1.000000,-10.19611,-0.00004,Water,0.999963,5.393023e-13,6.539240e-09,4.901385e-12,1.483174e-08,2.608244e-13
12,4,-35,-135,3.610999e-05,9.999637e-01,0.000036,1.000000,-10.22894,-0.00004,Water,0.999964,5.200988e-13,7.818025e-09,6.134942e-12,1.623268e-08,2.280197e-13
12,5,-35,-125,2.007756e-05,9.999798e-01,0.000020,1.000000,-10.81591,-0.00002,Water,0.999980,3.381002e-13,8.419307e-09,7.047006e-12,2.586749e-08,1.142713e-13
12,6,-35,-115,4.451457e-05,9.999554e-01,0.000045,1.000000,-10.01969,-0.00004,Water,0.999955,4.657413e-13,6.289412e-09,9.610427e-12,2.109006e-08,2.212711e-13
12,7,-35,-105,4.205457e-04,9.995794e-01,0.000421,1.000000,-7.77396,-0.00042,Water,0.999579,2.393397e-12,5.797469e-09,4.497569e-11,1.248139e-08,1.450348e-12
12,8,-35,-95,1.627542e-04,9.998371e-01,0.000163,1.000000,-8.72327,-0.00016,Water,0.999837,2.315963e-12,1.160913e-08,4.630075e-11,2.952561e-08,9.390107e-13
12,9,-35,-85,1.570227e-03,9.984296e-01,0.001570,1.000000,-6.45654,-0.00157,Water,0.998430,5.869634e-12,6.127678e-09,1.650897e-10,1.204423e-08,4.840567e-12
12,10,-35,-75,1.896732e-03,9.981031e-01,0.001897,1.000000,-6.26762,-0.00190,Water,0.998103,6.546220e-12,6.145721e-09,1.987664e-10,1.183878e-08,6.587303e-12
12,11,-35,-65,3.858348e-03,9.961411e-01,0.003858,0.999999,-5.55752,-0.00387,Water,0.996141,3.068407e-11,1.709249e-08,1.085795e-09,3.480529e-08,4.396062e-11
12,12,-35,-55,1.813606e-04,9.998183e-01,0.000181,1.000000,-8.61502,-0.00018,Water,0.999818,3.159828e-12,1.419370e-08,5.548096e-11,2.697496e-08,1.667983e-12
12,13,-35,-45,3.457798e-05,9.999654e-01,0.000035,1.000000,-10.27229,-0.00003,Water,0.999965,2.090016e-13,4.103559e-09,6.546274e-12,1.494281e-08,8.886255e-14
12,14,-35,-35,8.948362e-05,9.999104e-01,0.000089,1.000000,-9.32145,-0.00009,Water,0.999910,6.861862e-13,5.120453e-09,1.623055e-11,1.867351e-08,2.603118e-13
12,15,-35,-25,1.257596e-05,9.999874e-01,0.000013,1.000000,-11.28372,-0.00001,Water,0.999987,1.136239e-13,4.095252e-09,2.534559e-12,1.542066e-08,4.164145e-14
12,16,-35,-15,1.715285e-04,9.998284e-01,0.000172,1.000000,-8.67076,-0.00017,Water,0.999828,1.311202e-12,7.563786e-09,4.088517e-11,2.390963e-08,5.691581e-13
12,17,-35,-5,1.087849e-03,9.989121e-01,0.001088,1.000000,-6.82355,-0.00109,Water,0.998912,3.200055e-12,5.319812e-09,1.405620e-10,1.443407e-08,2.835849e-12
12,18,-35,5,8.501070e-04,9.991498e-01,0.000850,1.000000,-7.07015,-0.00085,Water,0.999150,3.569598e-12,6.085051e-09,1.142967e-10,1.547383e-08,2.666076e-12
12,19,-35,15,8.854386e-04,9.991145e-01,0.000885,1.000000,-7.02943,-0.00089,Water,0.999114,3.140623e-12,5.010484e-09,9.148255e-11,1.156665e-08,2.661551e-12
12,20,-35,25,8.638645e-04,9.991361e-01,0.000864,1.000000,-7.05409,-0.00086,Water,0.999136,2.558326e-12,3.705383e-09,8.130255e-11,9.208263e-09,2.077011e-12
12,21,-35,35,2.252103e-04,9.997747e-01,0.000225,1.000000,-8.39848,-0.00023,Water,0.999775,1.283767e-12,5.332578e-09,3.600176e-11,1.579730e-08,5.362298e-13
12,22,-35,45,1.685936e-04,9.998313e-01,0.000169,1.000000,-8.68802,-0.00017,Water,0.999831,1.309651e-12,3.806704e-09,2.029721e-11,1.650016e-08,1.315863e-12
12,23,-35,55,3.375370e-05,9.999662e-01,0.000034,1.000000,-10.29642,-0.00003,Water,0.999966,4.593116e-13,6.614252e-09,7.533500e-12,1.837914e-08,2.018164e-13
12,24,-35,65,2.414005e-04,9.997585e-01,0.000241,1.000000,-8.32905,-0.00024,Water,0.999759,1.238007e-12,3.491968e-09,2.405957e-11,1.183087e-08,1.339103e-12
12,25,-35,75,1.462811e-04,9.998536e-01,0.000146,1.000000,-8.82998,-0.00015,Water,0.999854,1.719882e-12,5.272446e-09,1.665048e-11,1.390496e-08,1.035774e-12
12,26,-35,85,1.146136e-04,9.998853e-01,0.000115,1.000000,-9.07394,-0.00011,Water,0.999885,1.216578e-12,4.559464e-09,1.124521e-11,1.099989e-08,6.079050e-13
12,27,-35,95,2.770447e-05,9.999722e-01,0.000028,1.000000,-10.49392,-0.00003,Water,0.999972,5.345098e-13,5.370257e-09,2.949740e-12,1.238301e-08,1.949349e-13
12,28,-35,105,2.004665e-05,9.999799e-01,0.000020,1.000000,-10.81745,-0.00002,Water,0.999980,2.906944e-13,3.822433e-09,1.670041e-12,1.074759e-08,1.423921e-13
12,29,-35,115,6.631659e-06,9.999933e-01,0.000007,1.000000,-11.92366,-0.00001,Water,0.999993,9.476464e-14,3.780467e-09,1.232887e-12,1.543396e-08,3.574830e-14
12,30,-35,125,3.546908e-06,9.999964e-01,0.000004,1.000000,-12.54943,-0.00000,Water,0.999996,3.112494e-14,1.768748e-09,4.210098e-13,1.050655e-08,1.232991e-14
12,31,-35,135,6.907364e-06,9.999930e-01,0.000007,1.000000,-11.88292,-0.00001,Water,0.999993,1.014046e-13,3.897608e-09,1.379783e-12,1.851786e-08,5.530756e-14
12,32,-35,145,4.359654e-05,9.999563e-01,0.000044,1.000000,-10.04053,-0.00004,Water,0.999956,5.114265e-13,3.941790e-09,6.723693e-12,1.816086e-08,4.326559e-13
12,33,-35,155,8.259172e-06,9.999916e-01,0.000008,1.000000,-11.70419,-0.00001,Water,0.999992,3.191120e-13,7.212043e-09,2.866697e-12,3.406717e-08,1.395294e-13
12,34,-35,165,1.397783e-05,9.999860e-01,0.000014,1.000000,-11.17804,-0.00001,Water,0.999986,2.212166e-13,3.458542e-09,1.972630e-12,1.702448e-08,1.458804e-13
12,35,-35,175,1.927329e-04,9.998071e-01,0.000193,1.000000,-8.55421,-0.00019,Water,0.999807,2.135500e-12,6.733248e-09,3.959582e-11,2.426068e-08,1.982071e-12
13,0,-45,-175,2.150929e-04,9.997846e-01,0.000215,1.000000,-8.44444,-0.00022,Water,0.999785,8.673135e-12,2.290053e-08,8.223523e-11,5.251120e-08,6.165595e-12
13,1,-45,-165,5.413394e-06,9.999945e-01,0.000005,1.000000,-12.12663,-0.00001,Water,0.999994,1.766135e-13,7.548093e-09,1.078638e-12,2.207251e-08,7.941175e-14
13,2,-45,-155,4.475948e-06,9.999954e-01,0.000004,1.000000,-12.31679,-0.00000,Water,0.999995,1.513451e-13,7.498823e-09,1.618574e-12,3.387886e-08,5.883690e-14
13,3,-45,-145,2.128195e-06,9.999978e-01,0.000002,1.000000,-13.06024,-0.00000,Water,0.999998,2.453353e-14,2.910597e-09,3.256445e-13,1.256090e-08,9.518820e-15
13,4,-45,-135,6.769115e-06,9.999932e-01,0.000007,1.000000,-11.90314,-0.00001,Water,0.999993,1.544370e-13,7.092689e-09,1.664394e-12,2.459932e-08,7.256494e-14
13,5,-45,-125,1.824528e-06,9.999981e-01,0.000002,1.000000,-13.21419,-0.00000,Water,0.999998,2.954988e-14,4.101103e-09,3.477940e-13,1.616514e-08,9.352979e-15
13,6,-45,-115,7.644816e-06,9.999922e-01,0.000008,1.000000,-11.78148,-0.00001,Water,0.999992,3.463587e-13,1.337821e-08,2.587111e-12,3.360100e-08,1.203400e-13
13,7,-45,-105,5.588556e-05,9.999441e-01,0.000056,1.000000,-9.79220,-0.00006,Water,0.999944,5.674375e-13,4.962843e-09,6.440665e-12,1.182524e-08,3.276768e-13
13,8,-45,-95,2.855468e-05,9.999714e-01,0.000029,1.000000,-10.46369,-0.00003,Water,0.999971,4.289819e-13,5.975270e-09,4.075924e-12,1.524771e-08,2.816349e-13
13,9,-45,-85,1.334755e-04,9.998664e-01,0.000133,1.000000,-8.92159,-0.00013,Water,0.999866,1.750744e-12,8.281312e-09,2.230911e-11,1.731843e-08,1.444781e-12
13,10,-45,-75,1.644320e-04,9.998354e-01,0.000164,1.000000,-8.71301,-0.00016,Water,0.999835,2.763873e-12,1.509114e-08,5.261104e-11,3.522966e-08,1.417673e-12
13,11,-45,-65,1.199897e-04,9.998799e-01,0.000120,1.000000,-9.02810,-0.00012,Water,0.999880,1.816695e-12,1.078399e-08,3.699463e-11,3.044847e-08,1.233385e-12
13,12,-45,-55,1.053211e-05,9.999893e-01,0.000011,1.000000,-11.46108,-0.00001,Water,0.999989,2.705609e-13,8.669450e-09,2.900543e-12,2.498422e-08,1.182665e-13
13,13,-45,-45,1.307254e-05,9.999868e-01,0.000013,1.000000,-11.24500,-0.00001,Water,0.999987,3.979500e-13,8.386974e-09,4.032037e-12,2.853264e-08,1.291023e-13
13,14,-45,-35,4.461918e-06,9.999954e-01,0.000004,1.000000,-12.31993,-0.00000,Water,0.999995,1.663803e-13,7.703377e-09,1.745082e-12,3.955970e-08,6.274305e-14
13,15,-45,-25,1.405579e-06,9.999986e-01,0.000001,1.000000,-13.47506,-0.00000,Water,0.999999,1.333436e-14,1.892461e-09,1.552799e-13,9.548878e-09,5.229943e-15
13,16,-45,-15,2.502057e-05,9.999749e-01,0.000025,1.000000,-10.59581,-0.00003,Water,0.999975,3.440856e-13,5.621388e-09,5.830445e-12,2.274967e-08,1.423488e-13
13,17,-45,-5,1.076390e-04,9.998922e-01,0.000108,1.000000,-9.13673,-0.00011,Water,0.999892,1.981900e-12,1.286394e-08,3.745038e-11,3.808899e-08,1.165672e-12
13,18,-45,5,1.342710e-04,9.998656e-01,0.000134,1.000000,-8.91565,-0.00013,Water,0.999866,2.159200e-12,8.620924e-09,2.382763e-11,2.219314e-08,1.536679e-12
13,19,-45,15,6.492307e-05,9.999350e-01,0.000065,1.000000,-9.64231,-0.00007,Water,0.999935,1.511734e-12,1.155585e-08,2.064342e-11,3.599832e-08,6.994396e-13
13,20,-45,25,5.454379e-05,9.999454e-01,0.000055,1.000000,-9.81651,-0.00005,Water,0.999945,1.270369e-12,1.103403e-08,1.567708e-11,2.835082e-08,5.431062e-13
13,21,-45,35,2.405712e-05,9.999759e-01,0.000024,1.000000,-10.63508,-0.00002,Water,0.999976,5.881356e-13,8.855897e-09,6.339368e-12,2.645189e-08,2.701859e-13
13,22,-45,45,6.794831e-06,9.999931e-01,0.000007,1.000000,-11.89935,-0.00001,Water,0.999993,2.094708e-13,6.836067e-09,1.480402e-12,2.158335e-08,7.430107e-14
13,23,-45,55,6.074122e-06,9.999938e-01,0.000006,1.000000,-12.01147,-0.00001,Water,0.999994,2.305433e-13,7.785077e-09,1.843547e-12,3.335013e-08,1.154976e-13
13,24,-45,65,2.876436e-05,9.999712e-01,0.000029,1.000000,-10.45637,-0.00003,Water,0.999971,5.507626e-13,5.306451e-09,4.571318e-12,1.847223e-08,3.978975e-13
13,25,-45,75,4.134627e-05,9.999585e-01,0.000041,1.000000,-10.09353,-0.00004,Water,0.999959,1.596183e-12,1.120088e-08,1.114443e-11,3.300818e-08,1.105182e-12
13,26,-45,85,2.700507e-05,9.999728e-01,0.000027,1.000000,-10.51949,-0.00003,Water,0.999973,1.478205e-12,1.584785e-08,1.137481e-11,4.198775e-08,5.287163e-13
13,27,-45,95,3.221512e-06,9.999967e-01,0.000003,1.000000,-12.64566,-0.00000,Water,0.999997,9.922819e-14,6.308511e-09,7.494900e-13,2.156088e-08,2.970026e-14
13,28,-45,105,2.856618e-06,9.999971e-01,0.000003,1.000000,-12.76587,-0.00000,Water,0.999997,2.107331e-13,8.489777e-09,7.055085e-13,3.062036e-08,6.337471e-14
13,29,-45,115,2.102446e-06,9.999978e-01,0.000002,1.000000,-13.07241,-0.00000,Water,0.999998,7.526937e-14,4.953029e-09,5.371634e-13,2.746564e-08,3.443396e-14
13,30,-45,125,6.349408e-07,9.999993e-01,0.000001,1.000000,-14.26973,-0.00000,Water,0.999999,2.353096e-14,3.854722e-09,1.323401e-13,2.184032e-08,6.810009e-15
13,31,-45,135,1.714888e-06,9.999982e-01,0.000002,1.000000,-13.27616,-0.00000,Water,0.999998,8.072032e-14,6.465641e-09,5.733432e-13,3.396702e-08,3.609651e-14
13,32,-45,145,7.062890e-06,9.999928e-01,0.000007,1.000000,-11.86066,-0.00001,Water,0.999993,2.495591e-13,7.546123e-09,2.731989e-12,3.766454e-08,1.174258e-13
13,33,-45,155,3.620080e-06,9.999963e-01,0.000004,1.000000,-12.52901,-0.00000,Water,0.999996,1.445293e-13,5.536276e-09,1.066734e-12,2.939163e-08,6.083782e-14
13,34,-45,165,4.945641e-06,9.999950e-01,0.000005,1.000000,-12.21700,-0.00001,Water,0.999995,1.558306e-13,5.336724e-09,1.417862e-12,2.789553e-08,6.770572e-14
13,35,-45,175,3.706527e-05,9.999629e-01,0.000037,1.000000,-10.20283,-0.00004,Water,0.999963,4.837827e-13,4.838575e-09,6.456283e-12,2.032068e-08,3.628109e-13
14,0,-55,-175,2.001721e-04,9.997994e-01,0.000200,1.000000,-8.51633,-0.00020,Water,0.999799,8.696488e-12,2.357799e-08,7.823922e-11,5.353359e-08,6.419792e-12
14,1,-55,-165,7.650388e-06,9.999923e-01,0.000008,1.000000,-11.78075,-0.00001,Water,0.999992,1.821284e-13,6.656379e-09,1.212192e-12,1.645362e-08,8.369580e-14
14,2,-55,-155,3.122313e-06,9.999968e-01,0.000003,1.000000,-12.67694,-0.00000,Water,0.999997,1.417585e-13,7.139786e-09,9.598967e-13,2.621222e-08,5.472178e-14
14,3,-55,-145,6.846633e-06,9.999930e-01,0.000007,1.000000,-11.89175,-0.00001,Water,0.999993,3.653601e-13,1.164183e-08,2.965852e-12,3.868990e-08,1.780124e-13
14,4,-55,-135,5.043915e-06,9.999948e-01,0.000005,1.000000,-12.19733,-0.00001,Water,0.999995,2.564424e-13,1.151931e-08,2.209994e-12,3.715863e-08,1.230092e-13
14,5,-55,-125,1.361867e-06,9.999986e-01,0.000001,1.000000,-13.50665,-0.00000,Water,0.999999,2.247356e-14,3.198047e-09,1.849991e-13,1.073878e-08,7.711875e-15
14,6,-55,-115,2.932740e-06,9.999970e-01,0.000003,1.000000,-12.73957,-0.00000,Water,0.999997,2.991289e-14,2.979453e-09,3.627396e-13,9.769139e-09,1.253460e-14
14,7,-55,-105,1.293499e-05,9.999869e-01,0.000013,1.000000,-11.25557,-0.00001,Water,0.999987,5.757080e-13,1.360842e-08,3.220536e-12,2.560461e-08,1.986530e-13
14,8,-55,-95,3.900375e-05,9.999608e-01,0.000039,1.000000,-10.15185,-0.00004,Water,0.999961,1.321762e-12,1.247551e-08,8.641389e-12,2.294374e-08,9.790869e-13
14,9,-55,-85,1.699986e-05,9.999829e-01,0.000017,1.000000,-10.98231,-0.00002,Water,0.999983,4.496558e-13,1.013914e-08,4.297208e-12,2.279946e-08,1.732107e-13
14,10,-55,-75,5.400386e-05,9.999458e-01,0.000054,1.000000,-9.82645,-0.00005,Water,0.999946,1.828192e-12,1.316792e-08,1.306678e-11,2.805936e-08,1.448513e-12
14,11,-55,-65,8.206373e-05,9.999178e-01,0.000082,1.000000,-9.40801,-0.00008,Water,0.999918,1.234437e-12,7.677609e-09,1.383659e-11,1.749539e-08,1.212874e-12
14,12,-55,-55,5.593525e-05,9.999439e-01,0.000056,1.000000,-9.79132,-0.00006,Water,0.999944,1.596775e-12,1.087613e-08,1.133409e-11,2.283617e-08,1.132244e-12
14,13,-55,-45,1.422087e-05,9.999856e-01,0.000014,1.000000,-11.16080,-0.00001,Water,0.999986,7.657259e-13,1.585261e-08,6.069120e-12,4.812833e-08,3.919907e-13
14,14,-55,-35,1.597886e-05,9.999838e-01,0.000016,1.000000,-11.04424,-0.00002,Water,0.999984,7.302804e-13,1.509261e-08,8.528017e-12,4.955514e-08,3.046545e-13
14,15,-55,-25,1.691357e-05,9.999830e-01,0.000017,1.000000,-10.98739,-0.00002,Water,0.999983,4.026593e-13,8.526462e-09,5.949265e-12,3.188491e-08,1.672641e-13
14,16,-55,-15,5.408241e-05,9.999458e-01,0.000054,1.000000,-9.82500,-0.00005,Water,0.999946,1.374727e-12,1.241858e-08,2.265605e-11,4.135941e-08,6.559228e-13
14,17,-55,-5,1.499193e-04,9.998499e-01,0.000150,1.000000,-8.80541,-0.00015,Water,0.999850,3.594757e-12,1.359434e-08,3.713115e-11,3.247754e-08,2.678263e-12
14,18,-55,5,3.811960e-05,9.999618e-01,0.000038,1.000000,-10.17478,-0.00004,Water,0.999962,6.133137e-13,6.507197e-09,6.864718e-12,1.857139e-08,4.111496e-13
14,19,-55,15,2.598829e-05,9.999739e-01,0.000026,1.000000,-10.55786,-0.00003,Water,0.999974,5.350962e-13,6.277807e-09,3.979777e-12,1.601759e-08,3.429917e-13
14,20,-55,25,4.100967e-05,9.999589e-01,0.000041,1.000000,-10.10170,-0.00004,Water,0.999959,5.277206e-13,5.203841e-09,4.706771e-12,1.149897e-08,3.336046e-13
14,21,-55,35,1.084205e-05,9.999891e-01,0.000011,1.000000,-11.43208,-0.00001,Water,0.999989,1.685924e-13,4.147509e-09,1.269076e-12,1.132282e-08,1.459296e-13
14,22,-55,45,1.138883e-05,9.999885e-01,0.000011,1.000000,-11.38288,-0.00001,Water,0.999989,2.313667e-13,4.624205e-09,1.262819e-12,1.416664e-08,1.563512e-13
14,23,-55,55,4.961608e-06,9.999950e-01,0.000005,1.000000,-12.21378,-0.00001,Water,0.999995,1.987156e-13,8.615776e-09,1.088978e-12,2.115584e-08,5.733738e-14
14,24,-55,65,1.072313e-05,9.999892e-01,0.000011,1.000000,-11.44311,-0.00001,Water,0.999989,4.987169e-13,1.309406e-08,3.629480e-12,3.359565e-08,1.915905e-13
14,25,-55,75,3.789818e-06,9.999961e-01,0.000004,1.000000,-12.48319,-0.00000,Water,0.999996,2.166391e-13,9.630412e-09,1.136215e-12,3.372415e-08,9.081446e-14
14,26,-55,85,3.757831e-06,9.999962e-01,0.000004,1.000000,-12.49167,-0.00000,Water,0.999996,8.617523e-14,6.300907e-09,6.738311e-13,1.331048e-08,2.549060e-14
14,27,-55,95,2.085170e-06,9.999979e-01,0.000002,1.000000,-13.08066,-0.00000,Water,0.999998,6.603843e-14,4.346093e-09,2.798896e-13,1.250523e-08,2.712769e-14
14,28,-55,105,5.247663e-06,9.999947e-01,0.000005,1.000000,-12.15773,-0.00001,Water,0.999995,2.776465e-13,1.036562e-08,1.404139e-12,2.487447e-08,7.713261e-14
14,29,-55,115,1.111515e-06,9.999988e-01,0.000001,1.000000,-13.70979,-0.00000,Water,0.999999,6.708024e-14,5.518221e-09,2.995921e-13,2.555447e-08,2.595152e-14
14,30,-55,125,1.866805e-06,9.999981e-01,0.000002,1.000000,-13.19128,-0.00000,Water,0.999998,9.752852e-14,6.961643e-09,5.625733e-13,2.814348e-08,3.978530e-14
14,31,-55,135,1.800762e-06,9.999981e-01,0.000002,1.000000,-13.22730,-0.00000,Water,0.999998,7.551817e-14,5.768368e-09,5.012935e-13,2.463217e-08,3.740286e-14
14,32,-55,145,4.683368e-06,9.999952e-01,0.000005,1.000000,-12.27149,-0.00000,Water,0.999995,2.269395e-13,7.573119e-09,1.782605e-12,3.391513e-08,1.383858e-13
14,33,-55,155,9.459179e-07,9.999990e-01,0.000001,1.000000,-13.87111,-0.00000,Water,0.999999,3.958531e-14,4.140508e-09,2.221154e-13,1.972638e-08,1.526735e-14
14,34,-55,165,4.083662e-06,9.999958e-01,0.000004,1.000000,-12.40852,-0.00000,Water,0.999996,3.217966e-13,1.316966e-08,1.483495e-12,3.908295e-08,1.063805e-13
14,35,-55,175,3.457706e-05,9.999653e-01,0.000035,1.000000,-10.27232,-0.00003,Water,0.999965,6.206011e-13,7.759949e-09,6.731440e-12,1.966504e-08,3.733454e-13
15,0,-65,-175,3.471809e-04,9.996524e-01,0.000347,1.000000,-7.96566,-0.00035,Water,0.999652,1.541594e-11,3.443175e-08,1.609687e-10,6.158023e-08,9.921324e-12
15,1,-65,-165,4.922874e-05,9.999506e-01,0.000049,1.000000,-9.91903,-0.00005,Water,0.999951,1.715056e-12,1.377973e-08,1.404536e-11,3.216841e-08,1.017658e-12
15,2,-65,-155,1.742917e-05,9.999824e-01,0.000017,1.000000,-10.95737,-0.00002,Water,0.999982,6.805655e-13,1.041218e-08,3.861200e-12,2.362967e-08,3.224282e-13
15,3,-65,-145,2.618292e-05,9.999736e-01,0.000026,1.000000,-10.55040,-0.00003,Water,0.999974,1.052034e-12,1.844935e-08,1.153000e-11,4.179705e-08,3.922986e-13
15,4,-65,-135,9.419244e-06,9.999905e-01,0.000009,1.000000,-11.57276,-0.00001,Water,0.999991,1.721360e-13,5.884989e-09,1.508896e-12,1.384113e-08,9.416223e-14
15,5,-65,-125,1.529778e-05,9.999845e-01,0.000015,1.000000,-11.08780,-0.00002,Water,0.999985,8.208609e-13,2.092355e-08,7.387797e-12,4.987739e-08,2.395389e-13
15,6,-65,-115,1.682978e-05,9.999830e-01,0.000017,1.000000,-10.99236,-0.00002,Water,0.999983,6.630581e-13,1.672077e-08,6.167290e-12,3.452279e-08,2.202626e-13
15,7,-65,-105,1.476725e-04,9.998522e-01,0.000148,1.000000,-8.82051,-0.00015,Water,0.999852,1.530670e-12,8.190228e-09,2.341155e-11,1.468722e-08,8.906701e-13
15,8,-65,-95,1.895002e-04,9.998101e-01,0.000190,1.000000,-8.57112,-0.00019,Water,0.999810,8.617637e-12,2.734424e-08,7.786237e-11,4.370456e-08,6.781086e-12
15,9,-65,-85,3.371941e-04,9.996627e-01,0.000337,1.000000,-7.99485,-0.00034,Water,0.999663,2.944359e-12,9.330683e-09,5.882493e-11,1.676414e-08,1.944785e-12
15,10,-65,-75,3.757568e-04,9.996239e-01,0.000376,1.000000,-7.88657,-0.00038,Water,0.999624,1.370066e-11,2.948499e-08,1.557258e-10,4.451782e-08,1.173819e-11
15,11,-65,-65,1.034605e-03,9.989651e-01,0.001035,1.000000,-6.87374,-0.00104,Water,0.998965,1.910772e-11,1.839397e-08,2.959654e-10,3.342160e-08,1.358501e-11
15,12,-65,-55,2.221266e-04,9.997778e-01,0.000222,1.000000,-8.41226,-0.00022,Water,0.999778,1.810650e-12,7.261012e-09,3.381050e-11,1.551880e-08,1.336317e-12
15,13,-65,-45,4.411597e-04,9.995587e-01,0.000441,1.000000,-7.72610,-0.00044,Water,0.999559,6.207953e-12,1.200360e-08,1.175177e-10,2.976899e-08,5.363781e-12
15,14,-65,-35,7.142799e-05,9.999284e-01,0.000071,1.000000,-9.54682,-0.00007,Water,0.999928,1.407628e-12,1.263497e-08,2.371183e-11,3.020665e-08,4.642113e-13
15,15,-65,-25,4.953277e-05,9.999504e-01,0.000050,1.000000,-9.91288,-0.00005,Water,0.999950,6.769589e-13,7.888500e-09,1.373547e-11,2.340562e-08,2.612334e-13
15,16,-65,-15,2.072517e-04,9.997926e-01,0.000207,1.000000,-8.48158,-0.00021,Water,0.999793,2.771864e-12,1.025125e-08,3.463348e-11,1.932288e-08,1.882447e-12
15,17,-65,-5,5.231900e-04,9.994766e-01,0.000523,1.000000,-7.55557,-0.00052,Water,0.999477,7.378400e-12,1.341642e-08,1.167171e-10,2.803015e-08,5.779642e-12
15,18,-65,5,3.642030e-04,9.996356e-01,0.000364,1.000000,-7.91780,-0.00036,Water,0.999636,9.168065e-12,1.836795e-08,1.572346e-10,5.056689e-08,7.309168e-12
15,19,-65,15,1.972258e-04,9.998026e-01,0.000197,1.000000,-8.53116,-0.00020,Water,0.999803,4.673351e-12,1.323705e-08,4.555093e-11,2.476381e-08,2.770068e-12
15,20,-65,25,1.293882e-04,9.998705e-01,0.000129,1.000000,-8.95269,-0.00013,Water,0.999871,2.505297e-12,1.104817e-08,2.538676e-11,1.810666e-08,1.369311e-12
15,21,-65,35,1.347266e-04,9.998651e-01,0.000135,1.000000,-8.91226,-0.00013,Water,0.999865,4.160537e-12,1.913375e-08,5.050583e-11,3.494767e-08,1.514800e-12
15,22,-65,45,2.133640e-04,9.997865e-01,0.000213,1.000000,-8.45251,-0.00021,Water,0.999787,3.829795e-12,1.161029e-08,5.055342e-11,2.339862e-08,2.324240e-12
15,23,-65,55,3.086524e-05,9.999691e-01,0.000031,1.000000,-10.38588,-0.00003,Water,0.999969,5.917786e-13,7.202038e-09,4.389330e-12,1.341055e-08,3.178674e-13
15,24,-65,65,9.396058e-05,9.999059e-01,0.000094,1.000000,-9.27264,-0.00009,Water,0.999906,3.573533e-12,1.756774e-08,3.774534e-11,3.763893e-08,1.120728e-12
15,25,-65,75,1.097350e-04,9.998901e-01,0.000110,1.000000,-9.11744,-0.00011,Water,0.999890,2.284596e-12,1.068111e-08,2.309474e-11,2.240349e-08,1.656220e-12
15,26,-65,85,3.917862e-04,9.996080e-01,0.000392,1.000000,-7.84479,-0.00039,Water,0.999608,5.525080e-12,1.118829e-08,1.051707e-10,2.263332e-08,3.522796e-12
15,27,-65,95,2.672072e-05,9.999731e-01,0.000027,1.000000,-10.53007,-0.00003,Water,0.999973,1.092541e-12,1.552432e-08,9.673476e-12,3.486303e-08,3.423170e-13
15,28,-65,105,3.899706e-05,9.999609e-01,0.000039,1.000000,-10.15202,-0.00004,Water,0.999961,8.503341e-13,7.892406e-09,7.053569e-12,1.787826e-08,4.648750e-13
15,29,-65,115,1.302898e-05,9.999868e-01,0.000013,1.000000,-11.24833,-0.00001,Water,0.999987,6.758314e-13,1.126230e-08,3.480855e-12,2.928995e-08,3.875041e-13
15,30,-65,125,2.857178e-05,9.999713e-01,0.000029,1.000000,-10.46309,-0.00003,Water,0.999971,1.082270e-12,1.172519e-08,7.445898e-12,2.898859e-08,4.520006e-13
15,31,-65,135,1.952059e-05,9.999803e-01,0.000020,1.000000,-10.84404,-0.00002,Water,0.999980,9.826288e-13,1.357287e-08,6.349513e-12,3.121139e-08,5.671410e-13
15,32,-65,145,2.611080e-05,9.999736e-01,0.000026,1.000000,-10.55316,-0.00003,Water,0.999974,1.865707e-12,1.729797e-08,9.389101e-12,4.082026e-08,1.419133e-12
15,33,-65,155,7.559384e-06,9.999923e-01,0.000008,1.000000,-11.79272,-0.00001,Water,0.999992,3.713194e-13,8.189204e-09,1.741253e-12,2.347268e-08,1.727539e-13
15,34,-65,165,1.859872e-05,9.999813e-01,0.000019,1.000000,-10.89242,-0.00002,Water,0.999981,5.984442e-13,8.675202e-09,3.831688e-12,2.291207e-08,3.191337e-13
15,35,-65,175,1.555157e-04,9.998443e-01,0.000156,1.000000,-8.76876,-0.00016,Water,0.999844,3.263632e-12,1.269551e-08,4.197068e-11,3.093867e-08,2.537945e-12
16,0,-75,-175,1.282165e-04,9.998716e-01,0.000128,1.000000,-8.96179,-0.00013,Water,0.999872,2.476627e-12,1.391832e-08,3.491786e-11,2.756829e-08,1.913793e-12
16,1,-75,-165,4.300293e-05,9.999568e-01,0.000043,1.000000,-10.05424,-0.00004,Water,0.999957,1.450094e-12,1.526422e-08,1.426159e-11,3.183315e-08,1.040979e-12
16,2,-75,-155,1.512371e-05,9.999848e-01,0.000015,1.000000,-11.09925,-0.00002,Water,0.999985,6.013675e-13,1.112249e-08,4.424180e-12,2.598595e-08,3.917093e-13
16,3,-75,-145,6.082440e-05,9.999390e-01,0.000061,1.000000,-9.70752,-0.00006,Water,0.999939,1.808943e-12,1.507361e-08,1.580635e-11,2.453936e-08,1.301356e-12
16,4,-75,-135,1.963838e-05,9.999803e-01,0.000020,1.000000,-10.83802,-0.00002,Water,0.999980,3.440245e-13,7.578424e-09,3.904427e-12,1.552656e-08,2.570018e-13
16,5,-75,-125,4.263330e-06,9.999957e-01,0.000004,1.000000,-12.36546,-0.00000,Water,0.999996,7.693551e-14,4.907973e-09,5.472723e-13,1.043622e-08,3.834094e-14
16,6,-75,-115,1.461246e-05,9.999853e-01,0.000015,1.000000,-11.13364,-0.00001,Water,0.999985,2.098927e-13,5.501605e-09,2.456199e-12,1.245404e-08,1.379467e-13
16,7,-75,-105,2.467913e-04,9.997531e-01,0.000247,1.000000,-8.30697,-0.00025,Water,0.999753,3.789030e-12,1.407787e-08,5.308892e-11,1.838055e-08,2.712162e-12
16,8,-75,-95,2.961287e-04,9.997037e-01,0.000296,1.000000,-8.12472,-0.00030,Water,0.999704,6.771860e-12,2.116966e-08,9.053031e-11,2.561871e-08,5.169990e-12
16,9,-75,-85,7.150987e-04,9.992847e-01,0.000715,1.000000,-7.24309,-0.00072,Water,0.999285,8.700454e-12,1.789420e-08,2.694630e-10,2.444313e-08,8.547418e-12
16,10,-75,-75,1.556804e-03,9.984428e-01,0.001557,1.000000,-6.46512,-0.00156,Water,0.998443,5.105292e-11,4.136701e-08,9.912920e-10,5.562400e-08,4.745802e-11
16,11,-75,-65,5.652933e-04,9.994344e-01,0.000565,1.000000,-7.47817,-0.00057,Water,0.999434,1.670029e-11,2.957345e-08,2.348705e-10,4.180113e-08,1.482994e-11
16,12,-75,-55,1.528477e-04,9.998470e-01,0.000153,1.000000,-8.78607,-0.00015,Water,0.999847,2.374075e-12,1.211223e-08,3.277091e-11,1.826597e-08,1.945066e-12
16,13,-75,-45,1.765632e-04,9.998233e-01,0.000177,1.000000,-8.64183,-0.00018,Water,0.999823,2.266437e-12,9.984034e-09,3.745037e-11,1.952517e-08,1.845101e-12
16,14,-75,-35,9.022667e-05,9.999096e-01,0.000090,1.000000,-9.31319,-0.00009,Water,0.999910,1.978905e-12,1.160448e-08,2.645302e-11,2.527951e-08,1.444510e-12
16,15,-75,-25,6.809830e-05,9.999318e-01,0.000068,1.000000,-9.59456,-0.00007,Water,0.999932,1.138315e-12,9.403006e-09,1.396365e-11,1.904328e-08,9.011222e-13
16,16,-75,-15,2.906863e-04,9.997092e-01,0.000291,1.000000,-8.14327,-0.00029,Water,0.999709,4.959210e-12,1.281606e-08,7.184904e-11,2.565616e-08,3.574104e-12
16,17,-75,-5,8.367915e-04,9.991629e-01,0.000837,1.000000,-7.08594,-0.00084,Water,0.999163,1.771866e-11,2.435754e-08,3.072344e-10,4.171381e-08,1.519888e-11
16,18,-75,5,4.941849e-04,9.995056e-01,0.000494,1.000000,-7.61260,-0.00049,Water,0.999506,9.751035e-12,1.871401e-08,1.549223e-10,3.070460e-08,8.026369e-12
16,19,-75,15,3.073490e-04,9.996925e-01,0.000307,1.000000,-8.08753,-0.00031,Water,0.999693,5.502766e-12,1.348740e-08,7.829026e-11,2.400118e-08,4.363013e-12
16,20,-75,25,4.445928e-04,9.995552e-01,0.000445,1.000000,-7.71835,-0.00044,Water,0.999555,8.440588e-12,1.627546e-08,1.116155e-10,2.136180e-08,6.275025e-12
16,21,-75,35,3.456882e-04,9.996542e-01,0.000346,1.000000,-7.96997,-0.00035,Water,0.999654,3.930197e-12,1.045915e-08,6.825927e-11,1.599900e-08,2.717802e-12
16,22,-75,45,2.169697e-04,9.997828e-01,0.000217,1.000000,-8.43575,-0.00022,Water,0.999783,7.675916e-12,2.321635e-08,7.444441e-11,3.030450e-08,5.005553e-12
16,23,-75,55,9.097034e-05,9.999089e-01,0.000091,1.000000,-9.30498,-0.00009,Water,0.999909,2.267059e-12,1.502628e-08,2.606972e-11,2.471316e-08,2.082117e-12
16,24,-75,65,1.888653e-04,9.998110e-01,0.000189,1.000000,-8.57448,-0.00019,Water,0.999811,4.183164e-12,1.421934e-08,4.691326e-11,2.226587e-08,2.999150e-12
16,25,-75,75,6.061110e-05,9.999393e-01,0.000061,1.000000,-9.71103,-0.00006,Water,0.999939,1.852311e-12,1.132099e-08,1.568305e-11,2.261182e-08,1.044321e-12
16,26,-75,85,1.831841e-04,9.998167e-01,0.000183,1.000000,-8.60502,-0.00018,Water,0.999817,4.126330e-12,1.431707e-08,5.317743e-11,2.408727e-08,3.015486e-12
16,27,-75,95,5.839497e-05,9.999415e-01,0.000058,1.000000,-9.74828,-0.00006,Water,0.999942,9.829694e-13,8.472385e-09,1.120841e-11,1.488704e-08,6.881644e-13
16,28,-75,105,6.820697e-05,9.999317e-01,0.000068,1.000000,-9.59296,-0.00007,Water,0.999932,1.307090e-12,9.297127e-09,1.800483e-11,1.710362e-08,1.017669e-12
16,29,-75,115,2.818565e-05,9.999716e-01,0.000028,1.000000,-10.47670,-0.00003,Water,0.999972,1.993028e-12,2.177541e-08,1.038912e-11,3.616647e-08,1.379554e-12
16,30,-75,125,9.220268e-06,9.999907e-01,0.000009,1.000000,-11.59411,-0.00001,Water,0.999991,2.816989e-13,6.918598e-09,1.602134e-12,1.622662e-08,1.455851e-13
16,31,-75,135,1.480254e-05,9.999851e-01,0.000015,1.000000,-11.12071,-0.00001,Water,0.999985,6.069229e-13,1.185181e-08,3.957891e-12,2.392579e-08,3.930791e-13
16,32,-75,145,1.172305e-04,9.998824e-01,0.000117,1.000000,-9.05137,-0.00012,Water,0.999882,9.299953e-12,3.780064e-08,6.557505e-11,5.872079e-08,7.649305e-12
16,33,-75,155,1.595645e-05,9.999839e-01,0.000016,1.000000,-11.04565,-0.00002,Water,0.999984,1.156906e-12,2.089327e-08,5.516435e-12,3.400160e-08,6.836303e-13
16,34,-75,165,3.002425e-05,9.999698e-01,0.000030,1.000000,-10.41351,-0.00003,Water,0.999970,1.251034e-12,1.617764e-08,8.725836e-12,2.900326e-08,9.399919e-13
16,35,-75,175,8.990066e-05,9.999099e-01,0.000090,1.000000,-9.31681,-0.00009,Water,0.999910,2.342834e-12,1.361776e-08,3.399307e-11,3.573562e-08,1.986571e-12
17,0,-85,-175,3.424630e-04,9.996572e-01,0.000342,1.000000,-7.97935,-0.00034,Water,0.999657,1.179030e-11,2.775271e-08,1.577083e-10,5.046132e-08,9.262280e-12
17,1,-85,-165,3.451512e-05,9.999654e-01,0.000035,1.000000,-10.27411,-0.00003,Water,0.999965,7.600994e-13,9.745343e-09,6.091763e-12,1.824048e-08,4.694731e-13
17,2,-85,-155,1.682682e-05,9.999830e-01,0.000017,1.000000,-10.99254,-0.00002,Water,0.999983,7.167822e-13,1.385286e-08,5.217276e-12,2.608015e-08,4.190166e-13
17,3,-85,-145,3.020714e-05,9.999697e-01,0.000030,1.000000,-10.40743,-0.00003,Water,0.999970,1.080004e-12,1.070828e-08,7.811679e-12,2.212777e-08,6.810216e-13
17,4,-85,-135,3.194657e-05,9.999680e-01,0.000032,1.000000,-10.35145,-0.00003,Water,0.999968,5.021137e-13,7.149583e-09,6.163716e-12,1.677169e-08,3.394757e-13
17,5,-85,-125,1.398017e-05,9.999859e-01,0.000014,1.000000,-11.17787,-0.00001,Water,0.999986,5.104475e-13,1.370023e-08,5.316105e-12,3.061453e-08,1.619888e-13
17,6,-85,-115,4.206967e-05,9.999578e-01,0.000042,1.000000,-10.07618,-0.00004,Water,0.999958,8.295506e-13,8.655463e-09,8.630673e-12,1.858932e-08,5.211523e-13
17,7,-85,-105,2.050667e-04,9.997948e-01,0.000205,1.000000,-8.49218,-0.00021,Water,0.999795,2.724834e-12,1.151657e-08,4.470927e-11,1.861155e-08,1.822294e-12
17,8,-85,-95,7.757028e-04,9.992242e-01,0.000776,1.000000,-7.16174,-0.00078,Water,0.999224,5.881323e-12,9.390368e-09,2.044618e-10,1.970808e-08,4.549044e-12
17,9,-85,-85,1.845546e-03,9.981542e-01,0.001846,1.000000,-6.29498,-0.00185,Water,0.998154,2.156065e-11,2.067626e-08,8.514388e-10,3.123633e-08,1.888857e-11
17,10,-85,-75,6.870202e-04,9.993126e-01,0.000687,1.000000,-7.28315,-0.00069,Water,0.999313,1.491191e-11,2.267848e-08,2.988621e-10,3.467592e-08,1.567573e-11
17,11,-85,-65,9.672193e-04,9.990321e-01,0.000967,0.999999,-6.94109,-0.00097,Water,0.999032,4.565459e-11,5.154067e-08,6.990504e-10,7.291602e-08,3.878078e-11
17,12,-85,-55,2.985598e-04,9.997012e-01,0.000299,1.000000,-8.11654,-0.00030,Water,0.999701,7.040932e-12,1.638915e-08,9.458869e-11,3.072162e-08,5.629185e-12
17,13,-85,-45,2.079850e-04,9.997919e-01,0.000208,1.000000,-8.47804,-0.00021,Water,0.999792,2.930317e-12,1.072297e-08,5.822880e-11,2.527600e-08,2.361259e-12
17,14,-85,-35,3.152838e-04,9.996846e-01,0.000315,1.000000,-8.06204,-0.00032,Water,0.999685,3.308755e-12,9.043392e-09,7.666622e-11,2.015255e-08,2.341382e-12
17,15,-85,-25,1.156623e-04,9.998842e-01,0.000116,1.000000,-9.06484,-0.00012,Water,0.999884,2.772361e-12,1.743035e-08,5.157864e-11,3.726004e-08,1.053724e-12
17,16,-85,-15,4.101863e-04,9.995897e-01,0.000410,1.000000,-7.79890,-0.00041,Water,0.999590,3.973630e-12,9.290562e-09,8.292634e-11,2.172429e-08,3.081519e-12
17,17,-85,-5,7.213959e-04,9.992784e-01,0.000721,1.000000,-7.23432,-0.00072,Water,0.999278,1.076908e-11,1.866730e-08,2.166153e-10,3.033639e-08,9.250757e-12
17,18,-85,5,5.792738e-04,9.994204e-01,0.000579,1.000000,-7.45374,-0.00058,Water,0.999420,1.528210e-11,2.598516e-08,3.136236e-10,4.869914e-08,1.321391e-11
17,19,-85,15,4.310334e-04,9.995689e-01,0.000431,1.000000,-7.74932,-0.00043,Water,0.999569,4.596893e-12,9.232569e-09,8.110478e-11,1.785571e-08,3.312527e-12
17,20,-85,25,5.724395e-04,9.994274e-01,0.000572,1.000000,-7.46560,-0.00057,Water,0.999427,8.846891e-12,1.490728e-08,1.857112e-10,2.549319e-08,6.441316e-12
17,21,-85,35,3.629732e-04,9.996369e-01,0.000363,1.000000,-7.92118,-0.00036,Water,0.999637,6.827954e-12,1.468548e-08,9.984580e-11,2.239085e-08,4.745172e-12
17,22,-85,45,6.810869e-05,9.999317e-01,0.000068,1.000000,-9.59441,-0.00007,Water,0.999932,2.615607e-12,1.850034e-08,3.840624e-11,4.003790e-08,8.588421e-13
17,23,-85,55,5.686331e-05,9.999430e-01,0.000057,1.000000,-9.77486,-0.00006,Water,0.999943,1.506185e-12,1.420062e-08,2.401412e-11,3.293314e-08,7.029050e-13
17,24,-85,65,2.431023e-04,9.997567e-01,0.000243,1.000000,-8.32203,-0.00024,Water,0.999757,5.750754e-12,1.675616e-08,7.123349e-11,2.605441e-08,4.170302e-12
17,25,-85,75,1.997977e-04,9.998000e-01,0.000200,1.000000,-8.51821,-0.00020,Water,0.999800,3.719116e-12,1.367952e-08,5.713766e-11,2.467120e-08,2.651573e-12
17,26,-85,85,8.267795e-04,9.991729e-01,0.000827,1.000000,-7.09797,-0.00083,Water,0.999173,3.069948e-11,3.074102e-08,3.617119e-10,3.996047e-08,1.852273e-11
17,27,-85,95,4.096464e-05,9.999589e-01,0.000041,1.000000,-10.10280,-0.00004,Water,0.999959,1.103436e-12,1.152353e-08,1.749805e-11,3.216137e-08,4.031376e-13
17,28,-85,105,1.058969e-04,9.998940e-01,0.000106,1.000000,-9.15304,-0.00011,Water,0.999894,2.843964e-12,1.376493e-08,3.072867e-11,2.515939e-08,1.727599e-12
17,29,-85,115,2.335899e-05,9.999765e-01,0.000023,1.000000,-10.66453,-0.00002,Water,0.999977,7.586682e-13,8.819628e-09,5.996253e-12,2.232838e-08,4.657094e-13
17,30,-85,125,4.986471e-05,9.999499e-01,0.000050,1.000000,-9.90620,-0.00005,Water,0.999950,2.664631e-12,1.994331e-08,2.308313e-11,4.331331e-08,1.886863e-12
17,31,-85,135,4.136346e-05,9.999584e-01,0.000041,1.000000,-10.09311,-0.00004,Water,0.999958,2.621651e-12,1.956233e-08,2.315419e-11,4.909908e-08,2.378419e-12
17,32,-85,145,4.817893e-05,9.999516e-01,0.000048,1.000000,-9.94059,-0.00005,Water,0.999952,2.115839e-12,1.522372e-08,1.361186e-11,2.666318e-08,1.712208e-12
17,33,-85,155,2.330186e-05,9.999765e-01,0.000023,1.000000,-10.66698,-0.00002,Water,0.999977,1.237895e-12,1.174540e-08,8.752181e-12,3.663647e-08,8.942161e-13
17,34,-85,165,3.623072e-05,9.999636e-01,0.000036,1.000000,-10.22560,-0.00004,Water,0.999964,1.339209e-12,1.516207e-08,1.183500e-11,2.901359e-08,8.925687e-13
17,35,-85,175,1.864619e-04,9.998133e-01,0.000186,1.000000,-8.58728,-0.00019,Water,0.999813,3.999340e-12,1.574331e-08,6.675560e-11,3.075579e-08,3.403693e-12
