row,col,lat,lon,p_land,p_water,p_land_vs_water,mass_land_water,logp_land,logp_water,argmax_token,argmax_prob,p_land_lower,p_water_lower,p_land_space,p_water_space,p_land_upper
0,0,85,-175,1.099576e-01,8.835262e-01,0.110679,0.993484,-2.20766,-0.12383,Water,0.883526,1.459450e-04,1.461640e-04,2.340388e-05,5.193621e-05,1.250791e-04
0,1,85,-165,1.076455e-01,8.851575e-01,0.108426,0.992803,-2.22891,-0.12199,Water,0.885157,1.866217e-04,1.700231e-04,2.869254e-05,5.762378e-05,1.123612e-04
0,2,85,-155,1.397412e-01,8.513079e-01,0.141003,0.991049,-1.96796,-0.16098,Water,0.851308,1.543549e-04,1.389235e-04,3.680327e-05,6.028507e-05,1.178657e-04
0,3,85,-145,8.672586e-02,9.064836e-01,0.087319,0.993210,-2.44500,-0.09818,Water,0.906484,1.059526e-04,1.337661e-04,2.039863e-05,5.477731e-05,5.649522e-05
0,4,85,-135,9.099725e-02,9.015526e-01,0.091680,0.992550,-2.39693,-0.10364,Water,0.901553,1.218171e-04,1.261234e-04,2.493606e-05,6.036976e-05,5.418818e-05
0,5,85,-125,1.421934e-01,8.498393e-01,0.143335,0.992033,-1.95057,-0.16271,Water,0.849839,1.586649e-04,1.485776e-04,3.372000e-05,5.554719e-05,7.527923e-05
0,6,85,-115,7.462547e-02,9.167722e-01,0.075273,0.991398,-2.59527,-0.08690,Water,0.916772,8.094298e-05,9.367922e-05,2.067301e-05,5.931455e-05,3.037800e-05
0,7,85,-105,9.664245e-02,8.960006e-01,0.097359,0.992643,-2.33674,-0.10981,Water,0.896001,1.218922e-04,9.115350e-05,2.403297e-05,5.353744e-05,4.621514e-05
0,8,85,-95,8.203596e-02,9.107252e-01,0.082634,0.992761,-2.50060,-0.09351,Water,0.910725,1.071542e-04,1.033023e-04,1.843568e-05,4.825679e-05,4.524042e-05
0,9,85,-85,4.381601e-02,9.479249e-01,0.044181,0.991741,-3.12776,-0.05348,Water,0.947925,7.337104e-05,1.021614e-04,1.075618e-05,4.700379e-05,1.854300e-05
0,10,85,-75,1.168956e-01,8.754500e-01,0.117797,0.992346,-2.14647,-0.13302,Water,0.875450,1.667366e-04,9.655182e-05,2.709701e-05,5.553051e-05,8.978342e-05
0,11,85,-65,1.283711e-01,8.647130e-01,0.129265,0.993084,-2.05283,-0.14536,Water,0.864713,2.189384e-04,1.028150e-04,2.807898e-05,4.931066e-05,8.979081e-05
0,12,85,-55,1.283393e-01,8.647693e-01,0.129230,0.993109,-2.05308,-0.14529,Water,0.864769,1.801440e-04,8.598236e-05,2.616828e-05,4.809765e-05,8.502068e-05
0,13,85,-45,1.641046e-01,8.281423e-01,0.165387,0.992247,-1.80725,-0.18857,Water,0.828142,2.513352e-04,9.653235e-05,3.390957e-05,5.012954e-05,1.379953e-04
0,14,85,-35,1.206590e-01,8.704252e-01,0.121744,0.991084,-2.11479,-0.13877,Water,0.870425,2.159276e-04,9.474740e-05,2.817557e-05,5.405613e-05,1.138384e-04
0,15,85,-25,1.531523e-01,8.372742e-01,0.154633,0.990426,-1.87632,-0.17760,Water,0.837274,2.605353e-04,1.066082e-04,3.522030e-05,5.588533e-05,1.341479e-04
0,16,85,-15,2.560013e-01,7.329249e-01,0.258868,0.988926,-1.36257,-0.31071,Water,0.732925,4.247691e-04,1.084758e-04,6.048525e-05,5.542208e-05,2.668073e-04
0,17,85,-5,5.307153e-01,4.575174e-01,0.537035,0.988233,-0.63353,-0.78194,Land,0.530715,6.163375e-04,7.351897e-05,1.007354e-04,3.362581e-05,4.473243e-04
0,18,85,5,7.271059e-01,2.607190e-01,0.736068,0.987825,-0.31868,-1.34431,Land,0.727106,6.540552e-04,5.898882e-05,1.860120e-04,2.869651e-05,7.698529e-04
0,19,85,15,7.576941e-01,2.289122e-01,0.767980,0.986606,-0.27748,-1.47442,Land,0.757694,8.036392e-04,6.490184e-05,2.026092e-04,2.633803e-05,1.151608e-03
0,20,85,25,6.774698e-01,3.097261e-01,0.686257,0.987196,-0.38939,-1.17207,Land,0.677470,6.750902e-04,7.388154e-05,1.642285e-04,3.233582e-05,9.047793e-04
0,21,85,35,7.222657e-01,2.646213e-01,0.731863,0.986887,-0.32536,-1.32946,Land,0.722266,6.526810e-04,5.926182e-05,1.560884e-04,2.590138e-05,9.170754e-04
0,22,85,45,7.568423e-01,2.309163e-01,0.766222,0.987759,-0.27860,-1.46570,Land,0.756842,6.122333e-04,5.246329e-05,1.584179e-04,2.403986e-05,1.016580e-03
0,23,85,55,7.338909e-01,2.543012e-01,0.742660,0.988192,-0.30939,-1.36924,Land,0.733891,5.503211e-04,5.547862e-05,1.419891e-04,2.340168e-05,9.758614e-04
0,24,85,65,6.628376e-01,3.256606e-01,0.670550,0.988498,-0.41123,-1.12190,Land,0.662838,5.228080e-04,6.621729e-05,1.305641e-04,2.902239e-05,6.292127e-04
0,25,85,75,5.590811e-01,4.270278e-01,0.566957,0.986109,-0.58146,-0.85091,Land,0.559081,4.348677e-04,8.963106e-05,1.259887e-04,4.163122e-05,6.012442e-04
0,26,85,85,4.359899e-01,5.520782e-01,0.441255,0.988068,-0.83014,-0.59407,Water,0.552078,3.027397e-04,8.817826e-05,8.995970e-05,4.214329e-05,3.350339e-04
0,27,85,95,3.395133e-01,6.491839e-01,0.343395,0.988697,-1.08024,-0.43204,Water,0.649184,2.494378e-04,1.064653e-04,7.960766e-05,5.210079e-05,3.422735e-04
0,28,85,105,4.452666e-01,5.429424e-01,0.450579,0.988209,-0.80908,-0.61075,Water,0.542942,3.429453e-04,8.681524e-05,1.105663e-04,4.802415e-05,5.641296e-04
0,29,85,115,2.573409e-01,7.307757e-01,0.260436,0.988117,-1.35735,-0.31365,Water,0.730776,1.771506e-04,8.865741e-05,6.827843e-05,5.970950e-05,1.880496e-04
0,30,85,125,3.690501e-01,6.191103e-01,0.373472,0.988160,-0.99682,-0.47947,Water,0.619110,2.706040e-04,1.249655e-04,9.098569e-05,5.347967e-05,2.540892e-04
0,31,85,135,4.625091e-01,5.253075e-01,0.468214,0.987817,-0.77109,-0.64377,Water,0.525307,3.243538e-04,1.052196e-04,1.195467e-04,5.058861e-05,3.412392e-04
0,32,85,145,2.434042e-01,7.458640e-01,0.246045,0.989268,-1.41303,-0.29321,Water,0.745864,2.228391e-04,1.429954e-04,6.676209e-05,6.559510e-05,2.134880e-04
0,33,85,155,3.006928e-01,6.881639e-01,0.304081,0.988857,-1.20167,-0.37373,Water,0.688164,2.878841e-04,1.487209e-04,8.452073e-05,5.991028e-05,3.320840e-04
0,34,85,165,2.735883e-01,7.161158e-01,0.276434,0.989704,-1.29613,-0.33391,Water,0.716116,3.205095e-04,1.690984e-04,7.754126e-05,5.720719e-05,3.181585e-04
0,35,85,175,3.036280e-01,6.847899e-01,0.307186,0.988418,-1.19195,-0.37864,Water,0.684790,3.249034e-04,1.691761e-04,8.446435e-05,6.113295e-05,5.182780e-04
1,0,75,-175,1.071567e-01,8.826736e-01,0.108258,0.989830,-2.23346,-0.12480,Water,0.882674,1.628605e-04,1.665695e-04,2.881604e-05,6.078207e-05,1.058828e-04
1,1,75,-165,1.409198e-01,8.493012e-01,0.142311,0.990221,-1.95956,-0.16334,Water,0.849301,2.553283e-04,1.942939e-04,4.205428e-05,6.316365e-05,1.424734e-04
1,2,75,-155,1.418824e-01,8.465068e-01,0.143549,0.988389,-1.95276,-0.16664,Water,0.846507,2.013087e-04,1.868952e-04,4.487898e-05,7.256967e-05,1.085712e-04
1,3,75,-145,8.563553e-02,9.056899e-01,0.086385,0.991325,-2.45766,-0.09906,Water,0.905690,1.134151e-04,1.479421e-04,2.544753e-05,6.325255e-05,5.005664e-05
1,4,75,-135,1.374758e-01,8.529303e-01,0.138808,0.990406,-1.98431,-0.15908,Water,0.852930,1.794337e-04,1.353660e-04,4.126448e-05,7.022740e-05,8.389167e-05
1,5,75,-125,1.493566e-01,8.396035e-01,0.151024,0.988960,-1.90142,-0.17483,Water,0.839603,2.033617e-04,1.681560e-04,4.484868e-05,6.833502e-05,7.495549e-05
1,6,75,-115,7.114595e-02,9.176120e-01,0.071955,0.988758,-2.64302,-0.08598,Water,0.917612,1.057796e-04,1.227961e-04,2.549424e-05,7.163297e-05,2.734147e-05
1,7,75,-105,1.378192e-01,8.523201e-01,0.139192,0.990139,-1.98181,-0.15979,Water,0.852320,2.142716e-04,1.178644e-04,4.068672e-05,6.211799e-05,7.880687e-05
1,8,75,-95,1.009091e-01,8.877443e-01,0.102067,0.988653,-2.29353,-0.11907,Water,0.887744,1.637602e-04,1.466633e-04,3.117012e-05,6.000989e-05,5.428576e-05
1,9,75,-85,1.355490e-01,8.533007e-01,0.137077,0.988850,-1.99842,-0.15864,Water,0.853301,1.978293e-04,1.155633e-04,4.135621e-05,6.141190e-05,7.911922e-05
1,10,75,-75,6.465263e-02,9.244812e-01,0.065363,0.989134,-2.73873,-0.07852,Water,0.924481,1.141673e-04,1.374575e-04,1.935304e-05,6.060421e-05,3.159772e-05
1,11,75,-65,1.443894e-01,8.456259e-01,0.145846,0.990015,-1.93524,-0.16768,Water,0.845626,2.501278e-04,1.283438e-04,3.895995e-05,5.750192e-05,9.799314e-05
1,12,75,-55,2.253586e-01,7.645158e-01,0.227664,0.989874,-1.49006,-0.26851,Water,0.764516,3.384254e-04,1.045047e-04,4.695603e-05,4.926087e-05,1.495052e-04
1,13,75,-45,3.724311e-01,6.165642e-01,0.376575,0.988995,-0.98770,-0.48359,Water,0.616564,4.711727e-04,9.319496e-05,7.280687e-05,4.099079e-05,2.688535e-04
1,14,75,-35,2.043174e-01,7.846089e-01,0.206605,0.988926,-1.58808,-0.24257,Water,0.784609,3.483476e-04,1.207900e-04,5.125969e-05,5.496159e-05,1.916229e-04
1,15,75,-25,2.682253e-01,7.190015e-01,0.271696,0.987227,-1.31593,-0.32989,Water,0.719002,4.367642e-04,1.285971e-04,6.340109e-05,5.128245e-05,1.983380e-04
1,16,75,-15,4.917083e-01,4.957738e-01,0.497942,0.987482,-0.70987,-0.70164,Water,0.495774,6.902835e-04,8.798017e-05,9.542228e-05,3.667042e-05,3.994368e-04
1,17,75,-5,7.454909e-01,2.420647e-01,0.754885,0.987556,-0.29371,-1.41855,Land,0.745491,7.320307e-04,4.942180e-05,1.180151e-04,1.742179e-05,5.354456e-04
1,18,75,5,8.635339e-01,1.242843e-01,0.874183,0.987818,-0.14672,-2.08518,Land,0.863534,7.129395e-04,3.518735e-05,1.553121e-04,1.216982e-05,6.567230e-04
1,19,75,15,8.777817e-01,1.099853e-01,0.888653,0.987767,-0.13036,-2.20741,Land,0.877782,8.256449e-04,3.490462e-05,1.704114e-04,1.182252e-05,8.149076e-04
1,20,75,25,8.093566e-01,1.763365e-01,0.821104,0.985693,-0.21152,-1.73536,Land,0.809357,7.070373e-04,4.995963e-05,1.644086e-04,1.821979e-05,7.513636e-04
1,21,75,35,8.277305e-01,1.584876e-01,0.839298,0.986218,-0.18907,-1.84208,Land,0.827730,7.259018e-04,4.283668e-05,1.634780e-04,1.617757e-05,7.579519e-04
1,22,75,45,8.850829e-01,1.024661e-01,0.896242,0.987549,-0.12207,-2.27822,Land,0.885083,6.304038e-04,2.819175e-05,1.567165e-04,1.008116e-05,8.450760e-04
1,23,75,55,8.110973e-01,1.756880e-01,0.821959,0.986785,-0.20937,-1.73905,Land,0.811097,5.789427e-04,4.447507e-05,1.512759e-04,1.686722e-05,6.845033e-04
1,24,75,65,6.902715e-01,2.961118e-01,0.699800,0.986383,-0.37067,-1.21702,Land,0.690272,5.472312e-04,6.562639e-05,1.459124e-04,2.788877e-05,5.610960e-04
1,25,75,75,5.585592e-01,4.266251e-01,0.566959,0.985184,-0.58239,-0.85185,Land,0.558559,3.475094e-04,7.991023e-05,1.370733e-04,4.048028e-05,4.429851e-04
1,26,75,85,5.707789e-01,4.138001e-01,0.579719,0.984579,-0.56075,-0.88237,Land,0.570779,4.091143e-04,8.164467e-05,1.487320e-04,3.983809e-05,3.360126e-04
1,27,75,95,3.564723e-01,6.294081e-01,0.361578,0.985880,-1.03150,-0.46298,Water,0.629408,2.747233e-04,1.174983e-04,1.049361e-04,5.850703e-05,2.780539e-04
1,28,75,105,5.653899e-01,4.214511e-01,0.572929,0.986841,-0.57024,-0.86405,Land,0.565390,4.605462e-04,8.849159e-05,1.559749e-04,4.183644e-05,5.319429e-04
1,29,75,115,2.530885e-01,7.337354e-01,0.256468,0.986824,-1.37402,-0.30961,Water,0.733735,1.898714e-04,1.119436e-04,8.195055e-05,7.036138e-05,1.256034e-04
1,30,75,125,3.521717e-01,6.333453e-01,0.357347,0.985517,-1.04364,-0.45674,Water,0.633345,3.590849e-04,1.663103e-04,1.068820e-04,6.402526e-05,1.971135e-04
1,31,75,135,6.071891e-01,3.780622e-01,0.616278,0.985251,-0.49891,-0.97270,Land,0.607189,4.273586e-04,9.050836e-05,1.679808e-04,4.243344e-05,5.049422e-04
1,32,75,145,2.279674e-01,7.602166e-01,0.230693,0.988184,-1.47855,-0.27415,Water,0.760217,2.256603e-04,1.542590e-04,7.123942e-05,6.976219e-05,1.542798e-04
1,33,75,155,2.716413e-01,7.148514e-01,0.275361,0.986493,-1.30327,-0.33568,Water,0.714851,2.812952e-04,1.857826e-04,8.947298e-05,6.897505e-05,2.217868e-04
1,34,75,165,2.949844e-01,6.926163e-01,0.298688,0.987601,-1.22083,-0.36728,Water,0.692616,3.670301e-04,1.878307e-04,9.000672e-05,6.075801e-05,3.293603e-04
1,35,75,175,3.058622e-01,6.809913e-01,0.309937,0.986853,-1.18462,-0.38421,Water,0.680991,2.918603e-04,1.966556e-04,9.269256e-05,6.508837e-05,4.573226e-04
2,0,65,-175,6.041578e-01,3.866042e-01,0.609791,0.990762,-0.50392,-0.95035,Land,0.604158,1.157148e-03,2.658834e-04,1.069072e-04,2.350976e-05,6.075867e-04
2,1,65,-165,5.045573e-01,4.874199e-01,0.508638,0.991977,-0.68407,-0.71863,Land,0.504557,9.848881e-04,3.068655e-04,9.295233e-05,3.107171e-05,2.906574e-04
2,2,65,-155,6.495834e-01,3.416417e-01,0.655334,0.991225,-0.43142,-1.07399,Land,0.649583,8.292469e-04,2.361065e-04,1.261581e-04,2.547337e-05,2.198589e-04
2,3,65,-145,4.245566e-01,5.676570e-01,0.427888,0.992214,-0.85671,-0.56624,Water,0.567657,5.479887e-04,2.338288e-04,7.997264e-05,3.330924e-05,1.528452e-04
2,4,65,-135,7.395401e-01,2.520520e-01,0.745811,0.991592,-0.30173,-1.37812,Land,0.739540,1.125247e-03,1.495132e-04,1.220694e-04,1.546887e-05,3.293385e-04
2,5,65,-125,7.002255e-01,2.933983e-01,0.704719,0.993624,-0.35635,-1.22622,Land,0.700225,7.902140e-04,1.746237e-04,1.225016e-04,1.650740e-05,1.529687e-04
2,6,65,-115,5.000339e-01,4.911065e-01,0.504504,0.991140,-0.69308,-0.71109,Land,0.500034,4.011103e-04,1.235591e-04,9.364081e-05,2.669837e-05,1.193517e-04
2,7,65,-105,8.146527e-01,1.786066e-01,0.820181,0.993259,-0.20499,-1.72257,Land,0.814653,7.185778e-04,6.011691e-05,1.066326e-04,8.871804e-06,2.246280e-04
2,8,65,-95,6.315687e-01,3.598872e-01,0.637011,0.991456,-0.45955,-1.02196,Land,0.631569,6.364071e-04,1.097630e-04,1.037801e-04,1.862084e-05,2.067317e-04
2,9,65,-85,6.917083e-01,2.995327e-01,0.697821,0.991241,-0.36859,-1.20553,Land,0.691708,7.692378e-04,9.796770e-05,1.078029e-04,1.626546e-05,2.742818e-04
2,10,65,-75,6.983901e-01,2.929208e-01,0.704512,0.991311,-0.35898,-1.22785,Land,0.698390,1.047055e-03,1.178096e-04,1.131320e-04,1.642328e-05,2.965610e-04
2,11,65,-65,1.131325e-01,8.784743e-01,0.114090,0.991607,-2.17920,-0.12957,Water,0.878474,2.963751e-04,2.295882e-04,2.137891e-05,3.746134e-05,3.991452e-05
2,12,65,-55,7.673023e-01,2.244729e-01,0.773666,0.991775,-0.26487,-1.49400,Land,0.767302,1.514946e-03,1.135295e-04,9.580591e-05,1.143305e-05,3.278876e-04
2,13,65,-45,9.217005e-01,7.092793e-02,0.928545,0.992628,-0.08153,-2.64609,Land,0.921701,1.757672e-03,4.735119e-05,1.001004e-04,4.050735e-06,5.152022e-04
2,14,65,-35,7.360009e-01,2.542309e-01,0.743261,0.990232,-0.30652,-1.36951,Land,0.736001,1.799378e-03,1.486615e-04,9.578867e-05,1.290567e-05,3.983954e-04
2,15,65,-25,8.187115e-01,1.706559e-01,0.827510,0.989367,-0.20002,-1.76811,Land,0.818712,2.138327e-03,1.068857e-04,1.070309e-04,1.005165e-05,5.219855e-04
2,16,65,-15,9.181049e-01,6.918065e-02,0.929928,0.987286,-0.08544,-2.67103,Land,0.918105,3.166854e-03,6.017077e-05,1.190741e-04,5.063295e-06,1.008507e-03
2,17,65,-5,9.697941e-01,1.975708e-02,0.980034,0.989551,-0.03067,-3.92424,Land,0.969794,2.681235e-03,2.268118e-05,9.868921e-05,1.206063e-06,7.531118e-04
2,18,65,5,9.864280e-01,3.968011e-03,0.995994,0.990396,-0.01366,-5.52949,Land,0.986428,2.347586e-03,3.802364e-06,9.100252e-05,2.908679e-07,6.170616e-04
2,19,65,15,9.872118e-01,2.396457e-03,0.997578,0.989608,-0.01287,-6.03376,Land,0.987212,1.950671e-03,1.820131e-06,8.076898e-05,1.543930e-07,9.955226e-04
2,20,65,25,9.863368e-01,4.372458e-03,0.995587,0.990709,-0.01376,-5.43243,Land,0.986337,1.331689e-03,2.986363e-06,7.717225e-05,2.827487e-07,5.525068e-04
2,21,65,35,9.849381e-01,5.551426e-03,0.994395,0.990490,-0.01518,-5.19370,Land,0.984938,1.124374e-03,3.696592e-06,7.301269e-05,3.269570e-07,5.258729e-04
2,22,65,45,9.909647e-01,1.103502e-03,0.998888,0.992068,-0.00908,-6.80927,Land,0.990965,9.613230e-04,7.452444e-07,5.879569e-05,5.866236e-08,6.182983e-04
2,23,65,55,9.880479e-01,3.864040e-03,0.996104,0.991912,-0.01202,-5.55604,Land,0.988048,8.831689e-04,2.563556e-06,6.622984e-05,2.197342e-07,5.158184e-04
2,24,65,65,9.703649e-01,1.813086e-02,0.981658,0.988496,-0.03008,-4.01014,Land,0.970365,8.360446e-04,1.041188e-05,8.504434e-05,1.067649e-06,5.536097e-04
2,25,65,75,9.796127e-01,1.084571e-02,0.989050,0.990458,-0.02060,-4.52399,Land,0.979613,7.868816e-04,6.147515e-06,8.502568e-05,7.461068e-07,5.424817e-04
2,26,65,85,9.685849e-01,2.213515e-02,0.977658,0.990720,-0.03192,-3.81059,Land,0.968585,6.001478e-04,9.901040e-06,8.411984e-05,1.252528e-06,4.228192e-04
2,27,65,95,9.420593e-01,4.646739e-02,0.952993,0.988527,-0.05969,-3.06900,Land,0.942059,5.142593e-04,1.744884e-05,1.155859e-04,2.967713e-06,3.352309e-04
2,28,65,105,9.854349e-01,6.823454e-03,0.993123,0.992258,-0.01467,-4.98739,Land,0.985435,6.857189e-04,3.705698e-06,7.981831e-05,4.007921e-07,4.123779e-04
2,29,65,115,9.337770e-01,5.587161e-02,0.943544,0.989649,-0.06852,-2.88470,Land,0.933777,3.920722e-04,1.721443e-05,1.082062e-04,3.444994e-06,2.675475e-04
2,30,65,125,9.681036e-01,2.442739e-02,0.975389,0.992531,-0.03242,-3.71205,Land,0.968104,7.060370e-04,1.767512e-05,9.321195e-05,1.480583e-06,3.284078e-04
2,31,65,135,9.890721e-01,3.802866e-03,0.996170,0.992875,-0.01099,-5.57200,Land,0.989072,9.969705e-04,3.323582e-06,7.516946e-05,2.437062e-07,7.017548e-04
2,32,65,145,9.263548e-01,6.433360e-02,0.935062,0.990688,-0.07650,-2.74367,Land,0.926355,6.974726e-04,3.100876e-05,1.138738e-04,4.228191e-06,3.842205e-04
2,33,65,155,9.457202e-01,4.573934e-02,0.953867,0.991460,-0.05581,-3.08480,Land,0.945720,8.213679e-04,3.051825e-05,1.109552e-04,2.887491e-06,4.506248e-04
2,34,65,165,9.281543e-01,6.342680e-02,0.936035,0.991581,-0.07456,-2.75787,Land,0.928154,9.421939e-04,4.047295e-05,1.065529e-04,3.976782e-06,5.961664e-04
2,35,65,175,9.271158e-01,6.408101e-02,0.935350,0.991197,-0.07568,-2.74761,Land,0.927116,9.166925e-04,4.177415e-05,1.074292e-04,4.233876e-06,1.011145e-03
3,0,55,-175,5.368493e-01,4.564383e-01,0.540477,0.993288,-0.62204,-0.78430,Land,0.536849,7.754157e-04,3.840351e-04,6.872459e-05,1.655350e-05,1.693081e-04
3,1,55,-165,4.176518e-01,5.755592e-01,0.420507,0.993211,-0.87311,-0.55241,Water,0.575559,8.488178e-04,7.033753e-04,7.499343e-05,2.832551e-05,1.561542e-04
3,2,55,-155,4.424283e-01,5.482050e-01,0.446612,0.990633,-0.81548,-0.60111,Water,0.548205,5.398028e-04,5.121729e-04,8.054855e-05,2.891593e-05,9.758206e-05
3,3,55,-145,2.994569e-01,6.945152e-01,0.301273,0.993972,-1.20578,-0.36454,Water,0.694515,2.951491e-04,3.517365e-04,4.374767e-05,2.674259e-05,6.299051e-05
3,4,55,-135,5.825135e-01,4.100238e-01,0.586893,0.992537,-0.54040,-0.89154,Land,0.582513,5.351271e-04,3.063683e-04,8.021752e-05,1.663314e-05,9.716527e-05
3,5,55,-125,4.416445e-01,5.532030e-01,0.443932,0.994848,-0.81725,-0.59203,Water,0.553203,4.439114e-04,3.581538e-04,6.328172e-05,2.145667e-05,6.698405e-05
3,6,55,-115,5.333010e-01,4.579655e-01,0.538000,0.991267,-0.62867,-0.78096,Land,0.533301,2.535381e-04,1.230036e-04,5.397515e-05,1.407822e-05,6.577919e-05
3,7,55,-105,8.899615e-01,1.052955e-01,0.894203,0.995257,-0.11658,-2.25098,Land,0.889961,3.685152e-04,3.292144e-05,5.640766e-05,2.520166e-06,1.174848e-04
3,8,55,-95,7.865044e-01,2.059577e-01,0.792478,0.992462,-0.24016,-1.58008,Land,0.786504,3.824420e-04,6.270260e-05,5.949327e-05,5.026209e-06,1.284627e-04
3,9,55,-85,8.048748e-01,1.875484e-01,0.811020,0.992423,-0.21707,-1.67372,Land,0.804875,3.654016e-04,5.363902e-05,7.666308e-05,6.147191e-06,1.621621e-04
3,10,55,-75,9.065745e-01,8.809253e-02,0.911435,0.994667,-0.09808,-2.42937,Land,0.906575,3.596647e-04,4.046363e-05,7.061203e-05,2.522182e-06,1.351196e-04
3,11,55,-65,8.397000e-01,1.538085e-01,0.845187,0.993508,-0.17471,-1.87205,Land,0.839700,6.300314e-04,8.122212e-05,6.955331e-05,4.826000e-06,1.619706e-04
3,12,55,-55,2.243005e-01,7.664732e-01,0.226389,0.990774,-1.49477,-0.26596,Water,0.766473,3.893266e-04,2.452363e-04,2.392185e-05,2.161236e-05,4.224321e-05
3,13,55,-45,9.492235e-01,4.505991e-02,0.954681,0.994283,-0.05211,-3.09976,Land,0.949223,8.917626e-04,3.472941e-05,5.807923e-05,1.452190e-06,1.699973e-04
3,14,55,-35,8.256593e-01,1.668297e-01,0.831908,0.992489,-0.19157,-1.79078,Land,0.825659,8.743837e-04,8.860514e-05,6.330295e-05,5.465193e-06,1.209014e-04
3,15,55,-25,9.220928e-01,7.029119e-02,0.929169,0.992384,-0.08111,-2.65511,Land,0.922093,1.271223e-03,6.798774e-05,5.866703e-05,2.502330e-06,1.910480e-04
3,16,55,-15,9.384214e-01,4.044428e-02,0.958682,0.978866,-0.06356,-3.20783,Land,0.938421,3.216604e-03,6.670835e-05,6.183297e-05,1.939853e-06,4.067043e-04
3,17,55,-5,9.865951e-01,5.484356e-03,0.994472,0.992079,-0.01350,-5.20586,Land,0.986595,1.242712e-03,6.405826e-06,3.750886e-05,1.506545e-07,1.717847e-04
3,18,55,5,9.884562e-01,2.295952e-03,0.997683,0.990752,-0.01161,-6.07661,Land,0.988456,1.857716e-03,2.469539e-06,3.526281e-05,5.773610e-08,1.920777e-04
3,19,55,15,9.851228e-01,1.613624e-03,0.998365,0.986736,-0.01499,-6.42927,Land,0.985123,2.725252e-03,2.106226e-06,3.588441e-05,4.425214e-08,2.578316e-04
3,20,55,25,9.873227e-01,2.254219e-03,0.997722,0.989577,-0.01276,-6.09495,Land,0.987323,1.317184e-03,2.113788e-06,3.510062e-05,6.979289e-08,1.825124e-04
3,21,55,35,9.875138e-01,2.642291e-03,0.997331,0.990156,-0.01256,-5.93611,Land,0.987514,1.181825e-03,1.728721e-06,3.360618e-05,6.110686e-08,1.497655e-04
3,22,55,45,9.882170e-01,1.077928e-03,0.998910,0.989295,-0.01185,-6.83271,Land,0.988217,1.187219e-03,8.576202e-07,3.612843e-05,2.743335e-08,1.887028e-04
3,23,55,55,9.724315e-01,9.354092e-03,0.990472,0.981786,-0.02796,-4.67194,Land,0.972432,2.004421e-03,1.097927e-05,4.690377e-05,2.634749e-07,2.134915e-04
3,24,55,65,9.865830e-01,2.040440e-03,0.997936,0.988623,-0.01351,-6.19459,Land,0.986583,1.658911e-03,1.585268e-06,4.112928e-05,5.785328e-08,3.271795e-04
3,25,55,75,9.816889e-01,5.284770e-03,0.994645,0.986974,-0.01848,-5.24293,Land,0.981689,8.864494e-04,2.874245e-06,4.415359e-05,1.467347e-07,1.702046e-04
3,26,55,85,9.778400e-01,1.057375e-02,0.989302,0.988414,-0.02241,-4.54938,Land,0.977840,5.443945e-04,4.464178e-06,4.895150e-05,3.054430e-07,1.887336e-04
3,27,55,95,9.751377e-01,1.190427e-02,0.987939,0.987042,-0.02518,-4.43086,Land,0.975138,7.344209e-04,5.649687e-06,4.860959e-05,2.873984e-07,1.760349e-04
3,28,55,105,9.869250e-01,4.010959e-03,0.995952,0.990936,-0.01316,-5.51872,Land,0.986925,9.811988e-04,2.356312e-06,4.170423e-05,8.604167e-08,1.710110e-04
3,29,55,115,9.553888e-01,2.725553e-02,0.972263,0.982644,-0.04564,-3.60250,Land,0.955389,7.412687e-04,1.216774e-05,5.641499e-05,7.505270e-07,1.513962e-04
3,30,55,125,9.630425e-01,2.984964e-02,0.969937,0.992892,-0.03766,-3.51158,Land,0.963043,7.963906e-04,2.873681e-05,6.285820e-05,1.012216e-06,1.525224e-04
3,31,55,135,9.871904e-01,4.799116e-03,0.995162,0.991990,-0.01289,-5.33932,Land,0.987190,1.079370e-03,5.284313e-06,4.384894e-05,1.555202e-07,2.419017e-04
3,32,55,145,9.472832e-01,4.451857e-02,0.955113,0.991802,-0.05416,-3.11185,Land,0.947283,6.015194e-04,2.427927e-05,5.992397e-05,1.482209e-06,1.602002e-04
3,33,55,155,9.495846e-01,3.914488e-02,0.960409,0.988729,-0.05173,-3.24049,Land,0.949585,7.390750e-04,2.864677e-05,6.723385e-05,1.437921e-06,2.202420e-04
3,34,55,165,9.111503e-01,8.078008e-02,0.918563,0.991930,-0.09305,-2.51602,Land,0.911150,9.749839e-04,6.975379e-05,8.483269e-05,3.323977e-06,2.981888e-04
3,35,55,175,9.633013e-01,2.861504e-02,0.971152,0.991916,-0.03739,-3.55382,Land,0.963301,7.522935e-04,2.016747e-05,5.981718e-05,1.046623e-06,2.995066e-04
4,0,45,-175,4.215482e-01,5.738487e-01,0.423498,0.995397,-0.86382,-0.55539,Water,0.573849,4.224273e-04,3.359505e-04,4.126235e-05,1.437934e-05,4.953938e-05
4,1,45,-165,1.724346e-01,8.238249e-01,0.173082,0.996260,-1.75774,-0.19380,Water,0.823825,3.094771e-04,5.061345e-04,2.504464e-05,2.720502e-05,3.412336e-05
4,2,45,-155,2.474277e-01,7.475924e-01,0.248666,0.995020,-1.39664,-0.29090,Water,0.747592,3.057593e-04,4.404059e-04,3.605156e-05,2.764989e-05,3.633002e-05
4,3,45,-145,1.213908e-01,8.748074e-01,0.121854,0.996198,-2.10874,-0.13375,Water,0.874807,1.048056e-04,2.839673e-04,1.427896e-05,2.205795e-05,1.459456e-05
4,4,45,-135,3.009400e-01,6.945037e-01,0.302317,0.995444,-1.20084,-0.36456,Water,0.694504,2.155650e-04,3.007473e-04,2.885563e-05,1.943055e-05,3.468247e-05
4,5,45,-125,4.296341e-01,5.663301e-01,0.431375,0.995964,-0.84482,-0.56858,Water,0.566330,3.188450e-04,2.961844e-04,4.226845e-05,1.666070e-05,4.194519e-05
4,6,45,-115,6.794866e-01,3.132249e-01,0.684475,0.992711,-0.38642,-1.16083,Land,0.679487,2.613925e-04,6.000223e-05,4.051387e-05,6.477645e-06,5.336495e-05
4,7,45,-105,9.281545e-01,6.627324e-02,0.933355,0.994428,-0.07456,-2.71397,Land,0.928154,3.585297e-04,1.721625e-05,4.447306e-05,1.390838e-06,9.051487e-05
4,8,45,-95,8.328266e-01,1.610789e-01,0.837933,0.993906,-0.18293,-1.82586,Land,0.832827,3.428047e-04,3.985517e-05,4.011424e-05,3.041937e-06,8.491213e-05
4,9,45,-85,8.180086e-01,1.743632e-01,0.824297,0.992372,-0.20088,-1.74661,Land,0.818009,3.007250e-04,5.879748e-05,6.048263e-05,4.470579e-06,7.350435e-05
4,10,45,-75,9.516426e-01,4.424289e-02,0.955574,0.995886,-0.04957,-3.11806,Land,0.951643,3.808266e-04,2.750652e-05,5.038888e-05,1.045726e-06,5.243174e-05
4,11,45,-65,8.972815e-01,9.690713e-02,0.902526,0.994189,-0.10839,-2.33400,Land,0.897281,5.274807e-04,7.434199e-05,6.048043e-05,2.690493e-06,8.682446e-05
4,12,45,-55,7.474620e-01,2.438806e-01,0.753990,0.991343,-0.29107,-1.41108,Land,0.747462,6.129196e-04,1.221118e-04,6.040340e-05,7.587705e-06,7.541797e-05
4,13,45,-45,3.837518e-01,6.053521e-01,0.387979,0.989104,-0.95776,-0.50195,Water,0.605352,3.530127e-04,2.221541e-04,3.283648e-05,1.577102e-05,3.881301e-05
4,14,45,-35,8.324967e-01,1.591213e-01,0.839534,0.991618,-0.18333,-1.83809,Land,0.832497,7.301443e-04,1.205591e-04,6.087562e-05,5.007342e-06,6.123693e-05
4,15,45,-25,8.279739e-01,1.622077e-01,0.836184,0.990182,-0.18877,-1.81888,Land,0.827974,8.495853e-04,1.499636e-04,7.855937e-05,7.368714e-06,8.457531e-05
4,16,45,-15,9.318996e-01,5.352876e-02,0.945680,0.985428,-0.07053,-2.92754,Land,0.931900,2.156310e-03,7.491787e-05,7.410587e-05,2.305079e-06,1.850490e-04
4,17,45,-5,9.852220e-01,4.934256e-03,0.995017,0.990156,-0.01489,-5.31155,Land,0.985222,1.971983e-03,4.873787e-06,4.862670e-05,1.182262e-07,1.686808e-04
4,18,45,5,9.805868e-01,7.063039e-04,0.999280,0.981293,-0.01960,-7.25546,Land,0.980587,4.924529e-03,7.329260e-07,5.345266e-05,1.586795e-08,1.774103e-04
4,19,45,15,9.762046e-01,9.414341e-04,0.999037,0.977146,-0.02408,-6.96811,Land,0.976205,5.252480e-03,1.371677e-06,4.793972e-05,3.006606e-08,1.271514e-04
4,20,45,25,9.734847e-01,3.435116e-03,0.996484,0.976920,-0.02687,-5.67370,Land,0.973485,6.927236e-03,6.200435e-06,4.025770e-05,9.064605e-08,1.841875e-04
4,21,45,35,9.772242e-01,4.028133e-03,0.995895,0.981252,-0.02304,-5.51445,Land,0.977224,4.402422e-03,5.469268e-06,4.105740e-05,9.714273e-08,2.051502e-04
4,22,45,45,9.739860e-01,6.041465e-03,0.993835,0.980027,-0.02636,-5.10911,Land,0.973986,4.865791e-03,1.065651e-05,4.252579e-05,1.210806e-07,2.347670e-04
4,23,45,55,9.692435e-01,1.167347e-02,0.988099,0.980917,-0.03124,-4.45044,Land,0.969243,2.896096e-03,1.325751e-05,4.660790e-05,2.632796e-07,1.582979e-04
4,24,45,65,9.743985e-01,7.336882e-03,0.992527,0.981735,-0.02593,-4.91484,Land,0.974399,3.806883e-03,1.051975e-05,4.627163e-05,1.875806e-07,2.533841e-04
4,25,45,75,9.765751e-01,7.010573e-03,0.992872,0.983586,-0.02370,-4.96034,Land,0.976575,2.334725e-03,7.002210e-06,4.469313e-05,1.474844e-07,1.476119e-04
4,26,45,85,9.579228e-01,2.288880e-02,0.976663,0.980812,-0.04299,-3.77711,Land,0.957923,1.497266e-03,1.482974e-05,5.823464e-05,5.440840e-07,1.882765e-04
4,27,45,95,9.568092e-01,2.892109e-02,0.970660,0.985730,-0.04415,-3.54318,Land,0.956809,1.061735e-03,1.352305e-05,4.816619e-05,5.606447e-07,1.218679e-04
4,28,45,105,9.787204e-01,8.160103e-03,0.991731,0.986880,-0.02151,-4.80850,Land,0.978720,1.657272e-03,5.001510e-06,4.532042e-05,1.370566e-07,1.480025e-04
4,29,45,115,9.517742e-01,3.539060e-02,0.964149,0.987165,-0.04943,-3.34131,Land,0.951774,1.252068e-03,1.828600e-05,4.842087e-05,6.976914e-07,1.159719e-04
4,30,45,125,9.287486e-01,6.308267e-02,0.936398,0.991831,-0.07392,-2.76331,Land,0.928749,1.548565e-03,7.747650e-05,5.148340e-05,1.655681e-06,1.299654e-04
4,31,45,135,9.611984e-01,2.951270e-02,0.970211,0.990711,-0.03957,-3.52293,Land,0.961198,1.665418e-03,4.611959e-05,4.073651e-05,7.647724e-07,1.656660e-04
4,32,45,145,7.755486e-01,2.161097e-01,0.782072,0.991658,-0.25418,-1.53197,Land,0.775549,7.964506e-04,1.370297e-04,4.732805e-05,6.055541e-06,9.152183e-05
4,33,45,155,8.063765e-01,1.840157e-01,0.814199,0.990392,-0.21520,-1.69273,Land,0.806377,9.717805e-04,1.589423e-04,6.175831e-05,5.849298e-06,1.273424e-04
4,34,45,165,6.808790e-01,3.117803e-01,0.685914,0.992659,-0.38437,-1.16546,Land,0.680879,8.965110e-04,2.499913e-04,5.869952e-05,9.916840e-06,1.416569e-04
4,35,45,175,8.329549e-01,1.594618e-01,0.839320,0.992417,-0.18278,-1.83595,Land,0.832955,7.711397e-04,1.085272e-04,4.863069e-05,4.256149e-06,1.296007e-04
5,0,35,-175,2.136381e-01,7.840894e-01,0.214125,0.997728,-1.54347,-0.24323,Water,0.784089,1.288213e-04,1.912569e-04,1.851488e-05,2.174847e-05,1.140883e-05
5,1,35,-165,9.089070e-02,9.068434e-01,0.091097,0.997734,-2.39810,-0.09779,Water,0.906843,1.540302e-04,3.669617e-04,1.191959e-05,3.116763e-05,9.175044e-06
5,2,35,-155,1.087296e-01,8.888825e-01,0.108990,0.997612,-2.21889,-0.11779,Water,0.888883,1.695963e-04,3.193409e-04,1.552193e-05,3.474320e-05,1.010163e-05
5,3,35,-145,4.485780e-02,9.535570e-01,0.044929,0.998415,-3.10426,-0.04756,Water,0.953557,3.782374e-05,1.351150e-04,5.249812e-06,2.571925e-05,2.930997e-06
5,4,35,-135,6.987780e-02,9.273373e-01,0.070073,0.997215,-2.66101,-0.07544,Water,0.927337,7.168873e-05,2.904261e-04,7.577802e-06,2.415240e-05,5.247844e-06
5,5,35,-125,1.783984e-01,8.187813e-01,0.178903,0.997180,-1.72374,-0.19994,Water,0.818781,1.890978e-04,4.367235e-04,2.302340e-05,2.475569e-05,1.097637e-05
5,6,35,-115,5.825874e-01,4.060790e-01,0.589266,0.988666,-0.54028,-0.90121,Land,0.582587,1.145711e-04,3.834473e-05,5.373591e-05,1.607124e-05,2.604150e-05
5,7,35,-105,9.312766e-01,6.390241e-02,0.935788,0.995179,-0.07120,-2.75040,Land,0.931277,2.282162e-04,1.082850e-05,6.170537e-05,2.235523e-06,5.475997e-05
5,8,35,-95,3.962218e-01,5.984396e-01,0.398348,0.994661,-0.92578,-0.51343,Water,0.598440,2.080299e-04,1.245524e-04,2.607049e-05,1.326006e-05,2.161163e-05
5,9,35,-85,3.953922e-01,5.991581e-01,0.397559,0.994550,-0.92788,-0.51223,Water,0.599158,2.183876e-04,1.628702e-04,3.051224e-05,1.539523e-05,2.268801e-05
5,10,35,-75,6.356845e-01,3.604502e-01,0.638151,0.996135,-0.45305,-1.02040,Land,0.635684,2.129630e-04,1.016197e-04,4.637546e-05,9.807058e-06,2.453197e-05
5,11,35,-65,4.961849e-01,4.997008e-01,0.498235,0.995886,-0.70081,-0.69375,Water,0.499701,2.609027e-04,1.689122e-04,3.809180e-05,1.417321e-05,2.698016e-05
5,12,35,-55,4.054585e-01,5.897282e-01,0.407420,0.995187,-0.90274,-0.52809,Water,0.589728,2.324896e-04,1.478764e-04,3.427652e-05,1.661661e-05,2.409014e-05
5,13,35,-45,7.354606e-01,2.589413e-01,0.739601,0.994402,-0.30726,-1.35115,Land,0.735461,3.371099e-04,1.029245e-04,5.342997e-05,7.114144e-06,3.613815e-05
5,14,35,-35,1.620602e-01,8.297874e-01,0.163392,0.991848,-1.81979,-0.18659,Water,0.829787,1.614559e-04,2.253802e-04,1.562658e-05,2.477716e-05,1.231565e-05
5,15,35,-25,4.733300e-01,5.199604e-01,0.476527,0.993290,-0.74796,-0.65400,Water,0.519960,3.299283e-04,1.871835e-04,4.015920e-05,1.813279e-05,2.709479e-05
5,16,35,-15,6.684714e-01,3.243343e-01,0.673315,0.992806,-0.40276,-1.12598,Land,0.668471,8.805668e-04,1.828912e-04,5.512924e-05,1.303363e-05,5.455103e-05
5,17,35,-5,9.794575e-01,1.575356e-02,0.984171,0.995211,-0.02076,-4.15069,Land,0.979457,1.076995e-03,8.767812e-06,3.710078e-05,4.557250e-07,5.257418e-05
5,18,35,5,9.927886e-01,1.048576e-03,0.998945,0.993837,-0.00724,-6.86032,Land,0.992789,2.367898e-03,9.085160e-07,3.160802e-05,2.693817e-08,7.396602e-05
5,19,35,15,9.848789e-01,3.549630e-03,0.996409,0.988429,-0.01524,-5.64091,Land,0.984879,3.773031e-03,4.124019e-06,3.589924e-05,1.122281e-07,1.148580e-04
5,20,35,25,9.841134e-01,4.568899e-03,0.995379,0.988682,-0.01601,-5.38848,Land,0.984113,2.449972e-03,5.669882e-06,3.865747e-05,1.315574e-07,1.081506e-04
5,21,35,35,9.603213e-01,2.267182e-02,0.976936,0.982993,-0.04049,-3.78663,Land,0.960321,2.731578e-03,2.166629e-05,5.043491e-05,4.964626e-07,1.371206e-04
5,22,35,45,9.871789e-01,1.585692e-03,0.998396,0.988765,-0.01290,-6.44673,Land,0.987179,1.974092e-03,1.608263e-06,3.756780e-05,3.161046e-08,1.338612e-04
5,23,35,55,9.643613e-01,2.118549e-02,0.978504,0.985547,-0.03629,-3.85444,Land,0.964361,1.676434e-03,1.344042e-05,4.731663e-05,3.714729e-07,1.041829e-04
5,24,35,65,9.606465e-01,2.512149e-02,0.974516,0.985768,-0.04015,-3.68403,Land,0.960646,2.257397e-03,1.840129e-05,4.664106e-05,4.656537e-07,1.328571e-04
5,25,35,75,9.549343e-01,3.097178e-02,0.968585,0.985906,-0.04611,-3.47468,Land,0.954934,1.248407e-03,1.652078e-05,4.859794e-05,6.641822e-07,9.139495e-05
5,26,35,85,9.514596e-01,3.428014e-02,0.965224,0.985740,-0.04976,-3.37319,Land,0.951460,1.224209e-03,1.554678e-05,5.302037e-05,7.372833e-07,1.125874e-04
5,27,35,95,9.503974e-01,3.924031e-02,0.960349,0.989638,-0.05088,-3.23805,Land,0.950397,7.753992e-04,1.265962e-05,4.920455e-05,7.370363e-07,7.402732e-05
5,28,35,105,9.846262e-01,7.582849e-03,0.992358,0.992209,-0.01549,-4.88187,Land,0.984626,9.505053e-04,3.432621e-06,3.870053e-05,1.171709e-07,8.035640e-05
5,29,35,115,9.710254e-01,2.041378e-02,0.979410,0.991439,-0.02940,-3.89155,Land,0.971025,6.940945e-04,7.399054e-06,4.584065e-05,4.233858e-07,8.204183e-05
5,30,35,125,6.707254e-01,3.237001e-01,0.674485,0.994426,-0.39940,-1.12794,Land,0.670725,7.742700e-04,2.105145e-04,5.008537e-05,9.537234e-06,5.199692e-05
5,31,35,135,9.457450e-01,4.676135e-02,0.952886,0.992506,-0.05578,-3.06270,Land,0.945745,1.500529e-03,6.979140e-05,4.208621e-05,1.280702e-06,1.014112e-04
5,32,35,145,4.606614e-01,5.340200e-01,0.463125,0.994681,-0.77509,-0.62732,Water,0.534020,3.442997e-04,1.652008e-04,2.953095e-05,1.507836e-05,3.170763e-05
5,33,35,155,4.194404e-01,5.751756e-01,0.421711,0.994616,-0.86883,-0.55308,Water,0.575176,6.082221e-04,3.439232e-04,3.299143e-05,2.061678e-05,3.984007e-05
5,34,35,165,2.027025e-01,7.936601e-01,0.203443,0.996363,-1.59602,-0.23110,Water,0.793660,3.017519e-04,4.664541e-04,1.766464e-05,2.381314e-05,1.900676e-05
5,35,35,175,5.452787e-01,4.494289e-01,0.548180,0.994708,-0.60646,-0.79978,Land,0.545279,4.168909e-04,1.769630e-04,2.991153e-05,1.143703e-05,4.368769e-05
6,0,25,-175,2.423401e-01,7.548947e-01,0.243012,0.997235,-1.41741,-0.28118,Water,0.754895,2.455825e-04,3.049162e-04,2.058925e-05,2.076115e-05,2.068380e-05
6,1,25,-165,1.346661e-01,8.623467e-01,0.135070,0.997013,-2.00496,-0.14810,Water,0.862347,3.064558e-04,6.751864e-04,1.347596e-05,2.765098e-05,2.331692e-05
6,2,25,-155,1.386935e-01,8.582967e-01,0.139112,0.996990,-1.97549,-0.15281,Water,0.858297,3.003633e-04,4.752722e-04,1.428998e-05,2.986266e-05,1.815101e-05
6,3,25,-145,8.163280e-02,9.161053e-01,0.081818,0.997738,-2.50552,-0.08762,Water,0.916105,7.637254e-05,2.101322e-04,8.037041e-06,2.588825e-05,7.680006e-06
6,4,25,-135,9.250108e-02,9.047319e-01,0.092758,0.997233,-2.38053,-0.10012,Water,0.904732,9.083690e-05,3.100973e-04,8.519030e-06,2.492247e-05,5.690967e-06
6,5,25,-125,9.583129e-02,9.015150e-01,0.096086,0.997346,-2.34517,-0.10368,Water,0.901515,9.753884e-05,3.281836e-04,1.133052e-05,3.040964e-05,6.013221e-06
6,6,25,-115,3.209230e-01,6.727095e-01,0.322980,0.993633,-1.13655,-0.39644,Water,0.672710,1.826763e-04,1.645935e-04,2.873064e-05,2.800918e-05,1.432400e-05
6,7,25,-105,3.768082e-01,6.196859e-01,0.378134,0.996494,-0.97602,-0.47854,Water,0.619686,2.487076e-04,1.797099e-04,2.373414e-05,1.538637e-05,2.112062e-05
6,8,25,-95,2.492592e-01,7.475419e-01,0.250059,0.996801,-1.38926,-0.29096,Water,0.747542,1.596139e-04,2.340556e-04,1.507653e-05,1.718756e-05,1.271195e-05
6,9,25,-85,2.231842e-01,7.737472e-01,0.223871,0.996931,-1.49976,-0.25651,Water,0.773747,1.595850e-04,2.680378e-04,1.330612e-05,1.875941e-05,1.195259e-05
6,10,25,-75,3.442963e-01,6.527443e-01,0.345318,0.997041,-1.06625,-0.42657,Water,0.652744,2.018147e-04,2.493506e-04,2.134740e-05,2.128634e-05,1.473976e-05
6,11,25,-65,3.128456e-01,6.845150e-01,0.313673,0.997361,-1.16205,-0.37904,Water,0.684515,2.497513e-04,2.864019e-04,2.043868e-05,1.954264e-05,1.632769e-05
6,12,25,-55,3.875509e-01,6.097659e-01,0.388594,0.997317,-0.94791,-0.49468,Water,0.609766,1.825536e-04,1.866334e-04,2.452460e-05,1.757486e-05,1.567768e-05
6,13,25,-45,6.233057e-01,3.730193e-01,0.625605,0.996325,-0.47272,-0.98613,Land,0.623306,3.312772e-04,1.893279e-04,3.821581e-05,1.292466e-05,2.070954e-05
6,14,25,-35,5.379846e-01,4.582533e-01,0.540016,0.996238,-0.61993,-0.78033,Land,0.537985,2.728971e-04,1.998245e-04,3.331108e-05,1.389300e-05,1.759814e-05
6,15,25,-25,2.066418e-01,7.847597e-01,0.208434,0.991402,-1.57677,-0.24238,Water,0.784760,2.737398e-04,4.338852e-04,1.929456e-05,2.824984e-05,1.395736e-05
6,16,25,-15,6.616573e-01,3.311416e-01,0.666457,0.992799,-0.41301,-1.10521,Land,0.661657,5.446634e-04,1.990838e-04,4.102505e-05,1.631689e-05,3.063824e-05
6,17,25,-5,9.817841e-01,1.428118e-02,0.985662,0.996065,-0.01838,-4.24881,Land,0.981784,9.243334e-04,1.440988e-05,3.118290e-05,4.082132e-07,4.375731e-05
6,18,25,5,9.939194e-01,1.424390e-03,0.998569,0.995344,-0.00610,-6.55401,Land,0.993919,2.074888e-03,2.198905e-06,2.408719e-05,3.629816e-08,6.365216e-05
6,19,25,15,9.877583e-01,5.183211e-03,0.994780,0.992942,-0.01232,-5.26233,Land,0.987758,2.386983e-03,7.097393e-06,2.921122e-05,1.708596e-07,1.029515e-04
6,20,25,25,9.520399e-01,3.212485e-02,0.967358,0.984165,-0.04915,-3.43813,Land,0.952040,2.937809e-03,6.631095e-05,5.022450e-05,1.206757e-06,1.151427e-04
6,21,25,35,9.825259e-01,9.212590e-03,0.990711,0.991738,-0.01763,-4.68718,Land,0.982526,1.424165e-03,8.528312e-06,4.237676e-05,2.562091e-07,7.852698e-05
6,22,25,45,9.878066e-01,4.670952e-03,0.995294,0.992478,-0.01227,-5.36639,Land,0.987807,1.612229e-03,5.976885e-06,3.779082e-05,1.252897e-07,9.018732e-05
6,23,25,55,9.380071e-01,5.228975e-02,0.947198,0.990297,-0.06400,-2.95095,Land,0.938007,9.634402e-04,4.053361e-05,4.420997e-05,1.277290e-06,7.934113e-05
6,24,25,65,8.778876e-01,1.128010e-01,0.886139,0.990689,-0.13024,-2.18213,Land,0.877888,1.067841e-03,8.890985e-05,4.108310e-05,2.946339e-06,8.947977e-05
6,25,25,75,9.499047e-01,4.187377e-02,0.957779,0.991779,-0.05139,-3.17310,Land,0.949905,1.192567e-03,4.755984e-05,4.024424e-05,1.344747e-06,1.083500e-04
6,26,25,85,9.080872e-01,8.335393e-02,0.915926,0.991441,-0.09641,-2.48466,Land,0.908087,1.005042e-03,5.955119e-05,4.344552e-05,2.362165e-06,1.094053e-04
6,27,25,95,8.151752e-01,1.764215e-01,0.822083,0.991597,-0.20435,-1.73488,Land,0.815175,7.985780e-04,8.296896e-05,4.424445e-05,4.895694e-06,7.981817e-05
6,28,25,105,9.639975e-01,2.968412e-02,0.970127,0.993682,-0.03667,-3.51714,Land,0.963997,1.299360e-03,1.822386e-05,3.065475e-05,6.758774e-07,1.108524e-04
6,29,25,115,9.417433e-01,5.237391e-02,0.947316,0.994117,-0.06002,-2.94935,Land,0.941743,9.119914e-04,3.747418e-05,3.545048e-05,1.358470e-06,6.674954e-05
6,30,25,125,3.999351e-01,5.954210e-01,0.401801,0.995356,-0.91645,-0.51849,Water,0.595421,4.487023e-04,3.865651e-04,2.823914e-05,1.958859e-05,3.161940e-05
6,31,25,135,7.829652e-01,2.103748e-01,0.788215,0.993340,-0.24467,-1.55886,Land,0.782965,1.053089e-03,2.443764e-04,3.552762e-05,6.577260e-06,8.124648e-05
6,32,25,145,3.569107e-01,6.377687e-01,0.358820,0.994679,-1.03027,-0.44978,Water,0.637769,3.567291e-04,2.766512e-04,2.199077e-05,2.250355e-05,3.356996e-05
6,33,25,155,4.301508e-01,5.634653e-01,0.432914,0.993616,-0.84362,-0.57365,Water,0.563465,9.797060e-04,5.765066e-04,2.928850e-05,2.022689e-05,5.845884e-05
6,34,25,165,3.405161e-01,6.527154e-01,0.342837,0.993231,-1.07729,-0.42661,Water,0.652715,7.077071e-04,7.966699e-04,2.947441e-05,2.439991e-05,5.689398e-05
6,35,25,175,4.595924e-01,5.343194e-01,0.462408,0.993912,-0.77742,-0.62676,Water,0.534319,4.593971e-04,2.918892e-04,3.098233e-05,1.595651e-05,4.104277e-05
7,0,15,-175,1.867591e-01,8.100711e-01,0.187353,0.996830,-1.67794,-0.21063,Water,0.810071,1.943949e-04,3.314118e-04,1.683155e-05,2.075290e-05,2.493295e-05
7,1,15,-165,1.118827e-01,8.843464e-01,0.112306,0.996229,-2.19030,-0.12291,Water,0.884346,2.410197e-04,6.732993e-04,1.131682e-05,2.505719e-05,2.857465e-05
7,2,15,-155,9.454062e-02,9.027674e-01,0.094796,0.997308,-2.35873,-0.10229,Water,0.902767,1.474687e-04,3.296057e-04,9.412319e-06,2.307357e-05,1.379029e-05
7,3,15,-145,8.170015e-02,9.152431e-01,0.081951,0.996943,-2.50470,-0.08857,Water,0.915243,8.238401e-05,2.526012e-04,7.637451e-06,2.418182e-05,1.187005e-05
7,4,15,-135,7.294461e-02,9.240645e-01,0.073163,0.997009,-2.61805,-0.07897,Water,0.924065,7.747725e-05,2.995157e-04,6.471945e-06,2.330732e-05,7.160279e-06
7,5,15,-125,5.815168e-02,9.399286e-01,0.058264,0.998080,-2.84470,-0.06195,Water,0.939929,5.446154e-05,2.651965e-04,6.287851e-06,2.593109e-05,4.374028e-06
7,6,15,-115,7.985739e-02,9.170451e-01,0.080106,0.996902,-2.52751,-0.08660,Water,0.917045,6.732986e-05,2.080907e-04,7.177599e-06,2.431017e-05,5.360328e-06
7,7,15,-105,1.202931e-01,8.768913e-01,0.120633,0.997184,-2.11782,-0.13137,Water,0.876891,1.360427e-04,3.182033e-04,7.433478e-06,1.912383e-05,8.697216e-06
7,8,15,-95,1.131009e-01,8.832523e-01,0.113515,0.996353,-2.17947,-0.12414,Water,0.883252,1.391460e-04,3.654721e-04,8.071088e-06,1.708123e-05,7.706901e-06
7,9,15,-85,1.481499e-01,8.478878e-01,0.148739,0.996038,-1.90953,-0.16501,Water,0.847888,1.840744e-04,3.515315e-04,1.053523e-05,1.958359e-05,1.190765e-05
7,10,15,-75,1.972089e-01,7.989055e-01,0.197978,0.996114,-1.62349,-0.22451,Water,0.798906,2.121226e-04,3.073812e-04,1.441768e-05,2.445165e-05,1.270031e-05
7,11,15,-65,1.456884e-01,8.508685e-01,0.146192,0.996557,-1.92629,-0.16150,Water,0.850868,1.947122e-04,3.165776e-04,1.122299e-05,2.263129e-05,1.148863e-05
7,12,15,-55,1.466333e-01,8.496077e-01,0.147187,0.996241,-1.91982,-0.16298,Water,0.849608,1.755383e-04,2.526653e-04,1.224510e-05,2.389313e-05,1.071979e-05
7,13,15,-45,2.534303e-01,7.404295e-01,0.254996,0.993860,-1.37267,-0.30052,Water,0.740430,3.265252e-04,3.435584e-04,2.281176e-05,2.883412e-05,1.622144e-05
7,14,15,-35,2.152235e-01,7.789680e-01,0.216481,0.994191,-1.53608,-0.24979,Water,0.778968,2.603778e-04,3.440477e-04,1.846132e-05,2.612106e-05,1.238188e-05
7,15,15,-25,2.470915e-01,7.447379e-01,0.249127,0.991829,-1.39800,-0.29472,Water,0.744738,2.992057e-04,3.455845e-04,2.514361e-05,3.341229e-05,1.527408e-05
7,16,15,-15,2.840419e-01,6.983476e-01,0.289134,0.982390,-1.25863,-0.35904,Water,0.698348,4.811302e-04,5.166107e-04,2.757711e-05,3.389158e-05,2.256717e-05
7,17,15,-5,9.255836e-01,6.633227e-02,0.933127,0.991916,-0.07733,-2.71308,Land,0.925584,1.269096e-03,6.028552e-05,4.527885e-05,2.366659e-06,6.964770e-05
7,18,15,5,9.882323e-01,5.111742e-03,0.994854,0.993344,-0.01184,-5.27622,Land,0.988232,2.042827e-03,7.430376e-06,3.015738e-05,1.388914e-07,8.382172e-05
7,19,15,15,9.595110e-01,2.899048e-02,0.970672,0.988502,-0.04133,-3.54079,Land,0.959511,1.780894e-03,4.828075e-05,3.911643e-05,1.134844e-06,8.948608e-05
7,20,15,25,9.739032e-01,1.777090e-02,0.982080,0.991674,-0.02644,-4.03019,Land,0.973903,1.713883e-03,2.822416e-05,3.675028e-05,6.913585e-07,7.601963e-05
7,21,15,35,9.734399e-01,1.912401e-02,0.980733,0.992564,-0.02692,-3.95681,Land,0.973440,1.204090e-03,2.243081e-05,3.808578e-05,6.860561e-07,6.602402e-05
7,22,15,45,9.783167e-01,1.378904e-02,0.986101,0.992106,-0.02192,-4.28388,Land,0.978317,1.456821e-03,1.873925e-05,3.310049e-05,4.819074e-07,8.905720e-05
7,23,15,55,8.732990e-01,1.150981e-01,0.883551,0.988397,-0.13548,-2.16197,Land,0.873299,7.711368e-04,9.375672e-05,3.687205e-05,4.500344e-06,7.743362e-05
7,24,15,65,7.559455e-01,2.308601e-01,0.766053,0.986806,-0.27979,-1.46594,Land,0.755945,8.661276e-04,1.778225e-04,3.745511e-05,9.082481e-06,7.651802e-05
7,25,15,75,8.385302e-01,1.510242e-01,0.847382,0.989554,-0.17610,-1.89032,Land,0.838530,7.481310e-04,1.365925e-04,4.169756e-05,6.076203e-06,8.045552e-05
7,26,15,85,7.571546e-01,2.332738e-01,0.764472,0.990428,-0.27819,-1.45554,Land,0.757155,5.546738e-04,1.308123e-04,3.608761e-05,7.615397e-06,7.869198e-05
7,27,15,95,5.658129e-01,4.261890e-01,0.570375,0.992002,-0.56949,-0.85287,Land,0.565813,5.647576e-04,2.260579e-04,3.148959e-05,1.204791e-05,4.771889e-05
7,28,15,105,8.616176e-01,1.312472e-01,0.867810,0.992865,-0.14894,-2.03067,Land,0.861618,6.120750e-04,6.795653e-05,3.265538e-05,3.867188e-06,8.593960e-05
7,29,15,115,4.820691e-01,5.105775e-01,0.485640,0.992647,-0.72967,-0.67221,Water,0.510577,3.729643e-04,2.280602e-04,2.712779e-05,1.832920e-05,3.997293e-05
7,30,15,125,2.023297e-01,7.931075e-01,0.203257,0.995437,-1.59786,-0.23180,Water,0.793108,1.908061e-04,3.953356e-04,1.539893e-05,2.594805e-05,1.666761e-05
7,31,15,135,5.336636e-01,4.556786e-01,0.539413,0.989342,-0.62799,-0.78597,Land,0.533664,5.865624e-04,3.481344e-04,3.122718e-05,1.597137e-05,6.333665e-05
7,32,15,145,3.102534e-01,6.795091e-01,0.313462,0.989763,-1.17037,-0.38638,Water,0.679509,3.383874e-04,3.690921e-04,2.310483e-05,2.803435e-05,4.100378e-05
7,33,15,155,3.419282e-01,6.505982e-01,0.344503,0.992526,-1.07315,-0.42986,Water,0.650598,4.613443e-04,4.991005e-04,2.433258e-05,2.401531e-05,4.830899e-05
7,34,15,165,3.387991e-01,6.520741e-01,0.341920,0.990873,-1.08235,-0.42760,Water,0.652074,6.043380e-04,7.068581e-04,3.001130e-05,2.537343e-05,6.823628e-05
7,35,15,175,4.146272e-01,5.776095e-01,0.417871,0.992237,-0.88038,-0.54886,Water,0.577610,3.434197e-04,3.046508e-04,2.866459e-05,1.880343e-05,5.085722e-05
8,0,5,-175,1.182732e-01,8.781365e-01,0.118699,0.996410,-2.13476,-0.12995,Water,0.878137,2.593501e-04,7.355071e-04,1.190228e-05,2.130224e-05,1.878126e-05
8,1,5,-165,7.682772e-02,9.193904e-01,0.077119,0.996218,-2.56619,-0.08404,Water,0.919390,3.004783e-04,1.248854e-03,8.468184e-06,2.385933e-05,2.134785e-05
8,2,5,-155,5.369519e-02,9.435764e-01,0.053842,0.997272,-2.92443,-0.05808,Water,0.943576,1.726690e-04,6.441118e-04,5.680565e-06,2.216664e-05,9.321782e-06
8,3,5,-145,4.161795e-02,9.557825e-01,0.041726,0.997400,-3.17922,-0.04522,Water,0.955783,9.618466e-05,4.835687e-04,4.245805e-06,2.245967e-05,6.478261e-06
8,4,5,-135,4.490223e-02,9.521321e-01,0.045036,0.997034,-3.10327,-0.04905,Water,0.952132,1.064756e-04,6.259095e-04,4.091729e-06,2.210066e-05,5.043623e-06
8,5,5,-125,3.520783e-02,9.624762e-01,0.035290,0.997684,-3.34649,-0.03825,Water,0.962476,6.902241e-05,4.545438e-04,3.667639e-06,2.384887e-05,3.370960e-06
8,6,5,-115,4.513170e-02,9.520224e-01,0.045261,0.997154,-3.09817,-0.04917,Water,0.952022,7.447963e-05,3.709810e-04,3.870002e-06,2.113112e-05,3.859100e-06
8,7,5,-105,4.419249e-02,9.533965e-01,0.044299,0.997589,-3.11920,-0.04772,Water,0.953397,9.483364e-05,4.279612e-04,3.547547e-06,2.086625e-05,4.101455e-06
8,8,5,-95,4.527682e-02,9.510479e-01,0.045444,0.996325,-3.09496,-0.05019,Water,0.951048,1.169414e-04,5.368449e-04,4.097533e-06,2.281892e-05,4.482668e-06
8,9,5,-85,6.471563e-02,9.317562e-01,0.064945,0.996472,-2.73775,-0.07068,Water,0.931756,1.428361e-04,4.421947e-04,5.527349e-06,2.302300e-05,6.254211e-06
8,10,5,-75,9.620728e-02,8.999792e-01,0.096576,0.996186,-2.34125,-0.10538,Water,0.899979,2.035369e-04,5.275923e-04,8.729441e-06,2.935143e-05,8.254636e-06
8,11,5,-65,6.211408e-02,9.343732e-01,0.062333,0.996487,-2.77878,-0.06788,Water,0.934373,1.620984e-04,4.877701e-04,5.722959e-06,2.553425e-05,6.447924e-06
8,12,5,-55,4.834427e-02,9.475559e-01,0.048543,0.995900,-3.02941,-0.05387,Water,0.947556,1.579342e-04,5.522631e-04,4.686531e-06,2.757182e-05,5.562205e-06
8,13,5,-45,1.125793e-01,8.819603e-01,0.113197,0.994540,-2.18410,-0.12561,Water,0.881960,3.392306e-04,7.780841e-04,1.083036e-05,3.402501e-05,1.159082e-05
8,14,5,-35,8.907444e-02,9.057044e-01,0.089542,0.994779,-2.41828,-0.09904,Water,0.905704,2.188576e-04,5.869347e-04,8.638668e-06,3.108013e-05,7.345120e-06
8,15,5,-25,1.232085e-01,8.706767e-01,0.123967,0.993885,-2.09388,-0.13848,Water,0.870677,2.808253e-04,6.743217e-04,1.054690e-05,3.712453e-05,1.135308e-05
8,16,5,-15,3.500592e-01,6.396443e-01,0.353701,0.989704,-1.04965,-0.44684,Water,0.639644,7.880604e-04,5.510454e-04,3.039239e-05,3.327094e-05,3.300680e-05
8,17,5,-5,4.906666e-01,4.937676e-01,0.498425,0.984434,-0.71199,-0.70569,Water,0.493768,1.323823e-03,6.447947e-04,3.370071e-05,2.145259e-05,4.124642e-05
8,18,5,5,9.526976e-01,3.792170e-02,0.961719,0.990619,-0.04846,-3.27223,Land,0.952698,2.229059e-03,6.569348e-05,4.005179e-05,1.366424e-06,8.700624e-05
8,19,5,15,9.668207e-01,2.476747e-02,0.975022,0.991588,-0.03374,-3.69822,Land,0.966821,1.993464e-03,3.655125e-05,3.500390e-05,8.537183e-07,8.436741e-05
8,20,5,25,9.358719e-01,5.558684e-02,0.943934,0.991459,-0.06628,-2.88981,Land,0.935872,2.094865e-03,8.810016e-05,3.985581e-05,2.249808e-06,7.831450e-05
8,21,5,35,9.381802e-01,5.409363e-02,0.945485,0.992274,-0.06381,-2.91704,Land,0.938180,1.919053e-03,7.727946e-05,3.588482e-05,1.973579e-06,7.119521e-05
8,22,5,45,9.595438e-01,3.237133e-02,0.967365,0.991915,-0.04130,-3.43048,Land,0.959544,2.408078e-03,5.843669e-05,3.420109e-05,1.104944e-06,1.069625e-04
8,23,5,55,8.223252e-01,1.648287e-01,0.833026,0.987154,-0.19562,-1.80285,Land,0.822325,1.406450e-03,2.005483e-04,3.776271e-05,7.058545e-06,9.413315e-05
8,24,5,65,7.940533e-01,1.949069e-01,0.802917,0.988960,-0.23060,-1.63523,Land,0.794053,1.547442e-03,2.335362e-04,3.637112e-05,7.662543e-06,9.099239e-05
8,25,5,75,7.569056e-01,2.323805e-01,0.765103,0.989286,-0.27852,-1.45938,Land,0.756906,1.232849e-03,2.719277e-04,4.123214e-05,1.038297e-05,6.857219e-05
8,26,5,85,7.328714e-01,2.542712e-01,0.742417,0.987143,-0.31078,-1.36935,Land,0.732871,1.203829e-03,2.813759e-04,3.638652e-05,1.078017e-05,9.382430e-05
8,27,5,95,5.613889e-01,4.274147e-01,0.567746,0.988804,-0.57734,-0.85000,Land,0.561389,9.703654e-04,3.930154e-04,3.310527e-05,1.671119e-05,6.356136e-05
8,28,5,105,7.396066e-01,2.500038e-01,0.747372,0.989610,-0.30164,-1.38628,Land,0.739607,9.876988e-04,2.138625e-04,3.416054e-05,1.080482e-05,8.469342e-05
8,29,5,115,3.222872e-01,6.698887e-01,0.324829,0.992176,-1.13231,-0.40064,Water,0.669889,4.264388e-04,4.008453e-04,2.153133e-05,2.668183e-05,3.182883e-05
8,30,5,125,2.073288e-01,7.863045e-01,0.208657,0.993633,-1.57345,-0.24041,Water,0.786305,3.933877e-04,7.024917e-04,1.660013e-05,2.921543e-05,2.327397e-05
8,31,5,135,5.295715e-01,4.601383e-01,0.535078,0.989710,-0.63569,-0.77623,Land,0.529571,8.152677e-04,4.781782e-04,3.281229e-05,1.962859e-05,5.978655e-05
8,32,5,145,2.810265e-01,7.091846e-01,0.283805,0.990211,-1.26931,-0.34364,Water,0.709185,6.403702e-04,6.315675e-04,2.242815e-05,3.047435e-05,3.769304e-05
8,33,5,155,2.980193e-01,6.936601e-01,0.300520,0.991679,-1.21060,-0.36577,Water,0.693660,7.615230e-04,8.537035e-04,2.364946e-05,2.557929e-05,4.584651e-05
8,34,5,165,3.223355e-01,6.671989e-01,0.325745,0.989534,-1.13216,-0.40467,Water,0.667199,8.936937e-04,1.236063e-03,2.822012e-05,2.566542e-05,6.009645e-05
8,35,5,175,3.792396e-01,6.117042e-01,0.382705,0.990944,-0.96959,-0.49151,Water,0.611704,6.698554e-04,6.669831e-04,3.022523e-05,2.222297e-05,4.864259e-05
9,0,-5,-175,2.422946e-02,9.705044e-01,0.024358,0.994734,-3.72019,-0.02994,Water,0.970504,2.032330e-04,4.342504e-03,1.903149e-06,1.592310e-05,5.295235e-06
9,1,-5,-165,1.607297e-02,9.790515e-01,0.016152,0.995125,-4.13062,-0.02117,Water,0.979052,1.373919e-04,4.121735e-03,1.369078e-06,1.624490e-05,4.446996e-06
9,2,-5,-155,1.363855e-02,9.822474e-01,0.013695,0.995886,-4.29486,-0.01791,Water,0.982247,1.096985e-04,3.309884e-03,1.161252e-06,1.626748e-05,2.708551e-06
9,3,-5,-145,1.128462e-02,9.864054e-01,0.011311,0.997690,-4.48431,-0.01369,Water,0.986405,6.484384e-05,1.728342e-03,7.483664e-07,1.308128e-05,1.788779e-06
9,4,-5,-135,1.536105e-02,9.807317e-01,0.015421,0.996093,-4.17592,-0.01946,Water,0.980732,1.323689e-04,3.019203e-03,9.772966e-07,1.426704e-05,2.672393e-06
9,5,-5,-125,1.246668e-02,9.852417e-01,0.012495,0.997708,-4.38470,-0.01487,Water,0.985242,5.800582e-05,1.611364e-03,8.693954e-07,1.453969e-05,1.962804e-06
9,6,-5,-115,1.399679e-02,9.834674e-01,0.014032,0.997464,-4.26893,-0.01667,Water,0.983467,8.521547e-05,1.647234e-03,9.189733e-07,1.437708e-05,2.222112e-06
9,7,-5,-105,1.524803e-02,9.826942e-01,0.015279,0.997942,-4.18331,-0.01746,Water,0.982694,7.854456e-05,1.201199e-03,1.083599e-06,1.534908e-05,2.461765e-06
9,8,-5,-95,1.283533e-02,9.835720e-01,0.012882,0.996407,-4.35555,-0.01656,Water,0.983572,1.030354e-04,2.098790e-03,1.106207e-06,1.740079e-05,2.492894e-06
9,9,-5,-85,1.618342e-02,9.809107e-01,0.016231,0.997094,-4.12377,-0.01927,Water,0.980911,1.033798e-04,1.392585e-03,1.289809e-06,1.679210e-05,2.929067e-06
9,10,-5,-75,1.577836e-02,9.815194e-01,0.015821,0.997298,-4.14912,-0.01865,Water,0.981519,6.281759e-05,1.136147e-03,1.513215e-06,2.048453e-05,2.317340e-06
9,11,-5,-65,1.512387e-02,9.817212e-01,0.015172,0.996845,-4.19148,-0.01845,Water,0.981721,9.524082e-05,1.530287e-03,1.392386e-06,2.017063e-05,2.675676e-06
9,12,-5,-55,1.112004e-02,9.847576e-01,0.011166,0.995878,-4.49901,-0.01536,Water,0.984758,1.184338e-04,2.479906e-03,1.018648e-06,1.967285e-05,2.455049e-06
9,13,-5,-45,1.275808e-02,9.800530e-01,0.012850,0.992811,-4.36159,-0.02015,Water,0.980053,1.775595e-04,5.143199e-03,1.219192e-06,2.334290e-05,3.109559e-06
9,14,-5,-35,1.193881e-02,9.796104e-01,0.012041,0.991549,-4.42796,-0.02060,Water,0.979610,2.153512e-04,6.256049e-03,1.259894e-06,2.253045e-05,3.030675e-06
9,15,-5,-25,1.496434e-02,9.763379e-01,0.015096,0.991302,-4.20209,-0.02395,Water,0.976338,2.298863e-04,6.272510e-03,1.513354e-06,2.401269e-05,3.578833e-06
9,16,-5,-15,2.207656e-02,9.710976e-01,0.022228,0.993174,-3.81324,-0.02933,Water,0.971098,2.090874e-04,3.763141e-03,2.222086e-06,2.659711e-05,4.714154e-06
9,17,-5,-5,4.237703e-02,9.504061e-01,0.042685,0.992783,-3.16115,-0.05087,Water,0.950406,2.240218e-04,2.164055e-03,3.589909e-06,2.868632e-05,7.202747e-06
9,18,-5,5,1.226906e-01,8.689922e-01,0.123720,0.991683,-2.09809,-0.14042,Water,0.868992,5.612682e-04,1.672074e-03,8.991083e-06,4.014296e-05,2.247493e-05
9,19,-5,15,1.394372e-01,8.534363e-01,0.140438,0.992873,-1.97014,-0.15848,Water,0.853436,7.141551e-04,1.698858e-03,9.504897e-06,3.877926e-05,2.928683e-05
9,20,-5,25,7.983705e-02,9.148603e-01,0.080263,0.994697,-2.52777,-0.08898,Water,0.914860,4.661444e-04,1.825786e-03,5.282254e-06,3.365477e-05,1.516983e-05
9,21,-5,35,7.962027e-02,9.157444e-01,0.079991,0.995365,-2.53049,-0.08802,Water,0.915744,3.589345e-04,1.313449e-03,5.213354e-06,3.120171e-05,1.450101e-05
9,22,-5,45,1.117930e-01,8.830192e-01,0.112376,0.994812,-2.19111,-0.12441,Water,0.883019,5.066192e-04,1.308243e-03,6.971935e-06,3.070271e-05,2.219024e-05
9,23,-5,55,9.588790e-02,9.000265e-01,0.096281,0.995914,-2.34458,-0.10533,Water,0.900027,3.952898e-04,1.161968e-03,5.400565e-06,2.015523e-05,1.542159e-05
9,24,-5,65,8.669375e-02,9.093129e-01,0.087041,0.996007,-2.44537,-0.09507,Water,0.909313,3.493100e-04,1.067099e-03,5.363925e-06,1.979359e-05,1.356957e-05
9,25,-5,75,8.541601e-02,9.110250e-01,0.085721,0.996441,-2.46022,-0.09318,Water,0.911025,2.775181e-04,9.752218e-04,5.855012e-06,2.025391e-05,8.990815e-06
9,26,-5,85,1.524966e-01,8.429012e-01,0.153202,0.995398,-1.88061,-0.17091,Water,0.842901,4.881784e-04,9.130729e-04,8.538424e-06,1.947157e-05,2.300593e-05
9,27,-5,95,9.037007e-02,9.049362e-01,0.090796,0.995306,-2.40384,-0.09989,Water,0.904936,4.738949e-04,1.538237e-03,5.364584e-06,1.939407e-05,1.278277e-05
9,28,-5,105,1.243452e-01,8.727951e-01,0.124702,0.997140,-2.08469,-0.13605,Water,0.872795,2.947979e-04,7.162623e-04,6.206743e-06,1.787787e-05,1.479757e-05
9,29,-5,115,4.637468e-02,9.514401e-01,0.046476,0.997815,-3.07100,-0.04978,Water,0.951440,1.363291e-04,7.616715e-04,2.455895e-06,1.643824e-05,5.050691e-06
9,30,-5,125,4.471485e-02,9.521440e-01,0.044856,0.996859,-3.10745,-0.04904,Water,0.952144,2.260247e-04,1.743233e-03,2.871729e-06,1.713384e-05,7.500878e-06
9,31,-5,135,7.400224e-02,9.221720e-01,0.074286,0.996174,-2.60366,-0.08102,Water,0.922172,3.561039e-04,1.719290e-03,4.086818e-06,1.716447e-05,1.169947e-05
9,32,-5,145,4.915639e-02,9.479124e-01,0.049301,0.997069,-3.01275,-0.05349,Water,0.947912,2.298741e-04,1.379431e-03,3.062009e-06,1.680729e-05,8.672585e-06
9,33,-5,155,5.675068e-02,9.383973e-01,0.057027,0.995148,-2.86909,-0.06358,Water,0.938397,3.833543e-04,2.801826e-03,4.613155e-06,1.960124e-05,1.391789e-05
9,34,-5,165,6.071535e-02,9.336992e-01,0.061056,0.994415,-2.80156,-0.06860,Water,0.933699,4.435422e-04,3.708686e-03,4.587552e-06,1.912346e-05,1.818101e-05
9,35,-5,175,1.032444e-01,8.918225e-01,0.103756,0.995067,-2.27066,-0.11449,Water,0.891822,5.942657e-04,2.723692e-03,7.012438e-06,1.772100e-05,2.123193e-05
10,0,-15,-175,7.079507e-02,9.257476e-01,0.071041,0.996543,-2.64797,-0.07715,Water,0.925748,3.304957e-04,2.053674e-03,5.169228e-06,1.744914e-05,1.291517e-05
10,1,-15,-165,5.596991e-02,9.404863e-01,0.056169,0.996456,-2.88294,-0.06136,Water,0.940486,2.574720e-04,2.217953e-03,4.318767e-06,1.859347e-05,1.339424e-05
10,2,-15,-155,5.399576e-02,9.432015e-01,0.054148,0.997197,-2.91885,-0.05848,Water,0.943201,1.920636e-04,1.561232e-03,4.013167e-06,1.788057e-05,7.596582e-06
10,3,-15,-145,3.149383e-02,9.668112e-01,0.031547,0.998305,-3.45796,-0.03375,Water,0.966811,7.864543e-05,8.463651e-04,1.902318e-06,1.482560e-05,4.225443e-06
10,4,-15,-135,4.143429e-02,9.559780e-01,0.041542,0.997412,-3.18365,-0.04502,Water,0.955978,1.666217e-04,1.463454e-03,2.194598e-06,1.515303e-05,6.120706e-06
10,5,-15,-125,2.191506e-02,9.764833e-01,0.021950,0.998398,-3.82058,-0.02380,Water,0.976483,6.064261e-05,9.163964e-04,1.505412e-06,1.615657e-05,3.023485e-06
10,6,-15,-115,3.635097e-02,9.618657e-01,0.036416,0.998217,-3.31453,-0.03888,Water,0.961866,1.039448e-04,7.999117e-04,2.067683e-06,1.542557e-05,4.326536e-06
10,7,-15,-105,6.488744e-02,9.335530e-01,0.064989,0.998440,-2.73510,-0.06876,Water,0.933553,1.451649e-04,6.763557e-04,3.355325e-06,1.560542e-05,6.319986e-06
10,8,-15,-95,3.512273e-02,9.623335e-01,0.035212,0.997456,-3.34891,-0.03839,Water,0.962334,1.274464e-04,1.132741e-03,2.328821e-06,1.658186e-05,4.282570e-06
10,9,-15,-85,7.258280e-02,9.252657e-01,0.072739,0.997849,-2.62303,-0.07767,Water,0.925266,1.426629e-04,5.289987e-04,4.468205e-06,1.715720e-05,8.419848e-06
10,10,-15,-75,4.645422e-02,9.513992e-01,0.046554,0.997853,-3.06929,-0.04982,Water,0.951399,9.962231e-05,5.640857e-04,3.479598e-06,2.025033e-05,5.323321e-06
10,11,-15,-65,3.930328e-02,9.585711e-01,0.039387,0.997874,-3.23645,-0.04231,Water,0.958571,1.346383e-04,7.438541e-04,3.062651e-06,1.966503e-05,5.945240e-06
10,12,-15,-55,3.815904e-02,9.594193e-01,0.038252,0.997578,-3.26599,-0.04143,Water,0.959419,1.645041e-04,1.075972e-03,2.885399e-06,1.949639e-05,5.668955e-06
10,13,-15,-45,2.957165e-02,9.676444e-01,0.029654,0.997216,-3.52094,-0.03289,Water,0.967644,1.401054e-04,1.250757e-03,2.315116e-06,2.173630e-05,4.947107e-06
10,14,-15,-35,2.608718e-02,9.705536e-01,0.026175,0.996641,-3.64631,-0.02989,Water,0.970554,1.542250e-04,1.638251e-03,2.206395e-06,2.153779e-05,4.428185e-06
10,15,-15,-25,2.414677e-02,9.721935e-01,0.024235,0.996340,-3.72360,-0.02820,Water,0.972193,1.308406e-04,1.386640e-03,2.200000e-06,2.316666e-05,4.078070e-06
10,16,-15,-15,5.734872e-02,9.364269e-01,0.057708,0.993776,-2.85860,-0.06568,Water,0.936427,2.760629e-04,1.384731e-03,4.213079e-06,2.412744e-05,1.039529e-05
10,17,-15,-5,5.955434e-02,9.354076e-01,0.059856,0.994962,-2.82087,-0.06677,Water,0.935408,2.446701e-04,1.578821e-03,4.754547e-06,3.206889e-05,1.070474e-05
10,18,-15,5,2.106799e-01,7.834371e-01,0.211927,0.994117,-1.55742,-0.24406,Water,0.783437,6.776478e-04,8.023634e-04,1.331172e-05,3.539920e-05,3.469565e-05
10,19,-15,15,2.661584e-01,7.240968e-01,0.268778,0.990255,-1.32366,-0.32283,Water,0.724097,6.255957e-04,7.482845e-04,1.572326e-05,2.916097e-05,4.411131e-05
10,20,-15,25,1.572691e-01,8.380172e-01,0.158014,0.995286,-1.84980,-0.17672,Water,0.838017,3.747932e-04,7.105938e-04,9.104621e-06,2.903161e-05,2.384279e-05
10,21,-15,35,1.697404e-01,8.264509e-01,0.170389,0.996191,-1.77349,-0.19061,Water,0.826451,3.516309e-04,5.376774e-04,8.242590e-06,2.271089e-05,2.009693e-05
10,22,-15,45,2.061661e-01,7.899973e-01,0.206960,0.996163,-1.57907,-0.23573,Water,0.789997,2.916645e-04,3.700364e-04,9.733033e-06,2.216746e-05,2.623139e-05
10,23,-15,55,2.012464e-01,7.957628e-01,0.201850,0.997009,-1.60323,-0.22845,Water,0.795763,2.972801e-04,3.586703e-04,8.430397e-06,1.559537e-05,2.194699e-05
10,24,-15,65,1.434920e-01,8.532394e-01,0.143963,0.996731,-1.94148,-0.15872,Water,0.853239,3.246047e-04,5.267779e-04,7.477660e-06,1.585322e-05,1.873224e-05
10,25,-15,75,1.476150e-01,8.494787e-01,0.148045,0.997094,-1.91315,-0.16313,Water,0.849479,2.503318e-04,4.391650e-04,7.389797e-06,1.644501e-05,1.387627e-05
10,26,-15,85,2.100120e-01,7.870723e-01,0.210626,0.997084,-1.56059,-0.23944,Water,0.787072,2.913889e-04,3.707282e-04,9.149421e-06,1.574095e-05,2.164187e-05
10,27,-15,95,8.017097e-02,9.170235e-01,0.080397,0.997195,-2.52359,-0.08662,Water,0.917024,2.527336e-04,8.512638e-04,3.983129e-06,1.567433e-05,7.837066e-06
10,28,-15,105,2.477602e-01,7.500422e-01,0.248306,0.997802,-1.39529,-0.28763,Water,0.750042,3.472833e-04,4.127065e-04,9.644669e-06,1.385328e-05,2.156309e-05
10,29,-15,115,8.329297e-02,9.147616e-01,0.083455,0.998055,-2.48539,-0.08909,Water,0.914762,1.506160e-04,4.694747e-04,3.644746e-06,1.574786e-05,7.552053e-06
10,30,-15,125,4.932615e-02,9.486423e-01,0.049427,0.997968,-3.00930,-0.05272,Water,0.948642,1.383965e-04,8.628022e-04,3.024232e-06,1.556842e-05,7.322129e-06
10,31,-15,135,1.154975e-01,8.811816e-01,0.115882,0.996679,-2.15851,-0.12649,Water,0.881182,3.714267e-04,9.572512e-04,5.459629e-06,1.563255e-05,1.929434e-05
10,32,-15,145,1.029697e-01,8.942874e-01,0.103253,0.997257,-2.27332,-0.11173,Water,0.894287,2.391288e-04,7.580679e-04,5.613981e-06,1.655714e-05,1.702224e-05
10,33,-15,155,1.248739e-01,8.708337e-01,0.125412,0.995708,-2.08045,-0.13830,Water,0.870834,4.790197e-04,1.795397e-03,7.923946e-06,1.847612e-05,2.701542e-05
10,34,-15,165,1.356505e-01,8.598543e-01,0.136263,0.995505,-1.99767,-0.15099,Water,0.859854,5.127429e-04,1.701835e-03,9.138355e-06,2.074887e-05,4.062775e-05
10,35,-15,175,1.966372e-01,7.993719e-01,0.197425,0.996009,-1.62639,-0.22393,Water,0.799372,6.205908e-04,1.382752e-03,1.100302e-05,1.598850e-05,3.478303e-05
11,0,-25,-175,9.081604e-02,9.050293e-01,0.091195,0.995845,-2.39892,-0.09979,Water,0.905029,5.742150e-04,2.888019e-03,5.583622e-06,1.790225e-05,1.264440e-05
11,1,-25,-165,7.423881e-02,9.209160e-01,0.074600,0.995155,-2.60047,-0.08239,Water,0.920916,5.755258e-04,3.437003e-03,4.892176e-06,2.107727e-05,1.711910e-05
11,2,-25,-155,6.075560e-02,9.352221e-01,0.061001,0.995978,-2.80090,-0.06697,Water,0.935222,3.899978e-04,2.970142e-03,4.216423e-06,2.043070e-05,8.777520e-06
11,3,-25,-145,3.631405e-02,9.617229e-01,0.036385,0.998037,-3.31555,-0.03903,Water,0.961723,1.434590e-04,1.319987e-03,1.892821e-06,1.591824e-05,4.699871e-06
11,4,-25,-135,6.804388e-02,9.291919e-01,0.068232,0.997236,-2.68760,-0.07344,Water,0.929192,2.896789e-04,1.914567e-03,2.883108e-06,1.709786e-05,8.132485e-06
11,5,-25,-125,4.279272e-02,9.558305e-01,0.042852,0.998623,-3.15139,-0.04517,Water,0.955830,9.715466e-05,8.135630e-04,2.018753e-06,1.715421e-05,4.156283e-06
11,6,-25,-115,9.184207e-02,9.057600e-01,0.092063,0.997602,-2.38768,-0.09898,Water,0.905760,2.976530e-04,1.276552e-03,4.520708e-06,1.782703e-05,9.135217e-06
11,7,-25,-105,1.654321e-01,8.326392e-01,0.165752,0.998071,-1.79919,-0.18315,Water,0.832639,3.952747e-04,8.361407e-04,6.785838e-06,1.681636e-05,1.329723e-05
11,8,-25,-95,9.367049e-02,9.040568e-01,0.093884,0.997727,-2.36797,-0.10086,Water,0.904057,2.966488e-04,1.035055e-03,4.707834e-06,1.818945e-05,9.654515e-06
11,9,-25,-85,1.685913e-01,8.291898e-01,0.168966,0.997781,-1.78028,-0.18731,Water,0.829190,4.149991e-04,7.963558e-04,7.540766e-06,1.740455e-05,1.698421e-05
11,10,-25,-75,9.571725e-02,9.027018e-01,0.095869,0.998419,-2.34636,-0.10236,Water,0.902702,1.505327e-04,5.133386e-04,5.214046e-06,2.175760e-05,8.727763e-06
11,11,-25,-65,1.017243e-01,8.955288e-01,0.102005,0.997253,-2.28549,-0.11034,Water,0.895529,4.768537e-04,1.454009e-03,5.868186e-06,2.121536e-05,1.255477e-05
11,12,-25,-55,9.609582e-02,9.011081e-01,0.096365,0.997204,-2.34241,-0.10413,Water,0.901108,4.460674e-04,1.628103e-03,4.970346e-06,1.884259e-05,1.135273e-05
11,13,-25,-45,6.331591e-02,9.324832e-01,0.063583,0.995799,-2.75962,-0.06990,Water,0.932483,4.553924e-04,2.886580e-03,3.550461e-06,2.140585e-05,8.934851e-06
11,14,-25,-35,5.146529e-02,9.440370e-01,0.051698,0.995502,-2.96685,-0.05759,Water,0.944037,4.008942e-04,2.987251e-03,3.188550e-06,2.205177e-05,7.759983e-06
11,15,-25,-25,6.879786e-02,9.269324e-01,0.069093,0.995730,-2.67658,-0.07587,Water,0.926932,3.033716e-04,1.584423e-03,4.488839e-06,2.078552e-05,1.107678e-05
11,16,-25,-15,5.818216e-02,9.371927e-01,0.058453,0.995375,-2.84418,-0.06487,Water,0.937193,4.444297e-04,2.826564e-03,3.486293e-06,2.373339e-05,1.001293e-05
11,17,-25,-5,1.043648e-01,8.896675e-01,0.104991,0.994032,-2.25986,-0.11691,Water,0.889667,6.590148e-04,3.346568e-03,6.151551e-06,2.725961e-05,1.645627e-05
11,18,-25,5,3.733264e-01,6.225979e-01,0.374854,0.995924,-0.98530,-0.47385,Water,0.622598,1.169638e-03,8.056681e-04,1.658162e-05,2.540764e-05,4.268191e-05
11,19,-25,15,3.794349e-01,6.170559e-01,0.380771,0.996491,-0.96907,-0.48280,Water,0.617056,9.351302e-04,6.384884e-04,1.281818e-05,1.949665e-05,3.998861e-05
11,20,-25,25,3.880465e-01,6.084138e-01,0.389425,0.996460,-0.94663,-0.49690,Water,0.608414,8.843377e-04,6.876570e-04,1.303285e-05,1.557852e-05,3.655068e-05
11,21,-25,35,3.635901e-01,6.335751e-01,0.364624,0.997165,-1.01173,-0.45638,Water,0.633575,9.070650e-04,6.222732e-04,1.200792e-05,1.398204e-05,2.302181e-05
11,22,-25,45,4.013843e-01,5.960804e-01,0.402404,0.997465,-0.91284,-0.51738,Water,0.596080,7.997036e-04,4.806564e-04,1.237145e-05,1.330380e-05,3.077267e-05
11,23,-25,55,3.189228e-01,6.787425e-01,0.319669,0.997665,-1.14281,-0.38751,Water,0.678743,5.875273e-04,4.409988e-04,1.035330e-05,1.267754e-05,2.503017e-05
11,24,-25,65,1.883724e-01,8.095543e-01,0.188764,0.997927,-1.66933,-0.21127,Water,0.809554,4.207057e-04,4.747548e-04,8.192332e-06,1.554602e-05,1.823495e-05
11,25,-25,75,2.259126e-01,7.719732e-01,0.226391,0.997886,-1.48761,-0.25881,Water,0.771973,2.932821e-04,3.351310e-04,9.542796e-06,1.601419e-05,1.525109e-05
11,26,-25,85,2.923354e-01,7.057768e-01,0.292888,0.998112,-1.22985,-0.34846,Water,0.705777,2.993976e-04,2.676989e-04,1.022566e-05,1.329538e-05,2.356531e-05
11,27,-25,95,1.899223e-01,8.077686e-01,0.190362,0.997691,-1.66114,-0.21348,Water,0.807769,3.986371e-04,4.852947e-04,7.050620e-06,1.445400e-05,1.407336e-05
11,28,-25,105,4.326805e-01,5.655393e-01,0.433452,0.998220,-0.83776,-0.56998,Water,0.565539,4.537543e-04,2.034857e-04,1.231491e-05,1.090132e-05,2.719886e-05
11,29,-25,115,2.687738e-01,7.291328e-01,0.269338,0.997907,-1.31389,-0.31590,Water,0.729133,4.405603e-04,3.849303e-04,8.413698e-06,1.474870e-05,1.806681e-05
11,30,-25,125,7.508520e-02,9.231274e-01,0.075220,0.998213,-2.58913,-0.07999,Water,0.923127,2.308623e-04,7.881591e-04,3.168365e-06,1.493430e-05,9.791834e-06
11,31,-25,135,2.596816e-01,7.375182e-01,0.260411,0.997200,-1.34830,-0.30446,Water,0.737518,7.069672e-04,8.482975e-04,9.000581e-06,1.476023e-05,2.921469e-05
11,32,-25,145,1.194820e-01,8.786780e-01,0.119702,0.998160,-2.12459,-0.12934,Water,0.878678,2.895861e-04,5.629089e-04,4.851130e-06,1.569365e-05,1.423851e-05
11,33,-25,155,1.141220e-01,8.818016e-01,0.114589,0.995924,-2.17049,-0.12579,Water,0.881802,6.746788e-04,2.341183e-03,6.638566e-06,1.990162e-05,2.079652e-05
11,34,-25,165,1.181053e-01,8.784814e-01,0.118510,0.996587,-2.13618,-0.12956,Water,0.878481,5.691899e-04,1.607871e-03,6.650691e-06,2.081627e-05,2.926868e-05
11,35,-25,175,1.861990e-01,8.104470e-01,0.186826,0.996646,-1.68094,-0.21017,Water,0.810447,7.366368e-04,1.456230e-03,9.799009e-06,1.668082e-05,2.908189e-05
12,0,-35,-175,8.479912e-02,9.119199e-01,0.085078,0.996719,-2.46747,-0.09220,Water,0.911920,4.471033e-04,2.340608e-03,5.577418e-06,1.942914e-05,1.090111e-05
12,1,-35,-165,6.898733e-02,9.271286e-01,0.069256,0.996116,-2.67383,-0.07566,Water,0.927129,5.254474e-04,2.759183e-03,5.497443e-06,2.297267e-05,1.346730e-05
12,2,-35,-155,6.236713e-02,9.338843e-01,0.062602,0.996251,-2.77472,-0.06840,Water,0.933884,4.305694e-04,2.823217e-03,4.767255e-06,2.203881e-05,9.188398e-06
12,3,-35,-145,3.904406e-02,9.587295e-01,0.039131,0.997774,-3.24306,-0.04215,Water,0.958730,2.131278e-04,1.630861e-03,2.409850e-06,1.786815e-05,5.234792e-06
12,4,-35,-135,5.140286e-02,9.448489e-01,0.051596,0.996252,-2.96806,-0.05673,Water,0.944849,4.005959e-04,2.890778e-03,3.181647e-06,2.144087e-05,8.963005e-06
12,5,-35,-125,4.736346e-02,9.496780e-01,0.047504,0.997041,-3.04990,-0.05163,Water,0.949678,3.100386e-04,2.268633e-03,2.820724e-06,1.978471e-05,7.550592e-06
12,6,-35,-115,9.529983e-02,9.021297e-01,0.095545,0.997430,-2.35073,-0.10300,Water,0.902130,4.114864e-04,1.533039e-03,5.407020e-06,2.042013e-05,1.015222e-05
12,7,-35,-105,1.877640e-01,8.094029e-01,0.188297,0.997167,-1.67257,-0.21146,Water,0.809403,7.859353e-04,1.353044e-03,1.029235e-05,2.072744e-05,1.784074e-05
12,8,-35,-95,1.052880e-01,8.916984e-01,0.105606,0.996986,-2.25106,-0.11463,Water,0.891698,6.031292e-04,1.710944e-03,5.923549e-06,1.944240e-05,1.418107e-05
12,9,-35,-85,1.075280e-01,8.894280e-01,0.107856,0.996956,-2.23000,-0.11718,Water,0.889428,6.258459e-04,1.656826e-03,6.654379e-06,2.038305e-05,1.566278e-05
12,10,-35,-75,5.005892e-02,9.461887e-01,0.050247,0.996248,-2.99455,-0.05531,Water,0.946189,5.040579e-04,2.627945e-03,3.636130e-06,2.237600e-05,9.495400e-06
12,11,-35,-65,8.391426e-02,9.102177e-01,0.084410,0.994132,-2.47796,-0.09407,Water,0.910218,1.157864e-03,3.981193e-03,6.260982e-06,2.414771e-05,1.782520e-05
12,12,-35,-55,8.763033e-02,9.054253e-01,0.088243,0.993056,-2.43463,-0.09935,Water,0.905425,1.453479e-03,4.758292e-03,6.575951e-06,2.301795e-05,1.889412e-05
12,13,-35,-45,5.547503e-02,9.373660e-01,0.055875,0.992841,-2.89182,-0.06468,Water,0.937366,9.642040e-04,5.423677e-03,3.936954e-06,2.252851e-05,1.203236e-05
12,14,-35,-35,5.546707e-02,9.410414e-01,0.055661,0.996508,-2.89197,-0.06077,Water,0.941041,3.693328e-04,1.578421e-03,4.028824e-06,1.959819e-05,1.056865e-05
12,15,-35,-25,3.482392e-02,9.569658e-01,0.035112,0.991790,-3.35745,-0.04399,Water,0.956966,7.135428e-04,6.546741e-03,2.882225e-06,2.271794e-05,8.328177e-06
12,16,-35,-15,4.178509e-02,9.496647e-01,0.042145,0.991450,-3.17522,-0.05165,Water,0.949665,1.050953e-03,6.584455e-03,3.177417e-06,2.275789e-05,9.490611e-06
12,17,-35,-5,5.949136e-02,9.299608e-01,0.060126,0.989452,-2.82192,-0.07261,Water,0.929961,1.529593e-03,7.550073e-03,4.348431e-06,2.408547e-05,1.268661e-05
12,18,-35,5,3.050946e-01,6.897098e-01,0.306688,0.994804,-1.18713,-0.37148,Water,0.689710,2.228353e-03,1.517542e-03,1.503054e-05,2.129542e-05,2.628538e-05
12,19,-35,15,3.985054e-01,5.964921e-01,0.400509,0.994997,-0.92003,-0.51669,Water,0.596492,2.487941e-03,1.214046e-03,1.583460e-05,1.702757e-05,3.653216e-05
12,20,-35,25,3.519607e-01,6.425352e-01,0.353909,0.994496,-1.04424,-0.44233,Water,0.642535,2.622461e-03,1.740135e-03,1.571129e-05,1.703573e-05,3.156394e-05
12,21,-35,35,3.481818e-01,6.473590e-01,0.349741,0.995541,-1.05503,-0.43485,Water,0.647359,1.790876e-03,1.345301e-03,1.486835e-05,1.560678e-05,2.873123e-05
12,22,-35,45,3.583612e-01,6.374871e-01,0.359855,0.995848,-1.02621,-0.45022,Water,0.637487,1.708460e-03,1.201790e-03,1.551153e-05,1.631242e-05,3.236014e-05
12,23,-35,55,3.237521e-01,6.721293e-01,0.325091,0.995881,-1.12778,-0.39730,Water,0.672129,1.570472e-03,1.301160e-03,1.435190e-05,1.595211e-05,3.304150e-05
12,24,-35,65,1.977724e-01,7.984820e-01,0.198516,0.996254,-1.62064,-0.22504,Water,0.798482,1.132230e-03,1.307815e-03,1.013947e-05,1.857343e-05,2.289741e-05
12,25,-35,75,1.582197e-01,8.391808e-01,0.158632,0.997401,-1.84377,-0.17533,Water,0.839181,5.761939e-04,8.331415e-04,7.352230e-06,1.720939e-05,1.315099e-05
12,26,-35,85,2.350276e-01,7.624705e-01,0.235617,0.997498,-1.44805,-0.27119,Water,0.762470,5.441250e-04,5.400224e-04,9.969723e-06,1.485125e-05,1.998008e-05
12,27,-35,95,2.850458e-01,7.115764e-01,0.286012,0.996622,-1.25511,-0.34027,Water,0.711576,9.444226e-04,7.299269e-04,1.054499e-05,1.333274e-05,2.323865e-05
12,28,-35,105,5.143256e-01,4.825702e-01,0.515927,0.996896,-0.66490,-0.72863,Land,0.514326,1.341597e-03,5.080313e-04,1.911805e-05,1.038940e-05,4.114777e-05
12,29,-35,115,3.429658e-01,6.535503e-01,0.344165,0.996516,-1.07012,-0.42534,Water,0.653550,1.095552e-03,8.046295e-04,1.323634e-05,1.474821e-05,3.250589e-05
12,30,-35,125,8.376096e-02,9.138713e-01,0.083960,0.997632,-2.47979,-0.09007,Water,0.913871,4.191662e-04,1.324845e-03,4.250733e-06,1.658973e-05,1.134343e-05
12,31,-35,135,2.237083e-01,7.724552e-01,0.224570,0.996164,-1.49741,-0.25818,Water,0.772455,1.287508e-03,1.583797e-03,1.073798e-05,1.874077e-05,3.173701e-05
12,32,-35,145,1.233363e-01,8.742435e-01,0.123635,0.997580,-2.09284,-0.13440,Water,0.874244,5.879581e-04,1.078755e-03,6.480961e-06,1.782796e-05,1.600525e-05
12,33,-35,155,1.230908e-01,8.734981e-01,0.123512,0.996589,-2.09483,-0.13525,Water,0.873498,7.610525e-04,1.904359e-03,7.421957e-06,1.864651e-05,2.141340e-05
12,34,-35,165,7.936386e-02,9.178531e-01,0.079585,0.997217,-2.53371,-0.08572,Water,0.917853,4.590683e-04,1.590316e-03,5.523312e-06,2.064516e-05,1.766792e-05
12,35,-35,175,2.366527e-01,7.602497e-01,0.237388,0.996902,-1.44116,-0.27411,Water,0.760250,9.615997e-04,1.406976e-03,1.267651e-05,1.601377e-05,3.479737e-05
13,0,-45,-175,8.173114e-02,9.125341e-01,0.082203,0.994265,-2.50432,-0.09153,Water,0.912534,1.039911e-03,3.971815e-03,6.611925e-06,2.334495e-05,2.050488e-05
13,1,-45,-165,5.529509e-02,9.403990e-01,0.055534,0.995694,-2.89507,-0.06145,Water,0.940399,6.684590e-04,2.967085e-03,4.930764e-06,2.581679e-05,1.723351e-05
13,2,-45,-155,7.656314e-02,9.179786e-01,0.076983,0.994542,-2.56964,-0.08558,Water,0.917979,9.995595e-04,3.725030e-03,6.465013e-06,2.772945e-05,1.946578e-05
13,3,-45,-145,5.202504e-02,9.438165e-01,0.052242,0.995842,-2.95603,-0.05782,Water,0.943817,5.693516e-04,3.015448e-03,4.032097e-06,2.245391e-05,1.217099e-05
13,4,-45,-135,6.598625e-02,9.290660e-01,0.066314,0.995052,-2.71831,-0.07358,Water,0.929066,8.390614e-04,3.360900e-03,4.953957e-06,2.567444e-05,1.729066e-05
13,5,-45,-125,7.844937e-02,9.152792e-01,0.078944,0.993729,-2.54530,-0.08853,Water,0.915279,1.246406e-03,4.387333e-03,6.301990e-06,2.795669e-05,2.194572e-05
13,6,-45,-115,1.302477e-01,8.656207e-01,0.130788,0.995868,-2.03832,-0.14431,Water,0.865621,9.659777e-04,2.171854e-03,9.650172e-06,2.389616e-05,2.095683e-05
13,7,-45,-105,1.512433e-01,8.443353e-01,0.151915,0.995579,-1.88887,-0.16921,Water,0.844335,1.354047e-03,2.048413e-03,1.227211e-05,2.271169e-05,2.532303e-05
13,8,-45,-95,1.121810e-01,8.840299e-01,0.112608,0.996211,-2.18764,-0.12326,Water,0.884030,9.689729e-04,1.713840e-03,9.274192e-06,2.150765e-05,2.311401e-05
13,9,-45,-85,9.047947e-02,9.049280e-01,0.090897,0.995407,-2.40263,-0.09990,Water,0.904928,1.155852e-03,2.177906e-03,9.226453e-06,2.651865e-05,2.544616e-05
13,10,-45,-75,5.702306e-02,9.370315e-01,0.057364,0.994055,-2.86430,-0.06504,Water,0.937031,1.065718e-03,3.834681e-03,6.120692e-06,2.528799e-05,1.747902e-05
13,11,-45,-65,6.140912e-02,9.313939e-01,0.061854,0.992803,-2.79020,-0.07107,Water,0.931394,1.433520e-03,4.688218e-03,6.173654e-06,2.544742e-05,2.135397e-05
13,12,-45,-55,6.411309e-02,9.274242e-01,0.064660,0.991537,-2.74711,-0.07534,Water,0.927424,1.546159e-03,5.912785e-03,6.263687e-06,2.428540e-05,2.116859e-05
13,13,-45,-45,7.799906e-02,9.173132e-01,0.078366,0.995312,-2.55106,-0.08631,Water,0.917313,7.284949e-04,2.225827e-03,5.826264e-06,2.058188e-05,1.853355e-05
13,14,-45,-35,2.879604e-02,9.611042e-01,0.029090,0.989900,-3.54752,-0.03967,Water,0.961104,1.035069e-03,8.036754e-03,2.838287e-06,2.249380e-05,1.057033e-05
13,15,-45,-25,3.475993e-02,9.532291e-01,0.035183,0.987989,-3.35929,-0.04790,Water,0.953229,1.241703e-03,9.713728e-03,3.387660e-06,2.393958e-05,1.228745e-05
13,16,-45,-15,5.166255e-02,9.327714e-01,0.052479,0.984434,-2.96302,-0.06960,Water,0.932771,2.648789e-03,1.174018e-02,4.438919e-06,2.504644e-05,1.923282e-05
13,17,-45,-5,5.858531e-02,9.236653e-01,0.059644,0.982251,-2.83727,-0.07941,Water,0.923665,3.097649e-03,1.331061e-02,5.363522e-06,2.622030e-05,2.036399e-05
13,18,-45,5,2.598149e-01,7.252608e-01,0.263751,0.985076,-1.34779,-0.32122,Water,0.725261,8.420581e-03,4.720006e-03,2.229345e-05,2.908701e-05,7.227447e-05
13,19,-45,15,4.578954e-01,5.265189e-01,0.465145,0.984414,-0.78111,-0.64147,Water,0.526519,1.053248e-02,3.121286e-03,2.683930e-05,1.962858e-05,1.381482e-04
13,20,-45,25,3.638374e-01,6.214182e-01,0.369282,0.985256,-1.01105,-0.47575,Water,0.621418,8.923972e-03,4.284873e-03,2.297104e-05,2.113954e-05,1.053266e-04
13,21,-45,35,3.318273e-01,6.554028e-01,0.336119,0.987230,-1.10314,-0.42251,Water,0.655403,7.173801e-03,4.158107e-03,1.973108e-05,2.028725e-05,9.198807e-05
13,22,-45,45,5.199356e-01,4.700381e-01,0.525201,0.989974,-0.65405,-0.75494,Land,0.519936,5.842587e-03,2.192283e-03,2.578245e-05,1.513762e-05,1.233271e-04
13,23,-45,55,3.901335e-01,5.989698e-01,0.394431,0.989103,-0.94127,-0.51254,Water,0.598970,6.166321e-03,2.784637e-03,2.476861e-05,1.820402e-05,1.232291e-04
13,24,-45,65,3.510143e-01,6.373772e-01,0.355137,0.988391,-1.04693,-0.45039,Water,0.637377,6.688139e-03,2.865111e-03,2.446705e-05,1.956722e-05,1.454735e-04
13,25,-45,75,3.091576e-01,6.827284e-01,0.311687,0.991886,-1.17390,-0.38166,Water,0.682728,4.024849e-03,2.018986e-03,2.140629e-05,1.958592e-05,7.084115e-05
13,26,-45,85,3.773785e-01,6.162982e-01,0.379780,0.993677,-0.97451,-0.48402,Water,0.616298,2.699867e-03,1.033952e-03,2.689551e-05,1.845760e-05,8.394694e-05
13,27,-45,95,4.542737e-01,5.389234e-01,0.457385,0.993197,-0.78906,-0.61818,Water,0.538923,3.283849e-03,9.991075e-04,2.412574e-05,1.342621e-05,8.835118e-05
13,28,-45,105,5.701932e-01,4.226427e-01,0.574308,0.992836,-0.56178,-0.86123,Land,0.570193,4.440453e-03,9.628573e-04,3.438286e-05,1.295845e-05,1.233097e-04
13,29,-45,115,4.769546e-01,5.141865e-01,0.481218,0.991141,-0.74033,-0.66517,Water,0.514187,5.113351e-03,1.793230e-03,2.891248e-05,1.700339e-05,1.148880e-04
13,30,-45,125,2.439826e-01,7.480369e-01,0.245945,0.992020,-1.41066,-0.29030,Water,0.748037,3.583392e-03,3.217552e-03,1.799591e-05,2.523858e-05,8.956398e-05
13,31,-45,135,4.154015e-01,5.743929e-01,0.419685,0.989794,-0.87851,-0.55444,Water,0.574393,5.729600e-03,2.718598e-03,2.707811e-05,1.963887e-05,1.590184e-04
13,32,-45,145,2.714742e-01,7.229804e-01,0.272988,0.994455,-1.30389,-0.32437,Water,0.722980,2.427890e-03,1.910043e-03,1.913890e-05,2.077916e-05,8.128360e-05
13,33,-45,155,3.168361e-01,6.750003e-01,0.319444,0.991836,-1.14937,-0.39304,Water,0.675000,3.947344e-03,2.864295e-03,2.544890e-05,2.425003e-05,1.171539e-04
13,34,-45,165,1.732883e-01,8.212054e-01,0.174248,0.994494,-1.75280,-0.19698,Water,0.821205,1.892606e-03,2.380670e-03,1.426970e-05,2.569644e-05,8.144495e-05
13,35,-45,175,3.241463e-01,6.670805e-01,0.327015,0.991227,-1.12656,-0.40484,Water,0.667081,4.206049e-03,3.384990e-03,2.291826e-05,2.022348e-05,1.341131e-04
14,0,-55,-175,1.275990e-01,8.665839e-01,0.128346,0.994183,-2.05886,-0.14320,Water,0.866584,1.649159e-03,2.679290e-03,1.370358e-05,2.886719e-05,6.944091e-05
14,1,-55,-165,1.160082e-01,8.783397e-01,0.116668,0.994348,-2.15409,-0.12972,Water,0.878340,1.582516e-03,2.678194e-03,1.438415e-05,3.117281e-05,7.200694e-05
14,2,-55,-155,1.271416e-01,8.687489e-01,0.127666,0.995890,-2.06245,-0.14070,Water,0.868749,1.059215e-03,1.570574e-03,1.278503e-05,2.987315e-05,4.797389e-05
14,3,-55,-145,1.227867e-01,8.733714e-01,0.123260,0.996158,-2.09731,-0.13539,Water,0.873371,1.115950e-03,1.469440e-03,1.210828e-05,2.613384e-05,5.136386e-05
14,4,-55,-135,1.376889e-01,8.570575e-01,0.138416,0.994746,-1.98276,-0.15425,Water,0.857058,1.791517e-03,2.020667e-03,1.321835e-05,2.715298e-05,5.980413e-05
14,5,-55,-125,1.143156e-01,8.813083e-01,0.114818,0.995624,-2.16879,-0.12635,Water,0.881308,1.281062e-03,1.823356e-03,1.186722e-05,3.019719e-05,4.914603e-05
14,6,-55,-115,1.333281e-01,8.633194e-01,0.133777,0.996648,-2.01494,-0.14697,Water,0.863319,7.704697e-04,8.566144e-04,1.324226e-05,2.619610e-05,3.771645e-05
14,7,-55,-105,1.627928e-01,8.335003e-01,0.163399,0.996293,-1.81528,-0.18212,Water,0.833500,1.126372e-03,9.739649e-04,1.628703e-05,2.438992e-05,4.324538e-05
14,8,-55,-95,1.325432e-01,8.633706e-01,0.133087,0.995914,-2.02085,-0.14691,Water,0.863371,1.155124e-03,9.439795e-04,1.430839e-05,2.340852e-05,4.690546e-05
14,9,-55,-85,1.793942e-01,8.149228e-01,0.180420,0.994317,-1.71817,-0.20466,Water,0.814923,2.051019e-03,1.309419e-03,1.891169e-05,2.640258e-05,7.378928e-05
14,10,-55,-75,1.020804e-01,8.916549e-01,0.102724,0.993735,-2.28199,-0.11468,Water,0.891655,1.878407e-03,2.286583e-03,1.138038e-05,2.445803e-05,4.742349e-05
14,11,-55,-65,1.039504e-01,8.894439e-01,0.104642,0.993394,-2.26384,-0.11716,Water,0.889444,2.097008e-03,2.644014e-03,1.130240e-05,2.517115e-05,5.563030e-05
14,12,-55,-55,9.006053e-02,9.063199e-01,0.090388,0.996380,-2.40727,-0.09836,Water,0.906320,5.418113e-04,8.535049e-04,9.199055e-06,2.101330e-05,2.819822e-05
14,13,-55,-45,6.815737e-02,9.257948e-01,0.068572,0.993952,-2.68594,-0.07710,Water,0.925795,1.383467e-03,3.081722e-03,6.321459e-06,2.226060e-05,2.622910e-05
14,14,-55,-35,3.832620e-02,9.554669e-01,0.038566,0.993793,-3.26162,-0.04556,Water,0.955467,1.000031e-03,3.688282e-03,4.112883e-06,2.160435e-05,1.943596e-05
14,15,-55,-25,6.261554e-02,9.295340e-01,0.063111,0.992150,-2.77074,-0.07307,Water,0.929534,1.807035e-03,4.369016e-03,6.144005e-06,2.284728e-05,2.901521e-05
14,16,-55,-15,1.668691e-01,8.185842e-01,0.169332,0.985453,-1.79055,-0.20018,Water,0.818584,7.237778e-03,4.859390e-03,1.470570e-05,2.303486e-05,1.030527e-04
14,17,-55,-5,2.583184e-01,7.226626e-01,0.263327,0.980981,-1.35356,-0.32481,Water,0.722663,1.075335e-02,5.207243e-03,2.441589e-05,2.269902e-05,1.766943e-04
14,18,-55,5,4.484746e-01,5.314565e-01,0.457659,0.979931,-0.80190,-0.63213,Water,0.531456,1.446994e-02,2.138513e-03,5.278957e-05,2.422282e-05,3.489908e-04
14,19,-55,15,6.783925e-01,2.962598e-01,0.696035,0.974652,-0.38803,-1.21652,Land,0.678392,2.026096e-02,1.353741e-03,5.935559e-05,1.323801e-05,7.482759e-04
14,20,-55,25,6.069868e-01,3.710846e-01,0.620596,0.978071,-0.49925,-0.99133,Land,0.606987,1.687503e-02,1.882329e-03,5.475505e-05,1.608974e-05,6.698849e-04
14,21,-55,35,5.305444e-01,4.531940e-01,0.539314,0.983738,-0.63385,-0.79143,Land,0.530544,1.152380e-02,1.630369e-03,4.911086e-05,1.786331e-05,6.294271e-04
14,22,-55,45,6.020137e-01,3.823954e-01,0.611548,0.984409,-0.50748,-0.96130,Land,0.602014,1.126918e-02,1.426477e-03,4.749665e-05,1.457377e-05,5.393825e-04
14,23,-55,55,4.162067e-01,5.744019e-01,0.420153,0.990609,-0.87657,-0.55443,Water,0.574402,5.005338e-03,1.375910e-03,3.885134e-05,1.972293e-05,2.872119e-04
14,24,-55,65,5.874778e-01,3.939065e-01,0.598622,0.981384,-0.53192,-0.93164,Land,0.587478,1.333103e-02,1.480233e-03,6.106833e-05,1.697394e-05,1.060845e-03
14,25,-55,75,5.268410e-01,4.577955e-01,0.535061,0.984637,-0.64086,-0.78133,Land,0.526841,1.025399e-02,1.468432e-03,5.571872e-05,1.708270e-05,4.547142e-04
14,26,-55,85,5.915436e-01,3.951405e-01,0.599527,0.986684,-0.52502,-0.92851,Land,0.591544,8.487615e-03,8.373541e-04,6.578848e-05,1.644805e-05,6.786224e-04
14,27,-55,95,5.609421e-01,4.279045e-01,0.567269,0.988847,-0.57814,-0.84886,Land,0.560942,6.538237e-03,8.205914e-04,6.558539e-05,1.647832e-05,5.384907e-04
14,28,-55,105,6.748909e-01,3.158200e-01,0.681219,0.990711,-0.39320,-1.15258,Land,0.674891,6.027287e-03,5.668614e-04,6.312748e-05,1.225735e-05,4.448065e-04
14,29,-55,115,4.909726e-01,5.015776e-01,0.494658,0.992550,-0.71137,-0.69000,Water,0.501578,3.788941e-03,7.092577e-04,4.824654e-05,1.832808e-05,3.363698e-04
14,30,-55,125,4.214249e-01,5.717789e-01,0.424309,0.993204,-0.86411,-0.55900,Water,0.571779,3.538240e-03,1.084037e-03,4.373950e-05,2.551254e-05,2.985343e-04
14,31,-55,135,6.897203e-01,2.978356e-01,0.698411,0.987556,-0.37147,-1.21121,Land,0.689720,8.497769e-03,8.781940e-04,6.532824e-05,1.384459e-05,1.010055e-03
14,32,-55,145,4.874041e-01,5.049521e-01,0.491158,0.992356,-0.71866,-0.68329,Water,0.504952,4.311984e-03,9.089097e-04,5.016942e-05,2.009951e-05,4.983987e-04
14,33,-55,155,5.160336e-01,4.752038e-01,0.520595,0.991237,-0.66158,-0.74401,Land,0.516034,5.208328e-03,1.120133e-03,5.544982e-05,2.089024e-05,4.625159e-04
14,34,-55,165,4.317835e-01,5.587075e-01,0.435929,0.990491,-0.83983,-0.58213,Water,0.558708,5.460904e-03,1.622869e-03,5.890320e-05,2.817261e-05,6.531307e-04
14,35,-55,175,5.370748e-01,4.520562e-01,0.542976,0.989131,-0.62162,-0.79395,Land,0.537075,6.683359e-03,1.639678e-03,5.885093e-05,2.140825e-05,9.490923e-04
15,0,-65,-175,1.674587e-01,8.254926e-01,0.168647,0.992951,-1.78702,-0.19178,Water,0.825493,2.366635e-03,2.192899e-03,2.109556e-05,3.347965e-05,1.319829e-04
15,1,-65,-165,1.193588e-01,8.753138e-01,0.119998,0.994673,-2.12562,-0.13317,Water,0.875314,1.435336e-03,1.681321e-03,1.823050e-05,3.850835e-05,6.874749e-05
15,2,-65,-155,1.696245e-01,8.243758e-01,0.170648,0.994000,-1.77417,-0.19313,Water,0.824376,1.967181e-03,1.543805e-03,2.448715e-05,4.164327e-05,8.971944e-05
15,3,-65,-145,1.408258e-01,8.543412e-01,0.141510,0.995167,-1.96023,-0.15742,Water,0.854341,1.454868e-03,1.219559e-03,1.810945e-05,3.342277e-05,7.578086e-05
15,4,-65,-135,1.884292e-01,8.059801e-01,0.189489,0.994409,-1.66903,-0.21570,Water,0.805980,1.923024e-03,1.150787e-03,2.327549e-05,3.268046e-05,8.058202e-05
15,5,-65,-125,1.650586e-01,8.297393e-01,0.165922,0.994798,-1.80145,-0.18664,Water,0.829739,1.663628e-03,1.143558e-03,2.267611e-05,3.617009e-05,7.296581e-05
15,6,-65,-115,1.496673e-01,8.461751e-01,0.150292,0.995842,-1.89934,-0.16703,Water,0.846175,9.919945e-04,6.919033e-04,1.808855e-05,3.128872e-05,4.683730e-05
15,7,-65,-105,1.782892e-01,8.173352e-01,0.179073,0.995624,-1.72435,-0.20171,Water,0.817335,1.332382e-03,7.461766e-04,2.188044e-05,2.965597e-05,6.204570e-05
15,8,-65,-95,1.690407e-01,8.256417e-01,0.169944,0.994682,-1.77762,-0.19159,Water,0.825642,1.679238e-03,8.103030e-04,2.387856e-05,3.105764e-05,9.637993e-05
15,9,-65,-85,2.294193e-01,7.636531e-01,0.231020,0.993072,-1.47220,-0.26964,Water,0.763653,2.811925e-03,1.099684e-03,2.726594e-05,2.886305e-05,1.244409e-04
15,10,-65,-75,1.577821e-01,8.357801e-01,0.158804,0.993562,-1.84654,-0.17939,Water,0.835780,2.205187e-03,1.357511e-03,2.009370e-05,3.034556e-05,8.307624e-05
15,11,-65,-65,6.979775e-02,9.264676e-01,0.070059,0.996265,-2.66215,-0.07638,Water,0.926468,4.065582e-04,5.039896e-04,8.425351e-06,2.682980e-05,2.145753e-05
15,12,-65,-55,8.823451e-02,9.063192e-01,0.088718,0.994554,-2.42776,-0.09836,Water,0.906319,1.428331e-03,1.675865e-03,1.102588e-05,2.863936e-05,4.058268e-05
15,13,-65,-45,1.204038e-01,8.726990e-01,0.121240,0.993103,-2.11690,-0.13616,Water,0.872699,2.561774e-03,2.252545e-03,1.306275e-05,2.832847e-05,5.766867e-05
15,14,-65,-35,7.871822e-02,9.146609e-01,0.079243,0.993379,-2.54188,-0.08920,Water,0.914661,1.892887e-03,2.266500e-03,9.873787e-06,2.890557e-05,4.962440e-05
15,15,-65,-25,1.248260e-01,8.659651e-01,0.125986,0.990791,-2.08083,-0.14391,Water,0.865965,3.646066e-03,2.851168e-03,1.538958e-05,3.067328e-05,7.409916e-05
15,16,-65,-15,3.158802e-01,6.650994e-01,0.322005,0.980980,-1.15239,-0.40782,Water,0.665099,1.210739e-02,3.193547e-03,3.471141e-05,2.661497e-05,2.836338e-04
15,17,-65,-5,4.082094e-01,5.701373e-01,0.417244,0.978347,-0.89597,-0.56188,Water,0.570137,1.479725e-02,2.621612e-03,4.977414e-05,2.515514e-05,4.068866e-04
15,18,-65,5,7.023041e-01,2.666663e-01,0.724794,0.968970,-0.35339,-1.32176,Land,0.702304,2.460850e-02,1.203167e-03,1.105242e-04,1.921192e-05,9.764991e-04
15,19,-65,15,7.843130e-01,1.826481e-01,0.811111,0.966961,-0.24295,-1.70019,Land,0.784313,2.685851e-02,8.718545e-04,9.827754e-05,1.225599e-05,1.659777e-03
15,20,-65,25,7.430783e-01,2.267428e-01,0.766201,0.969821,-0.29695,-1.48394,Land,0.743078,2.353752e-02,1.049159e-03,1.065613e-04,1.542371e-05,1.697576e-03
15,21,-65,35,6.045586e-01,3.723263e-01,0.618864,0.976885,-0.50326,-0.98798,Land,0.604559,1.631379e-02,1.338750e-03,8.765006e-05,2.188969e-05,1.369337e-03
15,22,-65,45,7.369751e-01,2.385463e-01,0.755468,0.975521,-0.30520,-1.43319,Land,0.736975,1.859568e-02,9.615253e-04,9.501768e-05,1.407655e-05,1.622070e-03
15,23,-65,55,6.712944e-01,3.059869e-01,0.686900,0.977281,-0.39855,-1.18421,Land,0.671294,1.572995e-02,1.220271e-03,1.017226e-04,1.834343e-05,2.024192e-03
15,24,-65,65,3.933568e-01,5.966335e-01,0.397334,0.989990,-0.93304,-0.51645,Water,0.596633,4.826062e-03,9.899296e-04,5.530232e-05,2.662308e-05,3.839056e-04
15,25,-65,75,6.917246e-01,2.862801e-01,0.707282,0.978005,-0.36857,-1.25078,Land,0.691725,1.583813e-02,1.058111e-03,9.674694e-05,1.640918e-05,1.344313e-03
15,26,-65,85,6.123839e-01,3.699999e-01,0.623365,0.982384,-0.49040,-0.99425,Land,0.612384,1.130176e-02,9.372234e-04,9.090471e-05,1.988770e-05,1.188707e-03
15,27,-65,95,5.712347e-01,4.140294e-01,0.579778,0.985264,-0.55996,-0.88182,Land,0.571235,8.440924e-03,8.066973e-04,9.289170e-05,2.092903e-05,8.973820e-04
15,28,-65,105,7.050463e-01,2.794005e-01,0.716185,0.984447,-0.34949,-1.27511,Land,0.705046,1.034041e-02,6.875434e-04,9.650101e-05,1.438428e-05,1.040408e-03
15,29,-65,115,5.559654e-01,4.330284e-01,0.562153,0.988994,-0.58705,-0.83695,Land,0.555965,6.051874e-03,6.893851e-04,7.900571e-05,2.094432e-05,6.494827e-04
15,30,-65,125,5.900919e-01,3.966726e-01,0.598007,0.986765,-0.52748,-0.92464,Land,0.590092,8.192795e-03,9.238340e-04,8.859697e-05,2.333637e-05,8.693014e-04
15,31,-65,135,7.369081e-01,2.446374e-01,0.750763,0.981546,-0.30529,-1.40798,Land,0.736908,1.243171e-02,7.664564e-04,1.066066e-04,1.497546e-05,1.790774e-03
15,32,-65,145,5.527746e-01,4.331691e-01,0.560655,0.985944,-0.59280,-0.83663,Land,0.552775,8.893556e-03,1.059976e-03,8.134137e-05,2.307161e-05,9.402353e-04
15,33,-65,155,5.521735e-01,4.321307e-01,0.560979,0.984304,-0.59389,-0.83903,Land,0.552174,9.745507e-03,1.393042e-03,9.186690e-05,2.823245e-05,9.713342e-04
15,34,-65,165,4.915085e-01,4.932797e-01,0.499101,0.984788,-0.71028,-0.70668,Water,0.493280,9.583675e-03,1.775109e-03,7.928448e-05,2.902157e-05,9.412765e-04
15,35,-65,175,5.164173e-01,4.656249e-01,0.525861,0.982042,-0.66084,-0.76437,Land,0.516417,1.142831e-02,2.088141e-03,7.542594e-05,2.631498e-05,1.396787e-03
16,0,-75,-175,9.867456e-02,8.958262e-01,0.099220,0.994501,-2.31593,-0.11001,Water,0.895826,5.681440e-04,9.605483e-04,1.044096e-05,2.839991e-05,2.903472e-05
16,1,-75,-165,8.268378e-02,9.115193e-01,0.083166,0.994203,-2.49273,-0.09264,Water,0.911519,7.596214e-04,1.316203e-03,1.167666e-05,3.478419e-05,3.953721e-05
16,2,-75,-155,9.056783e-02,9.033773e-01,0.091120,0.993945,-2.40166,-0.10162,Water,0.903377,6.223769e-04,9.643166e-04,1.256390e-05,3.882162e-05,3.082724e-05
16,3,-75,-145,1.025961e-01,8.916174e-01,0.103193,0.994214,-2.27696,-0.11472,Water,0.891617,7.204968e-04,8.294022e-04,1.336297e-05,3.324697e-05,3.452868e-05
16,4,-75,-135,1.542303e-01,8.395728e-01,0.155192,0.993803,-1.86931,-0.17486,Water,0.839573,8.065569e-04,6.149329e-04,1.744294e-05,3.092999e-05,4.845839e-05
16,5,-75,-125,1.222477e-01,8.720486e-01,0.122949,0.994296,-2.10171,-0.13691,Water,0.872049,7.059038e-04,5.981759e-04,1.541988e-05,3.548845e-05,3.622725e-05
16,6,-75,-115,8.593035e-02,9.089987e-01,0.086368,0.994929,-2.45422,-0.09541,Water,0.908999,2.752170e-04,3.071105e-04,1.118932e-05,3.523412e-05,1.875220e-05
16,7,-75,-105,1.287994e-01,8.659815e-01,0.129475,0.994781,-2.04950,-0.14389,Water,0.865982,5.782905e-04,4.545535e-04,1.434393e-05,2.923163e-05,2.912377e-05
16,8,-75,-95,1.047577e-01,8.896643e-01,0.105345,0.994422,-2.25611,-0.11691,Water,0.889664,6.722243e-04,5.716684e-04,1.337677e-05,3.190965e-05,3.982279e-05
16,9,-75,-85,1.422882e-01,8.508294e-01,0.143274,0.993118,-1.94990,-0.16154,Water,0.850829,1.259204e-03,9.373008e-04,1.558440e-05,2.960695e-05,7.322565e-05
16,10,-75,-75,9.696619e-02,8.977255e-01,0.097484,0.994692,-2.33339,-0.10789,Water,0.897726,2.481859e-04,2.515530e-04,1.019771e-05,2.832139e-05,2.233388e-05
16,11,-75,-65,6.502439e-02,9.290738e-01,0.065410,0.994098,-2.73299,-0.07357,Water,0.929074,7.218640e-04,1.122556e-03,8.078736e-06,3.061884e-05,3.140333e-05
16,12,-75,-55,5.761514e-02,9.366574e-01,0.057947,0.994273,-2.85397,-0.06544,Water,0.936657,6.558098e-04,1.260252e-03,6.935622e-06,2.819601e-05,2.379104e-05
16,13,-75,-45,5.910580e-02,9.358829e-01,0.059403,0.994989,-2.82843,-0.06626,Water,0.935883,6.390928e-04,1.151378e-03,6.406775e-06,2.736422e-05,2.146886e-05
16,14,-75,-35,4.122658e-02,9.528834e-01,0.041471,0.994110,-3.18867,-0.04826,Water,0.952883,6.399458e-04,1.661011e-03,5.303733e-06,2.824968e-05,2.179187e-05
16,15,-75,-25,6.708867e-02,9.263778e-01,0.067530,0.993466,-2.70174,-0.07647,Water,0.926378,8.721078e-04,1.480331e-03,8.060956e-06,2.859049e-05,3.210654e-05
16,16,-75,-15,1.087460e-01,8.836203e-01,0.109583,0.992366,-2.21874,-0.12373,Water,0.883620,1.670742e-03,1.651939e-03,1.223619e-05,2.789480e-05,5.309967e-05
16,17,-75,-5,1.555673e-01,8.348756e-01,0.157068,0.990443,-1.86068,-0.18047,Water,0.834876,2.246204e-03,1.531413e-03,1.879619e-05,2.852471e-05,7.897804e-05
16,18,-75,5,2.814471e-01,7.060870e-01,0.285000,0.987534,-1.26781,-0.34802,Water,0.706087,4.572926e-03,1.496316e-03,4.510607e-05,3.508499e-05,2.067076e-04
16,19,-75,15,3.710241e-01,6.149394e-01,0.376306,0.985964,-0.99149,-0.48623,Water,0.614939,5.692735e-03,1.419322e-03,5.143183e-05,2.871992e-05,3.211891e-04
16,20,-75,25,3.506299e-01,6.350395e-01,0.355728,0.985669,-1.04802,-0.45407,Water,0.635040,4.859512e-03,1.388764e-03,5.359679e-05,2.981541e-05,3.980562e-04
16,21,-75,35,3.073722e-01,6.791197e-01,0.311581,0.986492,-1.17970,-0.38696,Water,0.679120,4.618267e-03,1.537551e-03,4.635435e-05,2.989858e-05,4.306691e-04
16,22,-75,45,3.698888e-01,6.180816e-01,0.374393,0.987970,-0.99455,-0.48113,Water,0.618082,3.780279e-03,9.761962e-04,5.159790e-05,2.642047e-05,3.333869e-04
16,23,-75,55,4.039053e-01,5.832989e-01,0.409141,0.987204,-0.90657,-0.53906,Water,0.583299,4.426223e-03,1.104101e-03,5.588487e-05,2.481712e-05,4.821261e-04
16,24,-75,65,2.796194e-01,7.090768e-01,0.282816,0.988696,-1.27433,-0.34379,Water,0.709077,3.450966e-03,1.161846e-03,4.232451e-05,3.145225e-05,3.381087e-04
16,25,-75,75,2.335623e-01,7.576242e-01,0.235639,0.991186,-1.45431,-0.27757,Water,0.757624,1.754866e-03,9.395882e-04,3.014238e-05,2.812458e-05,1.471344e-04
16,26,-75,85,3.164154e-01,6.704331e-01,0.320632,0.986849,-1.15070,-0.39983,Water,0.670433,4.226179e-03,1.358157e-03,4.969911e-05,3.006327e-05,3.787078e-04
16,27,-75,95,3.169475e-01,6.720280e-01,0.320481,0.988975,-1.14902,-0.39746,Water,0.672028,2.713900e-03,8.755695e-04,4.905964e-05,2.770530e-05,2.528927e-04
16,28,-75,105,3.856261e-01,6.023524e-01,0.390318,0.987979,-0.95289,-0.50691,Water,0.602352,3.452102e-03,8.502039e-04,5.472714e-05,2.428796e-05,3.124500e-04
16,29,-75,115,3.082257e-01,6.823980e-01,0.311143,0.990624,-1.17692,-0.38214,Water,0.682398,1.435907e-03,4.591036e-04,4.466432e-05,2.757289e-05,1.560916e-04
16,30,-75,125,3.138508e-01,6.757328e-01,0.317154,0.989584,-1.15884,-0.39196,Water,0.675733,2.358932e-03,7.290171e-04,5.093854e-05,3.260949e-05,2.261118e-04
16,31,-75,135,3.870029e-01,6.017995e-01,0.391385,0.988802,-0.94932,-0.50783,Water,0.601799,3.006274e-03,7.488190e-04,5.493018e-05,2.589927e-05,3.380939e-04
16,32,-75,145,2.637411e-01,7.256891e-01,0.266559,0.989430,-1.33279,-0.32063,Water,0.725689,3.110450e-03,1.096014e-03,4.245998e-05,2.988875e-05,2.417960e-04
16,33,-75,155,1.980140e-01,7.931604e-01,0.199777,0.991174,-1.61942,-0.23173,Water,0.793160,2.119069e-03,1.413188e-03,3.524195e-05,3.749255e-05,1.629674e-04
16,34,-75,165,2.085389e-01,7.827270e-01,0.210376,0.991266,-1.56763,-0.24497,Water,0.782727,2.614977e-03,1.659263e-03,3.709631e-05,3.474860e-05,2.858845e-04
16,35,-75,175,2.720913e-01,7.187161e-01,0.274616,0.990807,-1.30162,-0.33029,Water,0.718716,2.490123e-03,1.430246e-03,3.583079e-05,2.811246e-05,2.437863e-04
17,0,-85,-175,1.299407e-01,8.647489e-01,0.130634,0.994690,-2.04068,-0.14532,Water,0.864749,7.641654e-04,6.936286e-04,1.567596e-05,2.768272e-05,6.485780e-05
17,1,-85,-165,1.437024e-01,8.502403e-01,0.144578,0.993943,-1.94001,-0.16224,Water,0.850240,1.157524e-03,9.081111e-04,2.140275e-05,3.203518e-05,8.076888e-05
17,2,-85,-155,1.259072e-01,8.683978e-01,0.126628,0.994305,-2.07221,-0.14111,Water,0.868398,7.697529e-04,6.093511e-04,1.921055e-05,3.369300e-05,5.616697e-05
17,3,-85,-145,1.169538e-01,8.775982e-01,0.117594,0.994552,-2.14598,-0.13057,Water,0.877598,7.000803e-04,5.854759e-04,1.642438e-05,3.077960e-05,5.074868e-05
17,4,-85,-135,1.241458e-01,8.708815e-01,0.124766,0.995027,-2.08630,-0.13825,Water,0.870882,5.223704e-04,3.569738e-04,1.701129e-05,3.009278e-05,4.551585e-05
17,5,-85,-125,1.515430e-01,8.427664e-01,0.152410,0.994309,-1.88689,-0.17107,Water,0.842766,8.168437e-04,4.953491e-04,2.138359e-05,3.189915e-05,6.068713e-05
17,6,-85,-115,1.164548e-01,8.784756e-01,0.117048,0.994930,-2.15025,-0.12957,Water,0.878476,3.715468e-04,2.459473e-04,1.546716e-05,3.061583e-05,3.407442e-05
17,7,-85,-105,1.334174e-01,8.613867e-01,0.134114,0.994804,-2.01427,-0.14921,Water,0.861387,6.106844e-04,3.524958e-04,1.681628e-05,2.642897e-05,3.937473e-05
17,8,-85,-95,1.499326e-01,8.447791e-01,0.150730,0.994712,-1.89757,-0.16868,Water,0.844779,7.127976e-04,3.644435e-04,1.835627e-05,2.670480e-05,6.885922e-05
17,9,-85,-85,7.529912e-02,9.198910e-01,0.075663,0.995190,-2.58629,-0.08350,Water,0.919891,2.063404e-04,1.652455e-04,9.774669e-06,2.763689e-05,2.398622e-05
17,10,-85,-75,1.572678e-01,8.364007e-01,0.158270,0.993668,-1.84981,-0.17865,Water,0.836401,1.256756e-03,6.051076e-04,2.038039e-05,2.666600e-05,8.235158e-05
17,11,-85,-65,1.185512e-01,8.757924e-01,0.119226,0.994344,-2.13241,-0.13263,Water,0.875792,1.122539e-03,7.087531e-04,1.512921e-05,2.726620e-05,6.006742e-05
17,12,-85,-55,9.123335e-02,9.036781e-01,0.091700,0.994911,-2.39433,-0.10128,Water,0.903678,8.158668e-04,7.242573e-04,1.144980e-05,2.534199e-05,4.469023e-05
17,13,-85,-45,1.274399e-01,8.662040e-01,0.128255,0.993644,-2.06011,-0.14363,Water,0.866204,1.601245e-03,9.801892e-04,1.526990e-05,2.604653e-05,6.852420e-05
17,14,-85,-35,8.265489e-02,9.108741e-01,0.083193,0.993529,-2.49308,-0.09335,Water,0.910874,1.177267e-03,9.985640e-04,1.180047e-05,2.779148e-05,5.822853e-05
17,15,-85,-25,1.443843e-01,8.477660e-01,0.145527,0.992150,-1.93528,-0.16515,Water,0.847766,2.158205e-03,1.119214e-03,2.013624e-05,2.787287e-05,9.424585e-05
17,16,-85,-15,2.670087e-01,7.198064e-01,0.270576,0.986815,-1.32047,-0.32877,Water,0.719806,5.662150e-03,1.558653e-03,3.695922e-05,2.733229e-05,2.155636e-04
17,17,-85,-5,4.176884e-01,5.660634e-01,0.424587,0.983752,-0.87302,-0.56905,Water,0.566063,7.810467e-03,1.228793e-03,5.899665e-05,2.389865e-05,3.851261e-04
17,18,-85,5,6.872370e-01,2.857168e-01,0.706341,0.972954,-0.37508,-1.25275,Land,0.687237,1.700154e-02,9.597799e-04,1.347953e-04,2.007139e-05,1.023401e-03
17,19,-85,15,7.323343e-01,2.405159e-01,0.752772,0.972850,-0.31152,-1.42497,Land,0.732334,1.727078e-02,8.488216e-04,1.220304e-04,1.536991e-05,1.221536e-03
17,20,-85,25,7.504795e-01,2.238936e-01,0.770218,0.974373,-0.28704,-1.49658,Land,0.750480,1.698231e-02,8.113894e-04,1.202262e-04,1.329081e-05,1.489925e-03
17,21,-85,35,7.013969e-01,2.739443e-01,0.719130,0.975341,-0.35468,-1.29483,Land,0.701397,1.535876e-02,9.144071e-04,1.065323e-04,1.535387e-05,1.418973e-03
17,22,-85,45,7.370706e-01,2.413439e-01,0.753332,0.978414,-0.30507,-1.42153,Land,0.737071,1.320224e-02,6.711542e-04,1.016350e-04,1.316361e-05,1.226375e-03
17,23,-85,55,7.539466e-01,2.236676e-01,0.771211,0.977614,-0.28243,-1.49759,Land,0.753947,1.475169e-02,7.395081e-04,1.009772e-04,1.192234e-05,1.420892e-03
17,24,-85,65,6.612058e-01,3.201141e-01,0.673792,0.981320,-0.41369,-1.13908,Land,0.661206,1.038917e-02,6.975115e-04,9.138320e-05,1.699108e-05,1.036126e-03
17,25,-85,75,6.667791e-01,3.145901e-01,0.679438,0.981369,-0.40530,-1.15648,Land,0.666779,9.637920e-03,7.206043e-04,8.968916e-05,1.574555e-05,7.772561e-04
17,26,-85,85,2.553170e-01,7.353399e-01,0.257725,0.990657,-1.36525,-0.30742,Water,0.735340,2.330705e-03,7.803714e-04,3.862763e-05,2.864745e-05,2.135575e-04
17,27,-85,95,4.913019e-01,4.966071e-01,0.497315,0.987909,-0.71070,-0.69996,Water,0.496607,4.145467e-03,5.652707e-04,6.693370e-05,2.154846e-05,5.854199e-04
17,28,-85,105,6.128589e-01,3.724920e-01,0.621970,0.985351,-0.48962,-0.98754,Land,0.612859,6.842146e-03,6.252555e-04,7.898103e-05,1.671165e-05,5.405008e-04
17,29,-85,115,4.247441e-01,5.648678e-01,0.429203,0.989612,-0.85627,-0.57116,Water,0.564868,2.304205e-03,4.000063e-04,6.166820e-05,2.410569e-05,3.302793e-04
17,30,-85,125,5.118549e-01,4.754842e-01,0.518419,0.987339,-0.66971,-0.74342,Land,0.511855,4.446763e-03,6.033371e-04,7.851889e-05,2.287411e-05,5.212730e-04
17,31,-85,135,5.093538e-01,4.781989e-01,0.515774,0.987553,-0.67461,-0.73773,Land,0.509354,4.223863e-03,5.915341e-04,7.713820e-05,2.219373e-05,4.957237e-04
17,32,-85,145,4.453807e-01,5.393632e-01,0.452281,0.984744,-0.80883,-0.61737,Water,0.539363,6.759757e-03,1.101528e-03,7.366569e-05,2.540921e-05,5.011938e-04
17,33,-85,155,4.218865e-01,5.641234e-01,0.427872,0.986010,-0.86302,-0.57248,Water,0.564123,5.376700e-03,1.002417e-03,7.702626e-05,2.946958e-05,5.979019e-04
17,34,-85,165,4.664503e-01,5.182275e-01,0.473709,0.984678,-0.76260,-0.65734,Water,0.518227,6.990512e-03,1.153772e-03,8.431202e-05,2.671272e-05,8.152835e-04
17,35,-85,175,4.182972e-01,5.686992e-01,0.423808,0.986996,-0.87156,-0.56440,Water,0.568699,5.382246e-03,1.379681e-03,6.329388e-05,2.583233e-05,5.784865e-04
