row,col,lat,lon,p_land,p_water,p_land_vs_water,mass_land_water,logp_land,logp_water,argmax_token,argmax_prob,p_land_lower_space,p_water_lower_space,p_land_nospace,p_water_nospace,p_land_upper_space,p_water_upper_space
0,0,85,-175,6.575084e-01,1.398628e-01,0.824595,0.797371,-0.41930,-1.96709, Land,0.657508,2.231639e-02,8.420462e-03,3.304205e-03,1.432605e-03,1.677845e-02,1.136673e-02
0,1,85,-165,6.550470e-01,1.336294e-01,0.830565,0.788676,-0.42305,-2.01269, Land,0.655047,2.395223e-02,8.644662e-03,3.344480e-03,1.400732e-03,1.728811e-02,1.132652e-02
0,2,85,-155,6.588930e-01,1.384074e-01,0.826405,0.797300,-0.41719,-1.97755, Land,0.658893,2.189968e-02,8.337687e-03,3.515700e-03,1.499446e-03,1.681926e-02,1.126605e-02
0,3,85,-145,6.644318e-01,1.391580e-01,0.826830,0.803590,-0.40882,-1.97215, Land,0.664432,2.189178e-02,8.348733e-03,3.410443e-03,1.459541e-03,1.663433e-02,1.182928e-02
0,4,85,-135,6.648258e-01,1.348494e-01,0.831370,0.799675,-0.40823,-2.00360, Land,0.664826,2.172396e-02,7.751334e-03,3.296454e-03,1.349926e-03,1.693633e-02,1.121037e-02
0,5,85,-125,6.595383e-01,1.381628e-01,0.826799,0.797701,-0.41622,-1.97932, Land,0.659538,2.219940e-02,8.211073e-03,3.502006e-03,1.494871e-03,1.722514e-02,1.149673e-02
0,6,85,-115,6.652094e-01,1.321675e-01,0.834247,0.797377,-0.40765,-2.02369, Land,0.665209,2.299293e-02,8.141307e-03,3.519489e-03,1.404035e-03,1.781733e-02,1.149300e-02
0,7,85,-105,6.652231e-01,1.262896e-01,0.840445,0.791513,-0.40763,-2.06918, Land,0.665223,2.166452e-02,7.185875e-03,3.547203e-03,1.396170e-03,1.724677e-02,1.111552e-02
0,8,85,-95,6.706177e-01,1.308477e-01,0.836739,0.801465,-0.39956,-2.03372, Land,0.670618,2.075471e-02,7.211456e-03,3.286787e-03,1.316294e-03,1.685272e-02,1.073493e-02
0,9,85,-85,7.078093e-01,9.731166e-02,0.879134,0.805121,-0.34558,-2.32984, Land,0.707809,1.867036e-02,4.726339e-03,2.651045e-03,7.829832e-04,1.739325e-02,8.189920e-03
0,10,85,-75,6.933011e-01,1.176569e-01,0.854916,0.810958,-0.36629,-2.13998, Land,0.693301,2.091826e-02,6.162676e-03,3.446945e-03,1.193627e-03,1.632918e-02,9.263654e-03
0,11,85,-65,6.846499e-01,1.215585e-01,0.849222,0.806208,-0.37885,-2.10736, Land,0.684650,2.121603e-02,6.584424e-03,3.290079e-03,1.200971e-03,1.645581e-02,9.624396e-03
0,12,85,-55,6.868509e-01,1.228009e-01,0.848329,0.809652,-0.37564,-2.09719, Land,0.686851,2.026879e-02,6.559598e-03,3.238574e-03,1.189455e-03,1.695528e-02,9.871720e-03
0,13,85,-45,7.016253e-01,1.155068e-01,0.858644,0.817132,-0.35436,-2.15843, Land,0.701625,2.027037e-02,5.954295e-03,3.141644e-03,1.052697e-03,1.549797e-02,8.646186e-03
0,14,85,-35,6.908419e-01,1.213758e-01,0.850562,0.812218,-0.36984,-2.10886, Land,0.690842,2.051544e-02,6.401865e-03,3.241016e-03,1.136924e-03,1.536764e-02,9.041807e-03
0,15,85,-25,6.893133e-01,1.212947e-01,0.850366,0.810608,-0.37206,-2.10953, Land,0.689313,2.046368e-02,6.443382e-03,3.296393e-03,1.152624e-03,1.561568e-02,9.216200e-03
0,16,85,-15,7.072724e-01,1.094328e-01,0.866007,0.816705,-0.34634,-2.21244, Land,0.707272,1.913031e-02,5.259750e-03,3.072337e-03,9.717328e-04,1.482496e-02,8.240987e-03
0,17,85,-5,7.038683e-01,1.097757e-01,0.865081,0.813644,-0.35116,-2.20932, Land,0.703868,1.917627e-02,5.389025e-03,3.125676e-03,9.796102e-04,1.468146e-02,8.284196e-03
0,18,85,5,7.030859e-01,1.091855e-01,0.865580,0.812271,-0.35228,-2.21471, Land,0.703086,2.080623e-02,5.662451e-03,3.429313e-03,1.040053e-03,1.837974e-02,1.005499e-02
0,19,85,15,7.055577e-01,1.103640e-01,0.864737,0.815922,-0.34877,-2.20397, Land,0.705558,2.079421e-02,5.843455e-03,3.299745e-03,1.027064e-03,1.941756e-02,1.057727e-02
0,20,85,25,6.950648e-01,1.157602e-01,0.857232,0.810825,-0.36375,-2.15623, Land,0.695065,2.204693e-02,6.480264e-03,3.675436e-03,1.176482e-03,1.888764e-02,1.062539e-02
0,21,85,35,6.998288e-01,1.119496e-01,0.862093,0.811778,-0.35692,-2.18971, Land,0.699829,2.199826e-02,6.184071e-03,3.544968e-03,1.106523e-03,1.900761e-02,1.025860e-02
0,22,85,45,7.066046e-01,1.110160e-01,0.864221,0.817621,-0.34728,-2.19808, Land,0.706605,2.200591e-02,6.209468e-03,3.536886e-03,1.087866e-03,1.922093e-02,1.014247e-02
0,23,85,55,7.025842e-01,1.085515e-01,0.866173,0.811136,-0.35299,-2.22053, Land,0.702584,2.221532e-02,6.093408e-03,3.553642e-03,1.059999e-03,2.075147e-02,1.072989e-02
0,24,85,65,6.957037e-01,1.149200e-01,0.858233,0.810624,-0.36283,-2.16352, Land,0.695704,2.114546e-02,6.188041e-03,3.530910e-03,1.152122e-03,1.989926e-02,1.089690e-02
0,25,85,75,6.939067e-01,1.139496e-01,0.858948,0.807856,-0.36542,-2.17200, Land,0.693907,2.270363e-02,6.411228e-03,3.756191e-03,1.182140e-03,1.953286e-02,1.108060e-02
0,26,85,85,7.046065e-01,1.010109e-01,0.874617,0.805617,-0.35012,-2.29253, Land,0.704606,2.054548e-02,5.566061e-03,3.207459e-03,9.399995e-04,2.054154e-02,1.054442e-02
0,27,85,95,6.715126e-01,1.252365e-01,0.842816,0.796749,-0.39822,-2.07755, Land,0.671513,2.188052e-02,7.374335e-03,3.586093e-03,1.332919e-03,2.154969e-02,1.380287e-02
0,28,85,105,6.759007e-01,1.184628e-01,0.850871,0.794363,-0.39171,-2.13316, Land,0.675901,2.228644e-02,7.031358e-03,3.805792e-03,1.308752e-03,2.299113e-02,1.371986e-02
0,29,85,115,6.630521e-01,1.313720e-01,0.834632,0.794424,-0.41090,-2.02972, Land,0.663052,2.304848e-02,8.206744e-03,3.755756e-03,1.410200e-03,2.293891e-02,1.546907e-02
0,30,85,125,6.732656e-01,1.288361e-01,0.839377,0.802102,-0.39562,-2.04921, Land,0.673266,2.166243e-02,7.472190e-03,3.928953e-03,1.467196e-03,2.172503e-02,1.434615e-02
0,31,85,135,6.778857e-01,1.186279e-01,0.851066,0.796514,-0.38878,-2.13176, Land,0.677886,2.243217e-02,7.179763e-03,3.739724e-03,1.295209e-03,2.185305e-02,1.322068e-02
0,32,85,145,6.704028e-01,1.300684e-01,0.837510,0.800471,-0.39988,-2.03969, Land,0.670403,2.285470e-02,8.270660e-03,3.630160e-03,1.386659e-03,2.007061e-02,1.371137e-02
0,33,85,155,6.760355e-01,1.246924e-01,0.844276,0.800728,-0.39151,-2.08191, Land,0.676036,2.293438e-02,7.773362e-03,3.734111e-03,1.381216e-03,1.983187e-02,1.261895e-02
0,34,85,165,6.506565e-01,1.324022e-01,0.830917,0.783059,-0.42977,-2.02191, Land,0.650656,2.365766e-02,8.574638e-03,3.457625e-03,1.390916e-03,2.150717e-02,1.473427e-02
0,35,85,175,6.744941e-01,1.284762e-01,0.839999,0.802970,-0.39379,-2.05201, Land,0.674494,2.224506e-02,7.648728e-03,3.519541e-03,1.326590e-03,2.069549e-02,1.359897e-02
1,0,75,-175,6.823979e-01,1.215970e-01,0.848759,0.803995,-0.38214,-2.10704, Land,0.682398,2.523535e-02,6.755272e-03,3.296924e-03,1.054168e-03,1.533198e-02,8.084408e-03
1,1,75,-165,6.883590e-01,1.175654e-01,0.854124,0.805924,-0.37344,-2.14076, Land,0.688359,2.571654e-02,6.626360e-03,3.447088e-03,1.046163e-03,1.466478e-02,7.459855e-03
1,2,75,-155,6.867437e-01,1.250421e-01,0.845967,0.811786,-0.37579,-2.07911, Land,0.686744,2.545138e-02,6.970223e-03,3.550211e-03,1.144902e-03,1.449331e-02,7.795433e-03
1,3,75,-145,6.861182e-01,1.265304e-01,0.844299,0.812649,-0.37671,-2.06727, Land,0.686118,2.576394e-02,7.133704e-03,3.533262e-03,1.121180e-03,1.469183e-02,7.791230e-03
1,4,75,-135,6.867365e-01,1.218204e-01,0.849336,0.808557,-0.37580,-2.10521, Land,0.686736,2.552946e-02,6.739215e-03,3.350380e-03,1.039621e-03,1.564467e-02,8.361947e-03
1,5,75,-125,6.719945e-01,1.361234e-01,0.831555,0.808118,-0.39751,-1.99419, Land,0.671994,2.433479e-02,7.565343e-03,3.482639e-03,1.249414e-03,1.532276e-02,8.698859e-03
1,6,75,-115,6.891561e-01,1.202786e-01,0.851404,0.809435,-0.37229,-2.11794, Land,0.689156,2.653439e-02,6.750240e-03,3.542539e-03,1.092292e-03,1.594530e-02,8.079950e-03
1,7,75,-105,6.953073e-01,1.104138e-01,0.862963,0.805721,-0.36340,-2.20352, Land,0.695307,2.592782e-02,6.015819e-03,3.930725e-03,1.109345e-03,1.598286e-02,7.809881e-03
1,8,75,-95,7.011384e-01,1.140002e-01,0.860146,0.815139,-0.35505,-2.17156, Land,0.701138,2.215201e-02,5.342397e-03,3.458024e-03,1.006443e-03,1.387494e-02,6.868182e-03
1,9,75,-85,6.987930e-01,1.218029e-01,0.851568,0.820596,-0.35840,-2.10535, Land,0.698793,2.442303e-02,6.494102e-03,3.392267e-03,1.042539e-03,1.590730e-02,8.057552e-03
1,10,75,-75,7.135442e-01,9.845735e-02,0.878747,0.812002,-0.33751,-2.31813, Land,0.713544,2.202194e-02,4.198908e-03,2.879256e-03,6.760226e-04,1.454746e-02,6.016809e-03
1,11,75,-65,7.126702e-01,1.079823e-01,0.868419,0.820653,-0.33874,-2.22579, Land,0.712670,2.338225e-02,5.008583e-03,3.293118e-03,8.705918e-04,1.411456e-02,6.150407e-03
1,12,75,-55,7.175717e-01,1.080791e-01,0.869098,0.825651,-0.33188,-2.22489, Land,0.717572,2.307930e-02,5.110804e-03,3.256733e-03,8.518423e-04,1.457236e-02,6.421808e-03
1,13,75,-45,7.289503e-01,1.082713e-01,0.870678,0.837222,-0.31615,-2.22311, Land,0.728950,2.222224e-02,4.876293e-03,3.028665e-03,7.864727e-04,1.281307e-02,5.494304e-03
1,14,75,-35,7.127561e-01,1.107953e-01,0.865466,0.823551,-0.33862,-2.20007, Land,0.712756,2.363225e-02,5.207647e-03,3.290510e-03,8.659992e-04,1.348304e-02,6.112640e-03
1,15,75,-25,7.170143e-01,1.046414e-01,0.872646,0.821656,-0.33266,-2.25722, Land,0.717014,2.296387e-02,4.922358e-03,3.222665e-03,8.157263e-04,1.307240e-02,5.757941e-03
1,16,75,-15,7.211454e-01,1.050348e-01,0.872867,0.826180,-0.32691,-2.25346, Land,0.721145,2.215999e-02,4.588423e-03,3.185061e-03,7.820009e-04,1.338569e-02,6.070033e-03
1,17,75,-5,7.251481e-01,1.021058e-01,0.876573,0.827254,-0.32138,-2.28175, Land,0.725148,2.241491e-02,4.590611e-03,3.172519e-03,7.294805e-04,1.271445e-02,5.723472e-03
1,18,75,5,7.311127e-01,9.461405e-02,0.885417,0.825727,-0.31319,-2.35795, Land,0.731113,2.306559e-02,4.484872e-03,3.386129e-03,7.342262e-04,1.588975e-02,6.332390e-03
1,19,75,15,7.277231e-01,9.386677e-02,0.885750,0.821590,-0.31783,-2.36588, Land,0.727723,2.357270e-02,4.604130e-03,3.394193e-03,7.492625e-04,1.724262e-02,6.883501e-03
1,20,75,25,7.352462e-01,9.062154e-02,0.890271,0.825868,-0.30755,-2.40106, Land,0.735246,2.442395e-02,4.414130e-03,3.501244e-03,7.497113e-04,1.614475e-02,6.179796e-03
1,21,75,35,7.381597e-01,9.015324e-02,0.891160,0.828313,-0.30360,-2.40624, Land,0.738160,2.517357e-02,4.610511e-03,3.631823e-03,7.517765e-04,1.601667e-02,5.928986e-03
1,22,75,45,7.519091e-01,8.851225e-02,0.894681,0.840421,-0.28514,-2.42461, Land,0.751909,2.403243e-02,4.394932e-03,3.429374e-03,6.934184e-04,1.543572e-02,5.600333e-03
1,23,75,55,7.327582e-01,9.133227e-02,0.889172,0.824090,-0.31094,-2.39325, Land,0.732758,2.502623e-02,4.675041e-03,3.639334e-03,7.777166e-04,1.815073e-02,6.724943e-03
1,24,75,65,7.262813e-01,9.185285e-02,0.887729,0.818134,-0.31982,-2.38757, Land,0.726281,2.614549e-02,4.757725e-03,3.595475e-03,7.843644e-04,1.718032e-02,6.394567e-03
1,25,75,75,7.280562e-01,8.809896e-02,0.892056,0.816155,-0.31738,-2.42929, Land,0.728056,2.494911e-02,4.482971e-03,3.289868e-03,6.913448e-04,1.665759e-02,6.633308e-03
1,26,75,85,7.067946e-01,1.118691e-01,0.863352,0.818664,-0.34702,-2.19043, Land,0.706795,2.553711e-02,6.352327e-03,3.841974e-03,1.066544e-03,1.957808e-02,9.156913e-03
1,27,75,95,7.052938e-01,1.015214e-01,0.874170,0.806815,-0.34914,-2.28749, Land,0.705294,2.413943e-02,5.272828e-03,3.844136e-03,9.754275e-04,1.873443e-02,8.729093e-03
1,28,75,105,7.046846e-01,9.970866e-02,0.876045,0.804393,-0.35000,-2.30550, Land,0.704685,2.660438e-02,5.627292e-03,3.990553e-03,1.003685e-03,1.927185e-02,8.867760e-03
1,29,75,115,6.917796e-01,1.108199e-01,0.861924,0.802599,-0.36849,-2.19985, Land,0.691780,2.741897e-02,6.521359e-03,3.737010e-03,1.028038e-03,1.969133e-02,9.349539e-03
1,30,75,125,6.901971e-01,1.191854e-01,0.852745,0.809382,-0.37078,-2.12708, Land,0.690197,2.514345e-02,6.702013e-03,3.788830e-03,1.145599e-03,1.864645e-02,9.639567e-03
1,31,75,135,6.953612e-01,1.108890e-01,0.862463,0.806250,-0.36332,-2.19923, Land,0.695361,2.621029e-02,6.483667e-03,3.765148e-03,1.047332e-03,1.890707e-02,9.553127e-03
1,32,75,145,6.847544e-01,1.188330e-01,0.852122,0.803587,-0.37870,-2.13004, Land,0.684754,2.579677e-02,6.775446e-03,3.746991e-03,1.122040e-03,1.796413e-02,9.398973e-03
1,33,75,155,6.833276e-01,1.169389e-01,0.853875,0.800267,-0.38078,-2.14610, Land,0.683328,2.643299e-02,6.920108e-03,3.835567e-03,1.151676e-03,1.815030e-02,9.498099e-03
1,34,75,165,6.720790e-01,1.179600e-01,0.850691,0.790039,-0.39738,-2.13741, Land,0.672079,2.735090e-02,7.284558e-03,3.661561e-03,1.100790e-03,1.898497e-02,1.020013e-02
1,35,75,175,6.839205e-01,1.133480e-01,0.857830,0.797269,-0.37991,-2.17729, Land,0.683920,2.561184e-02,6.563683e-03,3.608179e-03,1.053106e-03,1.818413e-02,9.369799e-03
2,0,65,-175,7.301674e-01,9.455761e-02,0.885346,0.824725,-0.31448,-2.35855, Land,0.730167,2.655831e-02,5.228467e-03,3.177671e-03,7.855481e-04,1.337388e-02,4.963611e-03
2,1,65,-165,6.997210e-01,1.068993e-01,0.867473,0.806620,-0.35707,-2.23587, Land,0.699721,2.552122e-02,6.062558e-03,3.149874e-03,8.960704e-04,1.313603e-02,5.818965e-03
2,2,65,-155,7.191470e-01,9.774584e-02,0.880344,0.816893,-0.32969,-2.32538, Land,0.719147,2.670586e-02,5.957072e-03,3.504038e-03,9.140926e-04,1.340624e-02,5.408503e-03
2,3,65,-145,7.150994e-01,1.048832e-01,0.872091,0.819983,-0.33533,-2.25491, Land,0.715099,2.470613e-02,5.879421e-03,3.226858e-03,8.980512e-04,1.333471e-02,5.644820e-03
2,4,65,-135,7.220509e-01,9.649171e-02,0.882118,0.818543,-0.32566,-2.33830, Land,0.722051,2.655721e-02,5.607658e-03,3.140421e-03,8.034717e-04,1.404261e-02,5.501315e-03
2,5,65,-125,7.155317e-01,1.066838e-01,0.870248,0.822216,-0.33473,-2.23789, Land,0.715532,2.586110e-02,6.060090e-03,3.506211e-03,9.881505e-04,1.298130e-02,5.514305e-03
2,6,65,-115,7.164161e-01,9.866371e-02,0.878952,0.815080,-0.33349,-2.31604, Land,0.716416,2.752672e-02,5.596624e-03,3.167227e-03,7.943676e-04,1.486273e-02,5.351282e-03
2,7,65,-105,7.355053e-01,8.796917e-02,0.893173,0.823475,-0.30720,-2.43077, Land,0.735505,2.583998e-02,4.645058e-03,3.501802e-03,7.893087e-04,1.421411e-02,4.919957e-03
2,8,65,-95,7.323260e-01,9.536996e-02,0.884777,0.827696,-0.31153,-2.34999, Land,0.732326,2.307635e-02,4.690226e-03,3.007411e-03,7.528782e-04,1.343941e-02,5.015211e-03
2,9,65,-85,7.378943e-01,9.671211e-02,0.884123,0.834606,-0.30395,-2.33602, Land,0.737894,2.374959e-02,4.824939e-03,3.141173e-03,7.797529e-04,1.401537e-02,5.286499e-03
2,10,65,-75,7.440022e-01,9.215856e-02,0.889784,0.836161,-0.29571,-2.38424, Land,0.744002,2.310123e-02,4.290390e-03,3.117879e-03,7.107588e-04,1.254939e-02,4.410430e-03
2,11,65,-65,7.524561e-01,7.779725e-02,0.906297,0.830253,-0.28441,-2.55365, Land,0.752456,2.313682e-02,3.484553e-03,2.533230e-03,4.819919e-04,1.268064e-02,3.621531e-03
2,12,65,-55,7.499707e-01,8.336123e-02,0.899966,0.833332,-0.28772,-2.48457, Land,0.749971,2.377749e-02,3.958078e-03,2.955817e-03,5.960850e-04,1.334696e-02,4.041273e-03
2,13,65,-45,7.611391e-01,8.159692e-02,0.903176,0.842736,-0.27294,-2.50596, Land,0.761139,2.241365e-02,3.858203e-03,2.735039e-03,5.530978e-04,1.179911e-02,3.708441e-03
2,14,65,-35,7.621894e-01,7.574987e-02,0.909600,0.837939,-0.27156,-2.58032, Land,0.762189,2.439479e-02,3.715383e-03,2.897647e-03,5.425095e-04,1.218633e-02,3.486610e-03
2,15,65,-25,7.599214e-01,7.892763e-02,0.905910,0.838849,-0.27454,-2.53922, Land,0.759921,2.330560e-02,3.813431e-03,2.993179e-03,5.888094e-04,1.186899e-02,3.686367e-03
2,16,65,-15,7.644567e-01,7.688981e-02,0.908611,0.841346,-0.26859,-2.56538, Land,0.764457,2.314136e-02,3.549146e-03,3.012208e-03,5.587411e-04,1.152765e-02,3.487880e-03
2,17,65,-5,7.591830e-01,7.732685e-02,0.907560,0.836510,-0.27551,-2.55971, Land,0.759183,2.159678e-02,3.354709e-03,2.823070e-03,5.145827e-04,1.078488e-02,3.384543e-03
2,18,65,5,7.792290e-01,5.929466e-02,0.929287,0.838524,-0.24945,-2.82524, Land,0.779229,2.456183e-02,2.929559e-03,3.228756e-03,4.364014e-04,1.426235e-02,3.196787e-03
2,19,65,15,7.838513e-01,5.614333e-02,0.933162,0.839995,-0.24354,-2.87985, Land,0.783851,2.434988e-02,2.702981e-03,3.382029e-03,4.265445e-04,1.525347e-02,3.169290e-03
2,20,65,25,7.793079e-01,5.836883e-02,0.930321,0.837677,-0.24935,-2.84097, Land,0.779308,2.522452e-02,3.054381e-03,3.440645e-03,4.740605e-04,1.506590e-02,3.275127e-03
2,21,65,35,7.830918e-01,5.658892e-02,0.932607,0.839681,-0.24451,-2.87194, Land,0.783092,2.630266e-02,3.098268e-03,3.433999e-03,4.597184e-04,1.460077e-02,3.015384e-03
2,22,65,45,7.841072e-01,5.802831e-02,0.931094,0.842136,-0.24321,-2.84682, Land,0.784107,2.461027e-02,2.948640e-03,3.248088e-03,4.391097e-04,1.454516e-02,2.969215e-03
2,23,65,55,7.790028e-01,5.966104e-02,0.928862,0.838664,-0.24974,-2.81908, Land,0.779003,2.489409e-02,3.060279e-03,3.374847e-03,4.660056e-04,1.652274e-02,3.471854e-03
2,24,65,65,7.691817e-01,6.400675e-02,0.923179,0.833188,-0.26243,-2.74877, Land,0.769182,2.459185e-02,3.241455e-03,2.969468e-03,4.548581e-04,1.596066e-02,3.673221e-03
2,25,65,75,7.704039e-01,6.812105e-02,0.918761,0.838525,-0.26084,-2.68647, Land,0.770404,2.503988e-02,3.623052e-03,3.555077e-03,5.877109e-04,1.530953e-02,3.838270e-03
2,26,65,85,7.574724e-01,7.691730e-02,0.907816,0.834390,-0.27777,-2.56502, Land,0.757472,2.458239e-02,4.148461e-03,3.645858e-03,6.872705e-04,1.720808e-02,4.945338e-03
2,27,65,95,7.430292e-01,8.053776e-02,0.902209,0.823567,-0.29702,-2.51903, Land,0.743029,2.488748e-02,4.433431e-03,3.499200e-03,7.098118e-04,1.701171e-02,5.234264e-03
2,28,65,105,7.549235e-01,6.948174e-02,0.915719,0.824405,-0.28114,-2.66669, Land,0.754923,2.724222e-02,3.973545e-03,3.767078e-03,6.604985e-04,1.769013e-02,4.837969e-03
2,29,65,115,7.365894e-01,8.144842e-02,0.900434,0.818038,-0.30572,-2.50779, Land,0.736589,2.789545e-02,4.810991e-03,3.544356e-03,7.198023e-04,1.765738e-02,5.553264e-03
2,30,65,125,7.280168e-01,9.155491e-02,0.888289,0.819572,-0.31743,-2.39082, Land,0.728017,2.688634e-02,5.420785e-03,3.660822e-03,8.422067e-04,1.730274e-02,5.936858e-03
2,31,65,135,7.301963e-01,8.431743e-02,0.896481,0.814514,-0.31444,-2.47317, Land,0.730196,2.650700e-02,5.056682e-03,3.401390e-03,7.480008e-04,1.795434e-02,6.176551e-03
2,32,65,145,7.206707e-01,8.946241e-02,0.889571,0.810133,-0.32757,-2.41394, Land,0.720671,2.741079e-02,5.539168e-03,3.576917e-03,8.134332e-04,1.587556e-02,5.690480e-03
2,33,65,155,7.252964e-01,8.877669e-02,0.890948,0.814073,-0.32117,-2.42163, Land,0.725296,2.715796e-02,5.534979e-03,3.731587e-03,8.562683e-04,1.618203e-02,5.712925e-03
2,34,65,165,7.051980e-01,9.338779e-02,0.883059,0.798586,-0.34928,-2.37099, Land,0.705198,2.699514e-02,5.933165e-03,3.298195e-03,8.222330e-04,1.648164e-02,6.484555e-03
2,35,65,175,7.325462e-01,8.234880e-02,0.898946,0.814895,-0.31123,-2.49679, Land,0.732546,2.778700e-02,4.917574e-03,3.603647e-03,7.415563e-04,1.611858e-02,5.331771e-03
3,0,55,-175,7.238155e-01,9.326788e-02,0.885853,0.817083,-0.32322,-2.37228, Land,0.723816,2.646822e-02,5.551163e-03,3.392905e-03,8.061126e-04,1.487140e-02,4.677656e-03
3,1,55,-165,7.141012e-01,9.702596e-02,0.880381,0.811127,-0.33673,-2.33278, Land,0.714101,2.808246e-02,6.129309e-03,3.275513e-03,8.468208e-04,1.461497e-02,5.156714e-03
3,2,55,-155,7.122902e-01,1.096473e-01,0.866599,0.821938,-0.33927,-2.21049, Land,0.712290,2.449694e-02,6.666913e-03,3.487422e-03,1.063135e-03,1.418019e-02,5.409720e-03
3,3,55,-145,7.266797e-01,9.544025e-02,0.883910,0.822120,-0.31927,-2.34925, Land,0.726680,2.531057e-02,5.559929e-03,3.415776e-03,8.480451e-04,1.452483e-02,4.830852e-03
3,4,55,-135,7.271624e-01,9.109450e-02,0.888672,0.818257,-0.31861,-2.39586, Land,0.727162,2.569373e-02,5.395647e-03,3.247709e-03,7.813267e-04,1.538613e-02,5.152457e-03
3,5,55,-125,7.235440e-01,1.000093e-01,0.878564,0.823553,-0.32359,-2.30249, Land,0.723544,2.561319e-02,5.636065e-03,3.655475e-03,9.386824e-04,1.433830e-02,4.712485e-03
3,6,55,-115,7.273031e-01,9.233082e-02,0.887351,0.819634,-0.31841,-2.38238, Land,0.727303,2.674786e-02,5.262392e-03,3.398187e-03,8.006889e-04,1.545616e-02,4.496692e-03
3,7,55,-105,7.392431e-01,8.305377e-02,0.898998,0.822297,-0.30213,-2.48827, Land,0.739243,2.624289e-02,4.672302e-03,3.602130e-03,7.591987e-04,1.525518e-02,4.225963e-03
3,8,55,-95,7.369802e-01,9.278367e-02,0.888181,0.829764,-0.30519,-2.37748, Land,0.736980,2.307851e-02,4.781145e-03,3.214794e-03,7.660478e-04,1.499553e-02,4.588578e-03
3,9,55,-85,7.558019e-01,8.666869e-02,0.897126,0.842471,-0.27998,-2.44566, Land,0.755802,2.329637e-02,4.342950e-03,3.232172e-03,6.997084e-04,1.620903e-02,4.518198e-03
3,10,55,-75,7.527115e-01,8.884194e-02,0.894431,0.841553,-0.28407,-2.42090, Land,0.752712,2.274167e-02,4.256311e-03,3.252726e-03,7.071665e-04,1.333155e-02,3.899207e-03
3,11,55,-65,7.504398e-01,8.472751e-02,0.898550,0.835167,-0.28710,-2.46831, Land,0.750440,2.335918e-02,4.137281e-03,3.106697e-03,6.402356e-04,1.419568e-02,3.712697e-03
3,12,55,-55,7.545440e-01,7.162823e-02,0.913301,0.826172,-0.28164,-2.63627, Land,0.754544,2.503244e-02,3.803426e-03,2.570459e-03,4.468916e-04,1.543647e-02,3.530424e-03
3,13,55,-45,7.652589e-01,7.965394e-02,0.905725,0.844913,-0.26754,-2.53006, Land,0.765259,2.285260e-02,3.995176e-03,2.928248e-03,5.669539e-04,1.349421e-02,3.414208e-03
3,14,55,-35,7.601158e-01,7.577039e-02,0.909353,0.835886,-0.27428,-2.58005, Land,0.760116,2.369783e-02,3.842848e-03,3.098443e-03,5.693931e-04,1.315705e-02,3.296637e-03
3,15,55,-25,7.624663e-01,7.432318e-02,0.911181,0.836789,-0.27120,-2.59933, Land,0.762466,2.262193e-02,3.517588e-03,3.274078e-03,5.710896e-04,1.308717e-02,3.235616e-03
3,16,55,-15,7.743012e-01,7.109742e-02,0.915901,0.845399,-0.25579,-2.64370, Land,0.774301,2.123062e-02,3.333078e-03,3.120408e-03,5.354134e-04,1.261750e-02,3.144007e-03
3,17,55,-5,7.642509e-01,6.696099e-02,0.919442,0.831212,-0.26886,-2.70365, Land,0.764251,2.221169e-02,3.135589e-03,2.944423e-03,4.511038e-04,1.212791e-02,2.765445e-03
3,18,55,5,7.750972e-01,5.719306e-02,0.931282,0.832290,-0.25477,-2.86132, Land,0.775097,2.410384e-02,2.866386e-03,3.068936e-03,4.034993e-04,1.480014e-02,2.765228e-03
3,19,55,15,7.799721e-01,5.675506e-02,0.932170,0.836727,-0.24850,-2.86901, Land,0.779972,2.533263e-02,2.995790e-03,3.212122e-03,4.206609e-04,1.655445e-02,3.049548e-03
3,20,55,25,7.889989e-01,5.344759e-02,0.936557,0.842446,-0.23699,-2.92905, Land,0.788999,2.522928e-02,2.806984e-03,3.451976e-03,4.168767e-04,1.624398e-02,2.876095e-03
3,21,55,35,7.877920e-01,5.406074e-02,0.935784,0.841853,-0.23852,-2.91765, Land,0.787792,2.469567e-02,2.806488e-03,3.332322e-03,4.235542e-04,1.535868e-02,2.571007e-03
3,22,55,45,7.923995e-01,5.511563e-02,0.934968,0.847515,-0.23269,-2.89832, Land,0.792399,2.491162e-02,2.888381e-03,3.124411e-03,3.996883e-04,1.494262e-02,2.557417e-03
3,23,55,55,7.731418e-01,5.522803e-02,0.933329,0.828370,-0.25729,-2.89628, Land,0.773142,2.619969e-02,3.056985e-03,2.929200e-03,3.755613e-04,1.738034e-02,3.034367e-03
3,24,55,65,7.700427e-01,6.517361e-02,0.921968,0.835216,-0.26131,-2.73070, Land,0.770043,2.640809e-02,3.626584e-03,3.332798e-03,5.147412e-04,1.754847e-02,3.397537e-03
3,25,55,75,7.649105e-01,6.693128e-02,0.919538,0.831842,-0.26800,-2.70409, Land,0.764910,2.662738e-02,3.701212e-03,3.571912e-03,5.632021e-04,1.843944e-02,3.849874e-03
3,26,55,85,7.615826e-01,7.222415e-02,0.913380,0.833807,-0.27236,-2.62798, Land,0.761583,2.631256e-02,4.033902e-03,3.606441e-03,6.297213e-04,1.948913e-02,4.295988e-03
3,27,55,95,7.530486e-01,7.423670e-02,0.910265,0.827285,-0.28363,-2.60050, Land,0.753049,2.484877e-02,4.168247e-03,3.673797e-03,6.487169e-04,1.899173e-02,4.706812e-03
3,28,55,105,7.529668e-01,6.248710e-02,0.923371,0.815454,-0.28373,-2.77280, Land,0.752967,2.811430e-02,3.944644e-03,4.052821e-03,6.297059e-04,1.988931e-02,4.075695e-03
3,29,55,115,7.429881e-01,7.343625e-02,0.910051,0.816424,-0.29708,-2.61134, Land,0.742988,2.784763e-02,4.600497e-03,3.687637e-03,6.629943e-04,1.974533e-02,4.729300e-03
3,30,55,125,7.331454e-01,8.455832e-02,0.896591,0.817704,-0.31041,-2.47031, Land,0.733145,2.722841e-02,5.125460e-03,3.800192e-03,7.912157e-04,1.814588e-02,4.971972e-03
3,31,55,135,7.367350e-01,7.726912e-02,0.905075,0.814004,-0.30553,-2.56046, Land,0.736735,2.728545e-02,4.905876e-03,3.521990e-03,6.862306e-04,1.930329e-02,5.376519e-03
3,32,55,145,7.314732e-01,8.314070e-02,0.897939,0.814614,-0.31269,-2.48722, Land,0.731473,2.692593e-02,5.402507e-03,3.568570e-03,7.572944e-04,1.789723e-02,5.291752e-03
3,33,55,155,7.166557e-01,9.446554e-02,0.883537,0.811121,-0.33316,-2.35952, Land,0.716656,2.571496e-02,6.029033e-03,3.683181e-03,9.108792e-04,1.718425e-02,5.813856e-03
3,34,55,165,7.170664e-01,8.773783e-02,0.890982,0.804804,-0.33259,-2.43340, Land,0.717066,2.761611e-02,5.665506e-03,3.523502e-03,7.917282e-04,1.759616e-02,5.465203e-03
3,35,55,175,7.446332e-01,7.786984e-02,0.905326,0.822503,-0.29486,-2.55272, Land,0.744633,2.665286e-02,4.683247e-03,3.590696e-03,6.974651e-04,1.764949e-02,4.785915e-03
4,0,45,-175,7.311347e-01,9.551143e-02,0.884459,0.826646,-0.31316,-2.34851, Land,0.731135,2.631239e-02,5.796297e-03,3.346532e-03,7.828003e-04,1.395412e-02,5.025561e-03
4,1,45,-165,7.074628e-01,1.074663e-01,0.868128,0.814929,-0.34607,-2.23058, Land,0.707463,2.751132e-02,6.878978e-03,3.295077e-03,8.914361e-04,1.372636e-02,5.464576e-03
4,2,45,-155,7.298849e-01,9.902758e-02,0.880533,0.828913,-0.31487,-2.31236, Land,0.729885,2.673483e-02,6.077764e-03,3.600766e-03,8.794886e-04,1.444337e-02,5.117032e-03
4,3,45,-145,7.163029e-01,1.050412e-01,0.872111,0.821344,-0.33365,-2.25340, Land,0.716303,2.615854e-02,6.917419e-03,3.403530e-03,9.568913e-04,1.412858e-02,5.533423e-03
4,4,45,-135,7.379253e-01,9.223648e-02,0.888893,0.830162,-0.30391,-2.38340, Land,0.737925,2.560784e-02,5.415463e-03,3.203314e-03,7.356239e-04,1.534236e-02,5.274307e-03
4,5,45,-125,7.272366e-01,1.040025e-01,0.874883,0.831239,-0.31850,-2.26334, Land,0.727237,2.554254e-02,5.724328e-03,3.637929e-03,9.163775e-04,1.403609e-02,4.901629e-03
4,6,45,-115,7.454848e-01,8.674780e-02,0.895765,0.832233,-0.29372,-2.44475, Land,0.745485,2.574595e-02,4.740718e-03,3.425472e-03,6.956847e-04,1.616577e-02,4.626498e-03
4,7,45,-105,7.551389e-01,8.079649e-02,0.903346,0.835935,-0.28085,-2.51582, Land,0.755139,2.567854e-02,4.526488e-03,3.747015e-03,7.290147e-04,1.639094e-02,4.396079e-03
4,8,45,-95,7.455654e-01,9.336171e-02,0.888713,0.838927,-0.29361,-2.37127, Land,0.745565,2.349618e-02,5.013075e-03,3.222231e-03,7.708539e-04,1.481703e-02,4.899456e-03
4,9,45,-85,7.508093e-01,9.619683e-02,0.886427,0.847006,-0.28660,-2.34136, Land,0.750809,2.393794e-02,4.989943e-03,3.260507e-03,7.675189e-04,1.550442e-02,4.999122e-03
4,10,45,-75,7.648149e-01,8.901412e-02,0.895747,0.853829,-0.26812,-2.41896, Land,0.764815,2.159963e-02,4.135242e-03,3.070455e-03,6.419877e-04,1.356715e-02,4.163007e-03
4,11,45,-65,7.661237e-01,8.507680e-02,0.900051,0.851200,-0.26641,-2.46420, Land,0.766124,2.318234e-02,4.215997e-03,3.082952e-03,6.207831e-04,1.308296e-02,3.696389e-03
4,12,45,-55,7.647887e-01,8.322499e-02,0.901859,0.848014,-0.26816,-2.48621, Land,0.764789,2.302032e-02,4.301106e-03,3.163184e-03,6.202429e-04,1.321656e-02,3.736675e-03
4,13,45,-45,7.657666e-01,7.363839e-02,0.912273,0.839405,-0.26688,-2.60859, Land,0.765767,2.480974e-02,3.980360e-03,2.277199e-03,4.094483e-04,1.295326e-02,3.360631e-03
4,14,45,-35,7.644696e-01,8.093307e-02,0.904267,0.845403,-0.26857,-2.51413, Land,0.764470,2.377862e-02,4.271092e-03,3.132917e-03,5.932865e-04,1.165545e-02,3.225183e-03
4,15,45,-25,7.719004e-01,7.792717e-02,0.908302,0.849828,-0.25890,-2.55198, Land,0.771900,2.295482e-02,3.932635e-03,3.226341e-03,5.815643e-04,1.174412e-02,3.172553e-03
4,16,45,-15,7.765001e-01,7.590020e-02,0.910957,0.852400,-0.25296,-2.57834, Land,0.776500,2.143221e-02,3.511417e-03,3.013850e-03,5.143562e-04,1.179806e-02,3.301989e-03
4,17,45,-5,7.690617e-01,7.305887e-02,0.913244,0.842121,-0.26258,-2.61649, Land,0.769062,2.189589e-02,3.587964e-03,3.019265e-03,4.919278e-04,1.181296e-02,3.172960e-03
4,18,45,5,8.009106e-01,5.267682e-02,0.938288,0.853587,-0.22201,-2.94358, Land,0.800911,2.269475e-02,2.779472e-03,3.258222e-03,3.834021e-04,1.408450e-02,2.652553e-03
4,19,45,15,8.034504e-01,5.381584e-02,0.937224,0.857266,-0.21884,-2.92219, Land,0.803450,2.327230e-02,2.815551e-03,3.318996e-03,3.939987e-04,1.477952e-02,2.754125e-03
4,20,45,25,8.027442e-01,5.189615e-02,0.939277,0.854640,-0.21972,-2.95851, Land,0.802744,2.363991e-02,2.792166e-03,3.471312e-03,4.100825e-04,1.422530e-02,2.630830e-03
4,21,45,35,8.063034e-01,4.897186e-02,0.942741,0.855275,-0.21530,-3.01651, Land,0.806303,2.510733e-02,2.713441e-03,3.467236e-03,3.761654e-04,1.346890e-02,2.212741e-03
4,22,45,45,7.986073e-01,4.930368e-02,0.941853,0.847911,-0.22489,-3.00976, Land,0.798607,2.418368e-02,2.836562e-03,2.748226e-03,3.236306e-04,1.587336e-02,2.699107e-03
4,23,45,55,7.876317e-01,6.149064e-02,0.927583,0.849122,-0.23872,-2.78887, Land,0.787632,2.455484e-02,3.505120e-03,3.433289e-03,4.750679e-04,1.638505e-02,3.220845e-03
4,24,45,65,7.913685e-01,5.992943e-02,0.929602,0.851298,-0.23399,-2.81459, Land,0.791369,2.407750e-02,3.140365e-03,3.423273e-03,4.644203e-04,1.602724e-02,3.141550e-03
4,25,45,75,7.867185e-01,6.475648e-02,0.923948,0.851475,-0.23988,-2.73712, Land,0.786719,2.398131e-02,3.349616e-03,3.593186e-03,5.228596e-04,1.776093e-02,3.762111e-03
4,26,45,85,7.771731e-01,7.016950e-02,0.917189,0.847343,-0.25209,-2.65684, Land,0.777173,2.465963e-02,3.746785e-03,3.816700e-03,6.152131e-04,1.968408e-02,4.583948e-03
4,27,45,95,7.561023e-01,7.689846e-02,0.907685,0.833001,-0.27958,-2.56527, Land,0.756102,2.517671e-02,4.648428e-03,3.779531e-03,6.863339e-04,1.852609e-02,5.089801e-03
4,28,45,105,7.711829e-01,5.880560e-02,0.929149,0.829988,-0.25983,-2.83352, Land,0.771183,2.784284e-02,3.523060e-03,4.135579e-03,5.731262e-04,1.981308e-02,4.041728e-03
4,29,45,115,7.609407e-01,6.822609e-02,0.917717,0.829167,-0.27320,-2.68493, Land,0.760941,2.702838e-02,4.117192e-03,3.657571e-03,5.760206e-04,1.978941e-02,4.650087e-03
4,30,45,125,7.466799e-01,8.220947e-02,0.900820,0.828889,-0.29212,-2.49848, Land,0.746680,2.569893e-02,4.735157e-03,4.024588e-03,7.716962e-04,1.744858e-02,4.984134e-03
4,31,45,135,7.456844e-01,7.647774e-02,0.906980,0.822162,-0.29345,-2.57076, Land,0.745684,2.622505e-02,4.813279e-03,3.654350e-03,6.804806e-04,2.004586e-02,5.954653e-03
4,32,45,145,7.352207e-01,8.921370e-02,0.891788,0.824434,-0.30758,-2.41672, Land,0.735221,2.553936e-02,6.315721e-03,3.669768e-03,8.414744e-04,1.731859e-02,5.774914e-03
4,33,45,155,7.373794e-01,8.686613e-02,0.894611,0.824245,-0.30465,-2.44339, Land,0.737379,2.567262e-02,5.592459e-03,3.902820e-03,8.146033e-04,1.727696e-02,5.727847e-03
4,34,45,165,7.243204e-01,9.085719e-02,0.888543,0.815178,-0.32252,-2.39847, Land,0.724320,2.720666e-02,6.029991e-03,3.514022e-03,7.683012e-04,1.694723e-02,6.212889e-03
4,35,45,175,7.496269e-01,7.849167e-02,0.905217,0.828119,-0.28818,-2.54476, Land,0.749627,2.719104e-02,4.922608e-03,3.639098e-03,6.780682e-04,1.664699e-02,4.938221e-03
5,0,35,-175,7.328743e-01,8.690230e-02,0.893993,0.819777,-0.31078,-2.44297, Land,0.732874,2.844585e-02,5.464883e-03,3.423305e-03,7.430078e-04,1.295166e-02,4.814514e-03
5,1,35,-165,7.111671e-01,9.511735e-02,0.882030,0.806284,-0.34085,-2.35264, Land,0.711167,2.940589e-02,6.315998e-03,3.316632e-03,7.998540e-04,1.270081e-02,5.376147e-03
5,2,35,-155,7.232301e-01,9.431515e-02,0.884636,0.817545,-0.32403,-2.36111, Land,0.723230,2.768922e-02,6.116493e-03,3.606866e-03,8.494951e-04,1.319872e-02,5.127383e-03
5,3,35,-145,7.241921e-01,9.416968e-02,0.884929,0.818362,-0.32270,-2.36266, Land,0.724192,2.696048e-02,5.904160e-03,3.492943e-03,8.216839e-04,1.298823e-02,5.164868e-03
5,4,35,-135,7.137647e-01,9.675474e-02,0.880626,0.810519,-0.33720,-2.33558, Land,0.713765,2.875103e-02,6.751980e-03,3.408551e-03,8.558282e-04,1.361979e-02,5.856306e-03
5,5,35,-125,7.285098e-01,9.327059e-02,0.886502,0.821780,-0.31675,-2.37225, Land,0.728510,2.737749e-02,5.609513e-03,3.598085e-03,8.215492e-04,1.358359e-02,5.195710e-03
5,6,35,-115,7.383024e-01,8.109442e-02,0.901032,0.819397,-0.30340,-2.51214, Land,0.738302,2.821746e-02,4.929809e-03,3.471123e-03,6.740834e-04,1.434226e-02,4.574838e-03
5,7,35,-105,7.404443e-01,7.450140e-02,0.908581,0.814946,-0.30050,-2.59694, Land,0.740444,2.947206e-02,4.716629e-03,3.822250e-03,7.140209e-04,1.446879e-02,4.590496e-03
5,8,35,-95,7.498426e-01,8.243628e-02,0.900951,0.832279,-0.28789,-2.49573, Land,0.749843,2.505343e-02,4.667272e-03,3.351783e-03,6.726170e-04,1.305168e-02,4.548246e-03
5,9,35,-85,7.624592e-01,7.803896e-02,0.907152,0.840498,-0.27121,-2.55055, Land,0.762459,2.499240e-02,4.208519e-03,3.323417e-03,6.170050e-04,1.397236e-02,4.504330e-03
5,10,35,-75,7.587485e-01,8.323170e-02,0.901148,0.841980,-0.27608,-2.48613, Land,0.758748,2.373386e-02,4.243224e-03,3.123724e-03,5.970947e-04,1.173330e-02,4.068514e-03
5,11,35,-65,7.587340e-01,7.946912e-02,0.905191,0.838203,-0.27610,-2.53239, Land,0.758734,2.505167e-02,4.378094e-03,3.092203e-03,5.878501e-04,1.165466e-02,3.784917e-03
5,12,35,-55,7.662243e-01,7.609952e-02,0.909655,0.842324,-0.26628,-2.57571, Land,0.766224,2.408486e-02,4.112297e-03,3.177977e-03,5.716712e-04,1.121378e-02,3.437758e-03
5,13,35,-45,7.642940e-01,8.268801e-02,0.902373,0.846982,-0.26880,-2.49268, Land,0.764294,2.291788e-02,4.360179e-03,2.836563e-03,5.682229e-04,1.011269e-02,3.443177e-03
5,14,35,-35,7.665203e-01,6.703183e-02,0.919583,0.833552,-0.26589,-2.70259, Land,0.766520,2.591536e-02,3.757603e-03,2.505091e-03,3.949332e-04,9.714572e-03,2.886476e-03
5,15,35,-25,7.648693e-01,7.248488e-02,0.913436,0.837354,-0.26805,-2.62438, Land,0.764869,2.316067e-02,3.834230e-03,3.153594e-03,5.415835e-04,1.063907e-02,3.214879e-03
5,16,35,-15,7.673365e-01,7.253773e-02,0.913633,0.839874,-0.26483,-2.62365, Land,0.767336,2.311442e-02,3.678434e-03,3.123494e-03,5.133193e-04,1.090165e-02,3.395559e-03
5,17,35,-5,7.705364e-01,6.590829e-02,0.921204,0.836445,-0.26067,-2.71949, Land,0.770536,2.276113e-02,3.269337e-03,2.958986e-03,4.281150e-04,1.002948e-02,3.043393e-03
5,18,35,5,7.887213e-01,5.101542e-02,0.939248,0.839737,-0.23734,-2.97563, Land,0.788721,2.476713e-02,2.899781e-03,3.286812e-03,3.800520e-04,1.158850e-02,2.652507e-03
5,19,35,15,7.956565e-01,5.107792e-02,0.939677,0.846734,-0.22859,-2.97440, Land,0.795657,2.456386e-02,2.864819e-03,3.274388e-03,3.837419e-04,1.137219e-02,2.585341e-03
5,20,35,25,7.952723e-01,5.070673e-02,0.940061,0.845979,-0.22907,-2.98170, Land,0.795272,2.555492e-02,2.994766e-03,3.446737e-03,3.967720e-04,1.165634e-02,2.568659e-03
5,21,35,35,7.802074e-01,5.151112e-02,0.938067,0.831719,-0.24820,-2.96596, Land,0.780207,2.680783e-02,3.021859e-03,3.152479e-03,3.674692e-04,1.034058e-02,2.379868e-03
5,22,35,45,8.035908e-01,5.390514e-02,0.937137,0.857496,-0.21867,-2.92053, Land,0.803591,2.334771e-02,3.020432e-03,3.211749e-03,4.054967e-04,1.116826e-02,2.463078e-03
5,23,35,55,7.860599e-01,5.399590e-02,0.935723,0.840056,-0.24072,-2.91885, Land,0.786060,2.693499e-02,3.304824e-03,3.554370e-03,4.267833e-04,1.438336e-02,3.079147e-03
5,24,35,65,7.776851e-01,6.132948e-02,0.926903,0.839015,-0.25143,-2.79149, Land,0.777685,2.612565e-02,3.658976e-03,3.511908e-03,5.075728e-04,1.351688e-02,3.333382e-03
5,25,35,75,7.807709e-01,5.796715e-02,0.930888,0.838738,-0.24747,-2.84788, Land,0.780771,2.647773e-02,3.330167e-03,3.553873e-03,4.629251e-04,1.465219e-02,3.481409e-03
5,26,35,85,7.817263e-01,6.026704e-02,0.928423,0.841993,-0.24625,-2.80897, Land,0.781726,2.651334e-02,3.415868e-03,3.929903e-03,5.276935e-04,1.531726e-02,3.903269e-03
5,27,35,95,7.629801e-01,6.654650e-02,0.919778,0.829527,-0.27052,-2.70985, Land,0.762980,2.520981e-02,3.923118e-03,3.696321e-03,5.923022e-04,1.466982e-02,4.332996e-03
5,28,35,105,7.627903e-01,5.645844e-02,0.931085,0.819249,-0.27077,-2.87425, Land,0.762790,2.973739e-02,3.752140e-03,3.979901e-03,5.636481e-04,1.627699e-02,3.964277e-03
5,29,35,115,7.570481e-01,6.251305e-02,0.923724,0.819561,-0.27833,-2.77238, Land,0.757048,2.905918e-02,3.999214e-03,3.745285e-03,5.425657e-04,1.568514e-02,4.038766e-03
5,30,35,125,7.448003e-01,7.501791e-02,0.908494,0.819818,-0.29464,-2.59003, Land,0.744800,2.818111e-02,4.689250e-03,3.978224e-03,6.978671e-04,1.497703e-02,4.809113e-03
5,31,35,135,7.281296e-01,7.820624e-02,0.903010,0.806336,-0.31728,-2.54841, Land,0.728130,2.712006e-02,5.394182e-03,3.611183e-03,7.272000e-04,1.595297e-02,5.791762e-03
5,32,35,145,7.285801e-01,8.296063e-02,0.897774,0.811541,-0.31666,-2.48939, Land,0.728580,2.780240e-02,5.416803e-03,3.673881e-03,7.580621e-04,1.456031e-02,5.391904e-03
5,33,35,155,7.380922e-01,8.014743e-02,0.902049,0.818240,-0.30369,-2.52389, Land,0.738092,2.754470e-02,5.197435e-03,3.864489e-03,7.493680e-04,1.467872e-02,5.058326e-03
5,34,35,165,7.152658e-01,8.599174e-02,0.892679,0.801258,-0.33510,-2.45350, Land,0.715266,2.868092e-02,5.865173e-03,3.620384e-03,7.625805e-04,1.461005e-02,5.812935e-03
5,35,35,175,7.447320e-01,7.321624e-02,0.910488,0.817948,-0.29473,-2.61434, Land,0.744732,2.716884e-02,4.566973e-03,3.902714e-03,6.678253e-04,1.373347e-02,4.593428e-03
6,0,25,-175,7.125649e-01,1.035638e-01,0.873104,0.816129,-0.33888,-2.26757, Land,0.712565,2.630719e-02,6.111423e-03,3.428307e-03,8.606671e-04,1.238074e-02,5.906289e-03
6,1,25,-165,6.979953e-01,1.110558e-01,0.862733,0.809051,-0.35954,-2.19772, Land,0.697995,2.723891e-02,6.724915e-03,3.353027e-03,9.179889e-04,1.192094e-02,6.406481e-03
6,2,25,-155,7.013727e-01,1.129495e-01,0.861296,0.814322,-0.35472,-2.18081, Land,0.701373,2.642181e-02,6.963888e-03,3.508767e-03,9.877958e-04,1.253026e-02,6.416882e-03
6,3,25,-145,7.114076e-01,1.079260e-01,0.868276,0.819334,-0.34051,-2.22631, Land,0.711408,2.539113e-02,6.471438e-03,3.443746e-03,9.345496e-04,1.183431e-02,6.059817e-03
6,4,25,-135,7.108528e-01,1.060653e-01,0.870164,0.816918,-0.34129,-2.24370, Land,0.710853,2.786051e-02,7.090751e-03,3.399533e-03,9.132623e-04,1.387164e-02,7.431394e-03
6,5,25,-125,6.972857e-01,1.210314e-01,0.852097,0.818317,-0.36056,-2.11171, Land,0.697286,2.489179e-02,7.146165e-03,3.605117e-03,1.130858e-03,1.278745e-02,7.052279e-03
6,6,25,-115,7.278384e-01,9.518856e-02,0.884343,0.823027,-0.31768,-2.35190, Land,0.727838,2.753702e-02,5.671266e-03,3.581936e-03,8.121687e-04,1.313987e-02,5.522726e-03
6,7,25,-105,7.258241e-01,9.106943e-02,0.888517,0.816894,-0.32045,-2.39613, Land,0.725824,2.646280e-02,5.358116e-03,3.755706e-03,8.404295e-04,1.388600e-02,5.888478e-03
6,8,25,-95,7.272680e-01,1.022158e-01,0.876772,0.829484,-0.31846,-2.28067, Land,0.727268,2.370600e-02,5.539420e-03,3.282140e-03,8.293404e-04,1.166988e-02,5.453800e-03
6,9,25,-85,7.397680e-01,9.843707e-02,0.882562,0.838205,-0.30142,-2.31834, Land,0.739768,2.394317e-02,5.213131e-03,3.443850e-03,8.268593e-04,1.290535e-02,5.849463e-03
6,10,25,-75,7.377489e-01,9.563838e-02,0.885241,0.833387,-0.30415,-2.34718, Land,0.737749,2.286158e-02,4.739073e-03,3.308687e-03,7.276658e-04,1.137811e-02,4.979043e-03
6,11,25,-65,7.365558e-01,9.849453e-02,0.882050,0.835050,-0.30577,-2.31775, Land,0.736556,2.341778e-02,5.094895e-03,3.152372e-03,7.489609e-04,1.099065e-02,4.793120e-03
6,12,25,-55,7.524393e-01,8.742640e-02,0.895904,0.839866,-0.28443,-2.43696, Land,0.752439,2.404443e-02,4.665020e-03,3.128039e-03,6.404661e-04,1.173323e-02,4.449091e-03
6,13,25,-45,7.606988e-01,9.230563e-02,0.891788,0.853004,-0.27352,-2.38265, Land,0.760699,2.206272e-02,4.617868e-03,2.800306e-03,6.053043e-04,9.682832e-03,4.121662e-03
6,14,25,-35,7.482289e-01,9.307389e-02,0.889369,0.841303,-0.29005,-2.37436, Land,0.748229,2.163941e-02,4.582754e-03,3.188635e-03,6.967298e-04,9.574795e-03,4.000394e-03
6,15,25,-25,7.493808e-01,8.071591e-02,0.902763,0.830097,-0.28851,-2.51682, Land,0.749381,2.395654e-02,4.180157e-03,2.722687e-03,5.067028e-04,9.544482e-03,3.734425e-03
6,16,25,-15,7.592499e-01,8.540254e-02,0.898890,0.844652,-0.27542,-2.46038, Land,0.759250,2.035156e-02,3.842279e-03,2.935843e-03,5.777610e-04,9.120491e-03,3.838651e-03
6,17,25,-5,7.510572e-01,8.278708e-02,0.900716,0.833844,-0.28627,-2.49148, Land,0.751057,2.084924e-02,3.825733e-03,3.143833e-03,5.898832e-04,9.602444e-03,3.903490e-03
6,18,25,5,7.800706e-01,6.272345e-02,0.925577,0.842794,-0.24837,-2.76902, Land,0.780071,2.249417e-02,3.308088e-03,3.334420e-03,4.736138e-04,1.080259e-02,3.370724e-03
6,19,25,15,7.901085e-01,6.099298e-02,0.928336,0.851101,-0.23559,-2.79700, Land,0.790108,2.168144e-02,3.055161e-03,3.323120e-03,4.524686e-04,1.069741e-02,3.104649e-03
6,20,25,25,7.680322e-01,6.131959e-02,0.926063,0.829352,-0.26392,-2.79166, Land,0.768032,2.508018e-02,3.569897e-03,3.057772e-03,4.307787e-04,1.051821e-02,3.472585e-03
6,21,25,35,7.812884e-01,6.474789e-02,0.923469,0.846036,-0.24681,-2.73725, Land,0.781288,2.400096e-02,3.627939e-03,3.471239e-03,5.062949e-04,1.069999e-02,3.211034e-03
6,22,25,45,7.930280e-01,6.499121e-02,0.924254,0.858019,-0.23190,-2.73350, Land,0.793028,2.289121e-02,3.458697e-03,3.264900e-03,4.802411e-04,1.073229e-02,3.140867e-03
6,23,25,55,7.772522e-01,6.517306e-02,0.922636,0.842425,-0.25199,-2.73071, Land,0.777252,2.495479e-02,3.797668e-03,3.537467e-03,5.191804e-04,1.419286e-02,3.910214e-03
6,24,25,65,7.591698e-01,7.331953e-02,0.911927,0.832489,-0.27553,-2.61293, Land,0.759170,2.640344e-02,4.241464e-03,3.449552e-03,5.818500e-04,1.355175e-02,4.301348e-03
6,25,25,75,7.605706e-01,7.377143e-02,0.911581,0.834342,-0.27369,-2.60678, Land,0.760571,2.425865e-02,4.038079e-03,3.612512e-03,6.019049e-04,1.414599e-02,4.803716e-03
6,26,25,85,7.433835e-01,8.250900e-02,0.900097,0.825892,-0.29654,-2.49485, Land,0.743383,2.555144e-02,4.811542e-03,4.026970e-03,7.738744e-04,1.567993e-02,6.250750e-03
6,27,25,95,7.369595e-01,8.610504e-02,0.895385,0.823065,-0.30522,-2.45219, Land,0.736960,2.425904e-02,5.137976e-03,3.667363e-03,7.580103e-04,1.390912e-02,6.029320e-03
6,28,25,105,7.450929e-01,6.740002e-02,0.917045,0.812493,-0.29425,-2.69711, Land,0.745093,2.839746e-02,4.432285e-03,4.183905e-03,6.769029e-04,1.669635e-02,5.502291e-03
6,29,25,115,7.387432e-01,7.809458e-02,0.904394,0.816838,-0.30280,-2.54983, Land,0.738743,2.802857e-02,4.936461e-03,3.857539e-03,6.896967e-04,1.634355e-02,5.946201e-03
6,30,25,125,7.134885e-01,1.013743e-01,0.875593,0.814863,-0.33759,-2.28894, Land,0.713488,2.556117e-02,6.369993e-03,3.874141e-03,9.693279e-04,1.509968e-02,7.112709e-03
6,31,25,135,7.084342e-01,9.787815e-02,0.878610,0.806312,-0.34470,-2.32403, Land,0.708434,2.713993e-02,6.577975e-03,3.685408e-03,8.806610e-04,1.549282e-02,8.263105e-03
6,32,25,145,7.186359e-01,9.358645e-02,0.884777,0.812222,-0.33040,-2.36887, Land,0.718636,2.542015e-02,5.917429e-03,3.844974e-03,8.653420e-04,1.371006e-02,6.729528e-03
6,33,25,155,7.113702e-01,9.867212e-02,0.878189,0.810042,-0.34056,-2.31595, Land,0.711370,2.535953e-02,6.135336e-03,3.881938e-03,9.207916e-04,1.393503e-02,6.764151e-03
6,34,25,165,6.971107e-01,1.025007e-01,0.871812,0.799611,-0.36081,-2.27789, Land,0.697111,2.710368e-02,6.655138e-03,3.592940e-03,8.776303e-04,1.380731e-02,7.532497e-03
6,35,25,175,7.161294e-01,8.965266e-02,0.888738,0.805782,-0.33389,-2.41181, Land,0.716129,2.706266e-02,5.778651e-03,3.834925e-03,8.083077e-04,1.390858e-02,6.369842e-03
7,0,15,-175,7.002837e-01,1.046224e-01,0.870019,0.804906,-0.35627,-2.25740, Land,0.700284,2.600211e-02,6.056195e-03,3.233701e-03,8.135438e-04,1.140560e-02,6.293682e-03
7,1,15,-165,6.745797e-01,1.092430e-01,0.860628,0.783823,-0.39367,-2.21418, Land,0.674580,2.802427e-02,6.994322e-03,3.072481e-03,8.719658e-04,1.245273e-02,7.084697e-03
7,2,15,-155,6.891415e-01,1.093473e-01,0.863057,0.798489,-0.37231,-2.21323, Land,0.689141,2.702517e-02,7.149452e-03,3.364406e-03,9.440584e-04,1.301238e-02,6.955473e-03
7,3,15,-145,6.832144e-01,1.082585e-01,0.863219,0.791473,-0.38095,-2.22323, Land,0.683214,2.637857e-02,6.885978e-03,3.178362e-03,8.885754e-04,1.249190e-02,7.252942e-03
7,4,15,-135,6.706044e-01,1.122071e-01,0.856661,0.782811,-0.39958,-2.18741, Land,0.670604,2.731485e-02,7.584050e-03,2.995242e-03,8.950855e-04,1.394466e-02,8.788453e-03
7,5,15,-125,6.842798e-01,1.160902e-01,0.854954,0.800370,-0.37939,-2.15339, Land,0.684280,2.601453e-02,6.744333e-03,3.414097e-03,9.803205e-04,1.236097e-02,7.175021e-03
7,6,15,-115,6.982852e-01,1.015059e-01,0.873084,0.799791,-0.35913,-2.28764, Land,0.698285,2.724719e-02,6.292477e-03,3.335294e-03,8.421302e-04,1.415992e-02,6.860851e-03
7,7,15,-105,7.033176e-01,9.470515e-02,0.881325,0.798023,-0.35195,-2.35699, Land,0.703318,2.660616e-02,5.529267e-03,3.456837e-03,7.921184e-04,1.348529e-02,6.690532e-03
7,8,15,-95,7.106188e-01,1.024025e-01,0.874047,0.813021,-0.34162,-2.27884, Land,0.710619,2.461653e-02,5.694505e-03,3.080234e-03,7.951167e-04,1.223966e-02,6.419765e-03
7,9,15,-85,7.026404e-01,1.093758e-01,0.865303,0.812016,-0.35291,-2.21297, Land,0.702640,2.530377e-02,6.250751e-03,3.080679e-03,8.819789e-04,1.393528e-02,7.683252e-03
7,10,15,-75,7.247055e-01,9.717475e-02,0.881765,0.821880,-0.32199,-2.33124, Land,0.724705,2.410706e-02,4.803214e-03,3.078342e-03,6.802605e-04,1.161143e-02,5.524205e-03
7,11,15,-65,7.156098e-01,1.011614e-01,0.876145,0.816771,-0.33462,-2.29104, Land,0.715610,2.420512e-02,5.443927e-03,2.914202e-03,7.218816e-04,1.119120e-02,5.664455e-03
7,12,15,-55,7.262831e-01,9.649991e-02,0.882715,0.822783,-0.31982,-2.33821, Land,0.726283,2.318328e-02,5.047383e-03,3.086258e-03,6.862545e-04,1.139132e-02,5.308252e-03
7,13,15,-45,7.462622e-01,9.481735e-02,0.887267,0.841080,-0.29268,-2.35580, Land,0.746262,2.048965e-02,4.365372e-03,2.559063e-03,5.764422e-04,8.779472e-03,4.163442e-03
7,14,15,-35,7.390983e-01,9.031779e-02,0.891107,0.829416,-0.30232,-2.40442, Land,0.739098,2.211796e-02,4.442529e-03,2.934325e-03,6.117731e-04,9.294306e-03,4.254347e-03
7,15,15,-25,7.259510e-01,9.905862e-02,0.879930,0.825010,-0.32027,-2.31204, Land,0.725951,1.991795e-02,4.502858e-03,2.766739e-03,6.467283e-04,8.898368e-03,4.491569e-03
7,16,15,-15,7.351477e-01,7.924376e-02,0.902696,0.814391,-0.30768,-2.53523, Land,0.735148,2.132030e-02,3.710214e-03,2.080804e-03,3.894727e-04,7.149787e-03,3.887565e-03
7,17,15,-5,7.365308e-01,8.534969e-02,0.896153,0.821881,-0.30580,-2.46100, Land,0.736531,1.972447e-02,3.716994e-03,2.602140e-03,4.958058e-04,8.213351e-03,3.920963e-03
7,18,15,5,7.552584e-01,7.162023e-02,0.913385,0.826879,-0.28070,-2.63638, Land,0.755258,2.194876e-02,3.640021e-03,2.832690e-03,4.597675e-04,9.592999e-03,3.947804e-03
7,19,15,15,7.425277e-01,6.748262e-02,0.916689,0.810010,-0.29770,-2.69589, Land,0.742528,2.301996e-02,3.662148e-03,2.510336e-03,4.134147e-04,8.691237e-03,4.124713e-03
7,20,15,25,7.627971e-01,7.184787e-02,0.913918,0.834645,-0.27076,-2.63320, Land,0.762797,2.258417e-02,3.880673e-03,3.094720e-03,5.205178e-04,1.039404e-02,3.955192e-03
7,21,15,35,7.565982e-01,7.230590e-02,0.912769,0.828904,-0.27892,-2.62685, Land,0.756598,2.337308e-02,3.925533e-03,3.153554e-03,5.327045e-04,1.107075e-02,4.123584e-03
7,22,15,45,7.686710e-01,6.968469e-02,0.916879,0.838356,-0.26309,-2.66377, Land,0.768671,2.241472e-02,3.657235e-03,2.924054e-03,4.761243e-04,1.054560e-02,3.773001e-03
7,23,15,55,7.517801e-01,7.065355e-02,0.914092,0.822434,-0.28531,-2.64997, Land,0.751780,2.500163e-02,4.182447e-03,3.231414e-03,5.239277e-04,1.335508e-02,4.839738e-03
7,24,15,65,7.370169e-01,7.924370e-02,0.902919,0.816261,-0.30514,-2.53523, Land,0.737017,2.622892e-02,4.735740e-03,3.137476e-03,5.969433e-04,1.279042e-02,5.172858e-03
7,25,15,75,7.370266e-01,7.930280e-02,0.902854,0.816329,-0.30513,-2.53448, Land,0.737027,2.507558e-02,4.419320e-03,3.246928e-03,5.837541e-04,1.384297e-02,5.687245e-03
7,26,15,85,7.084555e-01,9.828433e-02,0.878171,0.806740,-0.34467,-2.31989, Land,0.708455,2.607677e-02,6.182765e-03,3.410181e-03,8.705254e-04,1.647970e-02,8.667662e-03
7,27,15,95,7.166495e-01,9.071549e-02,0.887640,0.807365,-0.33317,-2.40003, Land,0.716649,2.581326e-02,5.524882e-03,3.351351e-03,7.467808e-04,1.386111e-02,6.977621e-03
7,28,15,105,7.083825e-01,7.809560e-02,0.900702,0.786478,-0.34477,-2.54982, Land,0.708383,2.779416e-02,5.276767e-03,3.756412e-03,7.322835e-04,1.589447e-02,7.232888e-03
7,29,15,115,6.833620e-01,9.577117e-02,0.877080,0.779133,-0.38073,-2.34579, Land,0.683362,2.961392e-02,6.810968e-03,3.434175e-03,8.420074e-04,1.695470e-02,8.361308e-03
7,30,15,125,6.800911e-01,1.073745e-01,0.863646,0.787466,-0.38553,-2.23143, Land,0.680091,2.622776e-02,6.744274e-03,3.650323e-03,9.667963e-04,1.501398e-02,8.793079e-03
7,31,15,135,6.779812e-01,1.012929e-01,0.870016,0.779274,-0.38864,-2.28974, Land,0.677981,2.737073e-02,7.150985e-03,3.217979e-03,8.596335e-04,1.721463e-02,1.036245e-02
7,32,15,145,6.747822e-01,1.039071e-01,0.866562,0.778689,-0.39337,-2.26426, Land,0.674782,2.675034e-02,7.293046e-03,3.440882e-03,9.380978e-04,1.436046e-02,8.767125e-03
7,33,15,155,6.965302e-01,9.886025e-02,0.875709,0.795390,-0.36164,-2.31405, Land,0.696530,2.689641e-02,6.713949e-03,3.538347e-03,8.887667e-04,1.441128e-02,7.486113e-03
7,34,15,165,6.616148e-01,1.077604e-01,0.859938,0.769375,-0.41307,-2.22785, Land,0.661615,2.736418e-02,7.311423e-03,3.259052e-03,8.956837e-04,1.434603e-02,8.987125e-03
7,35,15,175,6.959088e-01,9.859803e-02,0.875900,0.794507,-0.36254,-2.31670, Land,0.695909,2.600044e-02,6.175458e-03,3.382634e-03,8.032158e-04,1.346454e-02,7.675699e-03
8,0,5,-175,7.080169e-01,1.023800e-01,0.873667,0.810397,-0.34529,-2.27906, Land,0.708017,2.521044e-02,6.185562e-03,2.881063e-03,7.368742e-04,1.049832e-02,5.437880e-03
8,1,5,-165,6.669889e-01,1.140437e-01,0.853983,0.781033,-0.40498,-2.17117, Land,0.666989,2.732610e-02,7.434585e-03,2.937782e-03,8.385456e-04,1.078036e-02,6.460564e-03
8,2,5,-155,6.916604e-01,1.108006e-01,0.861924,0.802461,-0.36866,-2.20002, Land,0.691660,2.585226e-02,7.023793e-03,3.140533e-03,8.945713e-04,1.166771e-02,6.060633e-03
8,3,5,-145,6.902883e-01,1.119656e-01,0.860436,0.802254,-0.37065,-2.18956, Land,0.690288,2.501290e-02,7.063336e-03,2.931454e-03,8.304726e-04,1.021026e-02,5.708818e-03
8,4,5,-135,6.902020e-01,1.038090e-01,0.869260,0.794011,-0.37077,-2.26520, Land,0.690202,2.594951e-02,6.636487e-03,2.895598e-03,7.542368e-04,1.288423e-02,7.031216e-03
8,5,5,-125,6.952976e-01,1.117789e-01,0.861501,0.807077,-0.36342,-2.19123, Land,0.695298,2.446348e-02,6.442818e-03,3.319388e-03,9.241601e-04,1.087348e-02,5.531783e-03
8,6,5,-115,7.027815e-01,1.031901e-01,0.871968,0.805972,-0.35271,-2.27118, Land,0.702781,2.600564e-02,6.188624e-03,3.025401e-03,7.637086e-04,1.160708e-02,5.558690e-03
8,7,5,-105,7.003125e-01,9.974786e-02,0.875325,0.800060,-0.35623,-2.30511, Land,0.700313,2.492188e-02,5.908588e-03,3.194946e-03,8.127275e-04,1.285348e-02,6.236947e-03
8,8,5,-95,7.000579e-01,1.086947e-01,0.865602,0.808753,-0.35659,-2.21921, Land,0.700058,2.426891e-02,6.522873e-03,2.730997e-03,7.750225e-04,1.175165e-02,6.072529e-03
8,9,5,-85,7.133186e-01,1.086422e-01,0.867826,0.821961,-0.33783,-2.21970, Land,0.713319,2.367567e-02,6.283259e-03,2.802010e-03,7.961766e-04,1.132468e-02,6.044424e-03
8,10,5,-75,7.312699e-01,1.006056e-01,0.879062,0.831876,-0.31297,-2.29655, Land,0.731270,2.156584e-02,4.752799e-03,2.818421e-03,6.447779e-04,9.685941e-03,4.618811e-03
8,11,5,-65,7.215827e-01,1.044293e-01,0.873574,0.826012,-0.32631,-2.25924, Land,0.721583,2.309161e-02,5.538880e-03,2.659466e-03,6.735771e-04,9.370932e-03,4.400803e-03
8,12,5,-55,7.290503e-01,9.458061e-02,0.885166,0.823631,-0.31601,-2.35830, Land,0.729050,2.393342e-02,5.373898e-03,2.719961e-03,6.275455e-04,1.017717e-02,4.391051e-03
8,13,5,-45,7.511279e-01,8.971620e-02,0.893302,0.840844,-0.28618,-2.41110, Land,0.751128,2.210227e-02,4.789025e-03,2.502083e-03,5.320573e-04,8.853843e-03,3.830761e-03
8,14,5,-35,7.318274e-01,9.163489e-02,0.888720,0.823462,-0.31221,-2.38994, Land,0.731827,2.319450e-02,5.195905e-03,2.766035e-03,6.095722e-04,9.329770e-03,4.241126e-03
8,15,5,-25,7.339491e-01,9.255857e-02,0.888012,0.826508,-0.30932,-2.37991, Land,0.733949,2.136306e-02,4.920453e-03,2.792349e-03,6.069211e-04,8.991881e-03,4.126929e-03
8,16,5,-15,7.457930e-01,9.046486e-02,0.891822,0.836258,-0.29331,-2.40279, Land,0.745793,1.897791e-02,4.213091e-03,2.455366e-03,5.251819e-04,8.265637e-03,3.835233e-03
8,17,5,-5,7.376186e-01,8.115402e-02,0.900883,0.818773,-0.30433,-2.51141, Land,0.737619,1.818442e-02,3.644626e-03,1.983343e-03,3.636842e-04,6.658905e-03,3.447005e-03
8,18,5,5,7.541769e-01,6.384354e-02,0.921954,0.818020,-0.28213,-2.75132, Land,0.754177,1.803388e-02,3.222764e-03,2.413190e-03,3.590338e-04,7.513635e-03,3.410673e-03
8,19,5,15,7.622252e-01,7.208188e-02,0.913603,0.834307,-0.27151,-2.62995, Land,0.762225,2.047181e-02,3.937615e-03,2.702261e-03,4.614235e-04,9.759558e-03,3.624582e-03
8,20,5,25,7.491452e-01,7.470976e-02,0.909317,0.823855,-0.28882,-2.59414, Land,0.749145,2.260684e-02,4.368775e-03,3.013611e-03,5.322266e-04,1.107768e-02,4.004627e-03
8,21,5,35,7.591094e-01,7.012070e-02,0.915439,0.829230,-0.27561,-2.65754, Land,0.759109,2.242549e-02,4.046601e-03,3.010039e-03,5.041615e-04,1.061074e-02,3.683589e-03
8,22,5,45,7.642821e-01,7.350877e-02,0.912259,0.837791,-0.26882,-2.61035, Land,0.764282,2.213431e-02,4.093046e-03,2.820661e-03,4.855789e-04,1.077568e-02,3.643928e-03
8,23,5,55,7.471250e-01,7.384845e-02,0.910048,0.820973,-0.29152,-2.60574, Land,0.747125,2.454621e-02,4.530546e-03,3.108872e-03,5.417497e-04,1.306315e-02,4.583214e-03
8,24,5,65,7.376829e-01,8.111340e-02,0.900936,0.818796,-0.30424,-2.51191, Land,0.737683,2.474047e-02,4.904839e-03,2.891349e-03,5.730727e-04,1.200180e-02,4.511798e-03
8,25,5,75,7.416432e-01,8.222832e-02,0.900193,0.823872,-0.29889,-2.49826, Land,0.741643,2.220998e-02,4.462508e-03,3.171410e-03,6.062951e-04,1.254995e-02,5.268324e-03
8,26,5,85,7.164057e-01,9.762927e-02,0.880067,0.814035,-0.33351,-2.32658, Land,0.716406,2.322950e-02,5.877106e-03,3.208890e-03,7.950379e-04,1.426422e-02,7.147146e-03
8,27,5,95,6.980070e-01,9.645517e-02,0.878591,0.794462,-0.35953,-2.33868, Land,0.698007,2.325810e-02,5.947995e-03,3.003665e-03,7.608795e-04,1.376307e-02,6.889196e-03
8,28,5,105,7.112470e-01,8.159995e-02,0.897080,0.792847,-0.34074,-2.50593, Land,0.711247,2.518563e-02,5.539688e-03,3.482632e-03,7.705019e-04,1.546211e-02,6.671563e-03
8,29,5,115,7.069798e-01,9.118316e-02,0.885759,0.798163,-0.34675,-2.39489, Land,0.706980,2.607793e-02,5.986967e-03,3.219466e-03,7.252566e-04,1.412345e-02,6.553989e-03
8,30,5,125,6.931663e-01,1.005220e-01,0.873348,0.793688,-0.36649,-2.29738, Land,0.693166,2.533394e-02,6.594286e-03,3.459037e-03,8.768795e-04,1.331686e-02,6.984852e-03
8,31,5,135,6.837792e-01,9.543182e-02,0.877528,0.779211,-0.38012,-2.34934, Land,0.683779,2.604029e-02,6.802286e-03,3.097832e-03,7.628249e-04,1.649051e-02,9.573650e-03
8,32,5,145,6.816946e-01,1.090602e-01,0.862081,0.790755,-0.38317,-2.21586, Land,0.681695,2.411750e-02,7.289356e-03,3.174195e-03,8.902815e-04,1.226533e-02,7.546750e-03
8,33,5,155,6.951090e-01,1.022273e-01,0.871789,0.797336,-0.36369,-2.28056, Land,0.695109,2.450686e-02,6.667041e-03,3.215686e-03,8.463290e-04,1.296062e-02,6.925740e-03
8,34,5,165,6.585116e-01,1.168095e-01,0.849340,0.775321,-0.41777,-2.14721, Land,0.658512,2.533870e-02,7.775896e-03,3.056141e-03,9.066856e-04,1.222216e-02,8.231763e-03
8,35,5,175,6.954084e-01,1.011855e-01,0.872977,0.796594,-0.36326,-2.29080, Land,0.695408,2.458767e-02,6.439974e-03,3.253241e-03,8.129946e-04,1.212930e-02,6.873866e-03
9,0,-5,-175,6.215370e-01,1.671873e-01,0.788028,0.788724,-0.47556,-1.78864, Land,0.621537,2.518459e-02,1.264496e-02,2.735562e-03,1.286812e-03,1.025885e-02,9.192942e-03
9,1,-5,-165,6.069043e-01,1.654168e-01,0.785819,0.772321,-0.49938,-1.79929, Land,0.606904,2.545077e-02,1.294254e-02,2.660319e-03,1.290959e-03,1.079205e-02,1.021106e-02
9,2,-5,-155,6.183336e-01,1.651495e-01,0.789211,0.783483,-0.48073,-1.80090, Land,0.618334,2.474377e-02,1.240795e-02,2.897085e-03,1.369110e-03,1.144884e-02,9.938089e-03
9,3,-5,-145,6.021515e-01,1.706078e-01,0.779223,0.772759,-0.50725,-1.76839, Land,0.602152,2.525115e-02,1.414883e-02,2.566173e-03,1.387137e-03,1.079356e-02,1.060752e-02
9,4,-5,-135,6.378351e-01,1.466309e-01,0.813082,0.784466,-0.44968,-1.91984, Land,0.637835,2.644944e-02,1.159896e-02,2.635107e-03,1.124692e-03,1.251698e-02,1.016878e-02
9,5,-5,-125,6.113772e-01,1.686452e-01,0.783794,0.780022,-0.49204,-1.77996, Land,0.611377,2.470473e-02,1.270151e-02,2.854278e-03,1.447590e-03,1.075370e-02,9.976285e-03
9,6,-5,-115,6.164177e-01,1.610416e-01,0.792862,0.777459,-0.48383,-1.82609, Land,0.616418,2.626147e-02,1.250798e-02,2.802641e-03,1.294239e-03,1.125489e-02,9.725716e-03
9,7,-5,-105,6.219164e-01,1.563090e-01,0.799147,0.778225,-0.47495,-1.85592, Land,0.621916,2.511300e-02,1.172273e-02,2.833039e-03,1.281886e-03,1.237960e-02,1.076344e-02
9,8,-5,-95,6.198766e-01,1.697249e-01,0.785050,0.789602,-0.47823,-1.77358, Land,0.619877,2.396180e-02,1.241480e-02,2.589142e-03,1.287142e-03,1.190990e-02,1.055803e-02
9,9,-5,-85,6.183343e-01,1.812545e-01,0.773315,0.799589,-0.48073,-1.70785, Land,0.618334,2.288569e-02,1.275347e-02,2.539431e-03,1.365871e-03,1.121368e-02,1.101169e-02
9,10,-5,-75,6.254453e-01,1.787316e-01,0.777746,0.804177,-0.46929,-1.72187, Land,0.625445,2.249438e-02,1.168716e-02,2.523151e-03,1.279418e-03,1.036799e-02,9.858035e-03
9,11,-5,-65,6.271823e-01,1.718414e-01,0.784936,0.799024,-0.46652,-1.76118, Land,0.627182,2.337289e-02,1.218829e-02,2.410653e-03,1.220497e-03,1.059337e-02,9.649909e-03
9,12,-5,-55,6.423788e-01,1.595556e-01,0.801037,0.801934,-0.44258,-1.83536, Land,0.642379,2.401568e-02,1.124765e-02,2.497327e-03,1.117171e-03,1.186342e-02,9.590421e-03
9,13,-5,-45,6.524206e-01,1.601069e-01,0.802952,0.812528,-0.42707,-1.83191, Land,0.652421,2.187903e-02,1.083716e-02,2.321471e-03,1.067261e-03,9.517165e-03,8.159668e-03
9,14,-5,-35,6.437483e-01,1.600951e-01,0.800838,0.803843,-0.44045,-1.83199, Land,0.643748,2.255565e-02,1.068784e-02,2.482277e-03,1.121917e-03,9.372513e-03,7.840836e-03
9,15,-5,-25,6.437788e-01,1.567191e-01,0.804223,0.800498,-0.44040,-1.85330, Land,0.643779,2.115043e-02,1.000535e-02,2.534790e-03,1.119158e-03,9.921205e-03,8.291114e-03
9,16,-5,-15,6.366646e-01,1.683730e-01,0.790851,0.805038,-0.45151,-1.78157, Land,0.636665,1.839575e-02,9.379824e-03,2.282318e-03,1.100941e-03,8.372513e-03,8.074548e-03
9,17,-5,-5,6.720085e-01,1.360665e-01,0.831616,0.808075,-0.39748,-1.99461, Land,0.672009,1.873564e-02,7.236060e-03,1.982760e-03,6.928905e-04,8.844997e-03,7.570178e-03
9,18,-5,5,6.610713e-01,1.294655e-01,0.836231,0.790537,-0.41389,-2.04434, Land,0.661071,2.145564e-02,8.338716e-03,2.151431e-03,7.260344e-04,9.767559e-03,8.329981e-03
9,19,-5,15,6.486971e-01,1.438409e-01,0.818506,0.792538,-0.43279,-1.93905, Land,0.648697,2.198936e-02,9.724895e-03,2.513658e-03,9.815538e-04,1.080279e-02,8.609590e-03
9,20,-5,25,6.464457e-01,1.388049e-01,0.823235,0.785251,-0.43627,-1.97469, Land,0.646446,2.490374e-02,1.017421e-02,2.811958e-03,1.054891e-03,1.179810e-02,9.166219e-03
9,21,-5,35,6.473523e-01,1.376724e-01,0.824627,0.785025,-0.43486,-1.98288, Land,0.647352,2.615391e-02,1.064538e-02,2.687540e-03,1.009349e-03,1.144461e-02,8.649087e-03
9,22,-5,45,6.599412e-01,1.385438e-01,0.826492,0.798485,-0.41560,-1.97657, Land,0.659941,2.509023e-02,1.032947e-02,2.699772e-03,1.011734e-03,1.130563e-02,8.387783e-03
9,23,-5,55,6.428282e-01,1.392849e-01,0.821912,0.782113,-0.44188,-1.97123, Land,0.642828,2.747148e-02,1.151043e-02,2.694869e-03,1.015711e-03,1.469698e-02,1.070199e-02
9,24,-5,65,6.351469e-01,1.489430e-01,0.810043,0.784090,-0.45390,-1.90419, Land,0.635147,2.713103e-02,1.181904e-02,2.549958e-03,1.079148e-03,1.258005e-02,1.006218e-02
9,25,-5,75,6.213806e-01,1.578326e-01,0.797446,0.779213,-0.47581,-1.84622, Land,0.621381,2.637192e-02,1.217808e-02,2.813845e-03,1.200692e-03,1.332518e-02,1.145495e-02
9,26,-5,85,6.314391e-01,1.532071e-01,0.804744,0.784646,-0.45975,-1.87596, Land,0.631439,2.675278e-02,1.247633e-02,2.826998e-03,1.256740e-03,1.404185e-02,1.214974e-02
9,27,-5,95,6.094680e-01,1.561059e-01,0.796093,0.765574,-0.49517,-1.85722, Land,0.609468,2.569907e-02,1.276332e-02,2.808030e-03,1.319183e-03,1.436489e-02,1.202440e-02
9,28,-5,105,6.205660e-01,1.389599e-01,0.817044,0.759526,-0.47712,-1.97357, Land,0.620566,2.758180e-02,1.195591e-02,2.981358e-03,1.245390e-03,1.639758e-02,1.276961e-02
9,29,-5,115,6.040743e-01,1.564018e-01,0.794337,0.760476,-0.50406,-1.85533, Land,0.604074,2.919660e-02,1.363642e-02,2.806111e-03,1.243718e-03,1.374849e-02,1.224615e-02
9,30,-5,125,6.015849e-01,1.554448e-01,0.794665,0.757030,-0.50819,-1.86146, Land,0.601585,2.802762e-02,1.320186e-02,2.989955e-03,1.336276e-03,1.432730e-02,1.242709e-02
9,31,-5,135,6.028650e-01,1.455894e-01,0.805480,0.748454,-0.50606,-1.92697, Land,0.602865,2.875080e-02,1.340230e-02,2.719486e-03,1.174754e-03,1.581094e-02,1.417389e-02
9,32,-5,145,5.940265e-01,1.651498e-01,0.782462,0.759176,-0.52083,-1.80090, Land,0.594027,2.606958e-02,1.438344e-02,2.774161e-03,1.394402e-03,1.247137e-02,1.268631e-02
9,33,-5,155,6.142269e-01,1.549387e-01,0.798563,0.769166,-0.48739,-1.86473, Land,0.614227,2.560836e-02,1.254097e-02,2.895629e-03,1.297279e-03,1.286045e-02,1.154547e-02
9,34,-5,165,5.816727e-01,1.635575e-01,0.780528,0.745230,-0.54185,-1.81059, Land,0.581673,2.741534e-02,1.447148e-02,2.723328e-03,1.323468e-03,1.302983e-02,1.312451e-02
9,35,-5,175,6.017660e-01,1.577662e-01,0.792285,0.759532,-0.50789,-1.84664, Land,0.601766,2.627014e-02,1.305621e-02,2.801433e-03,1.278246e-03,1.295323e-02,1.184235e-02
10,0,-15,-175,6.067488e-01,1.759215e-01,0.775229,0.782670,-0.49964,-1.73772, Land,0.606749,2.438731e-02,1.308329e-02,2.767961e-03,1.439851e-03,1.183782e-02,1.161693e-02
10,1,-15,-165,5.847764e-01,1.755625e-01,0.769100,0.760339,-0.53653,-1.73976, Land,0.584776,2.692067e-02,1.438432e-02,2.615284e-03,1.398079e-03,1.312106e-02,1.264385e-02
10,2,-15,-155,6.060006e-01,1.735949e-01,0.777327,0.779596,-0.50087,-1.75103, Land,0.606001,2.467297e-02,1.332637e-02,2.926294e-03,1.537243e-03,1.289406e-02,1.156422e-02
10,3,-15,-145,5.894175e-01,1.816518e-01,0.764416,0.771069,-0.52862,-1.70566, Land,0.589417,2.551781e-02,1.496948e-02,2.654813e-03,1.479630e-03,1.283483e-02,1.349070e-02
10,4,-15,-135,5.924364e-01,1.739457e-01,0.773030,0.766382,-0.52351,-1.74901, Land,0.592436,2.676060e-02,1.486829e-02,2.577728e-03,1.371112e-03,1.448750e-02,1.431735e-02
10,5,-15,-125,5.800554e-01,1.921140e-01,0.751202,0.772169,-0.54463,-1.64967, Land,0.580055,2.485578e-02,1.541931e-02,2.794658e-03,1.665756e-03,1.249078e-02,1.353586e-02
10,6,-15,-115,5.961001e-01,1.740225e-01,0.774033,0.770123,-0.51735,-1.74857, Land,0.596100,2.552140e-02,1.359500e-02,2.741677e-03,1.414878e-03,1.362483e-02,1.270964e-02
10,7,-15,-105,5.888515e-01,1.841123e-01,0.761810,0.772964,-0.52958,-1.69221, Land,0.588852,2.399586e-02,1.373600e-02,2.825176e-03,1.570873e-03,1.274751e-02,1.358590e-02
10,8,-15,-95,6.003371e-01,1.876621e-01,0.761850,0.787999,-0.51026,-1.67311, Land,0.600337,2.394853e-02,1.392707e-02,2.597705e-03,1.461567e-03,1.194278e-02,1.212721e-02
10,9,-15,-85,6.054705e-01,1.811386e-01,0.769722,0.786609,-0.50175,-1.70849, Land,0.605470,2.498279e-02,1.398080e-02,2.625426e-03,1.473267e-03,1.347036e-02,1.378244e-02
10,10,-15,-75,6.059024e-01,1.875177e-01,0.763659,0.793420,-0.50104,-1.67388, Land,0.605902,2.309642e-02,1.267721e-02,2.618564e-03,1.424323e-03,1.062610e-02,1.099556e-02
10,11,-15,-65,6.100717e-01,1.834066e-01,0.768857,0.793478,-0.49418,-1.69605, Land,0.610072,2.339521e-02,1.291873e-02,2.420888e-03,1.339089e-03,1.142996e-02,1.150929e-02
10,12,-15,-55,6.205629e-01,1.753512e-01,0.779686,0.795914,-0.47713,-1.74096, Land,0.620563,2.336985e-02,1.213756e-02,2.615332e-03,1.294243e-03,1.187929e-02,1.099381e-02
10,13,-15,-45,6.375371e-01,1.718436e-01,0.787685,0.809381,-0.45014,-1.76117, Land,0.637537,2.153702e-02,1.088513e-02,2.321241e-03,1.125135e-03,9.217503e-03,8.783311e-03
10,14,-15,-35,6.143608e-01,1.838701e-01,0.769653,0.798231,-0.48717,-1.69353, Land,0.614361,2.176891e-02,1.182876e-02,2.444568e-03,1.285666e-03,9.794144e-03,9.614093e-03
10,15,-15,-25,6.167746e-01,1.780583e-01,0.775980,0.794833,-0.48325,-1.72564, Land,0.616775,1.984587e-02,1.059935e-02,2.363473e-03,1.211361e-03,9.516901e-03,9.761002e-03
10,16,-15,-15,6.416850e-01,1.549035e-01,0.805541,0.796588,-0.44366,-1.86495, Land,0.641685,2.146207e-02,9.234224e-03,1.865265e-03,8.027926e-04,8.981917e-03,8.597604e-03
10,17,-15,-5,6.205987e-01,1.709010e-01,0.784080,0.791500,-0.47707,-1.76667, Land,0.620599,1.959999e-02,1.000677e-02,2.264181e-03,1.106050e-03,1.042343e-02,1.037802e-02
10,18,-15,5,6.310178e-01,1.506337e-01,0.807288,0.781652,-0.46042,-1.89290, Land,0.631018,2.392520e-02,1.021613e-02,2.529440e-03,1.019633e-03,1.236591e-02,1.059044e-02
10,19,-15,15,6.338378e-01,1.387460e-01,0.820413,0.772584,-0.45596,-1.97511, Land,0.633838,2.663686e-02,1.066919e-02,2.009234e-03,7.676956e-04,1.071831e-02,9.731769e-03
10,20,-15,25,6.299443e-01,1.548206e-01,0.802717,0.784765,-0.46212,-1.86549, Land,0.629944,2.549582e-02,1.154248e-02,2.722788e-03,1.135117e-03,1.262335e-02,1.067661e-02
10,21,-15,35,6.295131e-01,1.523056e-01,0.805191,0.781819,-0.46281,-1.88187, Land,0.629513,2.596462e-02,1.149444e-02,2.734223e-03,1.120021e-03,1.276715e-02,1.060019e-02
10,22,-15,45,6.358781e-01,1.526882e-01,0.806372,0.788566,-0.45275,-1.87936, Land,0.635878,2.758223e-02,1.212852e-02,2.586509e-03,1.068489e-03,1.250845e-02,1.037249e-02
10,23,-15,55,6.221591e-01,1.529331e-01,0.802690,0.775092,-0.47456,-1.87775, Land,0.622159,2.854210e-02,1.277911e-02,2.788472e-03,1.183049e-03,1.551267e-02,1.237124e-02
10,24,-15,65,6.015868e-01,1.656118e-01,0.784134,0.767199,-0.50818,-1.79811, Land,0.601587,2.847018e-02,1.420486e-02,2.754139e-03,1.312828e-03,1.512435e-02,1.373443e-02
10,25,-15,75,6.092784e-01,1.645594e-01,0.787346,0.773838,-0.49548,-1.80448, Land,0.609278,2.763383e-02,1.282648e-02,2.768154e-03,1.241342e-03,1.451350e-02,1.304677e-02
10,26,-15,85,5.911731e-01,1.703426e-01,0.776311,0.761516,-0.52565,-1.76994, Land,0.591173,2.826734e-02,1.514705e-02,2.734734e-03,1.458339e-03,1.695167e-02,1.673901e-02
10,27,-15,95,6.024403e-01,1.625312e-01,0.787533,0.764971,-0.50677,-1.81689, Land,0.602440,2.777799e-02,1.390339e-02,2.902778e-03,1.370110e-03,1.522094e-02,1.444899e-02
10,28,-15,105,5.944594e-01,1.574531e-01,0.790596,0.751913,-0.52010,-1.84863, Land,0.594459,2.930440e-02,1.363099e-02,3.072445e-03,1.384238e-03,1.664911e-02,1.462458e-02
10,29,-15,115,5.842276e-01,1.610592e-01,0.783896,0.745287,-0.53746,-1.82598, Land,0.584228,3.002559e-02,1.463565e-02,2.897499e-03,1.351687e-03,1.718683e-02,1.496239e-02
10,30,-15,125,5.900260e-01,1.671769e-01,0.779218,0.757203,-0.52759,-1.78870, Land,0.590026,2.821339e-02,1.437603e-02,3.000374e-03,1.457677e-03,1.581988e-02,1.530940e-02
10,31,-15,135,5.826906e-01,1.646257e-01,0.779711,0.747316,-0.54010,-1.80408, Land,0.582691,2.966838e-02,1.547972e-02,2.687673e-03,1.354184e-03,1.750698e-02,1.680880e-02
10,32,-15,145,5.807009e-01,1.700942e-01,0.773448,0.750795,-0.54352,-1.77140, Land,0.580701,2.838732e-02,1.590889e-02,2.793566e-03,1.444644e-03,1.580277e-02,1.543754e-02
10,33,-15,155,5.997532e-01,1.607592e-01,0.788617,0.760512,-0.51124,-1.82785, Land,0.599753,2.837973e-02,1.422929e-02,2.885745e-03,1.393959e-03,1.570218e-02,1.377012e-02
10,34,-15,165,5.762496e-01,1.658021e-01,0.776563,0.742052,-0.55121,-1.79696, Land,0.576250,2.856952e-02,1.471147e-02,2.712368e-03,1.360008e-03,1.514203e-02,1.502792e-02
10,35,-15,175,5.979628e-01,1.625365e-01,0.786277,0.760499,-0.51423,-1.81685, Land,0.597963,2.795432e-02,1.368168e-02,2.979258e-03,1.360891e-03,1.466665e-02,1.432549e-02
11,0,-25,-175,6.233591e-01,1.719321e-01,0.783812,0.795291,-0.47263,-1.76066, Land,0.623359,2.388006e-02,1.254390e-02,2.886019e-03,1.470282e-03,1.221301e-02,1.116659e-02
11,1,-25,-165,6.123548e-01,1.755904e-01,0.777154,0.787945,-0.49044,-1.73960, Land,0.612355,2.506109e-02,1.375919e-02,2.770760e-03,1.456152e-03,1.207664e-02,1.159509e-02
11,2,-25,-155,6.149095e-01,1.814958e-01,0.772106,0.796405,-0.48628,-1.70652, Land,0.614910,2.414394e-02,1.401055e-02,2.841395e-03,1.563020e-03,1.148056e-02,1.128542e-02
11,3,-25,-145,6.145522e-01,1.802462e-01,0.773218,0.794798,-0.48686,-1.71343, Land,0.614552,2.343604e-02,1.401384e-02,2.802158e-03,1.560966e-03,1.164947e-02,1.152829e-02
11,4,-25,-135,6.162270e-01,1.722155e-01,0.781575,0.788442,-0.48414,-1.75901, Land,0.616227,2.537902e-02,1.400799e-02,2.752386e-03,1.420217e-03,1.359937e-02,1.277587e-02
11,5,-25,-125,6.045774e-01,1.882109e-01,0.762596,0.792788,-0.50323,-1.67019, Land,0.604577,2.331785e-02,1.446905e-02,2.826827e-03,1.680490e-03,1.288980e-02,1.294428e-02
11,6,-25,-115,6.121700e-01,1.753828e-01,0.777307,0.787553,-0.49075,-1.74078, Land,0.612170,2.512179e-02,1.345713e-02,2.849802e-03,1.457850e-03,1.337250e-02,1.222029e-02
11,7,-25,-105,6.169528e-01,1.744923e-01,0.779527,0.791445,-0.48296,-1.74587, Land,0.616953,2.369218e-02,1.311256e-02,2.961499e-03,1.551227e-03,1.261027e-02,1.229036e-02
11,8,-25,-95,6.109751e-01,1.871695e-01,0.765494,0.798145,-0.49270,-1.67574, Land,0.610975,2.402795e-02,1.409113e-02,2.778770e-03,1.574744e-03,1.212759e-02,1.228221e-02
11,9,-25,-85,6.395480e-01,1.724496e-01,0.787623,0.811998,-0.44699,-1.75765, Land,0.639548,2.386356e-02,1.228912e-02,2.798014e-03,1.394404e-03,1.253924e-02,1.134405e-02
11,10,-25,-75,6.377053e-01,1.741746e-01,0.785468,0.811880,-0.44988,-1.74770, Land,0.637705,2.265392e-02,1.186227e-02,2.654330e-03,1.334874e-03,1.141832e-02,1.058942e-02
11,11,-25,-65,6.197747e-01,1.861008e-01,0.769070,0.805875,-0.47840,-1.68147, Land,0.619775,2.307137e-02,1.337692e-02,2.549038e-03,1.425876e-03,1.097452e-02,1.087429e-02
11,12,-25,-55,6.313877e-01,1.768933e-01,0.781149,0.808281,-0.45984,-1.73221, Land,0.631388,2.361985e-02,1.261659e-02,2.627982e-03,1.325825e-03,1.241382e-02,1.079255e-02
11,13,-25,-45,6.399953e-01,1.784553e-01,0.781960,0.818451,-0.44629,-1.72342, Land,0.639995,2.167541e-02,1.194204e-02,2.470649e-03,1.271812e-03,1.024121e-02,9.785472e-03
11,14,-25,-35,6.169680e-01,1.841040e-01,0.770178,0.801072,-0.48294,-1.69225, Land,0.616968,2.075567e-02,1.199331e-02,2.437084e-03,1.333207e-03,1.022392e-02,1.008957e-02
11,15,-25,-25,6.455153e-01,1.605834e-01,0.800789,0.806099,-0.43771,-1.82894, Land,0.645515,2.271937e-02,1.102462e-02,2.211567e-03,1.016379e-03,1.096360e-02,9.635960e-03
11,16,-25,-15,6.295412e-01,1.785228e-01,0.779073,0.808064,-0.46276,-1.72304, Land,0.629541,1.971457e-02,1.109228e-02,2.414229e-03,1.245638e-03,1.029905e-02,1.006598e-02
11,17,-25,-5,6.397098e-01,1.642853e-01,0.795664,0.803995,-0.44674,-1.80615, Land,0.639710,2.139904e-02,1.045911e-02,2.569642e-03,1.186901e-03,1.083420e-02,9.932972e-03
11,18,-25,5,6.397795e-01,1.501222e-01,0.809948,0.789902,-0.44663,-1.89631, Land,0.639779,2.515073e-02,1.098985e-02,2.743627e-03,1.134386e-03,1.321744e-02,1.069751e-02
11,19,-25,15,6.521820e-01,1.478653e-01,0.815179,0.800047,-0.42743,-1.91145, Land,0.652182,2.469617e-02,1.087401e-02,2.677079e-03,1.106245e-03,1.273859e-02,9.982995e-03
11,20,-25,25,6.598455e-01,1.342013e-01,0.830991,0.794047,-0.41575,-2.00841, Land,0.659845,2.625263e-02,1.032765e-02,2.397412e-03,8.972438e-04,1.303715e-02,9.583730e-03
11,21,-25,35,6.474539e-01,1.505370e-01,0.811355,0.797991,-0.43471,-1.89355, Land,0.647454,2.465395e-02,1.122132e-02,2.823926e-03,1.168993e-03,1.296815e-02,9.812746e-03
11,22,-25,45,6.552117e-01,1.499762e-01,0.813738,0.805188,-0.42280,-1.89728, Land,0.655212,2.523199e-02,1.133698e-02,2.790851e-03,1.142173e-03,1.343997e-02,1.003865e-02
11,23,-25,55,6.405818e-01,1.499667e-01,0.810300,0.790549,-0.44538,-1.89734, Land,0.640582,2.725379e-02,1.206215e-02,2.896718e-03,1.174607e-03,1.550847e-02,1.171379e-02
11,24,-25,65,6.300355e-01,1.567841e-01,0.800737,0.786820,-0.46198,-1.85289, Land,0.630035,2.645454e-02,1.279401e-02,2.757734e-03,1.259802e-03,1.512687e-02,1.214277e-02
11,25,-25,75,6.402069e-01,1.524557e-01,0.807666,0.792663,-0.44596,-1.88088, Land,0.640207,2.680980e-02,1.151509e-02,2.946973e-03,1.219085e-03,1.529513e-02,1.194257e-02
11,26,-25,85,6.393332e-01,1.535708e-01,0.806319,0.792904,-0.44733,-1.87359, Land,0.639333,2.806557e-02,1.234515e-02,3.047833e-03,1.285006e-03,1.630998e-02,1.319552e-02
11,27,-25,95,6.235450e-01,1.625572e-01,0.793211,0.786102,-0.47233,-1.81673, Land,0.623545,2.650694e-02,1.357944e-02,3.068018e-03,1.442847e-03,1.534542e-02,1.385124e-02
11,28,-25,105,6.237609e-01,1.489210e-01,0.807267,0.772682,-0.47199,-1.90434, Land,0.623761,2.778468e-02,1.242368e-02,3.115827e-03,1.307417e-03,1.699802e-02,1.385258e-02
11,29,-25,115,6.118574e-01,1.602982e-01,0.792402,0.772156,-0.49126,-1.83072, Land,0.611857,2.827681e-02,1.386011e-02,2.977136e-03,1.357097e-03,1.665967e-02,1.417161e-02
11,30,-25,125,6.086381e-01,1.667428e-01,0.784954,0.775381,-0.49653,-1.79130, Land,0.608638,2.653065e-02,1.384845e-02,3.070266e-03,1.534358e-03,1.586769e-02,1.413150e-02
11,31,-25,135,6.095921e-01,1.592749e-01,0.792845,0.768867,-0.49497,-1.83712, Land,0.609592,2.768599e-02,1.406536e-02,2.919141e-03,1.366227e-03,1.657843e-02,1.520900e-02
11,32,-25,145,6.094778e-01,1.636946e-01,0.788282,0.773172,-0.49515,-1.80975, Land,0.609478,2.708334e-02,1.464005e-02,2.919942e-03,1.423534e-03,1.509828e-02,1.405903e-02
11,33,-25,155,6.250907e-01,1.551418e-01,0.801160,0.780232,-0.46986,-1.86342, Land,0.625091,2.567477e-02,1.267299e-02,3.133425e-03,1.389664e-03,1.462878e-02,1.256732e-02
11,34,-25,165,6.126064e-01,1.584913e-01,0.794460,0.771098,-0.49003,-1.84206, Land,0.612606,2.682597e-02,1.353164e-02,2.957567e-03,1.353005e-03,1.480976e-02,1.367807e-02
11,35,-25,175,6.262936e-01,1.543398e-01,0.802289,0.780633,-0.46794,-1.86860, Land,0.626294,2.661147e-02,1.232098e-02,3.017712e-03,1.308125e-03,1.481445e-02,1.281799e-02
12,0,-35,-175,6.239963e-01,1.671653e-01,0.788709,0.791162,-0.47161,-1.78877, Land,0.623996,2.444535e-02,1.359274e-02,2.778802e-03,1.401736e-03,1.288077e-02,1.063928e-02
12,1,-35,-165,6.085766e-01,1.726940e-01,0.778958,0.781271,-0.49663,-1.75623, Land,0.608577,2.539044e-02,1.498393e-02,2.689626e-03,1.460214e-03,1.298411e-02,1.151425e-02
12,2,-35,-155,6.134831e-01,1.813693e-01,0.771820,0.794852,-0.48860,-1.70722, Land,0.613483,2.348749e-02,1.432286e-02,2.831514e-03,1.604788e-03,1.272248e-02,1.098808e-02
12,3,-35,-145,6.036436e-01,1.779990e-01,0.772276,0.781643,-0.50477,-1.72598, Land,0.603644,2.549093e-02,1.548488e-02,2.682463e-03,1.553006e-03,1.280347e-02,1.149691e-02
12,4,-35,-135,6.104608e-01,1.729294e-01,0.779255,0.783390,-0.49354,-1.75487, Land,0.610461,2.583440e-02,1.507578e-02,2.636789e-03,1.487390e-03,1.406365e-02,1.196147e-02
12,5,-35,-125,6.189434e-01,1.789098e-01,0.775761,0.797853,-0.47974,-1.72087, Land,0.618943,2.378536e-02,1.380082e-02,2.735773e-03,1.497644e-03,1.241631e-02,1.073389e-02
12,6,-35,-115,6.273041e-01,1.674928e-01,0.789263,0.794797,-0.46632,-1.78681, Land,0.627304,2.499926e-02,1.334308e-02,2.756588e-03,1.369108e-03,1.308346e-02,1.075182e-02
12,7,-35,-105,6.103597e-01,1.738402e-01,0.778322,0.784200,-0.49371,-1.74962, Land,0.610360,2.545053e-02,1.410407e-02,2.837909e-03,1.534960e-03,1.402032e-02,1.219687e-02
12,8,-35,-95,6.162961e-01,1.785312e-01,0.775384,0.794827,-0.48403,-1.72299, Land,0.616296,2.431338e-02,1.397517e-02,2.796402e-03,1.521951e-03,1.363194e-02,1.190853e-02
12,9,-35,-85,6.128131e-01,1.822882e-01,0.770736,0.795101,-0.48970,-1.70217, Land,0.612813,2.444005e-02,1.404675e-02,2.554037e-03,1.422658e-03,1.371224e-02,1.252151e-02
12,10,-35,-75,6.186415e-01,1.873298e-01,0.767573,0.805971,-0.48023,-1.67488, Land,0.618641,2.201798e-02,1.284401e-02,2.541889e-03,1.412755e-03,1.199072e-02,1.105279e-02
12,11,-35,-65,6.242117e-01,1.780935e-01,0.778023,0.802305,-0.47127,-1.72545, Land,0.624212,2.357701e-02,1.362172e-02,2.537072e-03,1.368267e-03,1.266908e-02,1.095927e-02
12,12,-35,-55,6.300417e-01,1.713994e-01,0.786136,0.801441,-0.46197,-1.76376, Land,0.630042,2.382922e-02,1.308613e-02,2.422670e-03,1.240086e-03,1.311342e-02,1.045009e-02
12,13,-35,-45,6.418610e-01,1.727720e-01,0.787914,0.814633,-0.44338,-1.75578, Land,0.641861,2.202354e-02,1.202421e-02,2.342308e-03,1.216511e-03,1.144650e-02,9.447950e-03
12,14,-35,-35,6.585255e-01,1.490108e-01,0.815475,0.807536,-0.41775,-1.90374, Land,0.658526,2.435190e-02,1.105992e-02,2.062505e-03,9.095416e-04,1.236448e-02,9.011042e-03
12,15,-35,-25,6.315356e-01,1.691503e-01,0.788743,0.800686,-0.45960,-1.77697, Land,0.631536,2.240402e-02,1.209983e-02,2.430783e-03,1.231462e-03,1.157157e-02,9.841246e-03
12,16,-35,-15,6.424843e-01,1.607250e-01,0.799897,0.803209,-0.44241,-1.82806, Land,0.642484,2.165372e-02,1.094797e-02,2.424391e-03,1.139285e-03,1.189661e-02,9.623038e-03
12,17,-35,-5,6.322266e-01,1.653017e-01,0.792732,0.797528,-0.45851,-1.79998, Land,0.632227,2.248872e-02,1.159154e-02,2.358508e-03,1.140321e-03,1.191358e-02,1.012302e-02
12,18,-35,5,6.528854e-01,1.407142e-01,0.822689,0.793600,-0.42635,-1.96102, Land,0.652885,2.579036e-02,1.121813e-02,2.701699e-03,1.047510e-03,1.451410e-02,9.855953e-03
12,19,-35,15,6.609343e-01,1.350591e-01,0.830326,0.795993,-0.41410,-2.00204, Land,0.660934,2.498730e-02,1.047920e-02,2.692460e-03,1.021331e-03,1.463576e-02,9.360856e-03
12,20,-35,25,6.597156e-01,1.365372e-01,0.828525,0.796253,-0.41595,-1.99116, Land,0.659716,2.581715e-02,1.098302e-02,2.768684e-03,1.050480e-03,1.546465e-02,9.983120e-03
12,21,-35,35,6.666544e-01,1.303518e-01,0.836448,0.797006,-0.40548,-2.03752, Land,0.666654,2.869087e-02,1.049745e-02,2.292287e-03,7.809239e-04,1.405727e-02,8.361066e-03
12,22,-35,45,6.618040e-01,1.374501e-01,0.828027,0.799254,-0.41279,-1.98449, Land,0.661804,2.535237e-02,1.122346e-02,2.638226e-03,1.010951e-03,1.487476e-02,9.382949e-03
12,23,-35,55,6.473085e-01,1.423447e-01,0.819738,0.789653,-0.43493,-1.94950, Land,0.647309,2.660548e-02,1.166416e-02,2.718622e-03,1.091523e-03,1.716674e-02,1.099342e-02
12,24,-35,65,6.285246e-01,1.534395e-01,0.803777,0.781964,-0.46438,-1.87445, Land,0.628525,2.772843e-02,1.338244e-02,2.723643e-03,1.241639e-03,1.634353e-02,1.163675e-02
12,25,-35,75,6.533082e-01,1.410901e-01,0.822394,0.794398,-0.42571,-1.95836, Land,0.653308,2.816773e-02,1.180760e-02,2.983302e-03,1.199443e-03,1.682150e-02,1.119758e-02
12,26,-35,85,6.333185e-01,1.448795e-01,0.813827,0.778198,-0.45678,-1.93185, Land,0.633318,2.816400e-02,1.247239e-02,2.962646e-03,1.277553e-03,1.754359e-02,1.278188e-02
12,27,-35,95,6.166456e-01,1.556707e-01,0.798437,0.772316,-0.48346,-1.86001, Land,0.616646,2.763764e-02,1.334922e-02,2.999072e-03,1.386184e-03,1.655705e-02,1.308552e-02
12,28,-35,105,6.261021e-01,1.429898e-01,0.814080,0.769092,-0.46824,-1.94498, Land,0.626102,2.937868e-02,1.288138e-02,3.105469e-03,1.314173e-03,1.743226e-02,1.266006e-02
12,29,-35,115,6.202659e-01,1.538411e-01,0.801266,0.774107,-0.47761,-1.87184, Land,0.620266,2.936690e-02,1.404636e-02,2.935896e-03,1.297953e-03,1.662310e-02,1.247578e-02
12,30,-35,125,6.200621e-01,1.583972e-01,0.796525,0.778459,-0.47794,-1.84265, Land,0.620062,2.836562e-02,1.382299e-02,2.921431e-03,1.358869e-03,1.569255e-02,1.232038e-02
12,31,-35,135,6.183028e-01,1.482589e-01,0.806592,0.766562,-0.48078,-1.90880, Land,0.618303,2.958292e-02,1.433949e-02,2.853008e-03,1.278837e-03,1.769005e-02,1.284495e-02
12,32,-35,145,5.974427e-01,1.638728e-01,0.784750,0.761316,-0.51510,-1.80866, Land,0.597443,2.808340e-02,1.583180e-02,2.881120e-03,1.466827e-03,1.503372e-02,1.289151e-02
12,33,-35,155,6.233218e-01,1.516324e-01,0.804334,0.774954,-0.47269,-1.88630, Land,0.623322,2.684816e-02,1.343050e-02,3.051147e-03,1.357151e-03,1.585797e-02,1.173444e-02
12,34,-35,165,6.091710e-01,1.549475e-01,0.797221,0.764118,-0.49566,-1.86467, Land,0.609171,2.843977e-02,1.449003e-02,2.953864e-03,1.363427e-03,1.616435e-02,1.271298e-02
12,35,-35,175,6.201497e-01,1.512729e-01,0.803904,0.771423,-0.47779,-1.88867, Land,0.620150,2.862023e-02,1.385978e-02,3.005735e-03,1.337309e-03,1.640495e-02,1.227974e-02
13,0,-45,-175,6.368244e-01,1.795506e-01,0.780064,0.816375,-0.45126,-1.71730, Land,0.636824,2.206082e-02,1.312341e-02,2.835198e-03,1.560761e-03,1.254601e-02,1.028869e-02
13,1,-45,-165,6.322415e-01,1.751286e-01,0.783088,0.807370,-0.45848,-1.74223, Land,0.632241,2.437732e-02,1.417372e-02,2.984891e-03,1.589060e-03,1.275184e-02,1.027755e-02
13,2,-45,-155,6.243240e-01,1.837711e-01,0.772587,0.808095,-0.47109,-1.69406, Land,0.624324,2.298627e-02,1.437053e-02,3.110885e-03,1.761511e-03,1.303514e-02,1.090573e-02
13,3,-45,-145,6.132135e-01,1.864509e-01,0.766839,0.799664,-0.48904,-1.67959, Land,0.613213,2.319500e-02,1.520056e-02,2.930828e-03,1.771112e-03,1.319780e-02,1.158699e-02
13,4,-45,-135,6.404726e-01,1.689120e-01,0.791308,0.809385,-0.44555,-1.77838, Land,0.640473,2.366849e-02,1.323987e-02,2.798122e-03,1.430759e-03,1.457090e-02,1.107540e-02
13,5,-45,-125,6.199738e-01,1.896809e-01,0.765726,0.809655,-0.47808,-1.66241, Land,0.619974,2.273102e-02,1.410101e-02,2.869186e-03,1.694852e-03,1.257154e-02,1.100112e-02
13,6,-45,-115,6.333648e-01,1.725024e-01,0.785942,0.805867,-0.45671,-1.75734, Land,0.633365,2.372568e-02,1.299792e-02,2.904510e-03,1.499001e-03,1.409739e-02,1.047183e-02
13,7,-45,-105,6.346027e-01,1.752929e-01,0.783561,0.809896,-0.45476,-1.74130, Land,0.634603,2.321402e-02,1.301555e-02,2.965609e-03,1.611508e-03,1.420744e-02,1.147590e-02
13,8,-45,-95,6.225838e-01,1.867317e-01,0.769272,0.809315,-0.47388,-1.67808, Land,0.622584,2.313276e-02,1.394578e-02,2.836284e-03,1.653725e-03,1.357180e-02,1.125081e-02
13,9,-45,-85,6.409041e-01,1.815034e-01,0.779302,0.822408,-0.44488,-1.70648, Land,0.640904,2.253552e-02,1.286014e-02,2.831304e-03,1.535518e-03,1.374653e-02,1.082947e-02
13,10,-45,-75,6.366966e-01,1.894357e-01,0.770696,0.826132,-0.45146,-1.66371, Land,0.636697,2.120216e-02,1.272939e-02,2.706639e-03,1.510394e-03,1.256718e-02,1.074703e-02
13,11,-45,-65,6.452454e-01,1.800975e-01,0.781791,0.825343,-0.43812,-1.71426, Land,0.645245,2.167842e-02,1.220558e-02,2.696498e-03,1.447450e-03,1.234661e-02,9.651476e-03
13,12,-45,-55,6.462195e-01,1.743757e-01,0.787501,0.820595,-0.43662,-1.74654, Land,0.646219,2.184291e-02,1.231854e-02,2.754201e-03,1.409450e-03,1.388888e-02,1.013963e-02
13,13,-45,-45,6.955038e-01,1.398826e-01,0.832553,0.835386,-0.36312,-1.96695, Land,0.695504,2.199035e-02,9.319361e-03,2.172010e-03,8.881042e-04,1.275964e-02,7.891224e-03
13,14,-45,-35,6.494557e-01,1.749010e-01,0.787833,0.824357,-0.43162,-1.74354, Land,0.649456,2.164536e-02,1.213351e-02,2.545493e-03,1.334576e-03,1.137794e-02,8.559311e-03
13,15,-45,-25,6.533739e-01,1.697326e-01,0.793790,0.823106,-0.42561,-1.77353, Land,0.653374,2.093771e-02,1.114056e-02,2.632904e-03,1.289608e-03,1.124985e-02,8.368965e-03
13,16,-45,-15,6.587156e-01,1.673273e-01,0.797435,0.826043,-0.41746,-1.78780, Land,0.658716,2.045239e-02,1.084333e-02,2.627792e-03,1.264069e-03,1.207353e-02,9.325869e-03
13,17,-45,-5,6.533171e-01,1.649971e-01,0.798370,0.818314,-0.42569,-1.80183, Land,0.653317,2.133870e-02,1.096882e-02,2.581306e-03,1.239175e-03,1.163665e-02,9.034684e-03
13,18,-45,5,6.705853e-01,1.398188e-01,0.827470,0.810404,-0.39960,-1.96741, Land,0.670585,2.509273e-02,1.083028e-02,2.909934e-03,1.106955e-03,1.505821e-02,9.322069e-03
13,19,-45,15,6.667388e-01,1.451467e-01,0.821223,0.811885,-0.40536,-1.93001, Land,0.666739,2.350529e-02,1.084868e-02,2.847023e-03,1.139534e-03,1.546570e-02,9.594415e-03
13,20,-45,25,6.669438e-01,1.409307e-01,0.825554,0.807874,-0.40505,-1.95949, Land,0.666944,2.450435e-02,1.055793e-02,3.051071e-03,1.169598e-03,1.543573e-02,9.172751e-03
13,21,-45,35,6.678467e-01,1.410569e-01,0.825620,0.808904,-0.40370,-1.95859, Land,0.667847,2.580558e-02,1.136606e-02,2.913833e-03,1.130858e-03,1.581513e-02,8.952134e-03
13,22,-45,45,6.949672e-01,1.182177e-01,0.854624,0.813185,-0.36389,-2.13523, Land,0.694967,2.723273e-02,9.589742e-03,2.548745e-03,7.973079e-04,1.595045e-02,7.861376e-03
13,23,-45,55,6.540950e-01,1.463904e-01,0.817123,0.800485,-0.42450,-1.92148, Land,0.654095,2.604823e-02,1.187574e-02,3.024013e-03,1.235090e-03,1.794732e-02,1.093686e-02
13,24,-45,65,6.588688e-01,1.501035e-01,0.814452,0.808972,-0.41723,-1.89643, Land,0.658869,2.590505e-02,1.196450e-02,2.992300e-03,1.277367e-03,1.566881e-02,9.926857e-03
13,25,-45,75,6.481084e-01,1.554929e-01,0.806505,0.803601,-0.43370,-1.86116, Land,0.648108,2.578296e-02,1.204863e-02,3.156398e-03,1.312514e-03,1.696285e-02,1.093801e-02
13,26,-45,85,6.522008e-01,1.498788e-01,0.813137,0.802080,-0.42740,-1.89793, Land,0.652201,2.651696e-02,1.223078e-02,3.261852e-03,1.360955e-03,1.823044e-02,1.138454e-02
13,27,-45,95,6.363705e-01,1.565135e-01,0.802602,0.792884,-0.45197,-1.85461, Land,0.636370,2.665722e-02,1.352054e-02,3.192670e-03,1.462254e-03,1.802581e-02,1.221059e-02
13,28,-45,105,6.333718e-01,1.494606e-01,0.809077,0.782832,-0.45670,-1.90072, Land,0.633372,2.834826e-02,1.327919e-02,3.473629e-03,1.481874e-03,1.945638e-02,1.255859e-02
13,29,-45,115,6.318713e-01,1.542145e-01,0.803820,0.786086,-0.45907,-1.86941, Land,0.631871,2.833115e-02,1.351418e-02,3.131185e-03,1.371421e-03,1.885960e-02,1.255041e-02
13,30,-45,125,6.234843e-01,1.640532e-01,0.791688,0.787538,-0.47243,-1.80756, Land,0.623484,2.766089e-02,1.422320e-02,3.359076e-03,1.574234e-03,1.685998e-02,1.242160e-02
13,31,-45,135,6.362445e-01,1.520626e-01,0.807102,0.788307,-0.45217,-1.88346, Land,0.636245,2.680309e-02,1.325482e-02,3.113093e-03,1.380845e-03,1.773913e-02,1.215406e-02
13,32,-45,145,6.219877e-01,1.672353e-01,0.788101,0.789223,-0.47483,-1.78835, Land,0.621988,2.456250e-02,1.502359e-02,3.118233e-03,1.616614e-03,1.651725e-02,1.286326e-02
13,33,-45,155,6.312936e-01,1.565091e-01,0.801335,0.787803,-0.45998,-1.85464, Land,0.631294,2.586578e-02,1.388875e-02,3.350544e-03,1.549280e-03,1.664679e-02,1.163262e-02
13,34,-45,165,6.250481e-01,1.567018e-01,0.799550,0.781750,-0.46993,-1.85341, Land,0.625048,2.709201e-02,1.428849e-02,3.109640e-03,1.415297e-03,1.691145e-02,1.222458e-02
13,35,-45,175,6.387393e-01,1.533600e-01,0.806388,0.792099,-0.44826,-1.87497, Land,0.638739,2.695895e-02,1.359234e-02,3.228119e-03,1.458404e-03,1.668549e-02,1.179997e-02
14,0,-55,-175,6.397613e-01,1.667472e-01,0.793248,0.806509,-0.44666,-1.79128, Land,0.639761,2.363792e-02,1.313166e-02,2.709027e-03,1.422110e-03,1.396380e-02,9.696722e-03
14,1,-55,-165,6.229159e-01,1.721929e-01,0.783435,0.795109,-0.47334,-1.75914, Land,0.622916,2.408821e-02,1.405111e-02,2.762174e-03,1.506658e-03,1.398004e-02,1.030240e-02
14,2,-55,-155,6.305617e-01,1.792580e-01,0.778645,0.809820,-0.46114,-1.71893, Land,0.630562,2.117629e-02,1.297267e-02,2.835849e-03,1.642579e-03,1.337129e-02,9.610425e-03
14,3,-55,-145,6.159764e-01,1.776745e-01,0.776130,0.793651,-0.48455,-1.72780, Land,0.615976,2.358914e-02,1.466022e-02,2.776003e-03,1.613246e-03,1.414523e-02,1.058558e-02
14,4,-55,-135,6.231001e-01,1.755307e-01,0.780210,0.798631,-0.47305,-1.73994, Land,0.623100,2.363721e-02,1.394205e-02,2.703513e-03,1.514832e-03,1.412293e-02,1.048676e-02
14,5,-55,-125,6.239525e-01,1.813441e-01,0.774811,0.805297,-0.47168,-1.70736, Land,0.623953,2.275451e-02,1.405724e-02,2.722991e-03,1.597555e-03,1.306111e-02,1.025545e-02
14,6,-55,-115,6.393799e-01,1.647492e-01,0.795121,0.804129,-0.44726,-1.80333, Land,0.639380,2.313461e-02,1.247627e-02,2.682645e-03,1.391953e-03,1.433964e-02,9.647979e-03
14,7,-55,-105,6.265690e-01,1.750418e-01,0.781637,0.801611,-0.46750,-1.74273, Land,0.626569,2.258095e-02,1.296044e-02,2.718528e-03,1.531670e-03,1.401090e-02,1.012630e-02
14,8,-55,-95,6.350904e-01,1.768406e-01,0.782198,0.811931,-0.45399,-1.73251, Land,0.635090,2.232938e-02,1.292179e-02,2.514970e-03,1.401606e-03,1.359002e-02,1.014076e-02
14,9,-55,-85,6.380837e-01,1.748830e-01,0.784883,0.812967,-0.44929,-1.74364, Land,0.638084,2.288320e-02,1.330747e-02,2.563790e-03,1.411872e-03,1.431376e-02,1.062217e-02
14,10,-55,-75,6.424341e-01,1.742043e-01,0.786681,0.816638,-0.44249,-1.74753, Land,0.642434,2.146935e-02,1.212321e-02,2.554653e-03,1.393133e-03,1.344545e-02,9.706582e-03
14,11,-55,-65,6.494941e-01,1.661674e-01,0.796279,0.815662,-0.43156,-1.79476, Land,0.649494,2.168432e-02,1.158075e-02,2.578884e-03,1.306697e-03,1.369455e-02,9.226200e-03
14,12,-55,-55,6.735395e-01,1.465362e-01,0.821314,0.820076,-0.39521,-1.92048, Land,0.673539,2.297790e-02,1.029551e-02,2.186578e-03,9.534292e-04,1.545470e-02,9.160171e-03
14,13,-55,-45,6.540891e-01,1.659811e-01,0.797601,0.820070,-0.42451,-1.79588, Land,0.654089,2.162321e-02,1.174692e-02,2.331856e-03,1.206162e-03,1.330545e-02,9.098282e-03
14,14,-55,-35,6.514578e-01,1.650132e-01,0.797895,0.816471,-0.42854,-1.80173, Land,0.651458,2.170017e-02,1.183697e-02,2.445883e-03,1.252010e-03,1.230383e-02,8.218599e-03
14,15,-55,-25,6.472572e-01,1.664547e-01,0.795438,0.813712,-0.43501,-1.79303, Land,0.647257,2.140116e-02,1.151951e-02,2.559475e-03,1.310130e-03,1.304054e-02,8.811491e-03
14,16,-55,-15,6.452449e-01,1.672640e-01,0.794139,0.812509,-0.43813,-1.78818, Land,0.645245,2.103158e-02,1.150465e-02,2.440946e-03,1.244916e-03,1.238605e-02,8.987076e-03
14,17,-55,-5,6.464742e-01,1.578581e-01,0.803740,0.804332,-0.43622,-1.84606, Land,0.646474,2.167315e-02,1.078976e-02,2.356553e-03,1.108015e-03,1.263223e-02,8.731268e-03
14,18,-55,5,6.446983e-01,1.496716e-01,0.811584,0.794370,-0.43897,-1.89931, Land,0.644698,2.450192e-02,1.198431e-02,2.479222e-03,1.075619e-03,1.579484e-02,1.007237e-02
14,19,-55,15,6.425874e-01,1.526143e-01,0.808081,0.795202,-0.44225,-1.87984, Land,0.642587,2.445414e-02,1.201549e-02,2.502186e-03,1.109770e-03,1.628896e-02,1.050135e-02
14,20,-55,25,6.464803e-01,1.499166e-01,0.811756,0.796397,-0.43621,-1.89768, Land,0.646480,2.423271e-02,1.153257e-02,2.733896e-03,1.211064e-03,1.561456e-02,9.661518e-03
14,21,-55,35,6.508553e-01,1.473361e-01,0.815413,0.798191,-0.42947,-1.91504, Land,0.650855,2.625843e-02,1.159092e-02,2.582119e-03,1.078930e-03,1.523360e-02,8.795370e-03
14,22,-55,45,6.446665e-01,1.549935e-01,0.806176,0.799660,-0.43902,-1.86437, Land,0.644667,2.518890e-02,1.227271e-02,2.512311e-03,1.131420e-03,1.587847e-02,9.590747e-03
14,23,-55,55,6.753863e-01,1.294309e-01,0.839180,0.804817,-0.39247,-2.04461, Land,0.675386,2.515633e-02,9.862790e-03,2.280123e-03,8.223596e-04,1.863333e-02,9.635734e-03
14,24,-55,65,6.352750e-01,1.598089e-01,0.799004,0.795084,-0.45370,-1.83378, Land,0.635275,2.569208e-02,1.280456e-02,2.630623e-03,1.240788e-03,1.697145e-02,1.055259e-02
14,25,-55,75,6.377696e-01,1.605839e-01,0.798856,0.798354,-0.44978,-1.82894, Land,0.637770,2.458102e-02,1.232686e-02,2.764803e-03,1.301790e-03,1.791460e-02,1.145536e-02
14,26,-55,85,6.386821e-01,1.554299e-01,0.804272,0.794112,-0.44835,-1.86156, Land,0.638682,2.607810e-02,1.282757e-02,2.888159e-03,1.285017e-03,1.875400e-02,1.159399e-02
14,27,-55,95,6.231403e-01,1.626571e-01,0.793004,0.785797,-0.47298,-1.81611, Land,0.623140,2.590820e-02,1.331704e-02,2.879352e-03,1.412070e-03,1.844611e-02,1.219384e-02
14,28,-55,105,6.244084e-01,1.540382e-01,0.802121,0.778447,-0.47095,-1.87055, Land,0.624408,2.698589e-02,1.322750e-02,2.932729e-03,1.368369e-03,1.864425e-02,1.179289e-02
14,29,-55,115,6.292380e-01,1.498616e-01,0.807648,0.779100,-0.46325,-1.89804, Land,0.629238,2.762361e-02,1.325966e-02,2.853262e-03,1.304233e-03,1.905400e-02,1.180175e-02
14,30,-55,125,6.249318e-01,1.623164e-01,0.793818,0.787248,-0.47011,-1.81821, Land,0.624932,2.677609e-02,1.410699e-02,2.975825e-03,1.437957e-03,1.745870e-02,1.199209e-02
14,31,-55,135,6.207177e-01,1.614670e-01,0.793569,0.782185,-0.47688,-1.82345, Land,0.620718,2.596767e-02,1.353183e-02,2.689068e-03,1.302742e-03,1.786408e-02,1.223093e-02
14,32,-55,145,6.093917e-01,1.654559e-01,0.786467,0.774848,-0.49529,-1.79905, Land,0.609392,2.681241e-02,1.519657e-02,2.838882e-03,1.481234e-03,1.712794e-02,1.225302e-02
14,33,-55,155,6.261906e-01,1.599971e-01,0.796490,0.786188,-0.46810,-1.83260, Land,0.626191,2.559580e-02,1.362152e-02,2.896509e-03,1.433913e-03,1.755873e-02,1.157640e-02
14,34,-55,165,6.242338e-01,1.581328e-01,0.797879,0.782367,-0.47123,-1.84432, Land,0.624234,2.697347e-02,1.417285e-02,2.791209e-03,1.349949e-03,1.741468e-02,1.188906e-02
14,35,-55,175,6.263840e-01,1.573397e-01,0.799241,0.783724,-0.46779,-1.84935, Land,0.626384,2.609570e-02,1.332234e-02,2.846224e-03,1.373259e-03,1.753254e-02,1.151892e-02
15,0,-65,-175,6.298155e-01,1.740472e-01,0.783486,0.803863,-0.46233,-1.74843, Land,0.629815,2.370184e-02,1.318322e-02,2.682438e-03,1.458308e-03,1.200818e-02,1.007704e-02
15,1,-65,-165,6.225491e-01,1.712742e-01,0.784241,0.793823,-0.47393,-1.76449, Land,0.622549,2.388496e-02,1.295031e-02,2.723877e-03,1.474984e-03,1.274470e-02,1.009129e-02
15,2,-65,-155,6.312298e-01,1.750159e-01,0.782925,0.806246,-0.46009,-1.74288, Land,0.631230,2.284161e-02,1.259313e-02,2.892546e-03,1.584020e-03,1.199922e-02,9.667809e-03
15,3,-65,-145,6.270136e-01,1.781165e-01,0.778773,0.805130,-0.46679,-1.72532, Land,0.627014,2.395963e-02,1.395642e-02,2.703304e-03,1.563833e-03,1.221777e-02,1.033957e-02
15,4,-65,-135,6.364023e-01,1.684843e-01,0.790673,0.804887,-0.45192,-1.78091, Land,0.636402,2.445102e-02,1.282302e-02,2.646445e-03,1.398708e-03,1.292914e-02,1.011717e-02
15,5,-65,-125,6.202932e-01,1.815428e-01,0.773591,0.801836,-0.47756,-1.70626, Land,0.620293,2.318369e-02,1.350658e-02,2.790095e-03,1.613964e-03,1.234768e-02,1.063333e-02
15,6,-65,-115,6.346593e-01,1.675831e-01,0.791107,0.802242,-0.45467,-1.78628, Land,0.634659,2.492832e-02,1.270006e-02,2.631521e-03,1.367766e-03,1.272946e-02,9.553731e-03
15,7,-65,-105,6.273173e-01,1.716194e-01,0.785190,0.798937,-0.46630,-1.76248, Land,0.627317,2.370321e-02,1.278694e-02,2.724665e-03,1.479481e-03,1.236773e-02,1.029487e-02
15,8,-65,-95,6.310757e-01,1.770941e-01,0.780870,0.808170,-0.46033,-1.73107, Land,0.631076,2.231178e-02,1.214173e-02,2.595286e-03,1.466687e-03,1.207745e-02,1.007410e-02
15,9,-65,-85,6.357015e-01,1.789506e-01,0.780335,0.814652,-0.45303,-1.72065, Land,0.635702,2.289810e-02,1.260434e-02,2.582103e-03,1.486694e-03,1.244590e-02,1.057399e-02
15,10,-65,-75,6.359949e-01,1.777074e-01,0.781606,0.813702,-0.45256,-1.72762, Land,0.635995,2.196217e-02,1.192376e-02,2.575951e-03,1.429373e-03,1.215723e-02,1.000104e-02
15,11,-65,-65,6.753432e-01,1.480433e-01,0.820202,0.823387,-0.39253,-1.91025, Land,0.675343,2.296483e-02,9.356074e-03,2.297157e-03,1.007127e-03,1.245329e-02,7.779734e-03
15,12,-65,-55,6.448197e-01,1.661015e-01,0.795169,0.810921,-0.43878,-1.79516, Land,0.644820,2.240729e-02,1.114937e-02,2.485181e-03,1.243067e-03,1.251166e-02,9.382684e-03
15,13,-65,-45,6.591001e-01,1.637355e-01,0.801011,0.822836,-0.41688,-1.80950, Land,0.659100,2.191248e-02,1.082355e-02,2.410190e-03,1.217939e-03,1.096462e-02,8.117158e-03
15,14,-65,-35,6.537929e-01,1.580258e-01,0.805344,0.811819,-0.42496,-1.84500, Land,0.653793,2.279338e-02,1.049215e-02,2.440874e-03,1.159187e-03,1.114478e-02,7.916283e-03
15,15,-65,-25,6.439888e-01,1.623952e-01,0.798613,0.806384,-0.44007,-1.81772, Land,0.643989,2.250846e-02,1.112608e-02,2.519966e-03,1.248443e-03,1.126151e-02,8.494481e-03
15,16,-65,-15,6.519370e-01,1.595930e-01,0.803343,0.811530,-0.42781,-1.83513, Land,0.651937,2.130935e-02,1.042376e-02,2.476530e-03,1.204085e-03,1.158534e-02,8.633760e-03
15,17,-65,-5,6.330680e-01,1.701677e-01,0.788147,0.803236,-0.45718,-1.77097, Land,0.633068,2.131767e-02,1.061432e-02,2.304298e-03,1.196231e-03,1.155766e-02,9.251679e-03
15,18,-65,5,6.477163e-01,1.501390e-01,0.811822,0.797855,-0.43430,-1.89619, Land,0.647716,2.457081e-02,1.074481e-02,2.630005e-03,1.129158e-03,1.321586e-02,9.028039e-03
15,19,-65,15,6.569494e-01,1.462152e-01,0.817951,0.803165,-0.42015,-1.92268, Land,0.656949,2.458633e-02,1.046027e-02,2.661551e-03,1.127980e-03,1.394411e-02,9.582913e-03
15,20,-65,25,6.523999e-01,1.488112e-01,0.814267,0.801211,-0.42710,-1.90508, Land,0.652400,2.592822e-02,1.121725e-02,2.744835e-03,1.172142e-03,1.460440e-02,9.706612e-03
15,21,-65,35,6.554290e-01,1.436793e-01,0.820200,0.799108,-0.42247,-1.94017, Land,0.655429,2.597657e-02,1.095207e-02,2.679349e-03,1.118940e-03,1.409374e-02,8.956080e-03
15,22,-65,45,6.591797e-01,1.459547e-01,0.818720,0.805134,-0.41676,-1.92446, Land,0.659180,2.619685e-02,1.111138e-02,2.695293e-03,1.128117e-03,1.434296e-02,8.954409e-03
15,23,-65,55,6.463910e-01,1.495019e-01,0.812158,0.795893,-0.43635,-1.90045, Land,0.646391,2.522096e-02,1.090003e-02,2.733289e-03,1.170848e-03,1.546731e-02,1.023032e-02
15,24,-65,65,6.753347e-01,1.380702e-01,0.830256,0.813405,-0.39255,-1.97999, Land,0.675335,2.562364e-02,9.631865e-03,2.455886e-03,9.399785e-04,1.477282e-02,8.459059e-03
15,25,-65,75,6.425552e-01,1.582320e-01,0.802404,0.800787,-0.44230,-1.84369, Land,0.642555,2.597984e-02,1.188809e-02,2.943615e-03,1.350598e-03,1.513502e-02,1.064164e-02
15,26,-65,85,6.389884e-01,1.586355e-01,0.801115,0.797624,-0.44787,-1.84115, Land,0.638988,2.630447e-02,1.219693e-02,2.894368e-03,1.356439e-03,1.525058e-02,1.147276e-02
15,27,-65,95,6.273745e-01,1.610269e-01,0.795755,0.788401,-0.46621,-1.82618, Land,0.627375,2.462158e-02,1.215335e-02,2.818284e-03,1.380580e-03,1.548010e-02,1.151524e-02
15,28,-65,105,6.304338e-01,1.538609e-01,0.803823,0.784295,-0.46135,-1.87171, Land,0.630434,2.584392e-02,1.212601e-02,2.893190e-03,1.350818e-03,1.553615e-02,1.115490e-02
15,29,-65,115,6.271488e-01,1.561606e-01,0.800640,0.783309,-0.46657,-1.85687, Land,0.627149,2.745407e-02,1.302620e-02,2.834538e-03,1.352212e-03,1.607231e-02,1.122470e-02
15,30,-65,125,6.299778e-01,1.609522e-01,0.796503,0.790930,-0.46207,-1.82665, Land,0.629978,2.607706e-02,1.305222e-02,3.020677e-03,1.466401e-03,1.506559e-02,1.125387e-02
15,31,-65,135,6.211406e-01,1.578774e-01,0.797338,0.779018,-0.47620,-1.84594, Land,0.621141,2.732200e-02,1.341928e-02,2.872034e-03,1.381498e-03,1.614266e-02,1.190058e-02
15,32,-65,145,6.198131e-01,1.649516e-01,0.789808,0.784765,-0.47834,-1.80210, Land,0.619813,2.608540e-02,1.371307e-02,2.742962e-03,1.434271e-03,1.515688e-02,1.183001e-02
15,33,-65,155,6.243559e-01,1.601590e-01,0.795850,0.784515,-0.47103,-1.83159, Land,0.624356,2.621683e-02,1.330547e-02,3.011737e-03,1.496745e-03,1.433759e-02,1.069610e-02
15,34,-65,165,6.114634e-01,1.630811e-01,0.789449,0.774544,-0.49190,-1.81351, Land,0.611463,2.659997e-02,1.378537e-02,2.735731e-03,1.410974e-03,1.545564e-02,1.200055e-02
15,35,-65,175,6.243840e-01,1.641492e-01,0.791830,0.788533,-0.47099,-1.80698, Land,0.624384,2.673255e-02,1.337921e-02,2.829767e-03,1.430565e-03,1.458588e-02,1.129044e-02
16,0,-75,-175,5.807269e-01,2.040072e-01,0.740030,0.784734,-0.54347,-1.58960, Land,0.580727,2.344281e-02,1.634394e-02,2.731647e-03,1.849274e-03,1.505646e-02,1.533286e-02
16,1,-75,-165,5.749900e-01,2.075841e-01,0.734742,0.782574,-0.55340,-1.57222, Land,0.574990,2.582867e-02,1.775055e-02,2.803221e-03,1.901826e-03,1.472676e-02,1.533603e-02
16,2,-75,-155,5.924780e-01,2.040191e-01,0.743855,0.796497,-0.52344,-1.58954, Land,0.592478,2.435067e-02,1.640190e-02,2.889953e-03,1.913470e-03,1.387776e-02,1.415529e-02
16,3,-75,-145,5.758166e-01,2.123465e-01,0.730581,0.788163,-0.55197,-1.54954, Land,0.575817,2.563555e-02,1.824597e-02,2.725063e-03,1.937237e-03,1.389621e-02,1.476802e-02
16,4,-75,-135,5.932985e-01,2.030833e-01,0.744993,0.796382,-0.52206,-1.59414, Land,0.593298,2.531363e-02,1.647943e-02,2.564229e-03,1.704993e-03,1.445082e-02,1.435282e-02
16,5,-75,-125,5.811435e-01,2.131029e-01,0.731692,0.794246,-0.54276,-1.54598, Land,0.581143,2.529910e-02,1.759164e-02,2.783811e-03,1.959064e-03,1.427920e-02,1.437470e-02
16,6,-75,-115,5.837454e-01,2.044047e-01,0.740653,0.788150,-0.53829,-1.58765, Land,0.583745,2.556967e-02,1.675570e-02,2.699003e-03,1.792282e-03,1.530508e-02,1.479250e-02
16,7,-75,-105,5.673903e-01,2.153478e-01,0.724879,0.782738,-0.56671,-1.53550, Land,0.567390,2.525818e-02,1.775171e-02,2.799503e-03,2.011238e-03,1.579221e-02,1.664850e-02
16,8,-75,-95,5.776188e-01,2.175980e-01,0.726366,0.795217,-0.54884,-1.52511, Land,0.577619,2.259042e-02,1.610948e-02,2.643235e-03,1.903167e-03,1.398502e-02,1.525540e-02
16,9,-75,-85,5.784837e-01,2.166647e-01,0.727517,0.795148,-0.54734,-1.52940, Land,0.578484,2.413019e-02,1.740431e-02,2.669387e-03,1.906772e-03,1.526600e-02,1.616976e-02
16,10,-75,-75,6.146989e-01,1.801437e-01,0.773359,0.794843,-0.48662,-1.71400, Land,0.614699,2.483920e-02,1.365102e-02,2.372561e-03,1.333260e-03,1.538018e-02,1.332049e-02
16,11,-75,-65,5.869606e-01,2.094022e-01,0.737052,0.796363,-0.53280,-1.56350, Land,0.586961,2.380190e-02,1.592671e-02,2.546342e-03,1.722626e-03,1.378300e-02,1.421551e-02
16,12,-75,-55,5.955670e-01,2.052205e-01,0.743727,0.800788,-0.51824,-1.58367, Land,0.595567,2.374884e-02,1.529179e-02,2.539343e-03,1.654350e-03,1.392078e-02,1.381711e-02
16,13,-75,-45,6.067246e-01,2.042926e-01,0.748103,0.811017,-0.49968,-1.58820, Land,0.606725,2.317151e-02,1.495237e-02,2.458492e-03,1.600627e-03,1.341351e-02,1.309198e-02
16,14,-75,-35,5.897560e-01,2.065521e-01,0.740613,0.796308,-0.52805,-1.57720, Land,0.589756,2.448798e-02,1.608540e-02,2.543050e-03,1.657730e-03,1.311939e-02,1.322218e-02
16,15,-75,-25,6.037132e-01,1.927216e-01,0.758020,0.796435,-0.50466,-1.64651, Land,0.603713,2.369676e-02,1.463728e-02,2.503265e-03,1.546816e-03,1.411304e-02,1.337560e-02
16,16,-75,-15,5.978699e-01,1.988223e-01,0.750440,0.796692,-0.51438,-1.61534, Land,0.597870,2.339683e-02,1.503922e-02,2.482462e-03,1.568998e-03,1.348144e-02,1.357467e-02
16,17,-75,-5,6.000002e-01,1.965780e-01,0.753222,0.796578,-0.51083,-1.62670, Land,0.600000,2.279137e-02,1.431026e-02,2.521197e-03,1.569552e-03,1.356606e-02,1.375220e-02
16,18,-75,5,5.980891e-01,1.857812e-01,0.762995,0.783870,-0.51402,-1.68319, Land,0.598089,2.711500e-02,1.554995e-02,2.775065e-03,1.577006e-03,1.651553e-02,1.521389e-02
16,19,-75,15,6.087629e-01,1.794338e-01,0.772349,0.788197,-0.49633,-1.71795, Land,0.608763,2.667292e-02,1.507994e-02,2.662640e-03,1.483327e-03,1.738049e-02,1.524219e-02
16,20,-75,25,6.062076e-01,1.788944e-01,0.772139,0.785102,-0.50053,-1.72096, Land,0.606208,2.699101e-02,1.521999e-02,2.634486e-03,1.493111e-03,1.643925e-02,1.461877e-02
16,21,-75,35,6.002521e-01,1.855608e-01,0.763861,0.785813,-0.51041,-1.68437, Land,0.600252,2.760672e-02,1.578691e-02,2.673891e-03,1.514850e-03,1.592920e-02,1.410826e-02
16,22,-75,45,6.148668e-01,1.787325e-01,0.774782,0.793599,-0.48635,-1.72187, Land,0.614867,2.724148e-02,1.467139e-02,2.680456e-03,1.453857e-03,1.736787e-02,1.425225e-02
16,23,-75,55,5.933810e-01,1.876270e-01,0.759763,0.781008,-0.52192,-1.67330, Land,0.593381,2.768090e-02,1.595169e-02,2.763092e-03,1.600486e-03,1.817432e-02,1.630698e-02
16,24,-75,65,5.954021e-01,1.886518e-01,0.759389,0.784054,-0.51852,-1.66785, Land,0.595402,2.703690e-02,1.575746e-02,2.728676e-03,1.616937e-03,1.723795e-02,1.566680e-02
16,25,-75,75,6.165156e-01,1.682343e-01,0.785621,0.784750,-0.48367,-1.78240, Land,0.616516,2.874339e-02,1.435143e-02,2.464875e-03,1.222625e-03,1.782095e-02,1.456575e-02
16,26,-75,85,5.935612e-01,1.892528e-01,0.758240,0.782814,-0.52161,-1.66467, Land,0.593561,2.797969e-02,1.634417e-02,2.947693e-03,1.740983e-03,1.887487e-02,1.725135e-02
16,27,-75,95,5.843024e-01,1.895075e-01,0.755098,0.773810,-0.53734,-1.66333, Land,0.584302,2.602266e-02,1.558449e-02,2.923661e-03,1.747338e-03,1.864156e-02,1.786366e-02
16,28,-75,105,5.910538e-01,1.860291e-01,0.760606,0.777083,-0.52585,-1.68185, Land,0.591054,2.768414e-02,1.655003e-02,3.046032e-03,1.764675e-03,1.868436e-02,1.757910e-02
16,29,-75,115,5.844749e-01,1.911875e-01,0.753517,0.775662,-0.53704,-1.65450, Land,0.584475,2.873536e-02,1.737904e-02,2.777053e-03,1.675882e-03,1.818237e-02,1.731714e-02
16,30,-75,125,5.776550e-01,1.984290e-01,0.744320,0.776084,-0.54878,-1.61732, Land,0.577655,2.760380e-02,1.759272e-02,2.815993e-03,1.803043e-03,1.827256e-02,1.811680e-02
16,31,-75,135,5.890343e-01,1.847677e-01,0.761221,0.773802,-0.52927,-1.68866, Land,0.589034,2.951351e-02,1.715384e-02,2.834333e-03,1.652708e-03,1.823100e-02,1.710323e-02
16,32,-75,145,5.681684e-01,1.971997e-01,0.742347,0.765368,-0.56534,-1.62354, Land,0.568168,2.800049e-02,1.899047e-02,2.871423e-03,1.902203e-03,1.792249e-02,1.802607e-02
16,33,-75,155,5.811921e-01,1.937411e-01,0.749990,0.774933,-0.54267,-1.64123, Land,0.581192,2.667327e-02,1.699625e-02,2.900648e-03,1.832902e-03,1.673145e-02,1.668547e-02
16,34,-75,165,5.707035e-01,1.936413e-01,0.746657,0.764345,-0.56089,-1.64175, Land,0.570703,2.864503e-02,1.800187e-02,2.836074e-03,1.804857e-03,1.671337e-02,1.719006e-02
16,35,-75,175,5.741842e-01,1.952813e-01,0.746212,0.769465,-0.55480,-1.63331, Land,0.574184,2.761334e-02,1.757221e-02,2.896112e-03,1.810949e-03,1.823604e-02,1.766118e-02
17,0,-85,-175,5.798991e-01,1.969789e-01,0.746448,0.776878,-0.54490,-1.62466, Land,0.579899,2.443828e-02,1.761098e-02,2.852805e-03,2.086996e-03,1.572691e-02,1.734674e-02
17,1,-85,-165,5.656510e-01,2.012372e-01,0.737593,0.766888,-0.56978,-1.60327, Land,0.565651,2.517188e-02,1.850199e-02,2.861229e-03,2.113087e-03,1.629287e-02,1.818665e-02
17,2,-85,-155,5.762095e-01,2.020711e-01,0.740362,0.778281,-0.55128,-1.59914, Land,0.576210,2.402558e-02,1.756113e-02,2.963549e-03,2.178317e-03,1.610269e-02,1.806505e-02
17,3,-85,-145,5.747044e-01,2.032445e-01,0.738743,0.777949,-0.55390,-1.59335, Land,0.574704,2.390061e-02,1.811313e-02,2.866224e-03,2.134417e-03,1.575368e-02,1.844865e-02
17,4,-85,-135,5.857597e-01,1.948097e-01,0.750426,0.780569,-0.53485,-1.63573, Land,0.585760,2.352777e-02,1.678445e-02,2.796479e-03,1.975416e-03,1.616326e-02,1.760351e-02
17,5,-85,-125,5.710893e-01,2.071772e-01,0.733797,0.778266,-0.56021,-1.57418, Land,0.571089,2.390030e-02,1.797927e-02,2.946140e-03,2.200411e-03,1.569105e-02,1.936328e-02
17,6,-85,-115,5.718950e-01,1.960564e-01,0.744702,0.767951,-0.55880,-1.62935, Land,0.571895,2.427898e-02,1.756252e-02,2.881978e-03,2.051142e-03,1.735802e-02,1.926080e-02
17,7,-85,-105,5.731904e-01,1.980043e-01,0.743250,0.771195,-0.55654,-1.61947, Land,0.573190,2.377099e-02,1.693222e-02,2.923381e-03,2.079548e-03,1.727308e-02,1.949517e-02
17,8,-85,-95,5.693176e-01,2.027871e-01,0.737358,0.772105,-0.56332,-1.59560, Land,0.569318,2.263722e-02,1.690699e-02,2.829972e-03,2.111992e-03,1.743610e-02,1.962055e-02
17,9,-85,-85,6.072795e-01,1.755952e-01,0.775705,0.782875,-0.49877,-1.73957, Land,0.607279,2.343890e-02,1.431980e-02,2.282781e-03,1.469435e-03,1.735600e-02,1.681188e-02
17,10,-85,-75,5.905069e-01,1.976304e-01,0.749244,0.788137,-0.52677,-1.62136, Land,0.590507,2.339287e-02,1.599875e-02,2.773686e-03,1.980623e-03,1.588978e-02,1.712088e-02
17,11,-85,-65,5.805945e-01,2.012341e-01,0.742611,0.781829,-0.54370,-1.60329, Land,0.580595,2.313154e-02,1.643655e-02,2.720338e-03,1.985231e-03,1.609457e-02,1.748151e-02
17,12,-85,-55,5.813642e-01,1.979559e-01,0.745989,0.779320,-0.54238,-1.61971, Land,0.581364,2.396544e-02,1.688445e-02,2.716407e-03,1.918121e-03,1.703925e-02,1.846649e-02
17,13,-85,-45,5.939493e-01,1.959616e-01,0.751919,0.789911,-0.52096,-1.62984, Land,0.593949,2.304894e-02,1.589938e-02,2.623909e-03,1.847449e-03,1.515635e-02,1.641122e-02
17,14,-85,-35,5.904445e-01,1.908635e-01,0.755713,0.781308,-0.52688,-1.65620, Land,0.590444,2.380128e-02,1.623838e-02,2.667027e-03,1.808602e-03,1.544322e-02,1.633287e-02
17,15,-85,-25,5.925419e-01,1.932703e-01,0.754050,0.785812,-0.52333,-1.64367, Land,0.592542,2.320163e-02,1.588521e-02,2.779153e-03,1.919222e-03,1.583733e-02,1.692315e-02
17,16,-85,-15,5.957973e-01,1.881501e-01,0.759997,0.783947,-0.51785,-1.67052, Land,0.595797,2.203134e-02,1.465309e-02,2.527416e-03,1.701498e-03,1.576197e-02,1.675891e-02
17,17,-85,-5,6.039588e-01,1.817700e-01,0.768661,0.785729,-0.50425,-1.70501, Land,0.603959,2.276103e-02,1.428979e-02,2.679275e-03,1.710261e-03,1.539365e-02,1.676822e-02
17,18,-85,5,5.803881e-01,1.867617e-01,0.756551,0.767150,-0.54406,-1.67792, Land,0.580388,2.510285e-02,1.679537e-02,2.747645e-03,1.822094e-03,1.884841e-02,2.075482e-02
17,19,-85,15,5.764942e-01,1.873444e-01,0.754733,0.763839,-0.55079,-1.67481, Land,0.576494,2.539046e-02,1.698243e-02,2.603305e-03,1.761467e-03,1.874832e-02,2.081481e-02
17,20,-85,25,5.784951e-01,1.887309e-01,0.754009,0.767226,-0.54733,-1.66743, Land,0.578495,2.649760e-02,1.736056e-02,2.807338e-03,1.850312e-03,1.843493e-02,1.956103e-02
17,21,-85,35,5.843400e-01,1.852738e-01,0.759264,0.769614,-0.53727,-1.68592, Land,0.584340,2.710152e-02,1.753053e-02,2.835916e-03,1.811708e-03,1.827146e-02,1.899513e-02
17,22,-85,45,5.995911e-01,1.801958e-01,0.768917,0.779787,-0.51151,-1.71371, Land,0.599591,2.700881e-02,1.642656e-02,2.847841e-03,1.762291e-03,1.860688e-02,1.899208e-02
17,23,-85,55,5.798728e-01,1.844412e-01,0.758684,0.764314,-0.54495,-1.69042, Land,0.579873,2.622719e-02,1.724627e-02,2.887489e-03,1.872703e-03,2.017035e-02,2.136393e-02
17,24,-85,65,5.753620e-01,1.861316e-01,0.755570,0.761494,-0.55276,-1.68130, Land,0.575362,2.704248e-02,1.796089e-02,2.829608e-03,1.902371e-03,1.925484e-02,2.046441e-02
17,25,-85,75,5.832305e-01,1.867964e-01,0.757416,0.770027,-0.53917,-1.67774, Land,0.583231,2.579268e-02,1.667996e-02,2.920507e-03,1.944908e-03,1.950529e-02,2.082679e-02
17,26,-85,85,6.040711e-01,1.668606e-01,0.783560,0.770932,-0.50406,-1.79060, Land,0.604071,2.568295e-02,1.520905e-02,2.444176e-03,1.479752e-03,1.942824e-02,1.869597e-02
17,27,-85,95,5.809687e-01,1.850382e-01,0.758438,0.766007,-0.54306,-1.68719, Land,0.580969,2.521664e-02,1.662174e-02,2.995134e-03,1.980179e-03,1.933075e-02,2.105901e-02
17,28,-85,105,5.631306e-01,1.886728e-01,0.749040,0.751803,-0.57424,-1.66774, Land,0.563131,2.598577e-02,1.794817e-02,3.021436e-03,2.082539e-03,2.018744e-02,2.265624e-02
17,29,-85,115,5.648911e-01,1.901638e-01,0.748146,0.755055,-0.57112,-1.65987, Land,0.564891,2.707819e-02,1.875799e-02,3.010871e-03,2.079688e-03,2.091653e-02,2.308001e-02
17,30,-85,125,5.664702e-01,1.917319e-01,0.747123,0.758202,-0.56833,-1.65166, Land,0.566470,2.774928e-02,1.919476e-02,3.097548e-03,2.131859e-03,1.980164e-02,2.232790e-02
17,31,-85,135,5.736035e-01,1.823737e-01,0.758758,0.755977,-0.55582,-1.70170, Land,0.573603,2.682531e-02,1.749766e-02,2.936838e-03,1.912390e-03,2.060469e-02,2.230447e-02
17,32,-85,145,5.630539e-01,1.956383e-01,0.742137,0.758692,-0.57438,-1.63149, Land,0.563054,2.657061e-02,1.965016e-02,3.004571e-03,2.171460e-03,1.967557e-02,2.298142e-02
17,33,-85,155,5.704335e-01,1.920728e-01,0.748103,0.762506,-0.56136,-1.64988, Land,0.570434,2.577521e-02,1.833048e-02,2.940494e-03,2.087649e-03,1.799737e-02,2.052488e-02
17,34,-85,165,5.562253e-01,1.904400e-01,0.744946,0.746665,-0.58658,-1.65842, Land,0.556225,2.730741e-02,1.973402e-02,2.860454e-03,2.032384e-03,1.957194e-02,2.321755e-02
17,35,-85,175,5.594029e-01,1.982311e-01,0.738355,0.757634,-0.58089,-1.61832, Land,0.559403,2.632370e-02,1.948738e-02,2.968706e-03,2.169172e-03,1.959333e-02,2.351741e-02
