row,col,lat,lon,p_land,p_water,p_land_vs_water,mass_land_water,logp_land,logp_water,argmax_token,argmax_prob,p_land_lower_space,p_water_lower_space,p_land_nospace,p_water_nospace,p_land_upper_space,p_water_upper_space
0,0,85,-175,7.099909e-01,1.757042e-01,0.801620,0.885695,-0.34250,-1.73895, Land,0.709991,1.822235e-02,9.077411e-03,3.010356e-03,1.546874e-03,5.755810e-03,4.957452e-03
0,1,85,-165,6.974962e-01,1.835941e-01,0.791629,0.881090,-0.36026,-1.69503, Land,0.697496,1.911189e-02,1.021319e-02,2.878624e-03,1.596442e-03,5.601736e-03,5.325995e-03
0,2,85,-155,6.724705e-01,2.064448e-01,0.765114,0.878915,-0.39680,-1.57772, Land,0.672470,1.777849e-02,1.119216e-02,2.840994e-03,1.870010e-03,5.459203e-03,5.916273e-03
0,3,85,-145,6.990952e-01,1.830971e-01,0.792452,0.882192,-0.35797,-1.69774, Land,0.699095,1.710493e-02,9.360379e-03,3.046198e-03,1.700155e-03,5.933675e-03,5.862222e-03
0,4,85,-135,6.853418e-01,1.902939e-01,0.782679,0.875636,-0.37784,-1.65919, Land,0.685342,2.054978e-02,1.120063e-02,2.905071e-03,1.670297e-03,6.701736e-03,6.622685e-03
0,5,85,-125,6.944355e-01,1.861726e-01,0.788586,0.880608,-0.36466,-1.68108, Land,0.694436,1.941550e-02,1.021106e-02,3.143730e-03,1.733124e-03,6.925090e-03,5.991426e-03
0,6,85,-115,7.070250e-01,1.748512e-01,0.801728,0.881876,-0.34669,-1.74382, Land,0.707025,1.981084e-02,9.449551e-03,3.089016e-03,1.557018e-03,6.760104e-03,5.599384e-03
0,7,85,-105,6.983840e-01,1.810505e-01,0.794129,0.879434,-0.35899,-1.70898, Land,0.698384,1.995519e-02,1.027469e-02,3.062913e-03,1.719670e-03,7.019352e-03,6.489636e-03
0,8,85,-95,6.877913e-01,1.949115e-01,0.779188,0.882703,-0.37427,-1.63521, Land,0.687791,1.752729e-02,1.001720e-02,2.778468e-03,1.691031e-03,6.627030e-03,6.567314e-03
0,9,85,-85,6.885357e-01,1.957812e-01,0.778607,0.884317,-0.37319,-1.63076, Land,0.688536,1.863367e-02,1.079188e-02,2.409294e-03,1.425081e-03,6.598202e-03,6.240901e-03
0,10,85,-75,7.032549e-01,1.786743e-01,0.797405,0.881929,-0.35204,-1.72219, Land,0.703255,1.852583e-02,8.788050e-03,2.861907e-03,1.428228e-03,6.585480e-03,5.144169e-03
0,11,85,-65,7.153141e-01,1.735799e-01,0.804724,0.888894,-0.33503,-1.75112, Land,0.715314,1.819415e-02,8.669398e-03,2.989118e-03,1.493219e-03,6.096889e-03,4.936967e-03
0,12,85,-55,7.154393e-01,1.733563e-01,0.804954,0.888796,-0.33486,-1.75241, Land,0.715439,1.798206e-02,8.666591e-03,2.831025e-03,1.385147e-03,5.493572e-03,4.633939e-03
0,13,85,-45,7.183422e-01,1.754720e-01,0.803682,0.893814,-0.33081,-1.74028, Land,0.718342,1.675686e-02,8.168158e-03,2.544724e-03,1.273486e-03,5.616237e-03,4.719122e-03
0,14,85,-35,7.159314e-01,1.719599e-01,0.806328,0.887891,-0.33417,-1.76049, Land,0.715931,1.800847e-02,8.814045e-03,2.526085e-03,1.195056e-03,6.609648e-03,5.267757e-03
0,15,85,-25,7.112861e-01,1.786072e-01,0.799294,0.889893,-0.34068,-1.72257, Land,0.711286,1.786048e-02,8.879315e-03,2.664797e-03,1.309434e-03,6.092057e-03,5.076822e-03
0,16,85,-15,7.048195e-01,1.848051e-01,0.792266,0.889625,-0.34981,-1.68845, Land,0.704819,1.703283e-02,8.506822e-03,2.620164e-03,1.384788e-03,5.901409e-03,5.264563e-03
0,17,85,-5,7.112282e-01,1.824866e-01,0.795811,0.893715,-0.34076,-1.70108, Land,0.711228,1.637983e-02,8.650909e-03,2.637307e-03,1.352173e-03,5.280532e-03,4.764385e-03
0,18,85,5,7.053528e-01,1.858907e-01,0.791425,0.891244,-0.34906,-1.68260, Land,0.705353,1.445125e-02,8.023980e-03,2.771391e-03,1.446702e-03,6.490854e-03,6.341177e-03
0,19,85,15,7.023435e-01,1.865875e-01,0.790099,0.888931,-0.35333,-1.67886, Land,0.702343,1.502226e-02,7.892688e-03,2.666376e-03,1.396258e-03,6.420906e-03,6.051623e-03
0,20,85,25,7.149655e-01,1.760921e-01,0.802379,0.891058,-0.33552,-1.73675, Land,0.714965,1.629934e-02,8.303170e-03,2.795113e-03,1.346023e-03,6.989270e-03,6.037586e-03
0,21,85,35,7.074690e-01,1.796016e-01,0.797534,0.887071,-0.34606,-1.71701, Land,0.707469,1.653831e-02,8.372152e-03,2.691332e-03,1.307900e-03,6.702456e-03,5.989530e-03
0,22,85,45,7.156071e-01,1.790069e-01,0.799906,0.894614,-0.33462,-1.72033, Land,0.715607,1.484191e-02,7.353736e-03,2.621146e-03,1.300325e-03,6.021627e-03,5.239164e-03
0,23,85,55,7.087423e-01,1.793745e-01,0.798028,0.888117,-0.34426,-1.71828, Land,0.708742,1.586324e-02,8.130286e-03,2.931546e-03,1.444718e-03,5.926464e-03,5.463400e-03
0,24,85,65,7.173214e-01,1.744949e-01,0.804338,0.891816,-0.33223,-1.74586, Land,0.717321,1.570945e-02,7.685525e-03,3.094345e-03,1.504676e-03,6.344560e-03,5.389698e-03
0,25,85,75,6.991301e-01,1.884318e-01,0.787697,0.887562,-0.35792,-1.66902, Land,0.699130,1.612741e-02,8.738551e-03,2.930203e-03,1.580133e-03,6.862560e-03,6.382131e-03
0,26,85,85,6.935878e-01,1.881972e-01,0.786572,0.881785,-0.36588,-1.67027, Land,0.693588,1.607311e-02,9.210342e-03,2.433756e-03,1.345199e-03,9.927069e-03,9.259071e-03
0,27,85,95,6.624487e-01,2.158133e-01,0.754272,0.878262,-0.41181,-1.53334, Land,0.662449,1.400785e-02,9.930505e-03,2.847521e-03,1.946789e-03,6.145802e-03,6.900520e-03
0,28,85,105,6.740005e-01,2.068148e-01,0.765201,0.880815,-0.39452,-1.57593, Land,0.674000,1.478430e-02,9.418872e-03,2.897561e-03,1.844948e-03,6.961174e-03,7.809122e-03
0,29,85,115,6.754001e-01,2.032909e-01,0.768643,0.878691,-0.39245,-1.59312, Land,0.675400,1.598385e-02,9.698725e-03,3.137675e-03,1.890651e-03,6.956530e-03,7.652957e-03
0,30,85,125,6.908110e-01,1.937564e-01,0.780959,0.884567,-0.36989,-1.64115, Land,0.690811,1.509528e-02,8.802511e-03,3.134300e-03,1.811674e-03,7.004270e-03,6.974471e-03
0,31,85,135,6.715441e-01,2.043678e-01,0.766680,0.875912,-0.39818,-1.58783, Land,0.671544,1.692369e-02,1.083564e-02,2.743458e-03,1.727513e-03,6.482065e-03,7.347685e-03
0,32,85,145,6.873077e-01,1.944237e-01,0.779498,0.881731,-0.37497,-1.63772, Land,0.687308,1.518576e-02,9.236986e-03,3.035020e-03,1.819937e-03,5.828884e-03,6.151170e-03
0,33,85,155,6.711857e-01,2.122322e-01,0.759760,0.883418,-0.39871,-1.55007, Land,0.671186,1.461635e-02,1.024462e-02,2.825065e-03,1.953194e-03,5.640357e-03,6.711869e-03
0,34,85,165,6.633428e-01,2.153645e-01,0.754908,0.878707,-0.41046,-1.53542, Land,0.663343,1.629634e-02,1.092061e-02,2.675178e-03,1.804381e-03,5.745074e-03,6.759852e-03
0,35,85,175,6.791206e-01,2.007114e-01,0.771875,0.879832,-0.38696,-1.60589, Land,0.679121,1.570408e-02,9.716094e-03,2.831653e-03,1.739646e-03,6.318821e-03,7.072317e-03
1,0,75,-175,7.151726e-01,1.616563e-01,0.815635,0.876829,-0.33523,-1.82228, Land,0.715173,2.169849e-02,9.506564e-03,2.626171e-03,1.241007e-03,4.108401e-03,2.895415e-03
1,1,75,-165,7.249819e-01,1.523012e-01,0.826394,0.877283,-0.32161,-1.88190, Land,0.724982,2.505802e-02,9.615823e-03,2.913761e-03,1.192057e-03,4.638499e-03,3.087109e-03
1,2,75,-155,7.052436e-01,1.763355e-01,0.799978,0.881579,-0.34921,-1.73537, Land,0.705244,2.276506e-02,1.076071e-02,2.685143e-03,1.396924e-03,3.770835e-03,3.108996e-03
1,3,75,-145,7.185680e-01,1.581118e-01,0.819647,0.876680,-0.33049,-1.84445, Land,0.718568,2.382880e-02,1.013529e-02,2.876981e-03,1.297801e-03,4.219198e-03,2.982521e-03
1,4,75,-135,7.185791e-01,1.542395e-01,0.823286,0.872819,-0.33048,-1.86925, Land,0.718579,2.732197e-02,1.090252e-02,2.798432e-03,1.210022e-03,5.448179e-03,3.858367e-03
1,5,75,-125,7.271853e-01,1.542791e-01,0.824974,0.881464,-0.31857,-1.86899, Land,0.727185,2.453974e-02,9.367564e-03,3.014055e-03,1.317719e-03,4.778391e-03,2.900463e-03
1,6,75,-115,7.499920e-01,1.320338e-01,0.850306,0.882026,-0.28769,-2.02470, Land,0.749992,2.661185e-02,8.124845e-03,2.984195e-03,1.070602e-03,5.077980e-03,2.546545e-03
1,7,75,-105,7.642579e-01,1.233557e-01,0.861025,0.887614,-0.26885,-2.09268, Land,0.764258,2.702389e-02,7.710090e-03,2.952047e-03,1.069723e-03,5.429192e-03,2.627648e-03
1,8,75,-95,7.418943e-01,1.485792e-01,0.833146,0.890474,-0.29855,-1.90664, Land,0.741894,2.174465e-02,7.788180e-03,2.723620e-03,1.208522e-03,4.827220e-03,2.722137e-03
1,9,75,-85,7.369362e-01,1.520730e-01,0.828941,0.889009,-0.30525,-1.88339, Land,0.736936,2.529326e-02,9.090509e-03,2.729968e-03,1.134436e-03,5.027781e-03,2.937976e-03
1,10,75,-75,7.398878e-01,1.409101e-01,0.840020,0.880798,-0.30126,-1.95963, Land,0.739888,2.500016e-02,8.217718e-03,2.439477e-03,8.853939e-04,5.080351e-03,2.676494e-03
1,11,75,-65,7.386920e-01,1.444378e-01,0.836448,0.883130,-0.30287,-1.93491, Land,0.738692,2.352022e-02,8.356175e-03,2.831774e-03,1.140740e-03,4.189673e-03,2.380891e-03
1,12,75,-55,7.524690e-01,1.313730e-01,0.851361,0.883842,-0.28440,-2.02971, Land,0.752469,2.537235e-02,7.720195e-03,2.769022e-03,9.415108e-04,4.258628e-03,2.252882e-03
1,13,75,-45,7.477536e-01,1.427354e-01,0.839711,0.890489,-0.29068,-1.94676, Land,0.747754,2.297501e-02,7.874248e-03,2.517931e-03,9.643287e-04,4.284640e-03,2.399648e-03
1,14,75,-35,7.719706e-01,1.150898e-01,0.870257,0.887060,-0.25881,-2.16204, Land,0.771971,2.407197e-02,6.607417e-03,2.601050e-03,7.358429e-04,4.801223e-03,2.213489e-03
1,15,75,-25,7.403347e-01,1.432014e-01,0.837922,0.883536,-0.30065,-1.94350, Land,0.740335,2.468847e-02,8.617757e-03,2.468540e-03,9.480945e-04,4.337139e-03,2.593234e-03
1,16,75,-15,7.414107e-01,1.426715e-01,0.838622,0.884082,-0.29920,-1.94721, Land,0.741411,2.396468e-02,8.116597e-03,2.578967e-03,9.347123e-04,4.493037e-03,2.785336e-03
1,17,75,-5,7.471803e-01,1.445664e-01,0.837884,0.891747,-0.29145,-1.93402, Land,0.747180,2.285798e-02,8.069019e-03,2.511649e-03,9.260073e-04,3.964527e-03,2.481100e-03
1,18,75,5,7.522934e-01,1.451529e-01,0.838260,0.897446,-0.28463,-1.92997, Land,0.752293,1.992358e-02,7.290917e-03,2.634360e-03,9.783681e-04,4.766776e-03,3.172769e-03
1,19,75,15,7.351835e-01,1.549428e-01,0.825932,0.890126,-0.30764,-1.86470, Land,0.735184,2.122307e-02,7.908721e-03,2.501579e-03,1.002060e-03,5.236187e-03,3.347371e-03
1,20,75,25,7.457382e-01,1.430150e-01,0.839084,0.888753,-0.29338,-1.94481, Land,0.745738,2.176194e-02,7.883470e-03,2.563383e-03,9.449441e-04,4.956500e-03,3.081523e-03
1,21,75,35,7.472588e-01,1.390023e-01,0.843159,0.886261,-0.29134,-1.97326, Land,0.747259,2.204024e-02,7.504371e-03,2.589342e-03,9.034862e-04,5.576724e-03,3.326035e-03
1,22,75,45,7.599158e-01,1.380075e-01,0.846304,0.897923,-0.27455,-1.98045, Land,0.759916,1.982964e-02,6.650803e-03,2.412230e-03,8.759423e-04,4.353469e-03,2.622514e-03
1,23,75,55,7.462894e-01,1.444848e-01,0.837799,0.890774,-0.29264,-1.93458, Land,0.746289,2.048130e-02,7.333374e-03,2.799147e-03,1.035289e-03,4.573707e-03,2.810352e-03
1,24,75,65,7.509857e-01,1.415732e-01,0.841385,0.892559,-0.28637,-1.95494, Land,0.750986,1.975627e-02,6.899533e-03,2.813316e-03,1.058552e-03,4.485957e-03,2.547520e-03
1,25,75,75,7.264096e-01,1.557613e-01,0.823434,0.882171,-0.31964,-1.85943, Land,0.726410,2.223179e-02,9.176856e-03,2.268688e-03,9.579969e-04,8.065127e-03,5.446012e-03
1,26,75,85,6.947067e-01,1.933364e-01,0.782289,0.888043,-0.36427,-1.64332, Land,0.694707,1.956221e-02,1.012741e-02,2.617957e-03,1.440710e-03,5.217572e-03,4.352696e-03
1,27,75,95,6.923986e-01,1.839776e-01,0.790070,0.876376,-0.36759,-1.69294, Land,0.692399,1.870562e-02,9.447382e-03,2.731000e-03,1.491535e-03,5.317861e-03,4.268440e-03
1,28,75,105,7.158536e-01,1.657501e-01,0.811990,0.881604,-0.33428,-1.79727, Land,0.715854,2.210127e-02,9.075441e-03,2.812828e-03,1.298912e-03,6.116737e-03,4.508999e-03
1,29,75,115,6.950324e-01,1.796111e-01,0.794647,0.874643,-0.36380,-1.71696, Land,0.695032,2.211970e-02,1.039980e-02,2.924967e-03,1.501385e-03,5.602369e-03,4.410178e-03
1,30,75,125,6.853282e-01,1.990660e-01,0.774913,0.884394,-0.37786,-1.61412, Land,0.685328,1.764090e-02,9.454119e-03,2.728033e-03,1.635484e-03,4.087597e-03,3.543876e-03
1,31,75,135,7.029541e-01,1.706114e-01,0.804695,0.873565,-0.35246,-1.76837, Land,0.702954,2.260793e-02,1.021642e-02,2.743142e-03,1.327064e-03,6.369506e-03,5.307835e-03
1,32,75,145,7.041011e-01,1.748486e-01,0.801071,0.878950,-0.35083,-1.74383, Land,0.704101,2.021539e-02,1.010880e-02,2.906383e-03,1.487366e-03,5.048485e-03,4.255183e-03
1,33,75,155,6.931367e-01,1.889356e-01,0.785805,0.882072,-0.36653,-1.66635, Land,0.693137,1.959549e-02,1.082953e-02,2.794803e-03,1.575108e-03,4.284021e-03,4.106652e-03
1,34,75,165,6.997153e-01,1.755229e-01,0.799457,0.875238,-0.35708,-1.73999, Land,0.699715,2.097550e-02,1.022633e-02,2.724205e-03,1.352909e-03,4.961343e-03,4.236589e-03
1,35,75,175,6.845213e-01,1.852288e-01,0.787032,0.869750,-0.37904,-1.68616, Land,0.684521,1.855651e-02,9.697140e-03,2.769607e-03,1.490011e-03,4.290890e-03,3.755372e-03
2,0,65,-175,7.638266e-01,1.201089e-01,0.864120,0.883935,-0.26941,-2.11936, Land,0.763827,2.459465e-02,7.041318e-03,2.279582e-03,7.487471e-04,4.104745e-03,1.881068e-03
2,1,65,-165,7.425199e-01,1.284663e-01,0.852505,0.870986,-0.29771,-2.05209, Land,0.742520,2.517423e-02,8.412833e-03,2.549375e-03,9.112661e-04,4.419768e-03,2.326356e-03
2,2,65,-155,7.343356e-01,1.449179e-01,0.835181,0.879254,-0.30879,-1.93159, Land,0.734336,2.501813e-02,9.343721e-03,2.301700e-03,1.004741e-03,4.172359e-03,2.518511e-03
2,3,65,-145,7.552790e-01,1.240517e-01,0.858925,0.879331,-0.28067,-2.08706, Land,0.755279,2.457118e-02,7.813682e-03,2.490032e-03,8.689125e-04,4.728498e-03,2.307862e-03
2,4,65,-135,7.504332e-01,1.247689e-01,0.857440,0.875202,-0.28710,-2.08129, Land,0.750433,2.821765e-02,8.636123e-03,2.454521e-03,8.453379e-04,5.758085e-03,2.868597e-03
2,5,65,-125,7.599532e-01,1.193805e-01,0.864238,0.879334,-0.27450,-2.12544, Land,0.759953,2.723358e-02,7.167061e-03,2.558972e-03,8.340270e-04,5.681997e-03,2.239144e-03
2,6,65,-115,7.991497e-01,8.739294e-02,0.901423,0.886543,-0.22421,-2.43734, Land,0.799150,2.950631e-02,5.403428e-03,2.433760e-03,5.750218e-04,5.979538e-03,1.656920e-03
2,7,65,-105,8.166414e-01,7.584606e-02,0.915017,0.892488,-0.20256,-2.57905, Land,0.816641,3.006651e-02,4.707806e-03,2.433946e-03,5.356462e-04,6.068188e-03,1.535539e-03
2,8,65,-95,7.963224e-01,9.429681e-02,0.894122,0.890619,-0.22775,-2.36131, Land,0.796322,2.671056e-02,5.632232e-03,2.207567e-03,6.132004e-04,5.625757e-03,1.829371e-03
2,9,65,-85,7.815304e-01,1.102243e-01,0.876396,0.891755,-0.24650,-2.20524, Land,0.781530,2.692782e-02,6.389623e-03,2.181612e-03,6.513831e-04,5.446628e-03,1.976972e-03
2,10,65,-75,8.071556e-01,8.361078e-02,0.906136,0.890766,-0.21424,-2.48158, Land,0.807156,2.627209e-02,4.300533e-03,2.249788e-03,4.743000e-04,5.071294e-03,1.316215e-03
2,11,65,-65,7.613599e-01,1.217762e-01,0.862109,0.883136,-0.27265,-2.10557, Land,0.761360,2.784523e-02,7.904864e-03,1.972532e-03,6.856055e-04,4.365006e-03,1.801085e-03
2,12,65,-55,8.033375e-01,8.395313e-02,0.905383,0.887291,-0.21898,-2.47750, Land,0.803338,2.840855e-02,5.130165e-03,2.290577e-03,4.797296e-04,4.862836e-03,1.349471e-03
2,13,65,-45,7.947295e-01,9.499913e-02,0.893227,0.889729,-0.22975,-2.35389, Land,0.794729,2.618661e-02,5.499105e-03,2.160713e-03,5.405905e-04,5.025523e-03,1.586166e-03
2,14,65,-35,8.163761e-01,7.632526e-02,0.914501,0.892701,-0.20288,-2.57275, Land,0.816376,2.616298e-02,4.332608e-03,1.997107e-03,3.807406e-04,4.940034e-03,1.289540e-03
2,15,65,-25,8.002293e-01,8.795150e-02,0.900976,0.888181,-0.22286,-2.43097, Land,0.800229,2.773561e-02,5.227018e-03,2.191659e-03,4.868878e-04,5.294966e-03,1.612243e-03
2,16,65,-15,8.026654e-01,9.030951e-02,0.898867,0.892975,-0.21982,-2.40451, Land,0.802665,2.458795e-02,4.800566e-03,2.119682e-03,4.721529e-04,4.956740e-03,1.637846e-03
2,17,65,-5,8.121432e-01,8.527026e-02,0.904982,0.897413,-0.20808,-2.46193, Land,0.812143,2.360040e-02,4.428323e-03,2.112189e-03,4.575864e-04,4.508610e-03,1.361849e-03
2,18,65,5,8.081511e-01,9.245245e-02,0.897344,0.900604,-0.21301,-2.38106, Land,0.808151,2.001185e-02,4.284246e-03,2.547621e-03,5.756369e-04,4.991430e-03,1.739906e-03
2,19,65,15,8.191602e-01,8.385036e-02,0.907144,0.903011,-0.19948,-2.47872, Land,0.819160,2.063099e-02,3.680074e-03,2.518659e-03,4.919987e-04,5.022795e-03,1.475512e-03
2,20,65,25,8.055675e-01,9.218713e-02,0.897314,0.897755,-0.21621,-2.38393, Land,0.805568,2.203472e-02,4.677708e-03,2.560507e-03,5.941879e-04,5.465869e-03,1.740941e-03
2,21,65,35,8.116152e-01,8.238618e-02,0.907846,0.894001,-0.20873,-2.49634, Land,0.811615,2.281024e-02,4.075115e-03,2.408791e-03,4.782082e-04,5.593913e-03,1.562868e-03
2,22,65,45,8.126738e-01,8.733218e-02,0.902965,0.900006,-0.20743,-2.43804, Land,0.812674,2.149298e-02,4.053672e-03,2.335277e-03,4.870075e-04,5.346072e-03,1.655192e-03
2,23,65,55,8.101097e-01,8.622409e-02,0.903804,0.896334,-0.21059,-2.45081, Land,0.810110,2.067471e-02,4.091160e-03,2.749508e-03,5.780367e-04,4.988604e-03,1.470301e-03
2,24,65,65,7.764482e-01,1.132436e-01,0.872716,0.889692,-0.25303,-2.17821, Land,0.776448,2.380946e-02,6.534540e-03,1.925904e-03,6.002867e-04,7.333989e-03,2.929541e-03
2,25,65,75,7.521568e-01,1.356658e-01,0.847193,0.887823,-0.28481,-1.99756, Land,0.752157,2.284610e-02,7.577527e-03,2.489112e-03,9.437060e-04,5.691957e-03,2.789001e-03
2,26,65,85,7.412438e-01,1.521058e-01,0.829735,0.893350,-0.29943,-1.88318, Land,0.741244,1.961248e-02,7.496706e-03,2.549121e-03,1.088944e-03,5.390576e-03,2.965095e-03
2,27,65,95,7.326821e-01,1.506744e-01,0.829430,0.883356,-0.31104,-1.89263, Land,0.732682,1.946723e-02,7.694392e-03,2.555773e-03,1.107912e-03,5.493894e-03,3.232365e-03
2,28,65,105,7.647540e-01,1.169692e-01,0.867340,0.881723,-0.26820,-2.14584, Land,0.764754,2.427039e-02,6.344315e-03,2.597916e-03,8.378566e-04,6.467040e-03,2.904211e-03
2,29,65,115,7.524022e-01,1.295499e-01,0.853110,0.881952,-0.28448,-2.04369, Land,0.752402,2.417369e-02,7.210349e-03,2.735828e-03,9.595488e-04,5.980908e-03,2.798399e-03
2,30,65,125,7.215674e-01,1.592823e-01,0.819172,0.880850,-0.32633,-1.83708, Land,0.721567,1.939873e-02,7.923642e-03,2.769105e-03,1.306875e-03,4.111341e-03,2.580814e-03
2,31,65,135,7.246642e-01,1.457215e-01,0.832578,0.870386,-0.32205,-1.92606, Land,0.724664,2.437150e-02,9.141261e-03,2.608231e-03,1.036435e-03,6.387306e-03,4.022765e-03
2,32,65,145,7.292449e-01,1.476760e-01,0.831597,0.876921,-0.31575,-1.91273, Land,0.729245,2.204665e-02,8.835733e-03,2.700363e-03,1.164105e-03,4.821039e-03,2.973233e-03
2,33,65,155,7.144944e-01,1.652222e-01,0.812187,0.879717,-0.33618,-1.80046, Land,0.714494,2.020920e-02,9.682858e-03,2.662571e-03,1.321631e-03,4.324037e-03,3.255839e-03
2,34,65,165,6.976165e-01,1.749949e-01,0.799458,0.872611,-0.36009,-1.74300, Land,0.697617,1.862732e-02,9.111034e-03,2.428432e-03,1.302621e-03,3.991324e-03,3.031449e-03
2,35,65,175,7.331119e-01,1.442807e-01,0.835557,0.877393,-0.31046,-1.93599, Land,0.733112,2.228067e-02,8.220978e-03,2.559662e-03,1.035460e-03,5.107589e-03,3.138090e-03
3,0,55,-175,7.797387e-01,1.121804e-01,0.874226,0.891919,-0.24880,-2.18765, Land,0.779739,2.421408e-02,6.695539e-03,2.446399e-03,7.579782e-04,3.814310e-03,1.475518e-03
3,1,55,-165,7.651596e-01,1.209709e-01,0.863484,0.886131,-0.26767,-2.11221, Land,0.765160,2.544563e-02,7.757932e-03,2.534262e-03,8.560612e-04,4.434432e-03,1.863592e-03
3,2,55,-155,7.417000e-01,1.450991e-01,0.836379,0.886799,-0.29881,-1.93034, Land,0.741700,2.231327e-02,9.043958e-03,2.573023e-03,1.151469e-03,3.434354e-03,1.898728e-03
3,3,55,-145,7.825630e-01,1.087711e-01,0.877968,0.891334,-0.24518,-2.21851, Land,0.782563,2.409290e-02,6.671572e-03,2.544422e-03,7.485582e-04,4.731932e-03,1.714991e-03
3,4,55,-135,7.774720e-01,1.085498e-01,0.877486,0.886022,-0.25171,-2.22055, Land,0.777472,2.767078e-02,7.333650e-03,2.474771e-03,7.124121e-04,5.874347e-03,2.130701e-03
3,5,55,-125,7.744419e-01,1.147346e-01,0.870965,0.889177,-0.25561,-2.16513, Land,0.774442,2.647614e-02,6.926941e-03,2.606262e-03,8.194188e-04,5.029703e-03,1.645493e-03
3,6,55,-115,8.229217e-01,7.371713e-02,0.917785,0.896639,-0.19489,-2.60752, Land,0.822922,2.800842e-02,4.422870e-03,2.690315e-03,5.072200e-04,5.699581e-03,1.182202e-03
3,7,55,-105,8.363598e-01,6.368924e-02,0.929238,0.900049,-0.17870,-2.75374, Land,0.836360,2.893743e-02,3.793284e-03,2.572049e-03,4.549613e-04,5.980104e-03,1.084384e-03
3,8,55,-95,8.163196e-01,8.440878e-02,0.906288,0.900728,-0.20295,-2.47208, Land,0.816320,2.666489e-02,4.822902e-03,2.279519e-03,5.584691e-04,6.066743e-03,1.564105e-03
3,9,55,-85,8.026894e-01,9.709130e-02,0.892094,0.899781,-0.21979,-2.33210, Land,0.802689,2.719204e-02,5.382871e-03,2.171519e-03,5.554991e-04,5.459230e-03,1.525819e-03
3,10,55,-75,8.412900e-01,6.582681e-02,0.927433,0.907117,-0.17282,-2.72073, Land,0.841290,2.302884e-02,2.986050e-03,2.318570e-03,3.647977e-04,4.857415e-03,8.704784e-04
3,11,55,-65,8.067904e-01,9.213699e-02,0.897503,0.898927,-0.21469,-2.38448, Land,0.806790,2.469287e-02,5.186823e-03,2.310128e-03,5.645237e-04,4.684886e-03,1.316209e-03
3,12,55,-55,7.945327e-01,9.846888e-02,0.889733,0.893002,-0.23000,-2.31801, Land,0.794533,2.765730e-02,6.269561e-03,1.968450e-03,4.919855e-04,4.523333e-03,1.336409e-03
3,13,55,-45,8.193397e-01,7.820390e-02,0.912869,0.897544,-0.19926,-2.54844, Land,0.819340,2.552339e-02,4.476261e-03,2.256129e-03,4.414414e-04,5.095489e-03,1.143277e-03
3,14,55,-35,8.444218e-01,5.731803e-02,0.936436,0.901740,-0.16910,-2.85914, Land,0.844422,2.583614e-02,3.121129e-03,2.151891e-03,2.886580e-04,5.909704e-03,9.691624e-04
3,15,55,-25,8.290340e-01,6.936030e-02,0.922795,0.898394,-0.18749,-2.66844, Land,0.829034,2.737981e-02,3.800688e-03,2.273997e-03,3.698869e-04,6.077839e-03,1.208785e-03
3,16,55,-15,8.341736e-01,6.899452e-02,0.923608,0.903168,-0.18131,-2.67373, Land,0.834174,2.484005e-02,3.560086e-03,2.164403e-03,3.457661e-04,5.466551e-03,1.134715e-03
3,17,55,-5,8.465944e-01,6.384810e-02,0.929871,0.910443,-0.16653,-2.75125, Land,0.846594,2.259340e-02,3.215482e-03,2.077623e-03,3.263496e-04,4.870058e-03,9.745700e-04
3,18,55,5,8.457469e-01,6.850351e-02,0.925071,0.914250,-0.16754,-2.68087, Land,0.845747,1.876980e-02,3.012320e-03,2.543842e-03,4.055782e-04,4.881161e-03,1.122352e-03
3,19,55,15,8.515697e-01,6.240477e-02,0.931722,0.913974,-0.16067,-2.77411, Land,0.851570,2.020900e-02,2.545140e-03,2.532720e-03,3.490823e-04,5.715133e-03,1.114051e-03
3,20,55,25,8.463728e-01,6.628609e-02,0.927370,0.912659,-0.16680,-2.71378, Land,0.846373,2.125991e-02,3.029255e-03,2.670647e-03,4.105036e-04,5.244691e-03,1.047831e-03
3,21,55,35,8.541771e-01,5.659294e-02,0.937863,0.910770,-0.15762,-2.87187, Land,0.854177,2.063989e-02,2.553377e-03,2.502708e-03,3.173207e-04,5.175739e-03,8.901709e-04
3,22,55,45,8.391325e-01,6.793033e-02,0.925110,0.907063,-0.17539,-2.68927, Land,0.839133,2.156427e-02,3.285595e-03,2.410156e-03,3.906874e-04,4.868365e-03,1.005936e-03
3,23,55,55,7.998521e-01,9.622718e-02,0.892613,0.896079,-0.22333,-2.34104, Land,0.799852,2.424375e-02,5.916670e-03,2.073948e-03,5.051689e-04,7.567973e-03,2.401146e-03
3,24,55,65,7.943959e-01,1.038701e-01,0.884366,0.898266,-0.23017,-2.26461, Land,0.794396,2.117844e-02,5.558209e-03,2.462077e-03,6.915726e-04,4.932469e-03,1.626571e-03
3,25,55,75,7.919960e-01,1.068076e-01,0.881167,0.898804,-0.23320,-2.23673, Land,0.791996,2.245635e-02,5.374558e-03,2.504188e-03,6.739257e-04,5.810729e-03,1.985362e-03
3,26,55,85,7.779021e-01,1.242677e-01,0.862257,0.902170,-0.25115,-2.08532, Land,0.777902,2.048293e-02,6.091963e-03,2.528474e-03,7.966998e-04,6.087247e-03,2.361580e-03
3,27,55,95,7.565448e-01,1.353542e-01,0.848240,0.891899,-0.27899,-1.99986, Land,0.756545,1.939238e-02,6.847355e-03,2.595231e-03,9.722730e-04,5.374932e-03,2.470669e-03
3,28,55,105,7.975883e-01,9.643224e-02,0.892136,0.894021,-0.22616,-2.33891, Land,0.797588,2.273208e-02,5.116495e-03,2.689957e-03,6.867599e-04,6.285788e-03,2.001777e-03
3,29,55,115,7.845993e-01,1.082341e-01,0.878775,0.892833,-0.24258,-2.22346, Land,0.784599,2.308127e-02,5.956057e-03,2.693942e-03,7.938127e-04,5.487880e-03,1.956669e-03
3,30,55,125,7.626381e-01,1.328807e-01,0.851616,0.895519,-0.27097,-2.01830, Land,0.762638,2.033193e-02,6.911014e-03,2.670641e-03,1.017447e-03,4.321836e-03,1.867036e-03
3,31,55,135,7.603922e-01,1.237882e-01,0.859997,0.884180,-0.27392,-2.08918, Land,0.760392,2.243288e-02,7.370655e-03,2.549089e-03,8.611833e-04,6.627156e-03,3.109895e-03
3,32,55,145,7.461628e-01,1.408556e-01,0.841203,0.887018,-0.29281,-1.96002, Land,0.746163,1.944373e-02,8.107983e-03,2.800100e-03,1.149336e-03,4.301684e-03,2.326273e-03
3,33,55,155,7.048381e-01,1.845842e-01,0.792467,0.889422,-0.34979,-1.68965, Land,0.704838,1.548686e-02,8.922581e-03,2.669088e-03,1.558855e-03,2.858856e-03,2.302253e-03
3,34,55,165,7.305942e-01,1.496813e-01,0.829961,0.880275,-0.31390,-1.89925, Land,0.730594,2.186029e-02,8.997206e-03,2.508077e-03,1.085308e-03,5.157130e-03,2.896178e-03
3,35,55,175,7.595630e-01,1.269293e-01,0.856818,0.886492,-0.27501,-2.06413, Land,0.759563,2.055652e-02,6.872669e-03,2.655634e-03,9.006301e-04,5.011211e-03,2.315072e-03
4,0,45,-175,7.985910e-01,9.970223e-02,0.889009,0.898293,-0.22491,-2.30557, Land,0.798591,2.263975e-02,5.534121e-03,2.329616e-03,6.122099e-04,4.083522e-03,1.433007e-03
4,1,45,-165,7.726767e-01,1.145183e-01,0.870921,0.887195,-0.25789,-2.16702, Land,0.772677,2.416404e-02,7.049267e-03,2.391295e-03,7.368334e-04,4.143404e-03,1.700844e-03
4,2,45,-155,7.791216e-01,1.149986e-01,0.871384,0.894120,-0.24959,-2.16284, Land,0.779122,2.429706e-02,7.091074e-03,2.266227e-03,7.317186e-04,4.238158e-03,1.694231e-03
4,3,45,-145,7.544324e-01,1.314098e-01,0.851656,0.885842,-0.28179,-2.02943, Land,0.754432,2.139290e-02,7.923352e-03,2.550478e-03,9.721095e-04,3.632058e-03,1.805096e-03
4,4,45,-135,7.774615e-01,1.050651e-01,0.880950,0.882527,-0.25172,-2.25318, Land,0.777461,2.868226e-02,7.159565e-03,2.342667e-03,6.565386e-04,7.253416e-03,2.666948e-03
4,5,45,-125,7.939152e-01,9.995943e-02,0.888173,0.893875,-0.23078,-2.30299, Land,0.793915,2.493298e-02,5.715584e-03,2.448351e-03,6.487104e-04,5.544743e-03,1.574426e-03
4,6,45,-115,8.333373e-01,6.467806e-02,0.927977,0.898015,-0.18232,-2.73833, Land,0.833337,2.744557e-02,3.836104e-03,2.496881e-03,4.118621e-04,6.259385e-03,1.152072e-03
4,7,45,-105,8.456698e-01,5.641867e-02,0.937458,0.902088,-0.16763,-2.87496, Land,0.845670,2.745484e-02,3.330148e-03,2.472531e-03,3.772287e-04,6.552440e-03,1.079926e-03
4,8,45,-95,8.208531e-01,7.820025e-02,0.913019,0.899053,-0.19741,-2.54848, Land,0.820853,2.618480e-02,4.466309e-03,2.178124e-03,4.798890e-04,6.472995e-03,1.510956e-03
4,9,45,-85,8.262028e-01,7.863614e-02,0.913094,0.904839,-0.19092,-2.54292, Land,0.826203,2.545364e-02,4.141333e-03,2.233120e-03,4.353346e-04,6.086493e-03,1.398804e-03
4,10,45,-75,8.492838e-01,5.731706e-02,0.936778,0.906601,-0.16336,-2.85916, Land,0.849284,2.212763e-02,2.482866e-03,2.310396e-03,3.060350e-04,4.907566e-03,7.786962e-04
4,11,45,-65,8.225871e-01,7.572807e-02,0.915700,0.898315,-0.19530,-2.58061, Land,0.822587,2.596734e-02,4.135076e-03,2.240939e-03,4.291132e-04,5.571982e-03,1.223143e-03
4,12,45,-55,8.279681e-01,6.953660e-02,0.922522,0.897505,-0.18878,-2.66590, Land,0.827968,2.516084e-02,3.978808e-03,2.258345e-03,3.802236e-04,5.315535e-03,1.114137e-03
4,13,45,-45,8.205397e-01,7.785598e-02,0.913339,0.898396,-0.19779,-2.55289, Land,0.820540,2.577182e-02,4.826508e-03,1.825290e-03,3.703841e-04,5.431178e-03,1.300669e-03
4,14,45,-35,8.595568e-01,4.703409e-02,0.948120,0.906591,-0.15134,-3.05688, Land,0.859557,2.364001e-02,2.487816e-03,2.032881e-03,2.264789e-04,4.986768e-03,7.146550e-04
4,15,45,-25,8.365628e-01,6.409468e-02,0.928836,0.900657,-0.17845,-2.74739, Land,0.836563,2.472848e-02,3.572987e-03,2.194557e-03,3.284294e-04,5.317526e-03,1.077001e-03
4,16,45,-15,8.419461e-01,6.464169e-02,0.928698,0.906588,-0.17204,-2.73890, Land,0.841946,2.215020e-02,3.178819e-03,2.130264e-03,3.192769e-04,4.586777e-03,9.753464e-04
4,17,45,-5,8.460359e-01,6.059608e-02,0.933164,0.906632,-0.16719,-2.80353, Land,0.846036,2.142199e-02,2.985357e-03,2.073452e-03,2.974909e-04,4.603515e-03,8.958499e-04
4,18,45,5,8.420455e-01,6.880290e-02,0.924463,0.910848,-0.17192,-2.67651, Land,0.842045,1.861473e-02,3.036402e-03,2.379251e-03,3.668352e-04,5.097730e-03,1.214118e-03
4,19,45,15,8.533110e-01,6.344799e-02,0.930791,0.916759,-0.15863,-2.75753, Land,0.853311,1.788569e-02,2.587608e-03,2.330033e-03,3.280828e-04,4.589121e-03,9.344224e-04
4,20,45,25,8.449362e-01,6.768543e-02,0.925834,0.912622,-0.16849,-2.69288, Land,0.844936,1.892423e-02,3.081113e-03,2.519796e-03,3.930428e-04,4.600285e-03,1.032504e-03
4,21,45,35,8.647799e-01,4.965116e-02,0.945703,0.914431,-0.14528,-3.00273, Land,0.864780,1.987731e-02,2.266854e-03,2.381354e-03,2.687840e-04,4.225023e-03,6.681029e-04
4,22,45,45,8.300068e-01,7.048641e-02,0.921725,0.900493,-0.18632,-2.65234, Land,0.830007,2.462608e-02,4.390360e-03,1.737030e-03,3.062486e-04,7.156661e-03,1.647364e-03
4,23,45,55,8.203491e-01,8.344589e-02,0.907672,0.903795,-0.19803,-2.48356, Land,0.820349,2.030066e-02,4.342848e-03,2.399743e-03,4.852715e-04,5.645280e-03,1.475279e-03
4,24,45,65,8.171945e-01,8.678734e-02,0.903994,0.903982,-0.20188,-2.44429, Land,0.817194,2.113488e-02,4.337898e-03,2.355037e-03,5.091756e-04,5.287957e-03,1.409418e-03
4,25,45,75,8.317780e-01,7.732695e-02,0.914942,0.909105,-0.18419,-2.55971, Land,0.831778,2.068035e-02,3.478686e-03,2.320212e-03,4.291224e-04,6.411006e-03,1.546225e-03
4,26,45,85,8.101015e-01,9.713725e-02,0.892931,0.907239,-0.21060,-2.33163, Land,0.810101,1.989172e-02,4.612392e-03,2.523524e-03,6.048952e-04,6.846186e-03,2.110319e-03
4,27,45,95,7.548063e-01,1.420157e-01,0.841646,0.896822,-0.28129,-1.95182, Land,0.754806,1.756983e-02,6.982611e-03,2.516855e-03,9.910171e-04,5.269274e-03,2.643630e-03
4,28,45,105,8.227174e-01,7.641299e-02,0.915015,0.899130,-0.19514,-2.57160, Land,0.822717,2.322359e-02,3.989359e-03,2.520658e-03,4.928902e-04,6.681695e-03,1.681687e-03
4,29,45,115,8.072256e-01,9.042106e-02,0.899269,0.897647,-0.21415,-2.40328, Land,0.807226,2.276744e-02,4.745328e-03,2.698923e-03,6.029617e-04,6.415584e-03,1.842142e-03
4,30,45,125,7.775586e-01,1.179495e-01,0.868288,0.895508,-0.25160,-2.13750, Land,0.777559,2.055913e-02,5.833553e-03,2.614181e-03,8.254958e-04,5.238655e-03,2.004035e-03
4,31,45,135,7.695793e-01,1.170379e-01,0.867995,0.886617,-0.26191,-2.14526, Land,0.769579,2.232765e-02,6.813492e-03,2.408184e-03,7.385583e-04,6.282207e-03,2.963358e-03
4,32,45,145,7.155265e-01,1.702857e-01,0.807763,0.885812,-0.33474,-1.77028, Land,0.715527,1.565617e-02,8.222510e-03,2.686890e-03,1.355647e-03,3.153030e-03,2.247052e-03
4,33,45,155,7.755552e-01,1.167237e-01,0.869185,0.892279,-0.25418,-2.14795, Land,0.775555,2.145484e-02,6.782981e-03,2.625438e-03,8.338182e-04,5.024948e-03,2.190004e-03
4,34,45,165,7.555483e-01,1.292332e-01,0.853938,0.884782,-0.28031,-2.04614, Land,0.755548,2.198561e-02,7.973797e-03,2.434697e-03,8.553326e-04,5.096010e-03,2.552367e-03
4,35,45,175,7.780348e-01,1.143910e-01,0.871820,0.892426,-0.25098,-2.16813, Land,0.778035,2.142748e-02,6.369106e-03,2.554517e-03,7.610787e-04,5.558953e-03,2.327620e-03
5,0,35,-175,8.095079e-01,9.058077e-02,0.899365,0.900089,-0.21133,-2.40151, Land,0.809508,2.512528e-02,5.371488e-03,2.373665e-03,5.498163e-04,3.278476e-03,1.091999e-03
5,1,35,-165,7.838742e-01,1.039825e-01,0.882884,0.887857,-0.24351,-2.26353, Land,0.783874,2.689940e-02,6.820670e-03,2.332221e-03,6.242013e-04,3.923234e-03,1.530627e-03
5,2,35,-155,7.869164e-01,1.069046e-01,0.880396,0.893821,-0.23963,-2.23582, Land,0.786916,2.637275e-02,7.167559e-03,2.282882e-03,6.654155e-04,3.606733e-03,1.441658e-03
5,3,35,-145,8.030065e-01,9.026640e-02,0.898949,0.893273,-0.21939,-2.40499, Land,0.803006,2.778928e-02,6.028881e-03,2.409838e-03,5.601237e-04,4.121120e-03,1.353511e-03
5,4,35,-135,7.802550e-01,1.017066e-01,0.884681,0.881962,-0.24813,-2.28566, Land,0.780255,3.031305e-02,7.489205e-03,2.419391e-03,6.381525e-04,5.434545e-03,2.077882e-03
5,5,35,-125,7.935762e-01,9.839917e-02,0.889684,0.891975,-0.23121,-2.31872, Land,0.793576,2.857690e-02,6.195077e-03,2.442443e-03,6.264784e-04,4.790756e-03,1.444528e-03
5,6,35,-115,8.390081e-01,5.949736e-02,0.933782,0.898505,-0.17553,-2.82182, Land,0.839008,3.013261e-02,3.773381e-03,2.328647e-03,3.661681e-04,4.961796e-03,9.027806e-04
5,7,35,-105,8.538423e-01,4.941215e-02,0.945295,0.903254,-0.15801,-3.00756, Land,0.853842,3.070280e-02,3.044488e-03,2.335405e-03,3.294084e-04,4.864062e-03,7.532728e-04
5,8,35,-95,8.316803e-01,7.350638e-02,0.918794,0.905187,-0.18431,-2.61038, Land,0.831680,2.810711e-02,4.231529e-03,2.050735e-03,4.187070e-04,3.987909e-03,9.420799e-04
5,9,35,-85,8.205984e-01,8.394773e-02,0.907194,0.904546,-0.19772,-2.47756, Land,0.820598,2.945730e-02,5.053037e-03,2.150453e-03,4.515949e-04,4.014175e-03,1.078157e-03
5,10,35,-75,8.530804e-01,5.828912e-02,0.936042,0.911369,-0.15890,-2.84234, Land,0.853080,2.295845e-02,2.731422e-03,2.199489e-03,2.967585e-04,3.545138e-03,6.063770e-04
5,11,35,-65,8.186777e-01,7.797806e-02,0.913035,0.896656,-0.20006,-2.55133, Land,0.818678,2.843248e-02,4.754037e-03,2.172086e-03,4.251559e-04,4.142318e-03,1.056863e-03
5,12,35,-55,8.266475e-01,7.083152e-02,0.921077,0.897479,-0.19038,-2.64745, Land,0.826647,2.880279e-02,4.425490e-03,2.205732e-03,3.769450e-04,3.755983e-03,8.856292e-04
5,13,35,-45,8.188137e-01,8.162447e-02,0.909350,0.900438,-0.19990,-2.50563, Land,0.818814,2.680280e-02,5.035074e-03,2.027063e-03,4.168156e-04,3.223878e-03,9.058247e-04
5,14,35,-35,8.201014e-01,7.311778e-02,0.918141,0.893219,-0.19833,-2.61568, Land,0.820101,2.783265e-02,4.827958e-03,1.736945e-03,3.190671e-04,4.191327e-03,1.061774e-03
5,15,35,-25,8.362994e-01,6.517738e-02,0.927699,0.901477,-0.17877,-2.73064, Land,0.836299,2.792062e-02,3.987279e-03,2.088647e-03,3.227129e-04,4.471884e-03,9.765453e-04
5,16,35,-15,8.406016e-01,6.588372e-02,0.927320,0.906485,-0.17364,-2.71986, Land,0.840602,2.465638e-02,3.582928e-03,2.038626e-03,3.053230e-04,3.735062e-03,8.752755e-04
5,17,35,-5,8.594798e-01,5.503764e-02,0.939818,0.914517,-0.15143,-2.89974, Land,0.859480,2.341141e-02,2.908306e-03,2.022189e-03,2.603245e-04,3.405196e-03,6.657414e-04
5,18,35,5,8.556315e-01,6.073388e-02,0.933723,0.916365,-0.15592,-2.80125, Land,0.855632,1.958620e-02,2.847946e-03,2.355198e-03,3.311267e-04,3.344738e-03,7.775097e-04
5,19,35,15,8.502397e-01,6.407176e-02,0.929923,0.914311,-0.16224,-2.74775, Land,0.850240,2.161093e-02,3.014991e-03,2.374331e-03,3.509853e-04,3.745048e-03,8.686090e-04
5,20,35,25,8.406380e-01,7.018828e-02,0.922940,0.910826,-0.17359,-2.65657, Land,0.840638,2.332497e-02,3.712275e-03,2.492227e-03,4.181683e-04,3.393460e-03,8.123340e-04
5,21,35,35,8.224187e-01,7.773760e-02,0.913640,0.900156,-0.19551,-2.55442, Land,0.822419,2.833937e-02,5.439983e-03,1.727306e-03,3.491711e-04,3.958041e-03,1.184461e-03
5,22,35,45,8.356729e-01,7.468984e-02,0.917956,0.910363,-0.17952,-2.59441, Land,0.835673,2.211406e-02,3.917516e-03,2.060355e-03,3.822848e-04,2.929475e-03,7.827730e-04
5,23,35,55,8.309329e-01,7.786980e-02,0.914316,0.908803,-0.18521,-2.55272, Land,0.830933,2.250127e-02,4.044940e-03,2.182908e-03,3.999339e-04,4.058059e-03,1.027903e-03
5,24,35,65,8.114753e-01,9.333270e-02,0.896848,0.904808,-0.20890,-2.37158, Land,0.811475,2.306697e-02,5.139681e-03,2.205157e-03,5.457394e-04,4.351576e-03,1.394933e-03
5,25,35,75,8.373229e-01,6.980806e-02,0.923045,0.907131,-0.17755,-2.66201, Land,0.837323,2.289526e-02,3.336581e-03,2.371444e-03,3.789205e-04,5.438391e-03,1.231852e-03
5,26,35,85,8.087153e-01,9.664822e-02,0.893249,0.905363,-0.21231,-2.33668, Land,0.808715,2.232234e-02,4.667883e-03,2.552363e-03,5.732573e-04,6.130254e-03,2.020528e-03
5,27,35,95,7.961150e-01,1.024365e-01,0.885998,0.898551,-0.22801,-2.27851, Land,0.796115,2.297203e-02,5.484456e-03,2.581135e-03,7.058727e-04,5.438051e-03,1.983228e-03
5,28,35,105,8.252345e-01,7.299554e-02,0.918734,0.898230,-0.19209,-2.61736, Land,0.825234,2.639514e-02,4.119418e-03,2.611715e-03,5.011830e-04,6.116022e-03,1.611951e-03
5,29,35,115,8.210379e-01,7.784792e-02,0.913395,0.898886,-0.19719,-2.55300, Land,0.821038,2.621129e-02,4.397504e-03,2.529078e-03,4.946777e-04,5.368385e-03,1.471637e-03
5,30,35,125,7.880521e-01,1.098434e-01,0.877666,0.897895,-0.23819,-2.20870, Land,0.788052,2.304969e-02,5.783983e-03,2.668516e-03,7.736343e-04,4.467801e-03,1.679591e-03
5,31,35,135,7.525742e-01,1.265301e-01,0.856069,0.879104,-0.28426,-2.06728, Land,0.752574,2.449486e-02,8.302042e-03,2.552454e-03,9.221162e-04,5.344306e-03,2.954568e-03
5,32,35,145,7.882156e-01,1.060787e-01,0.881383,0.894294,-0.23798,-2.24357, Land,0.788216,2.361262e-02,6.624773e-03,2.737841e-03,7.544171e-04,4.108311e-03,1.727305e-03
5,33,35,155,7.717621e-01,1.214381e-01,0.864042,0.893200,-0.25908,-2.10835, Land,0.771762,2.356772e-02,7.625605e-03,2.686583e-03,8.989538e-04,3.990227e-03,1.953501e-03
5,34,35,165,7.649792e-01,1.214448e-01,0.862995,0.886424,-0.26791,-2.10830, Land,0.764979,2.288983e-02,7.620178e-03,2.454449e-03,8.060802e-04,4.453648e-03,2.212901e-03
5,35,35,175,7.765180e-01,1.134640e-01,0.872510,0.889982,-0.25294,-2.17627, Land,0.776518,2.163917e-02,6.578596e-03,2.533958e-03,7.548391e-04,4.207598e-03,1.933446e-03
6,0,25,-175,7.701015e-01,1.215539e-01,0.863676,0.891655,-0.26123,-2.10740, Land,0.770101,2.460249e-02,7.890024e-03,2.441770e-03,8.089775e-04,3.296487e-03,1.627338e-03
6,1,25,-165,7.450404e-01,1.347922e-01,0.846798,0.879833,-0.29432,-2.00402, Land,0.745040,2.682635e-02,9.384865e-03,2.425965e-03,8.794482e-04,4.148323e-03,2.341875e-03
6,2,25,-155,7.434965e-01,1.432973e-01,0.838410,0.886794,-0.29639,-1.94283, Land,0.743496,2.646712e-02,1.035793e-02,2.350649e-03,9.995287e-04,3.482074e-03,2.223484e-03
6,3,25,-145,7.619327e-01,1.209405e-01,0.863015,0.882873,-0.27190,-2.11246, Land,0.761933,2.773366e-02,9.007073e-03,2.447238e-03,8.238986e-04,4.121747e-03,2.141037e-03
6,4,25,-135,7.609292e-01,1.183103e-01,0.865440,0.879239,-0.27321,-2.13444, Land,0.760929,3.059327e-02,9.508164e-03,2.397164e-03,8.060150e-04,5.302403e-03,2.813093e-03
6,5,25,-125,7.488367e-01,1.336448e-01,0.848558,0.882481,-0.28923,-2.01257, Land,0.748837,2.655153e-02,9.147819e-03,2.579873e-03,9.692732e-04,4.635702e-03,2.331482e-03
6,6,25,-115,8.103921e-01,7.957245e-02,0.910589,0.889965,-0.21024,-2.53109, Land,0.810392,3.117194e-02,5.529632e-03,2.606044e-03,5.574895e-04,5.325007e-03,1.439932e-03
6,7,25,-105,8.263884e-01,7.027548e-02,0.921626,0.896664,-0.19069,-2.65533, Land,0.826388,3.152311e-02,4.901001e-03,2.486546e-03,5.052256e-04,5.328654e-03,1.380578e-03
6,8,25,-95,8.110340e-01,9.251740e-02,0.897607,0.903551,-0.20945,-2.38036, Land,0.811034,2.738197e-02,5.479072e-03,2.087881e-03,5.511989e-04,3.714643e-03,1.215709e-03
6,9,25,-85,7.826049e-01,1.129564e-01,0.873871,0.895561,-0.24513,-2.18075, Land,0.782605,2.989482e-02,7.684134e-03,2.382161e-03,7.024263e-04,4.116311e-03,1.810812e-03
6,10,25,-75,8.224395e-01,7.947742e-02,0.911879,0.901917,-0.19548,-2.53228, Land,0.822440,2.398947e-02,4.170877e-03,2.380295e-03,4.417835e-04,3.530641e-03,9.605916e-04
6,11,25,-65,7.898695e-01,1.021370e-01,0.885497,0.892007,-0.23589,-2.28144, Land,0.789870,2.782078e-02,6.658063e-03,2.346645e-03,6.246840e-04,3.797578e-03,1.493398e-03
6,12,25,-55,8.116971e-01,8.338565e-02,0.906840,0.895083,-0.20863,-2.48428, Land,0.811697,2.793253e-02,5.457785e-03,2.315379e-03,4.924691e-04,3.498194e-03,1.145226e-03
6,13,25,-45,8.018289e-01,9.838436e-02,0.890710,0.900213,-0.22086,-2.31887, Land,0.801829,2.569726e-02,6.252852e-03,2.084937e-03,5.416438e-04,3.154238e-03,1.282794e-03
6,14,25,-35,8.252591e-01,7.485285e-02,0.916841,0.900112,-0.19206,-2.59223, Land,0.825259,2.569244e-02,4.619152e-03,2.052242e-03,3.714620e-04,3.920016e-03,1.120965e-03
6,15,25,-25,7.747667e-01,1.123192e-01,0.873384,0.887086,-0.25519,-2.18641, Land,0.774767,3.045772e-02,8.602478e-03,1.802672e-03,5.569877e-04,4.129171e-03,1.894598e-03
6,16,25,-15,8.048432e-01,9.246887e-02,0.896949,0.897312,-0.21711,-2.38088, Land,0.804843,2.596574e-02,5.669444e-03,2.055258e-03,4.710489e-04,3.425514e-03,1.312100e-03
6,17,25,-5,8.145389e-01,8.824530e-02,0.902252,0.902784,-0.20513,-2.42763, Land,0.814539,2.478927e-02,5.479913e-03,2.143874e-03,4.669245e-04,3.500525e-03,1.270113e-03
6,18,25,5,8.283235e-01,8.156585e-02,0.910356,0.909889,-0.18835,-2.50634, Land,0.828324,1.952412e-02,4.132054e-03,2.538257e-03,5.111786e-04,3.400360e-03,1.237357e-03
6,19,25,15,8.255598e-01,8.318483e-02,0.908462,0.908745,-0.19169,-2.48669, Land,0.825560,2.190786e-02,4.031221e-03,2.368142e-03,4.605766e-04,2.941229e-03,1.005017e-03
6,20,25,25,7.864453e-01,1.066962e-01,0.880538,0.893141,-0.24023,-2.23777, Land,0.786445,2.915354e-02,8.101516e-03,1.882324e-03,5.572547e-04,4.330789e-03,1.967118e-03
6,21,25,35,8.212674e-01,8.422612e-02,0.906983,0.905494,-0.19691,-2.47425, Land,0.821267,2.269484e-02,4.582910e-03,2.228377e-03,4.633875e-04,3.106835e-03,1.046046e-03
6,22,25,45,8.299780e-01,8.193444e-02,0.910151,0.911912,-0.18636,-2.50184, Land,0.829978,2.153071e-02,4.227660e-03,2.171764e-03,4.317733e-04,2.804747e-03,9.243659e-04
6,23,25,55,8.191909e-01,8.683544e-02,0.904158,0.906026,-0.19944,-2.44374, Land,0.819191,2.209322e-02,4.661338e-03,2.330169e-03,4.832080e-04,3.708471e-03,1.215295e-03
6,24,25,65,8.009188e-01,1.038999e-01,0.885170,0.904819,-0.22200,-2.26433, Land,0.800919,2.305507e-02,5.923203e-03,2.392414e-03,6.294661e-04,4.108913e-03,1.594198e-03
6,25,25,75,7.997286e-01,1.009506e-01,0.887917,0.900679,-0.22348,-2.29312, Land,0.799729,2.281401e-02,5.425806e-03,2.462380e-03,5.831414e-04,5.442032e-03,2.113113e-03
6,26,25,85,7.849980e-01,1.157010e-01,0.871543,0.900699,-0.24207,-2.15675, Land,0.784998,2.299325e-02,6.403897e-03,2.833750e-03,8.054906e-04,5.816652e-03,2.728092e-03
6,27,25,95,7.665407e-01,1.253514e-01,0.859455,0.891892,-0.26587,-2.07663, Land,0.766541,2.335808e-02,7.869294e-03,2.635880e-03,9.176959e-04,5.126335e-03,2.641192e-03
6,28,25,105,7.989403e-01,9.413171e-02,0.894598,0.893072,-0.22447,-2.36306, Land,0.798940,2.621109e-02,5.485409e-03,2.819398e-03,6.856418e-04,6.120864e-03,2.275880e-03
6,29,25,115,7.920789e-01,9.859123e-02,0.889307,0.890670,-0.23309,-2.31677, Land,0.792079,2.642749e-02,6.015744e-03,2.809964e-03,7.057709e-04,5.611583e-03,2.143293e-03
6,30,25,125,7.075736e-01,1.777164e-01,0.799256,0.885290,-0.34591,-1.72757, Land,0.707574,1.826764e-02,9.099034e-03,2.795659e-03,1.500461e-03,3.434580e-03,2.545975e-03
6,31,25,135,7.403109e-01,1.385763e-01,0.842328,0.878887,-0.30069,-1.97633, Land,0.740311,2.561603e-02,9.671975e-03,2.586194e-03,9.864959e-04,6.618545e-03,4.436685e-03
6,32,25,145,7.620453e-01,1.293959e-01,0.854846,0.891441,-0.27175,-2.04488, Land,0.762045,2.171035e-02,8.121876e-03,2.836349e-03,1.036284e-03,4.107362e-03,2.419520e-03
6,33,25,155,7.474349e-01,1.430272e-01,0.839379,0.890462,-0.29111,-1.94472, Land,0.747435,2.281195e-02,9.102221e-03,2.751276e-03,1.118721e-03,4.528647e-03,2.928161e-03
6,34,25,165,7.272408e-01,1.505110e-01,0.828527,0.877752,-0.31850,-1.89372, Land,0.727241,2.346108e-02,9.839238e-03,2.485388e-03,1.025449e-03,4.743058e-03,3.327338e-03
6,35,25,175,7.568959e-01,1.297540e-01,0.853658,0.886650,-0.27853,-2.04211, Land,0.756896,2.299991e-02,7.961029e-03,2.787650e-03,9.448403e-04,4.622586e-03,2.576908e-03
7,0,15,-175,7.533514e-01,1.289154e-01,0.853882,0.882267,-0.28322,-2.04860, Land,0.753351,2.602655e-02,8.477236e-03,2.215484e-03,7.882209e-04,2.869738e-03,1.652737e-03
7,1,15,-165,7.321195e-01,1.397821e-01,0.839681,0.871902,-0.31181,-1.96767, Land,0.732119,2.640299e-02,9.918247e-03,2.274470e-03,8.883848e-04,3.422691e-03,2.153517e-03
7,2,15,-155,7.154810e-01,1.580599e-01,0.819058,0.873541,-0.33480,-1.84478, Land,0.715481,2.507488e-02,1.137346e-02,2.203267e-03,1.091058e-03,2.869114e-03,2.196072e-03
7,3,15,-145,7.303427e-01,1.419292e-01,0.837288,0.872272,-0.31424,-1.95243, Land,0.730343,2.640439e-02,1.071435e-02,2.293637e-03,9.672493e-04,3.055369e-03,2.024342e-03
7,4,15,-135,7.282190e-01,1.346094e-01,0.843990,0.862828,-0.31715,-2.00538, Land,0.728219,3.097486e-02,1.143423e-02,2.324651e-03,8.988219e-04,4.573182e-03,2.978753e-03
7,5,15,-125,7.343247e-01,1.391511e-01,0.840693,0.873476,-0.30880,-1.97220, Land,0.734325,2.745943e-02,9.874146e-03,2.385433e-03,9.520308e-04,3.962283e-03,2.325731e-03
7,6,15,-115,7.755608e-01,1.009042e-01,0.884874,0.876465,-0.25417,-2.29358, Land,0.775561,3.086159e-02,7.335268e-03,2.508082e-03,7.028185e-04,4.419960e-03,1.698543e-03
7,7,15,-105,8.055610e-01,8.164746e-02,0.907973,0.887208,-0.21622,-2.50534, Land,0.805561,3.141835e-02,5.827237e-03,2.351310e-03,5.602510e-04,4.873116e-03,1.513442e-03
7,8,15,-95,7.759409e-01,1.072150e-01,0.878600,0.883156,-0.25368,-2.23292, Land,0.775941,3.040962e-02,7.191441e-03,2.072160e-03,6.564660e-04,3.666621e-03,1.563403e-03
7,9,15,-85,7.519946e-01,1.313705e-01,0.851284,0.883365,-0.28503,-2.02973, Land,0.751995,3.084274e-02,9.483604e-03,2.283401e-03,8.095464e-04,3.660405e-03,1.965382e-03
7,10,15,-75,8.021330e-01,8.923202e-02,0.899893,0.891365,-0.22048,-2.41652, Land,0.802133,2.615592e-02,4.967225e-03,2.318365e-03,4.916587e-04,3.436752e-03,1.097102e-03
7,11,15,-65,7.562944e-01,1.228393e-01,0.860272,0.879134,-0.27932,-2.09688, Land,0.756294,2.813894e-02,8.844186e-03,2.100398e-03,7.132904e-04,3.288986e-03,1.732430e-03
7,12,15,-55,7.933254e-01,9.120967e-02,0.896884,0.884535,-0.23152,-2.39459, Land,0.793325,2.945822e-02,6.195727e-03,2.073516e-03,4.931176e-04,3.093013e-03,1.153294e-03
7,13,15,-45,7.823677e-01,1.071831e-01,0.879509,0.889551,-0.24543,-2.23322, Land,0.782368,2.638349e-02,7.156157e-03,1.930399e-03,5.607309e-04,2.847029e-03,1.329057e-03
7,14,15,-35,8.107498e-01,7.750872e-02,0.912741,0.888259,-0.20980,-2.55736, Land,0.810750,2.711585e-02,4.997576e-03,1.968033e-03,3.860695e-04,3.589659e-03,1.123095e-03
7,15,15,-25,7.774431e-01,1.049883e-01,0.881024,0.882431,-0.25174,-2.25391, Land,0.777443,2.935389e-02,7.465853e-03,1.980419e-03,5.449276e-04,3.225072e-03,1.444466e-03
7,16,15,-15,7.561354e-01,1.168892e-01,0.866110,0.873025,-0.27953,-2.14653, Land,0.756135,3.051237e-02,9.358135e-03,1.600811e-03,5.222955e-04,3.319454e-03,1.792172e-03
7,17,15,-5,7.989889e-01,9.558218e-02,0.893153,0.894571,-0.22441,-2.34777, Land,0.798989,2.415409e-02,5.614728e-03,1.960459e-03,4.751813e-04,2.930246e-03,1.165659e-03
7,18,15,5,8.048454e-01,9.608988e-02,0.893344,0.900935,-0.21711,-2.34247, Land,0.804845,1.895049e-02,4.763273e-03,2.365860e-03,5.677105e-04,3.057063e-03,1.395689e-03
7,19,15,15,7.678457e-01,1.134075e-01,0.871311,0.881253,-0.26417,-2.17677, Land,0.767846,2.890386e-02,8.647961e-03,1.717835e-03,5.406195e-04,4.119615e-03,2.285089e-03
7,20,15,25,7.855932e-01,1.090996e-01,0.878059,0.894693,-0.24132,-2.21549, Land,0.785593,2.264064e-02,6.483904e-03,2.182463e-03,6.427647e-04,2.577374e-03,1.220700e-03
7,21,15,35,8.095323e-01,8.728764e-02,0.902670,0.896820,-0.21130,-2.43855, Land,0.809532,2.426598e-02,5.135042e-03,2.174607e-03,4.726319e-04,3.135472e-03,1.168281e-03
7,22,15,45,8.124302e-01,8.805450e-02,0.902214,0.900485,-0.20773,-2.42980, Land,0.812430,2.185405e-02,4.713003e-03,1.991269e-03,4.452438e-04,2.646873e-03,1.016942e-03
7,23,15,55,7.993499e-01,9.583351e-02,0.892945,0.895183,-0.22396,-2.34514, Land,0.799350,2.476028e-02,5.774919e-03,2.265934e-03,5.423283e-04,3.643683e-03,1.444239e-03
7,24,15,65,7.733551e-01,1.185272e-01,0.867104,0.891882,-0.25702,-2.13261, Land,0.773355,2.390559e-02,7.183622e-03,2.308932e-03,7.288628e-04,3.893674e-03,1.830559e-03
7,25,15,75,7.875938e-01,1.033259e-01,0.884023,0.890920,-0.23877,-2.26987, Land,0.787594,2.539321e-02,5.765663e-03,2.569218e-03,6.160210e-04,5.968503e-03,2.439657e-03
7,26,15,85,7.447988e-01,1.442816e-01,0.837718,0.889080,-0.29464,-1.93599, Land,0.744799,2.286896e-02,8.834163e-03,2.557323e-03,1.003727e-03,5.808841e-03,3.727973e-03
7,27,15,95,7.397932e-01,1.434754e-01,0.837563,0.883269,-0.30138,-1.94159, Land,0.739793,2.313999e-02,8.941217e-03,2.515333e-03,1.049006e-03,4.013691e-03,2.612130e-03
7,28,15,105,7.723637e-01,1.092503e-01,0.876079,0.881614,-0.25830,-2.21411, Land,0.772364,2.645975e-02,6.660077e-03,2.617616e-03,7.714823e-04,5.711789e-03,2.624496e-03
7,29,15,115,7.441809e-01,1.370571e-01,0.844472,0.881238,-0.29547,-1.98736, Land,0.744181,2.396961e-02,8.593636e-03,2.787236e-03,1.098016e-03,4.540565e-03,2.572700e-03
7,30,15,125,7.356866e-01,1.461008e-01,0.834313,0.881787,-0.30695,-1.92346, Land,0.735687,2.287492e-02,8.686704e-03,2.781452e-03,1.171214e-03,4.271643e-03,2.608630e-03
7,31,15,135,7.215002e-01,1.430257e-01,0.834562,0.864526,-0.32642,-1.94473, Land,0.721500,2.696652e-02,1.062884e-02,2.580490e-03,1.055261e-03,6.328303e-03,4.492552e-03
7,32,15,145,7.274870e-01,1.496008e-01,0.829435,0.877088,-0.31816,-1.89978, Land,0.727487,2.181792e-02,9.716741e-03,2.574094e-03,1.170896e-03,3.743832e-03,2.610973e-03
7,33,15,155,7.194490e-01,1.611193e-01,0.817028,0.880568,-0.32927,-1.82561, Land,0.719449,2.148955e-02,1.041514e-02,2.634962e-03,1.333095e-03,3.364708e-03,2.571409e-03
7,34,15,165,7.169442e-01,1.526132e-01,0.824493,0.869557,-0.33276,-1.87985, Land,0.716944,2.348510e-02,1.026189e-02,2.501456e-03,1.093711e-03,4.393196e-03,3.193045e-03
7,35,15,175,7.452988e-01,1.350075e-01,0.846636,0.880306,-0.29397,-2.00242, Land,0.745299,2.264384e-02,8.368710e-03,2.436229e-03,9.261396e-04,4.015577e-03,2.594532e-03
8,0,5,-175,7.728108e-01,1.162677e-01,0.869227,0.889078,-0.25772,-2.15186, Land,0.772811,2.378321e-02,7.526833e-03,2.353460e-03,7.578896e-04,2.901442e-03,1.562387e-03
8,1,5,-165,7.446662e-01,1.342120e-01,0.847292,0.878878,-0.29482,-2.00833, Land,0.744666,2.545875e-02,9.075866e-03,2.369367e-03,8.690458e-04,3.228741e-03,1.962646e-03
8,2,5,-155,7.347857e-01,1.498508e-01,0.830607,0.884637,-0.30818,-1.89811, Land,0.734786,2.438005e-02,1.022505e-02,2.309116e-03,1.061687e-03,2.941599e-03,2.029437e-03
8,3,5,-145,7.510214e-01,1.291622e-01,0.853255,0.880184,-0.28632,-2.04669, Land,0.751021,2.602733e-02,9.441881e-03,2.398182e-03,8.965762e-04,3.205260e-03,1.928826e-03
8,4,5,-135,7.388041e-01,1.319048e-01,0.848509,0.870709,-0.30272,-2.02567, Land,0.738804,2.960168e-02,1.036586e-02,2.401647e-03,8.924307e-04,4.807911e-03,2.901466e-03
8,5,5,-125,7.519847e-01,1.304251e-01,0.852194,0.882410,-0.28504,-2.03696, Land,0.751985,2.692828e-02,8.653008e-03,2.495994e-03,9.076398e-04,3.886880e-03,1.987272e-03
8,6,5,-115,7.878348e-01,9.491019e-02,0.892483,0.882745,-0.23847,-2.35482, Land,0.787835,3.048225e-02,6.635591e-03,2.527280e-03,6.788892e-04,4.752487e-03,1.702610e-03
8,7,5,-105,8.128287e-01,7.829733e-02,0.912137,0.891126,-0.20723,-2.54724, Land,0.812829,2.929996e-02,5.119159e-03,2.443745e-03,5.553862e-04,4.507443e-03,1.373070e-03
8,8,5,-95,7.832677e-01,1.066134e-01,0.880194,0.889881,-0.24428,-2.23855, Land,0.783268,2.900861e-02,7.048965e-03,2.105093e-03,6.759578e-04,4.058884e-03,1.674601e-03
8,9,5,-85,7.726728e-01,1.198839e-01,0.865685,0.892557,-0.25790,-2.12123, Land,0.772673,2.859151e-02,7.796722e-03,2.158946e-03,7.004521e-04,3.424457e-03,1.672000e-03
8,10,5,-75,8.141110e-01,8.524925e-02,0.905211,0.899360,-0.20566,-2.46218, Land,0.814111,2.463493e-02,4.490491e-03,2.246861e-03,4.645267e-04,3.216674e-03,9.908353e-04
8,11,5,-65,7.709141e-01,1.177489e-01,0.867499,0.888663,-0.26018,-2.13920, Land,0.770914,2.615847e-02,7.712851e-03,2.136420e-03,7.140301e-04,3.147679e-03,1.542730e-03
8,12,5,-55,7.802568e-01,1.047072e-01,0.881682,0.884964,-0.24813,-2.25659, Land,0.780257,2.761714e-02,7.078862e-03,2.128368e-03,5.805988e-04,2.832691e-03,1.267375e-03
8,13,5,-45,7.753159e-01,1.149771e-01,0.870855,0.890293,-0.25448,-2.16302, Land,0.775316,2.689338e-02,7.723731e-03,1.970239e-03,5.988271e-04,2.860545e-03,1.363514e-03
8,14,5,-35,8.106714e-01,8.071159e-02,0.909454,0.891383,-0.20989,-2.51687, Land,0.810671,2.640308e-02,5.072036e-03,1.998283e-03,4.026643e-04,3.348601e-03,1.094535e-03
8,15,5,-25,7.835244e-01,1.005197e-01,0.886296,0.884044,-0.24395,-2.29740, Land,0.783524,2.981296e-02,7.232107e-03,2.049459e-03,5.382214e-04,3.627580e-03,1.471647e-03
8,16,5,-15,7.939853e-01,9.753927e-02,0.890593,0.891525,-0.23069,-2.32750, Land,0.793985,2.525752e-02,5.970080e-03,1.909786e-03,4.726274e-04,2.885310e-03,1.243179e-03
8,17,5,-5,7.681271e-01,1.172837e-01,0.867538,0.885411,-0.26380,-2.14316, Land,0.768127,2.613286e-02,8.490343e-03,1.799937e-03,5.779537e-04,3.312930e-03,1.796132e-03
8,18,5,5,7.873393e-01,1.063788e-01,0.880970,0.893718,-0.23910,-2.24075, Land,0.787339,2.154924e-02,6.799426e-03,1.871791e-03,5.347211e-04,3.477589e-03,2.026980e-03
8,19,5,15,7.976493e-01,1.088223e-01,0.879950,0.906472,-0.22609,-2.21804, Land,0.797649,2.007210e-02,5.552085e-03,1.978508e-03,5.397085e-04,2.402833e-03,1.197175e-03
8,20,5,25,7.846907e-01,1.150782e-01,0.872102,0.899769,-0.24247,-2.16214, Land,0.784691,2.211367e-02,6.707429e-03,2.207239e-03,6.668118e-04,3.221200e-03,1.581986e-03
8,21,5,35,8.085173e-01,9.333169e-02,0.896511,0.901849,-0.21255,-2.37160, Land,0.808517,2.342415e-02,5.369665e-03,2.008755e-03,4.612685e-04,3.202203e-03,1.252480e-03
8,22,5,45,8.079190e-01,1.012593e-01,0.888625,0.909178,-0.21329,-2.29007, Land,0.807919,2.100480e-02,5.491088e-03,1.970339e-03,5.069197e-04,2.976349e-03,1.247869e-03
8,23,5,55,7.827591e-01,1.156425e-01,0.871280,0.898402,-0.24493,-2.15725, Land,0.782759,2.289330e-02,6.791486e-03,2.051455e-03,6.094426e-04,3.571562e-03,1.601673e-03
8,24,5,65,7.630351e-01,1.319382e-01,0.852579,0.894973,-0.27045,-2.02542, Land,0.763035,2.211150e-02,7.318025e-03,2.125767e-03,7.755450e-04,3.795293e-03,1.999410e-03
8,25,5,75,7.860184e-01,1.150859e-01,0.872284,0.901104,-0.24078,-2.16208, Land,0.786018,2.287636e-02,6.094009e-03,2.255537e-03,6.458337e-04,4.481779e-03,2.039387e-03
8,26,5,85,7.559086e-01,1.420730e-01,0.841786,0.897982,-0.27983,-1.95141, Land,0.755909,2.156956e-02,8.023850e-03,2.354316e-03,8.873308e-04,4.715616e-03,2.862914e-03
8,27,5,95,7.265252e-01,1.585763e-01,0.820838,0.885102,-0.31948,-1.84152, Land,0.726525,1.980533e-02,9.002989e-03,2.453957e-03,1.126993e-03,4.387508e-03,3.120032e-03
8,28,5,105,7.654272e-01,1.206896e-01,0.863799,0.886117,-0.26732,-2.11453, Land,0.765427,2.267277e-02,6.904696e-03,2.652481e-03,8.865737e-04,4.851995e-03,2.564335e-03
8,29,5,115,7.698575e-01,1.157461e-01,0.869303,0.885604,-0.26155,-2.15636, Land,0.769857,2.572380e-02,7.469560e-03,2.600628e-03,8.297649e-04,4.933953e-03,2.419559e-03
8,30,5,125,7.458380e-01,1.440565e-01,0.838120,0.889894,-0.29325,-1.93755, Land,0.745838,2.061112e-02,7.959645e-03,2.741980e-03,1.137824e-03,3.685855e-03,2.244259e-03
8,31,5,135,7.406493e-01,1.341504e-01,0.846650,0.874800,-0.30023,-2.00879, Land,0.740649,2.523834e-02,9.383001e-03,2.523721e-03,9.379324e-04,6.149771e-03,4.334714e-03
8,32,5,145,7.430607e-01,1.425329e-01,0.839054,0.885594,-0.29698,-1.94818, Land,0.743061,2.229715e-02,9.839669e-03,2.617099e-03,1.091775e-03,3.902920e-03,2.709559e-03
8,33,5,155,7.527433e-01,1.369426e-01,0.846078,0.889686,-0.28403,-1.98819, Land,0.752743,2.239114e-02,8.909489e-03,2.661874e-03,1.099563e-03,3.552126e-03,2.286588e-03
8,34,5,165,7.242981e-01,1.552737e-01,0.823467,0.879572,-0.32255,-1.86257, Land,0.724298,2.234143e-02,9.822499e-03,2.388536e-03,1.028601e-03,3.971726e-03,3.044234e-03
8,35,5,175,7.505775e-01,1.372044e-01,0.845453,0.887782,-0.28691,-1.98628, Land,0.750577,2.203343e-02,8.378744e-03,2.410433e-03,9.032173e-04,3.819852e-03,2.501966e-03
9,0,-5,-175,7.447928e-01,1.455283e-01,0.836544,0.890321,-0.29465,-1.92738, Land,0.744793,2.308281e-02,9.180095e-03,2.021785e-03,8.490566e-04,3.734521e-03,2.377957e-03
9,1,-5,-165,7.181495e-01,1.655637e-01,0.812650,0.883713,-0.33108,-1.79840, Land,0.718149,2.327481e-02,1.059716e-02,1.989300e-03,9.615227e-04,4.225357e-03,3.134797e-03
9,2,-5,-155,7.046355e-01,1.821711e-01,0.794576,0.886807,-0.35007,-1.70281, Land,0.704636,2.143352e-02,1.194579e-02,1.961494e-03,1.189592e-03,3.502360e-03,2.864943e-03
9,3,-5,-145,7.291566e-01,1.553096e-01,0.824403,0.884466,-0.31587,-1.86233, Land,0.729157,2.452370e-02,1.118984e-02,1.978669e-03,9.385526e-04,3.838600e-03,2.741599e-03
9,4,-5,-135,7.163391e-01,1.573953e-01,0.819859,0.873734,-0.33360,-1.84899, Land,0.716339,2.729097e-02,1.233116e-02,2.074433e-03,9.997275e-04,6.252580e-03,4.587089e-03
9,5,-5,-125,7.208387e-01,1.652803e-01,0.813478,0.886119,-0.32734,-1.80011, Land,0.720839,2.314158e-02,1.043117e-02,2.133186e-03,1.068802e-03,4.815587e-03,3.210263e-03
9,6,-5,-115,7.422455e-01,1.408554e-01,0.840499,0.883101,-0.29808,-1.96002, Land,0.742246,2.761706e-02,1.005699e-02,2.086475e-03,9.017345e-04,5.398853e-03,3.009920e-03
9,7,-5,-105,7.564612e-01,1.321756e-01,0.851260,0.888637,-0.27910,-2.02362, Land,0.756461,2.669551e-02,9.056383e-03,2.045520e-03,8.645022e-04,5.373041e-03,2.851943e-03
9,8,-5,-95,7.396291e-01,1.522830e-01,0.829262,0.891912,-0.30161,-1.88201, Land,0.739629,2.430829e-02,9.655860e-03,1.741609e-03,8.476527e-04,4.029456e-03,2.605514e-03
9,9,-5,-85,7.132396e-01,1.779922e-01,0.800285,0.891232,-0.33794,-1.72602, Land,0.713240,2.425136e-02,1.151233e-02,1.732361e-03,9.576793e-04,4.118351e-03,3.196470e-03
9,10,-5,-75,7.528756e-01,1.430333e-01,0.840348,0.895909,-0.28386,-1.94468, Land,0.752876,2.407210e-02,8.041100e-03,1.738155e-03,6.510227e-04,3.854928e-03,2.046421e-03
9,11,-5,-65,7.225145e-01,1.674394e-01,0.811856,0.889954,-0.32502,-1.78713, Land,0.722514,2.199785e-02,1.013771e-02,1.840432e-03,9.536963e-04,3.821051e-03,2.704219e-03
9,12,-5,-55,7.455182e-01,1.426815e-01,0.839359,0.888200,-0.29368,-1.94714, Land,0.745518,2.487239e-02,9.535859e-03,1.845327e-03,7.778269e-04,3.446696e-03,2.054434e-03
9,13,-5,-45,7.441949e-01,1.499497e-01,0.832298,0.894145,-0.29545,-1.89746, Land,0.744195,2.495336e-02,9.890995e-03,1.634313e-03,7.320479e-04,3.441359e-03,2.120592e-03
9,14,-5,-35,7.609163e-01,1.288818e-01,0.855156,0.889798,-0.27323,-2.04886, Land,0.760916,2.539644e-02,8.696826e-03,1.651476e-03,6.062464e-04,3.736634e-03,1.987129e-03
9,15,-5,-25,7.545066e-01,1.390887e-01,0.844349,0.893595,-0.28169,-1.97264, Land,0.754507,2.531113e-02,9.396498e-03,1.829693e-03,7.386665e-04,3.642310e-03,2.146797e-03
9,16,-5,-15,7.438836e-01,1.473487e-01,0.834669,0.891232,-0.29587,-1.91495, Land,0.743884,2.246967e-02,8.980456e-03,1.657359e-03,6.984219e-04,3.184161e-03,2.107614e-03
9,17,-5,-5,7.317926e-01,1.561200e-01,0.824172,0.887913,-0.31226,-1.85713, Land,0.731793,2.634628e-02,1.129559e-02,1.438058e-03,7.038879e-04,3.293747e-03,2.355800e-03
9,18,-5,5,7.322093e-01,1.537120e-01,0.826495,0.885921,-0.31169,-1.87267, Land,0.732209,2.794319e-02,1.198790e-02,1.506479e-03,7.069162e-04,3.874754e-03,2.477326e-03
9,19,-5,15,7.420310e-01,1.509959e-01,0.830917,0.893027,-0.29836,-1.89050, Land,0.742031,2.501439e-02,9.854446e-03,1.646444e-03,7.082785e-04,3.338756e-03,2.106396e-03
9,20,-5,25,7.426776e-01,1.470382e-01,0.834736,0.889716,-0.29749,-1.91706, Land,0.742678,2.701502e-02,1.062507e-02,1.701114e-03,7.403713e-04,3.871439e-03,2.291193e-03
9,21,-5,35,7.470443e-01,1.435691e-01,0.838798,0.890613,-0.29163,-1.94094, Land,0.747044,2.749696e-02,1.043595e-02,1.657953e-03,6.643681e-04,3.683196e-03,2.176107e-03
9,22,-5,45,7.510077e-01,1.489852e-01,0.834460,0.899993,-0.28634,-1.90391, Land,0.751008,2.457898e-02,9.621533e-03,1.483709e-03,6.424831e-04,3.282665e-03,1.956526e-03
9,23,-5,55,7.463359e-01,1.465224e-01,0.835895,0.892858,-0.29258,-1.92058, Land,0.746336,2.634916e-02,1.036589e-02,1.652364e-03,7.092184e-04,3.893367e-03,2.234825e-03
9,24,-5,65,7.315093e-01,1.579666e-01,0.822405,0.889476,-0.31265,-1.84537, Land,0.731509,2.589308e-02,1.065486e-02,1.706116e-03,7.961522e-04,4.718064e-03,2.933608e-03
9,25,-5,75,7.463716e-01,1.495073e-01,0.833117,0.895879,-0.29253,-1.90041, Land,0.746372,2.670696e-02,9.538211e-03,1.895548e-03,7.671537e-04,4.579618e-03,2.725464e-03
9,26,-5,85,7.245997e-01,1.699625e-01,0.810005,0.894562,-0.32214,-1.77218, Land,0.724600,2.327815e-02,1.053346e-02,1.961164e-03,9.756270e-04,5.197436e-03,3.733479e-03
9,27,-5,95,7.195769e-01,1.677985e-01,0.810905,0.887375,-0.32909,-1.78499, Land,0.719577,2.356914e-02,1.077743e-02,2.019067e-03,1.059637e-03,4.720394e-03,3.365584e-03
9,28,-5,105,7.413450e-01,1.446420e-01,0.836745,0.885987,-0.29929,-1.93349, Land,0.741345,2.584831e-02,9.829480e-03,2.172950e-03,9.709230e-04,5.411592e-03,3.229114e-03
9,29,-5,115,7.246479e-01,1.585534e-01,0.820479,0.883201,-0.32207,-1.84166, Land,0.724648,2.681863e-02,1.104437e-02,2.202009e-03,1.030451e-03,5.063190e-03,3.217447e-03
9,30,-5,125,7.239884e-01,1.608359e-01,0.818228,0.884824,-0.32298,-1.82737, Land,0.723988,2.607743e-02,1.093994e-02,2.163625e-03,1.058617e-03,4.715710e-03,3.101627e-03
9,31,-5,135,6.981471e-01,1.743786e-01,0.800145,0.872526,-0.35933,-1.74653, Land,0.698147,2.795850e-02,1.395623e-02,1.878219e-03,1.012379e-03,5.865631e-03,5.037651e-03
9,32,-5,145,7.161945e-01,1.662251e-01,0.811626,0.882420,-0.33380,-1.79441, Land,0.716195,2.593240e-02,1.249380e-02,1.969657e-03,1.022004e-03,4.168383e-03,3.250401e-03
9,33,-5,155,7.345810e-01,1.547606e-01,0.825983,0.889342,-0.30846,-1.86588, Land,0.734581,2.496405e-02,1.089684e-02,2.138693e-03,1.011777e-03,3.846673e-03,2.587469e-03
9,34,-5,165,7.105251e-01,1.711939e-01,0.805841,0.881719,-0.34175,-1.76496, Land,0.710525,2.506048e-02,1.201555e-02,1.903254e-03,9.599338e-04,4.459548e-03,3.553105e-03
9,35,-5,175,7.264979e-01,1.573662e-01,0.821957,0.883864,-0.31952,-1.84918, Land,0.726498,2.594688e-02,1.127289e-02,1.981103e-03,9.000274e-04,4.175827e-03,2.989751e-03
10,0,-15,-175,7.307982e-01,1.546106e-01,0.825379,0.885409,-0.31362,-1.86685, Land,0.730798,2.403068e-02,1.023667e-02,1.878836e-03,8.649012e-04,3.740465e-03,2.539806e-03
10,1,-15,-165,7.162203e-01,1.660595e-01,0.811784,0.882280,-0.33377,-1.79541, Land,0.716220,2.425263e-02,1.121413e-02,1.913988e-03,9.589858e-04,4.066655e-03,2.951690e-03
10,2,-15,-155,7.023365e-01,1.831974e-01,0.793122,0.885534,-0.35334,-1.69719, Land,0.702337,1.984548e-02,1.174338e-02,1.991532e-03,1.265715e-03,2.935210e-03,2.497441e-03
10,3,-15,-145,7.141016e-01,1.698235e-01,0.807876,0.883925,-0.33673,-1.77300, Land,0.714102,2.252525e-02,1.173277e-02,1.932403e-03,1.061595e-03,3.755687e-03,2.950667e-03
10,4,-15,-135,7.098505e-01,1.615432e-01,0.814615,0.871394,-0.34270,-1.82298, Land,0.709851,2.744146e-02,1.297445e-02,2.021172e-03,1.017723e-03,5.442784e-03,4.105427e-03
10,5,-15,-125,7.198891e-01,1.651756e-01,0.813375,0.885065,-0.32866,-1.80075, Land,0.719889,2.329868e-02,1.042374e-02,2.071765e-03,1.063832e-03,4.899946e-03,3.360873e-03
10,6,-15,-115,7.293667e-01,1.505795e-01,0.828876,0.879946,-0.31558,-1.89326, Land,0.729367,2.529789e-02,1.058513e-02,2.175255e-03,1.016360e-03,4.969138e-03,2.983059e-03
10,7,-15,-105,7.626616e-01,1.241108e-01,0.860042,0.886772,-0.27094,-2.08658, Land,0.762662,2.831835e-02,8.934049e-03,2.018807e-03,7.887477e-04,5.230191e-03,2.637991e-03
10,8,-15,-95,7.295600e-01,1.572147e-01,0.822712,0.886775,-0.31531,-1.85014, Land,0.729560,2.552739e-02,1.016668e-02,1.651646e-03,8.373616e-04,4.036035e-03,2.626049e-03
10,9,-15,-85,7.015496e-01,1.821194e-01,0.793905,0.883669,-0.35446,-1.70309, Land,0.701550,2.578927e-02,1.263963e-02,1.741341e-03,9.814455e-04,4.277876e-03,3.338925e-03
10,10,-15,-75,7.445386e-01,1.432692e-01,0.838626,0.887808,-0.29499,-1.94303, Land,0.744539,2.472141e-02,8.206570e-03,1.690868e-03,6.357210e-04,4.061185e-03,2.180629e-03
10,11,-15,-65,7.247191e-01,1.600569e-01,0.819099,0.884776,-0.32197,-1.83223, Land,0.724719,2.566852e-02,1.087841e-02,1.687018e-03,8.161306e-04,4.052067e-03,2.655529e-03
10,12,-15,-55,7.573953e-01,1.296876e-01,0.853804,0.887083,-0.27787,-2.04263, Land,0.757395,2.633037e-02,8.936373e-03,1.705107e-03,6.400556e-04,3.785400e-03,2.106398e-03
10,13,-15,-45,7.498187e-01,1.433213e-01,0.839531,0.893140,-0.28792,-1.94267, Land,0.749819,2.419552e-02,9.455069e-03,1.538651e-03,6.718569e-04,3.154051e-03,2.062348e-03
10,14,-15,-35,7.645458e-01,1.244789e-01,0.859983,0.889025,-0.26847,-2.08362, Land,0.764546,2.540812e-02,8.537694e-03,1.598283e-03,5.718012e-04,3.767623e-03,1.987448e-03
10,15,-15,-25,7.350276e-01,1.540084e-01,0.826769,0.889036,-0.30785,-1.87075, Land,0.735028,2.446593e-02,1.032403e-02,1.591325e-03,7.496525e-04,3.480266e-03,2.328903e-03
10,16,-15,-15,7.115913e-01,1.649455e-01,0.811821,0.876537,-0.34025,-1.80214, Land,0.711591,2.926526e-02,1.319929e-02,1.283370e-03,6.596066e-04,3.409466e-03,2.600671e-03
10,17,-15,-5,7.743291e-01,1.228218e-01,0.863098,0.897151,-0.25576,-2.09702, Land,0.774329,2.334392e-02,7.321879e-03,1.684902e-03,5.755733e-04,3.221952e-03,1.610116e-03
10,18,-15,5,7.676509e-01,1.279428e-01,0.857142,0.895594,-0.26442,-2.05617, Land,0.767651,2.401130e-02,8.076383e-03,1.719787e-03,6.119131e-04,3.589185e-03,1.930017e-03
10,19,-15,15,7.192305e-01,1.595011e-01,0.818487,0.878732,-0.32957,-1.83570, Land,0.719230,3.077996e-02,1.329995e-02,1.357268e-03,6.717580e-04,3.703648e-03,2.462379e-03
10,20,-15,25,7.415995e-01,1.483169e-01,0.833336,0.889916,-0.29895,-1.90840, Land,0.741600,2.573901e-02,1.033431e-02,1.655505e-03,7.404845e-04,3.553029e-03,2.169429e-03
10,21,-15,35,7.464342e-01,1.398916e-01,0.842167,0.886326,-0.29245,-1.96689, Land,0.746434,2.872505e-02,1.026452e-02,1.527155e-03,5.941304e-04,3.921943e-03,2.252882e-03
10,22,-15,45,7.510245e-01,1.450567e-01,0.838121,0.896081,-0.28632,-1.93063, Land,0.751025,2.451844e-02,9.375415e-03,1.522295e-03,6.456023e-04,3.230872e-03,1.898558e-03
10,23,-15,55,7.485395e-01,1.428149e-01,0.839778,0.891354,-0.28963,-1.94621, Land,0.748540,2.662287e-02,1.005750e-02,1.695922e-03,6.854106e-04,3.798134e-03,2.159164e-03
10,24,-15,65,7.378240e-01,1.478969e-01,0.833021,0.885721,-0.30405,-1.91124, Land,0.737824,2.783199e-02,1.036021e-02,1.680610e-03,7.169471e-04,4.738739e-03,2.772951e-03
10,25,-15,75,7.515503e-01,1.388572e-01,0.844052,0.890408,-0.28562,-1.97431, Land,0.751550,2.702184e-02,8.543839e-03,1.904100e-03,7.047756e-04,5.424711e-03,2.892763e-03
10,26,-15,85,7.035246e-01,1.826104e-01,0.793925,0.886135,-0.35165,-1.70040, Land,0.703525,2.392274e-02,1.185237e-02,1.941051e-03,1.057663e-03,5.534417e-03,4.411115e-03
10,27,-15,95,7.197210e-01,1.648999e-01,0.813593,0.884621,-0.32889,-1.80242, Land,0.719721,2.594622e-02,1.121342e-02,1.885279e-03,9.497640e-04,4.927948e-03,3.360735e-03
10,28,-15,105,7.463890e-01,1.411888e-01,0.840928,0.887578,-0.29251,-1.95766, Land,0.746389,2.682196e-02,9.569535e-03,2.129282e-03,8.936844e-04,5.489002e-03,3.267699e-03
10,29,-15,115,7.211690e-01,1.577813e-01,0.820489,0.878950,-0.32688,-1.84655, Land,0.721169,2.757226e-02,1.168917e-02,2.146750e-03,1.030785e-03,4.989316e-03,3.303409e-03
10,30,-15,125,7.166119e-01,1.640158e-01,0.813751,0.880628,-0.33322,-1.80779, Land,0.716612,2.655607e-02,1.125803e-02,2.098597e-03,1.001675e-03,5.284348e-03,3.471622e-03
10,31,-15,135,6.996705e-01,1.695388e-01,0.804951,0.869209,-0.35715,-1.77467, Land,0.699670,2.879588e-02,1.390330e-02,1.961178e-03,1.042318e-03,5.777869e-03,4.743453e-03
10,32,-15,145,7.057375e-01,1.705101e-01,0.805409,0.876248,-0.34851,-1.76896, Land,0.705738,2.662487e-02,1.308911e-02,1.983291e-03,1.071594e-03,4.237127e-03,3.347590e-03
10,33,-15,155,7.110398e-01,1.674889e-01,0.809353,0.878529,-0.34103,-1.78684, Land,0.711040,2.606782e-02,1.260719e-02,2.025580e-03,1.071949e-03,4.120785e-03,3.029826e-03
10,34,-15,165,6.999316e-01,1.702059e-01,0.804392,0.870137,-0.35677,-1.77075, Land,0.699932,2.664521e-02,1.250578e-02,1.933960e-03,9.811279e-04,5.031439e-03,3.903548e-03
10,35,-15,175,7.205176e-01,1.618906e-01,0.816535,0.882408,-0.32779,-1.82083, Land,0.720518,2.588298e-02,1.149998e-02,1.888104e-03,8.957180e-04,4.346678e-03,3.214949e-03
11,0,-25,-175,7.331778e-01,1.529338e-01,0.827410,0.886112,-0.31037,-1.87775, Land,0.733178,2.374398e-02,9.803081e-03,1.906389e-03,8.576741e-04,4.311424e-03,2.862125e-03
11,1,-25,-165,7.255181e-01,1.582632e-01,0.820925,0.883781,-0.32087,-1.84350, Land,0.725518,2.511908e-02,1.084401e-02,1.885803e-03,8.624446e-04,4.658880e-03,3.362104e-03
11,2,-25,-155,7.077765e-01,1.772806e-01,0.799696,0.885057,-0.34563,-1.73002, Land,0.707777,2.211580e-02,1.168673e-02,1.809130e-03,1.039238e-03,3.977527e-03,3.478218e-03
11,3,-25,-145,7.196332e-01,1.638113e-01,0.814577,0.883445,-0.32901,-1.80904, Land,0.719633,2.463477e-02,1.192281e-02,1.860498e-03,9.359797e-04,3.856984e-03,3.025762e-03
11,4,-25,-135,7.240903e-01,1.565549e-01,0.822227,0.880645,-0.32284,-1.85435, Land,0.724090,2.679779e-02,1.173010e-02,2.007235e-03,9.546709e-04,6.012665e-03,4.455287e-03
11,5,-25,-125,7.147187e-01,1.717525e-01,0.806251,0.886471,-0.33587,-1.76170, Land,0.714719,2.235565e-02,1.057840e-02,2.078945e-03,1.117226e-03,5.406344e-03,3.937096e-03
11,6,-25,-115,7.494041e-01,1.344035e-01,0.847927,0.883808,-0.28848,-2.00691, Land,0.749404,2.866752e-02,9.837812e-03,2.004561e-03,7.975868e-04,5.657355e-03,3.016565e-03
11,7,-25,-105,7.566334e-01,1.304072e-01,0.852986,0.887041,-0.27888,-2.03709, Land,0.756633,3.017426e-02,9.573676e-03,2.052829e-03,8.096576e-04,5.648373e-03,2.888933e-03
11,8,-25,-95,7.486408e-01,1.463444e-01,0.836484,0.894985,-0.28950,-1.92179, Land,0.748641,2.506662e-02,9.209853e-03,1.644341e-03,7.515214e-04,4.261819e-03,2.588154e-03
11,9,-25,-85,7.249868e-01,1.650837e-01,0.814527,0.890071,-0.32160,-1.80130, Land,0.724987,2.604389e-02,1.100904e-02,1.732274e-03,8.360375e-04,4.733442e-03,3.316571e-03
11,10,-25,-75,7.457517e-01,1.425730e-01,0.839504,0.888325,-0.29336,-1.94790, Land,0.745752,2.574409e-02,8.583173e-03,1.640047e-03,6.016099e-04,4.576621e-03,2.453739e-03
11,11,-25,-65,7.396384e-01,1.498753e-01,0.831509,0.889514,-0.30159,-1.89795, Land,0.739638,2.588639e-02,9.862353e-03,1.746547e-03,7.424288e-04,4.405207e-03,2.728446e-03
11,12,-25,-55,7.734327e-01,1.215353e-01,0.864201,0.894968,-0.25692,-2.10755, Land,0.773433,2.558496e-02,8.167729e-03,1.656521e-03,5.717815e-04,4.053778e-03,2.200954e-03
11,13,-25,-45,7.403574e-01,1.543951e-01,0.827444,0.894752,-0.30062,-1.86824, Land,0.740357,2.378003e-02,9.898415e-03,1.568158e-03,7.079910e-04,3.629582e-03,2.355833e-03
11,14,-25,-35,7.558785e-01,1.323991e-01,0.850948,0.888278,-0.27987,-2.02193, Land,0.755879,2.461014e-02,8.934380e-03,1.561100e-03,5.906489e-04,4.280788e-03,2.361562e-03
11,15,-25,-25,7.175444e-01,1.622910e-01,0.815544,0.879835,-0.33192,-1.81836, Land,0.717544,3.077260e-02,1.382325e-02,1.345713e-03,6.734695e-04,4.589177e-03,3.255929e-03
11,16,-25,-15,7.614708e-01,1.321621e-01,0.852107,0.893633,-0.27250,-2.02373, Land,0.761471,2.367491e-02,8.104075e-03,1.668264e-03,6.249822e-04,3.882154e-03,2.250396e-03
11,17,-25,-5,7.692144e-01,1.280765e-01,0.857263,0.897291,-0.26239,-2.05513, Land,0.769214,2.452493e-02,8.062519e-03,1.713066e-03,6.145903e-04,3.964263e-03,2.134171e-03
11,18,-25,5,7.555332e-01,1.376589e-01,0.845880,0.893192,-0.28033,-1.98298, Land,0.755533,2.700829e-02,9.381001e-03,1.719743e-03,6.385719e-04,4.620001e-03,2.618880e-03
11,19,-25,15,7.468298e-01,1.438300e-01,0.838513,0.890660,-0.29192,-1.93912, Land,0.746830,2.662562e-02,9.461932e-03,1.614932e-03,6.391320e-04,4.041978e-03,2.465753e-03
11,20,-25,25,7.086867e-01,1.669751e-01,0.809316,0.875662,-0.34434,-1.78991, Land,0.708687,3.148144e-02,1.453251e-02,1.515805e-03,7.905739e-04,4.867738e-03,3.280981e-03
11,21,-25,35,7.506474e-01,1.376908e-01,0.845002,0.888338,-0.28682,-1.98274, Land,0.750647,2.931843e-02,1.045011e-02,1.574273e-03,6.134097e-04,4.464169e-03,2.655420e-03
11,22,-25,45,7.396563e-01,1.557489e-01,0.826058,0.895405,-0.30157,-1.85951, Land,0.739656,2.646243e-02,1.064686e-02,1.480876e-03,6.603536e-04,3.527751e-03,2.210828e-03
11,23,-25,55,7.459734e-01,1.477652e-01,0.834666,0.893739,-0.29307,-1.91213, Land,0.745973,2.632055e-02,1.025303e-02,1.669838e-03,6.969097e-04,4.249399e-03,2.541471e-03
11,24,-25,65,7.295574e-01,1.545290e-01,0.825211,0.884086,-0.31532,-1.86737, Land,0.729557,2.822755e-02,1.100189e-02,1.724081e-03,7.768442e-04,5.659946e-03,3.476958e-03
11,25,-25,75,7.324417e-01,1.509507e-01,0.829124,0.883392,-0.31137,-1.89080, Land,0.732442,2.874567e-02,1.039959e-02,1.896361e-03,7.912090e-04,6.172514e-03,3.768587e-03
11,26,-25,85,7.238323e-01,1.642748e-01,0.815028,0.888107,-0.32320,-1.80621, Land,0.723832,2.699043e-02,1.107760e-02,1.950586e-03,9.049500e-04,6.539754e-03,4.471679e-03
11,27,-25,95,7.250163e-01,1.598621e-01,0.819340,0.884878,-0.32156,-1.83344, Land,0.725016,2.669121e-02,1.110439e-02,1.839856e-03,8.812170e-04,5.797158e-03,3.901299e-03
11,28,-25,105,7.307367e-01,1.501950e-01,0.829504,0.880932,-0.31370,-1.89582, Land,0.730737,2.819414e-02,1.095040e-02,2.090088e-03,9.332102e-04,6.423575e-03,3.939614e-03
11,29,-25,115,7.210550e-01,1.571103e-01,0.821093,0.878165,-0.32704,-1.85081, Land,0.721055,2.979589e-02,1.198820e-02,2.006911e-03,9.159689e-04,5.871151e-03,3.838307e-03
11,30,-25,125,7.108322e-01,1.709421e-01,0.806138,0.881774,-0.34132,-1.76643, Land,0.710832,2.551861e-02,1.137207e-02,2.085173e-03,1.081679e-03,5.642403e-03,4.023986e-03
11,31,-25,135,7.046419e-01,1.714566e-01,0.804295,0.876099,-0.35007,-1.76343, Land,0.704642,2.901183e-02,1.397505e-02,1.915055e-03,9.936588e-04,5.867683e-03,5.018360e-03
11,32,-25,145,7.146694e-01,1.651217e-01,0.812317,0.879791,-0.33594,-1.80107, Land,0.714669,2.715523e-02,1.252775e-02,1.924403e-03,9.787954e-04,4.976266e-03,3.842747e-03
11,33,-25,155,7.123762e-01,1.676581e-01,0.809487,0.880034,-0.33915,-1.78583, Land,0.712376,2.815339e-02,1.255677e-02,2.020798e-03,1.025789e-03,5.160404e-03,3.878622e-03
11,34,-25,165,6.984258e-01,1.758017e-01,0.798906,0.874228,-0.35893,-1.73840, Land,0.698426,2.765224e-02,1.317033e-02,1.929387e-03,9.850955e-04,5.639419e-03,4.466611e-03
11,35,-25,175,7.225159e-01,1.567183e-01,0.821756,0.879234,-0.32502,-1.85331, Land,0.722516,2.757464e-02,1.144555e-02,2.020479e-03,9.188702e-04,5.260664e-03,3.781739e-03
12,0,-35,-175,7.730899e-01,1.223666e-01,0.863347,0.895456,-0.25736,-2.10073, Land,0.773090,2.402991e-02,7.403519e-03,1.874870e-03,6.220925e-04,4.253222e-03,2.105142e-03
12,1,-35,-165,7.528383e-01,1.361840e-01,0.846816,0.889022,-0.28390,-1.99375, Land,0.752838,2.425305e-02,8.804324e-03,1.825806e-03,7.114164e-04,4.250661e-03,2.468700e-03
12,2,-35,-155,7.492318e-01,1.454027e-01,0.837472,0.894635,-0.28871,-1.92825, Land,0.749232,2.212311e-02,8.779939e-03,1.825271e-03,8.059904e-04,3.937399e-03,2.548519e-03
12,3,-35,-145,7.562973e-01,1.355290e-01,0.848032,0.891826,-0.27932,-1.99857, Land,0.756297,2.386012e-02,8.847502e-03,1.791692e-03,7.007826e-04,4.225388e-03,2.484699e-03
12,4,-35,-135,7.340676e-01,1.478094e-01,0.832392,0.881877,-0.30915,-1.91183, Land,0.734068,2.466148e-02,1.038907e-02,2.016193e-03,9.268431e-04,5.281178e-03,3.620237e-03
12,5,-35,-125,7.566963e-01,1.349054e-01,0.848693,0.891602,-0.27879,-2.00318, Land,0.756696,2.375789e-02,7.826867e-03,1.902012e-03,7.400003e-04,5.060000e-03,2.550813e-03
12,6,-35,-115,7.806927e-01,1.099913e-01,0.876509,0.890684,-0.24757,-2.20735, Land,0.780693,2.790121e-02,7.271507e-03,2.009827e-03,6.156073e-04,5.501504e-03,2.229217e-03
12,7,-35,-105,7.926346e-01,1.018902e-01,0.886096,0.894525,-0.23239,-2.28386, Land,0.792635,2.887078e-02,6.890243e-03,1.952790e-03,5.990012e-04,5.751752e-03,2.164327e-03
12,8,-35,-95,7.709791e-01,1.264147e-01,0.859131,0.897394,-0.26009,-2.06819, Land,0.770979,2.578460e-02,7.608880e-03,1.678599e-03,6.269852e-04,4.568881e-03,2.227843e-03
12,9,-35,-85,7.537752e-01,1.418740e-01,0.841596,0.895649,-0.28266,-1.95282, Land,0.753775,2.463919e-02,8.466793e-03,1.683589e-03,6.587879e-04,4.836054e-03,2.693574e-03
12,10,-35,-75,7.758028e-01,1.199213e-01,0.866118,0.895724,-0.25386,-2.12092, Land,0.775803,2.491161e-02,6.871930e-03,1.682007e-03,5.247744e-04,4.478268e-03,1.982682e-03
12,11,-35,-65,7.669638e-01,1.293764e-01,0.855662,0.896340,-0.26532,-2.04503, Land,0.766964,2.289532e-02,7.520738e-03,1.790276e-03,6.534570e-04,4.212588e-03,2.129163e-03
12,12,-35,-55,7.904505e-01,1.059036e-01,0.881851,0.896354,-0.23515,-2.24523, Land,0.790450,2.535541e-02,6.549462e-03,1.789023e-03,4.968465e-04,4.436757e-03,1.798460e-03
12,13,-35,-45,7.807369e-01,1.184037e-01,0.868315,0.899141,-0.24752,-2.13365, Land,0.780737,2.341075e-02,7.068754e-03,1.655833e-03,5.465130e-04,4.260334e-03,1.917037e-03
12,14,-35,-35,7.672378e-01,1.191351e-01,0.865593,0.886373,-0.26496,-2.12750, Land,0.767238,2.991536e-02,8.990455e-03,1.297184e-03,4.315271e-04,4.861344e-03,2.222120e-03
12,15,-35,-25,8.029740e-01,9.665880e-02,0.892557,0.899633,-0.21943,-2.33657, Land,0.802974,2.445222e-02,5.797551e-03,1.844568e-03,4.744763e-04,4.503230e-03,1.671666e-03
12,16,-35,-15,8.023771e-01,9.657981e-02,0.892565,0.898957,-0.22018,-2.33739, Land,0.802377,2.364113e-02,5.416071e-03,1.777514e-03,4.417280e-04,4.620022e-03,1.702136e-03
12,17,-35,-5,8.040239e-01,9.869942e-02,0.890665,0.902723,-0.21813,-2.31568, Land,0.804024,2.429024e-02,5.739833e-03,1.699755e-03,4.310835e-04,4.226256e-03,1.574246e-03
12,18,-35,5,7.937106e-01,1.050117e-01,0.883154,0.898722,-0.23104,-2.25368, Land,0.793711,2.625548e-02,6.584146e-03,1.731718e-03,4.577631e-04,4.760269e-03,1.928795e-03
12,19,-35,15,7.944720e-01,1.037059e-01,0.884537,0.898178,-0.23008,-2.26620, Land,0.794472,2.595313e-02,6.232591e-03,1.688065e-03,4.461996e-04,4.719622e-03,1.888795e-03
12,20,-35,25,7.803799e-01,1.131359e-01,0.873381,0.893516,-0.24797,-2.17917, Land,0.780380,2.845413e-02,7.753336e-03,1.672375e-03,4.978975e-04,4.775143e-03,2.090363e-03
12,21,-35,35,7.447401e-01,1.340916e-01,0.847421,0.878832,-0.29472,-2.00923, Land,0.744740,3.304948e-02,1.123626e-02,1.419360e-03,5.436999e-04,4.620776e-03,2.316035e-03
12,22,-35,45,7.762278e-01,1.202971e-01,0.865818,0.896525,-0.25331,-2.11779, Land,0.776228,2.634015e-02,7.789185e-03,1.551563e-03,5.084867e-04,3.858231e-03,1.805982e-03
12,23,-35,55,7.797384e-01,1.147608e-01,0.871704,0.894499,-0.24880,-2.16490, Land,0.779738,2.660126e-02,7.540957e-03,1.789190e-03,5.272391e-04,4.976754e-03,2.233645e-03
12,24,-35,65,7.683699e-01,1.210302e-01,0.863919,0.889400,-0.26348,-2.11172, Land,0.768370,2.709017e-02,8.178389e-03,1.728638e-03,5.745311e-04,5.497506e-03,2.560090e-03
12,25,-35,75,7.666565e-01,1.218005e-01,0.862908,0.888457,-0.26572,-2.10537, Land,0.766656,2.780418e-02,7.983971e-03,1.865614e-03,5.888422e-04,6.139071e-03,2.803239e-03
12,26,-35,85,7.608722e-01,1.337415e-01,0.850504,0.894614,-0.27329,-2.01185, Land,0.760872,2.536170e-02,8.360671e-03,1.853465e-03,6.694410e-04,6.420655e-03,3.379450e-03
12,27,-35,95,7.568560e-01,1.309742e-01,0.852478,0.887830,-0.27858,-2.03275, Land,0.756856,2.682438e-02,8.485670e-03,1.864301e-03,6.856906e-04,5.916780e-03,3.145041e-03
12,28,-35,105,7.712507e-01,1.141680e-01,0.871058,0.885419,-0.25974,-2.17008, Land,0.771251,2.858318e-02,7.598694e-03,2.024871e-03,6.499521e-04,6.228748e-03,2.705651e-03
12,29,-35,115,7.685972e-01,1.195057e-01,0.865437,0.888103,-0.26319,-2.12439, Land,0.768597,2.766830e-02,8.121465e-03,1.988764e-03,6.583107e-04,5.834053e-03,2.658444e-03
12,30,-35,125,7.665194e-01,1.223286e-01,0.862374,0.888848,-0.26590,-2.10104, Land,0.766519,2.683470e-02,7.991932e-03,1.998460e-03,6.934721e-04,5.830956e-03,2.797519e-03
12,31,-35,135,7.325320e-01,1.436241e-01,0.836075,0.876156,-0.31125,-1.94056, Land,0.732532,2.754152e-02,1.062626e-02,1.828072e-03,7.697544e-04,5.543994e-03,3.455891e-03
12,32,-35,145,7.548376e-01,1.299579e-01,0.853121,0.884795,-0.28125,-2.04054, Land,0.754838,2.754136e-02,9.667164e-03,1.887089e-03,7.057591e-04,5.226416e-03,2.873217e-03
12,33,-35,155,7.680510e-01,1.218405e-01,0.863084,0.889891,-0.26390,-2.10504, Land,0.768051,2.732052e-02,8.575482e-03,2.053335e-03,6.867096e-04,5.161990e-03,2.533482e-03
12,34,-35,165,7.410245e-01,1.391517e-01,0.841905,0.880176,-0.29972,-1.97219, Land,0.741025,2.661857e-02,9.793335e-03,1.863311e-03,7.315287e-04,5.357224e-03,3.094957e-03
12,35,-35,175,7.613742e-01,1.255361e-01,0.858457,0.886910,-0.27263,-2.07516, Land,0.761374,2.595325e-02,8.384270e-03,2.014610e-03,6.885700e-04,5.533956e-03,2.828428e-03
13,0,-45,-175,7.329691e-01,1.548119e-01,0.825619,0.887781,-0.31065,-1.86554, Land,0.732969,2.207628e-02,9.659675e-03,2.004425e-03,9.605274e-04,3.911758e-03,2.600951e-03
13,1,-45,-165,7.189415e-01,1.653228e-01,0.813039,0.884264,-0.32998,-1.79986, Land,0.718942,2.234208e-02,1.041595e-02,2.087269e-03,1.064588e-03,4.192088e-03,3.023178e-03
13,2,-45,-155,7.095712e-01,1.765243e-01,0.800784,0.886096,-0.34309,-1.73430, Land,0.709571,2.082560e-02,1.090716e-02,2.033082e-03,1.171215e-03,3.613402e-03,2.960871e-03
13,3,-45,-145,7.091753e-01,1.799455e-01,0.797614,0.889121,-0.34365,-1.71510, Land,0.709175,1.807144e-02,1.026794e-02,2.007919e-03,1.211647e-03,3.178792e-03,2.587553e-03
13,4,-45,-135,7.269074e-01,1.549603e-01,0.824282,0.881868,-0.31896,-1.86459, Land,0.726907,2.353341e-02,1.032520e-02,2.162556e-03,1.046921e-03,5.049512e-03,3.432662e-03
13,5,-45,-125,7.301392e-01,1.578129e-01,0.822273,0.887952,-0.31452,-1.84635, Land,0.730139,2.175690e-02,9.274891e-03,2.150405e-03,1.056756e-03,5.324292e-03,3.239237e-03
13,6,-45,-115,7.417377e-01,1.403103e-01,0.840927,0.882048,-0.29876,-1.96390, Land,0.741738,2.592641e-02,9.596712e-03,2.309517e-03,9.743558e-04,5.771912e-03,3.022180e-03
13,7,-45,-105,7.425003e-01,1.447524e-01,0.836853,0.887253,-0.29773,-1.93273, Land,0.742500,2.534271e-02,9.556349e-03,2.205090e-03,1.004020e-03,5.714741e-03,3.241059e-03
13,8,-45,-95,7.227495e-01,1.649163e-01,0.814213,0.887666,-0.32469,-1.80232, Land,0.722750,2.222707e-02,1.017311e-02,1.909993e-03,1.023681e-03,5.126547e-03,3.419473e-03
13,9,-45,-85,7.259719e-01,1.653355e-01,0.814502,0.891307,-0.32024,-1.79978, Land,0.725972,2.201523e-02,1.009194e-02,1.877982e-03,9.549488e-04,4.830531e-03,3.312512e-03
13,10,-45,-75,7.423010e-01,1.461941e-01,0.835459,0.888495,-0.29800,-1.92282, Land,0.742301,2.223391e-02,8.301421e-03,1.756044e-03,7.341528e-04,4.861186e-03,2.685603e-03
13,11,-45,-65,7.370856e-01,1.521942e-01,0.828857,0.889280,-0.30505,-1.88260, Land,0.737086,2.207249e-02,9.051499e-03,1.877439e-03,8.688394e-04,4.230122e-03,2.700683e-03
13,12,-45,-55,7.368419e-01,1.508378e-01,0.830076,0.887680,-0.30538,-1.89155, Land,0.736842,2.180260e-02,9.109001e-03,1.822773e-03,8.095552e-04,4.071047e-03,2.642276e-03
13,13,-45,-45,7.244272e-01,1.614352e-01,0.817765,0.885862,-0.32237,-1.82365, Land,0.724427,2.538635e-02,1.177704e-02,1.419199e-03,7.335182e-04,4.170905e-03,2.800635e-03
13,14,-45,-35,7.589815e-01,1.311623e-01,0.852650,0.890144,-0.27578,-2.03132, Land,0.758981,2.253814e-02,7.879058e-03,1.743572e-03,6.687532e-04,3.893745e-03,2.082380e-03
13,15,-45,-25,7.466243e-01,1.439241e-01,0.838387,0.890548,-0.29219,-1.93847, Land,0.746624,2.290895e-02,8.569900e-03,1.737137e-03,7.409051e-04,4.191019e-03,2.453072e-03
13,16,-45,-15,7.552467e-01,1.356123e-01,0.847774,0.890859,-0.28071,-1.99796, Land,0.755247,2.222983e-02,7.768553e-03,1.843660e-03,7.114405e-04,4.070761e-03,2.242262e-03
13,17,-45,-5,7.393503e-01,1.500678e-01,0.831274,0.889418,-0.30198,-1.89667, Land,0.739350,2.262363e-02,9.227832e-03,1.750552e-03,7.696548e-04,3.935965e-03,2.382928e-03
13,18,-45,5,7.277675e-01,1.663764e-01,0.813927,0.894144,-0.31777,-1.79350, Land,0.727768,2.294796e-02,1.043096e-02,1.646274e-03,7.938656e-04,3.855382e-03,2.695491e-03
13,19,-45,15,7.276488e-01,1.624417e-01,0.817500,0.890091,-0.31794,-1.81744, Land,0.727649,2.244867e-02,9.639256e-03,1.696200e-03,8.019135e-04,3.665897e-03,2.451835e-03
13,20,-45,25,7.262064e-01,1.643491e-01,0.815453,0.890556,-0.31992,-1.80576, Land,0.726206,2.247256e-02,1.042897e-02,1.697547e-03,8.489358e-04,3.686675e-03,2.536796e-03
13,21,-45,35,7.284774e-01,1.577550e-01,0.821994,0.886232,-0.31680,-1.84671, Land,0.728477,2.409855e-02,1.025331e-02,1.636697e-03,7.600960e-04,3.528276e-03,2.347373e-03
13,22,-45,45,7.145121e-01,1.693258e-01,0.808420,0.883838,-0.33616,-1.77593, Land,0.714512,2.743279e-02,1.262614e-02,1.433612e-03,7.337267e-04,4.177581e-03,2.719531e-03
13,23,-45,55,7.193626e-01,1.684775e-01,0.810239,0.887840,-0.32939,-1.78095, Land,0.719363,2.251106e-02,1.072319e-02,1.776681e-03,8.893427e-04,3.660020e-03,2.570114e-03
13,24,-45,65,7.118785e-01,1.713655e-01,0.805982,0.883244,-0.33985,-1.76396, Land,0.711878,2.406395e-02,1.114484e-02,1.740859e-03,9.097274e-04,4.751088e-03,3.310967e-03
13,25,-45,75,7.259821e-01,1.612275e-01,0.818276,0.887210,-0.32023,-1.82494, Land,0.725982,2.513828e-02,1.037271e-02,1.882779e-03,8.745998e-04,5.194687e-03,3.263618e-03
13,26,-45,85,7.207410e-01,1.701285e-01,0.809031,0.890869,-0.32748,-1.77120, Land,0.720741,2.343429e-02,1.072539e-02,1.845278e-03,9.580992e-04,5.269038e-03,3.639344e-03
13,27,-45,95,7.032235e-01,1.808867e-01,0.795403,0.884110,-0.35208,-1.70988, Land,0.703223,2.300073e-02,1.143747e-02,1.898980e-03,1.106041e-03,5.096377e-03,3.842369e-03
13,28,-45,105,7.172827e-01,1.631182e-01,0.814723,0.880401,-0.33229,-1.81328, Land,0.717283,2.495795e-02,1.087840e-02,2.058521e-03,1.031366e-03,5.655923e-03,3.746165e-03
13,29,-45,115,7.074280e-01,1.707708e-01,0.805544,0.878199,-0.34612,-1.76743, Land,0.707428,2.624163e-02,1.225116e-02,2.019644e-03,1.083495e-03,5.250579e-03,3.713983e-03
13,30,-45,125,7.129106e-01,1.716282e-01,0.805969,0.884539,-0.33840,-1.76242, Land,0.712911,2.383284e-02,1.087370e-02,1.954674e-03,1.071492e-03,5.363628e-03,3.807885e-03
13,31,-45,135,6.988269e-01,1.754748e-01,0.799297,0.874302,-0.35835,-1.74026, Land,0.698827,2.556074e-02,1.266471e-02,1.900759e-03,1.055159e-03,5.177230e-03,4.150156e-03
13,32,-45,145,6.923712e-01,1.855429e-01,0.788655,0.877914,-0.36763,-1.68447, Land,0.692371,2.197128e-02,1.252049e-02,1.958745e-03,1.204737e-03,3.900962e-03,3.350889e-03
13,33,-45,155,7.107207e-01,1.733653e-01,0.803904,0.884086,-0.34148,-1.75235, Land,0.710721,2.334646e-02,1.158573e-02,2.075253e-03,1.128050e-03,4.377603e-03,3.272337e-03
13,34,-45,165,7.059741e-01,1.751039e-01,0.801262,0.881078,-0.34818,-1.74238, Land,0.705974,2.310898e-02,1.154566e-02,1.957256e-03,1.060744e-03,4.528771e-03,3.508291e-03
13,35,-45,175,7.126323e-01,1.702678e-01,0.807149,0.882900,-0.33879,-1.77038, Land,0.712632,2.289573e-02,1.116760e-02,1.966209e-03,1.049011e-03,4.715027e-03,3.611813e-03
14,0,-55,-175,7.291548e-01,1.540189e-01,0.825607,0.883174,-0.31587,-1.87068, Land,0.729155,2.467919e-02,1.006292e-02,1.913449e-03,8.773371e-04,4.191717e-03,2.659295e-03
14,1,-55,-165,7.122856e-01,1.671879e-01,0.809900,0.879473,-0.33928,-1.78864, Land,0.712286,2.478328e-02,1.097662e-02,2.048196e-03,1.029185e-03,4.088706e-03,2.875920e-03
14,2,-55,-155,6.822826e-01,2.129811e-01,0.762102,0.895264,-0.38231,-1.54655, Land,0.682283,1.646554e-02,1.078145e-02,1.814861e-03,1.309383e-03,2.404331e-03,2.299642e-03
14,3,-55,-145,7.248180e-01,1.585793e-01,0.820489,0.883397,-0.32183,-1.84150, Land,0.724818,2.308144e-02,1.064335e-02,2.028829e-03,1.012115e-03,3.572263e-03,2.495324e-03
14,4,-55,-135,7.095213e-01,1.678802e-01,0.808662,0.877401,-0.34316,-1.78450, Land,0.709521,2.464188e-02,1.212807e-02,2.048011e-03,1.089191e-03,4.089664e-03,3.109576e-03
14,5,-55,-125,7.198746e-01,1.653881e-01,0.813176,0.885263,-0.32868,-1.79946, Land,0.719875,2.251602e-02,9.845024e-03,2.163995e-03,1.122266e-03,4.528573e-03,2.790267e-03
14,6,-55,-115,7.302211e-01,1.539246e-01,0.825906,0.884146,-0.31441,-1.87129, Land,0.730221,2.514004e-02,1.034608e-02,2.215546e-03,1.036149e-03,4.429178e-03,2.562040e-03
14,7,-55,-105,7.498606e-01,1.379735e-01,0.844595,0.887834,-0.28787,-1.98069, Land,0.749861,2.681525e-02,9.608458e-03,2.145198e-03,9.475180e-04,5.172185e-03,2.779541e-03
14,8,-55,-95,7.384076e-01,1.535706e-01,0.827831,0.891978,-0.30326,-1.87359, Land,0.738408,2.393801e-02,9.655250e-03,1.871258e-03,9.014604e-04,4.507288e-03,2.666510e-03
14,9,-55,-85,7.254877e-01,1.648317e-01,0.814862,0.890319,-0.32091,-1.80283, Land,0.725488,2.449705e-02,1.047599e-02,1.848897e-03,9.211283e-04,4.707111e-03,2.977184e-03
14,10,-55,-75,7.558876e-01,1.347280e-01,0.848725,0.890616,-0.27986,-2.00450, Land,0.755888,2.398744e-02,7.769941e-03,1.875000e-03,6.980864e-04,4.811789e-03,2.375546e-03
14,11,-55,-65,7.403617e-01,1.507316e-01,0.830846,0.891093,-0.30062,-1.89225, Land,0.740362,2.261900e-02,9.221734e-03,1.973045e-03,8.948588e-04,3.871620e-03,2.209104e-03
14,12,-55,-55,7.207541e-01,1.624549e-01,0.816063,0.883209,-0.32746,-1.81736, Land,0.720754,2.668575e-02,1.200335e-02,1.599762e-03,7.968491e-04,3.897113e-03,2.646682e-03
14,13,-55,-45,7.514723e-01,1.354875e-01,0.847245,0.886960,-0.28572,-1.99888, Land,0.751472,2.479680e-02,8.869639e-03,1.838485e-03,7.341026e-04,3.920324e-03,2.077197e-03
14,14,-55,-35,7.578413e-01,1.251954e-01,0.858222,0.883037,-0.27728,-2.07788, Land,0.757841,2.596135e-02,8.181322e-03,1.760046e-03,6.279335e-04,4.359676e-03,2.141935e-03
14,15,-55,-25,7.542731e-01,1.349742e-01,0.848215,0.889247,-0.28200,-2.00267, Land,0.754273,2.462229e-02,8.484221e-03,1.816184e-03,7.069206e-04,4.178801e-03,2.229685e-03
14,16,-55,-15,7.544339e-01,1.343706e-01,0.848819,0.888805,-0.28179,-2.00715, Land,0.754434,2.526657e-02,8.343804e-03,1.795989e-03,6.745855e-04,4.234297e-03,2.232088e-03
14,17,-55,-5,7.407349e-01,1.480874e-01,0.833389,0.888822,-0.30011,-1.90995, Land,0.740735,2.534469e-02,9.695107e-03,1.823703e-03,7.837657e-04,3.886043e-03,2.222926e-03
14,18,-55,5,7.420079e-01,1.477761e-01,0.833919,0.889784,-0.29840,-1.91206, Land,0.742008,2.726939e-02,1.041582e-02,1.699031e-03,7.196489e-04,4.304878e-03,2.492669e-03
14,19,-55,15,7.353633e-01,1.514087e-01,0.829259,0.886772,-0.30739,-1.88777, Land,0.735363,2.624195e-02,9.779522e-03,1.745852e-03,7.397600e-04,4.010422e-03,2.392154e-03
14,20,-55,25,7.429159e-01,1.449258e-01,0.836766,0.887842,-0.29717,-1.93153, Land,0.742916,2.738386e-02,1.013654e-02,1.802725e-03,7.633814e-04,4.418061e-03,2.449955e-03
14,21,-55,35,7.400767e-01,1.425467e-01,0.838497,0.882623,-0.30100,-1.94809, Land,0.740077,2.900934e-02,1.014043e-02,1.720549e-03,6.860981e-04,4.131145e-03,2.328062e-03
14,22,-55,45,7.395688e-01,1.517642e-01,0.829733,0.891333,-0.30169,-1.88543, Land,0.739569,2.533720e-02,9.911087e-03,1.731215e-03,7.504098e-04,3.518029e-03,2.096768e-03
14,23,-55,55,7.194843e-01,1.607157e-01,0.817410,0.880200,-0.32922,-1.82812, Land,0.719484,3.017259e-02,1.298216e-02,1.674550e-03,8.247968e-04,4.317007e-03,2.570753e-03
14,24,-55,65,7.268753e-01,1.571064e-01,0.822274,0.883982,-0.31900,-1.85083, Land,0.726875,2.688155e-02,1.081803e-02,1.816560e-03,8.411797e-04,4.652008e-03,2.852471e-03
14,25,-55,75,7.244103e-01,1.586619e-01,0.820330,0.883072,-0.32240,-1.84098, Land,0.724410,2.883948e-02,1.050374e-02,1.920405e-03,8.600068e-04,5.253296e-03,3.039006e-03
14,26,-55,85,7.181510e-01,1.689674e-01,0.809532,0.887118,-0.33108,-1.77805, Land,0.718151,2.698989e-02,1.104740e-02,1.995514e-03,9.677115e-04,5.040850e-03,3.227074e-03
14,27,-55,95,7.255264e-01,1.616351e-01,0.817806,0.887161,-0.32086,-1.82241, Land,0.725526,2.499467e-02,1.052236e-02,1.979027e-03,9.953503e-04,4.838922e-03,3.095740e-03
14,28,-55,105,7.285327e-01,1.517488e-01,0.827613,0.880281,-0.31672,-1.88553, Land,0.728533,2.766872e-02,1.050105e-02,2.147735e-03,9.877216e-04,5.708516e-03,3.365508e-03
14,29,-55,115,7.211674e-01,1.569541e-01,0.821261,0.878121,-0.32688,-1.85180, Land,0.721167,2.814908e-02,1.146815e-02,2.190161e-03,1.047350e-03,4.988174e-03,3.000424e-03
14,30,-55,125,7.145302e-01,1.641617e-01,0.813175,0.878692,-0.33613,-1.80690, Land,0.714530,2.682414e-02,1.111989e-02,2.107906e-03,1.062734e-03,4.756746e-03,3.039288e-03
14,31,-55,135,7.052214e-01,1.699356e-01,0.805823,0.875157,-0.34924,-1.77234, Land,0.705221,2.809665e-02,1.261715e-02,1.987245e-03,1.032096e-03,4.529483e-03,3.240164e-03
14,32,-55,145,7.085299e-01,1.684145e-01,0.807953,0.876944,-0.34456,-1.78133, Land,0.708530,2.642221e-02,1.254481e-02,2.092427e-03,1.076981e-03,4.299476e-03,3.122254e-03
14,33,-55,155,7.057969e-01,1.791527e-01,0.797556,0.884950,-0.34843,-1.71952, Land,0.705797,2.293521e-02,1.176337e-02,2.042079e-03,1.149166e-03,3.432973e-03,2.641037e-03
14,34,-55,165,7.022470e-01,1.701936e-01,0.804922,0.872441,-0.35347,-1.77082, Land,0.702247,2.833053e-02,1.231361e-02,2.053372e-03,1.034622e-03,4.560913e-03,3.236622e-03
14,35,-55,175,7.203860e-01,1.583827e-01,0.819767,0.878769,-0.32797,-1.84274, Land,0.720386,2.704124e-02,1.108344e-02,2.029228e-03,9.480861e-04,4.977851e-03,3.271900e-03
15,0,-65,-175,6.690538e-01,2.121546e-01,0.759246,0.881208,-0.40189,-1.55044, Land,0.669054,1.731981e-02,1.160421e-02,1.997851e-03,1.509032e-03,3.238874e-03,3.442441e-03
15,1,-65,-165,6.600524e-01,2.191116e-01,0.750773,0.879164,-0.41544,-1.51817, Land,0.660052,1.669075e-02,1.156767e-02,2.078792e-03,1.587758e-03,2.938005e-03,3.204268e-03
15,2,-65,-155,6.506351e-01,2.324325e-01,0.736790,0.883068,-0.42981,-1.45916, Land,0.650635,1.639165e-02,1.234207e-02,2.107537e-03,1.800071e-03,2.570834e-03,3.068969e-03
15,3,-65,-145,6.534239e-01,2.239036e-01,0.744789,0.877327,-0.42553,-1.49654, Land,0.653424,1.771384e-02,1.311131e-02,2.086683e-03,1.714333e-03,2.936632e-03,3.352641e-03
15,4,-65,-135,6.682614e-01,2.103592e-01,0.760580,0.878621,-0.40308,-1.55894, Land,0.668261,1.812625e-02,1.236991e-02,2.178021e-03,1.627864e-03,2.913090e-03,3.198759e-03
15,5,-65,-125,6.489239e-01,2.271431e-01,0.740724,0.876067,-0.43244,-1.48217, Land,0.648924,1.710497e-02,1.204845e-02,2.147624e-03,1.789573e-03,3.425800e-03,3.675655e-03
15,6,-65,-115,6.793023e-01,1.982175e-01,0.774116,0.877520,-0.38669,-1.61839, Land,0.679302,2.010007e-02,1.196148e-02,2.283241e-03,1.593850e-03,3.732785e-03,3.465403e-03
15,7,-65,-105,6.730813e-01,2.086689e-01,0.763347,0.881750,-0.39589,-1.56701, Land,0.673081,1.948700e-02,1.213930e-02,2.219118e-03,1.670465e-03,4.019485e-03,3.920410e-03
15,8,-65,-95,6.583529e-01,2.212565e-01,0.748460,0.879609,-0.41801,-1.50843, Land,0.658353,1.814339e-02,1.214479e-02,1.970076e-03,1.609443e-03,3.479284e-03,3.700388e-03
15,9,-65,-85,6.681900e-01,2.197614e-01,0.752507,0.887951,-0.40318,-1.51521, Land,0.668190,1.720517e-02,1.154544e-02,1.978642e-03,1.538368e-03,3.447480e-03,3.648535e-03
15,10,-65,-75,6.610198e-01,2.229448e-01,0.747790,0.883965,-0.41397,-1.50083, Land,0.661020,1.662479e-02,1.139822e-02,1.892547e-03,1.446821e-03,3.666753e-03,3.875568e-03
15,11,-65,-65,6.701564e-01,2.165612e-01,0.755772,0.886718,-0.40024,-1.52988, Land,0.670156,1.790680e-02,1.207731e-02,1.670521e-03,1.305791e-03,2.887023e-03,2.964922e-03
15,12,-65,-55,6.841562e-01,2.018416e-01,0.772187,0.885998,-0.37957,-1.60027, Land,0.684156,1.678330e-02,1.069762e-02,2.033671e-03,1.384424e-03,2.833247e-03,2.759095e-03
15,13,-65,-45,6.828523e-01,2.029597e-01,0.770877,0.885812,-0.38148,-1.59475, Land,0.682852,1.723114e-02,1.082014e-02,1.908201e-03,1.351781e-03,2.597880e-03,2.594295e-03
15,14,-65,-35,6.752326e-01,2.056355e-01,0.766554,0.880868,-0.39270,-1.58165, Land,0.675233,1.794154e-02,1.182698e-02,1.864211e-03,1.330821e-03,3.077048e-03,3.116219e-03
15,15,-65,-25,6.694525e-01,2.115658e-01,0.759862,0.881018,-0.40130,-1.55322, Land,0.669453,1.733619e-02,1.166620e-02,1.863652e-03,1.381707e-03,3.189989e-03,3.335590e-03
15,16,-65,-15,6.747684e-01,2.080238e-01,0.764357,0.882792,-0.39339,-1.57010, Land,0.674768,1.681008e-02,1.107392e-02,1.880280e-03,1.355908e-03,2.788010e-03,2.912806e-03
15,17,-65,-5,6.732289e-01,2.140257e-01,0.758778,0.887255,-0.39567,-1.54166, Land,0.673229,1.677021e-02,1.125703e-02,1.822071e-03,1.341228e-03,2.647495e-03,2.732998e-03
15,18,-65,5,6.675309e-01,2.213061e-01,0.751016,0.888837,-0.40417,-1.50821, Land,0.667531,1.813553e-02,1.238925e-02,1.815907e-03,1.371617e-03,2.758223e-03,2.891654e-03
15,19,-65,15,6.523284e-01,2.301460e-01,0.739204,0.882474,-0.42721,-1.46904, Land,0.652328,1.866997e-02,1.316841e-02,1.735158e-03,1.413703e-03,2.571174e-03,2.885900e-03
15,20,-65,25,6.653681e-01,2.189540e-01,0.752405,0.884322,-0.40741,-1.51889, Land,0.665368,1.832807e-02,1.257005e-02,1.863896e-03,1.413812e-03,2.829626e-03,2.909721e-03
15,21,-65,35,6.562767e-01,2.268312e-01,0.743144,0.883108,-0.42117,-1.48355, Land,0.656277,1.879043e-02,1.321183e-02,1.768599e-03,1.400651e-03,2.721281e-03,2.942016e-03
15,22,-65,45,6.634795e-01,2.270656e-01,0.745026,0.890545,-0.41026,-1.48252, Land,0.663479,1.786817e-02,1.230779e-02,1.744937e-03,1.361849e-03,2.445527e-03,2.571344e-03
15,23,-65,55,6.567442e-01,2.288524e-01,0.741584,0.885597,-0.42046,-1.47468, Land,0.656744,1.775264e-02,1.293482e-02,1.917170e-03,1.540238e-03,2.547111e-03,2.839745e-03
15,24,-65,65,6.491344e-01,2.314242e-01,0.737185,0.880559,-0.43212,-1.46350, Land,0.649134,1.964257e-02,1.391435e-02,1.667762e-03,1.385782e-03,3.025844e-03,3.110922e-03
15,25,-65,75,6.617144e-01,2.215855e-01,0.749139,0.883300,-0.41292,-1.50695, Land,0.661714,1.910943e-02,1.263247e-02,2.040031e-03,1.549011e-03,3.192613e-03,3.373498e-03
15,26,-65,85,6.578810e-01,2.276468e-01,0.742925,0.885528,-0.41873,-1.47996, Land,0.657881,1.920396e-02,1.283331e-02,2.011560e-03,1.566371e-03,3.301994e-03,3.549242e-03
15,27,-65,95,6.568826e-01,2.267709e-01,0.743371,0.883654,-0.42025,-1.48382, Land,0.656883,1.850192e-02,1.265965e-02,2.080089e-03,1.671112e-03,3.436232e-03,3.648185e-03
15,28,-65,105,6.671194e-01,2.146252e-01,0.756590,0.881745,-0.40479,-1.53886, Land,0.667119,1.996987e-02,1.299584e-02,2.137944e-03,1.622275e-03,3.689004e-03,3.767643e-03
15,29,-65,115,6.596986e-01,2.169143e-01,0.752554,0.876613,-0.41597,-1.52825, Land,0.659699,2.026320e-02,1.360454e-02,2.206187e-03,1.703298e-03,3.481720e-03,3.584064e-03
15,30,-65,125,6.402712e-01,2.360892e-01,0.730603,0.876360,-0.44586,-1.44355, Land,0.640271,1.834624e-02,1.326852e-02,2.084276e-03,1.783751e-03,3.086973e-03,3.454029e-03
15,31,-65,135,6.447659e-01,2.320781e-01,0.735326,0.876844,-0.43887,-1.46068, Land,0.644766,1.968995e-02,1.465804e-02,2.065048e-03,1.680932e-03,2.916807e-03,3.439757e-03
15,32,-65,145,6.452201e-01,2.321508e-01,0.735402,0.877371,-0.43816,-1.46037, Land,0.645220,1.924098e-02,1.466035e-02,1.977868e-03,1.680165e-03,2.988280e-03,3.449903e-03
15,33,-65,155,6.429576e-01,2.349957e-01,0.732337,0.877953,-0.44168,-1.44819, Land,0.642958,1.871723e-02,1.404614e-02,2.077696e-03,1.746162e-03,2.930442e-03,3.376706e-03
15,34,-65,165,6.465969e-01,2.283379e-01,0.739023,0.874935,-0.43603,-1.47693, Land,0.646597,1.903686e-02,1.342569e-02,2.026555e-03,1.607741e-03,3.053329e-03,3.318007e-03
15,35,-65,175,6.516828e-01,2.268028e-01,0.741825,0.878486,-0.42820,-1.48367, Land,0.651683,1.835426e-02,1.319598e-02,2.027240e-03,1.630953e-03,3.360482e-03,3.794279e-03
16,0,-75,-175,6.970976e-01,1.844054e-01,0.790806,0.881503,-0.36083,-1.69062, Land,0.697098,2.029168e-02,1.005430e-02,2.081300e-03,1.135384e-03,3.046676e-03,2.382523e-03
16,1,-75,-165,7.016790e-01,1.719681e-01,0.803161,0.873647,-0.35428,-1.76045, Land,0.701679,2.646768e-02,1.129351e-02,2.112338e-03,1.036966e-03,4.023290e-03,2.821779e-03
16,2,-75,-155,6.808719e-01,1.989821e-01,0.773846,0.879854,-0.38438,-1.61454, Land,0.680872,2.258860e-02,1.252452e-02,2.061179e-03,1.284153e-03,3.183684e-03,2.797112e-03
16,3,-75,-145,7.048946e-01,1.740224e-01,0.802004,0.878917,-0.34971,-1.74857, Land,0.704895,2.424812e-02,1.137037e-02,2.019591e-03,1.039093e-03,3.593951e-03,2.579039e-03
16,4,-75,-135,6.989908e-01,1.783969e-01,0.796673,0.877388,-0.35812,-1.72374, Land,0.698991,2.520578e-02,1.201849e-02,2.239999e-03,1.231507e-03,4.116937e-03,3.330278e-03
16,5,-75,-125,6.730403e-01,2.057313e-01,0.765888,0.878772,-0.39595,-1.58118, Land,0.673040,2.143880e-02,1.179811e-02,2.165910e-03,1.421913e-03,3.970746e-03,3.277768e-03
16,6,-75,-115,7.207166e-01,1.591834e-01,0.819089,0.879900,-0.32751,-1.83770, Land,0.720717,2.535788e-02,1.053773e-02,2.323069e-03,1.105672e-03,4.705694e-03,2.998496e-03
16,7,-75,-105,7.411959e-01,1.414750e-01,0.839719,0.882671,-0.29949,-1.95563, Land,0.741196,2.917969e-02,9.655633e-03,2.143529e-03,9.202256e-04,4.614504e-03,2.520173e-03
16,8,-75,-95,7.328809e-01,1.573689e-01,0.823231,0.890250,-0.31077,-1.84916, Land,0.732881,2.308508e-02,8.760325e-03,1.932990e-03,9.354372e-04,3.896955e-03,2.279165e-03
16,9,-75,-85,7.073023e-01,1.792184e-01,0.797841,0.886521,-0.34630,-1.71915, Land,0.707302,2.416157e-02,1.088246e-02,1.911174e-03,1.006182e-03,3.968760e-03,2.781463e-03
16,10,-75,-75,7.314207e-01,1.510867e-01,0.828798,0.882507,-0.31277,-1.88990, Land,0.731421,2.717749e-02,9.322301e-03,1.628034e-03,6.931133e-04,3.435137e-03,1.895469e-03
16,11,-75,-65,7.348306e-01,1.491138e-01,0.831309,0.883944,-0.30812,-1.90305, Land,0.734831,2.564561e-02,8.961324e-03,2.082464e-03,8.514263e-04,3.659350e-03,1.922999e-03
16,12,-75,-55,7.390797e-01,1.482935e-01,0.832885,0.887373,-0.30235,-1.90856, Land,0.739080,2.596091e-02,9.182841e-03,2.024035e-03,8.467661e-04,3.135339e-03,1.783799e-03
16,13,-75,-45,7.367405e-01,1.515430e-01,0.829398,0.888284,-0.30552,-1.88689, Land,0.736741,2.526917e-02,9.197070e-03,1.783321e-03,7.653822e-04,3.142298e-03,1.799505e-03
16,14,-75,-35,7.379619e-01,1.463251e-01,0.834528,0.884287,-0.30386,-1.92192, Land,0.737962,2.576617e-02,8.926597e-03,1.865613e-03,7.443088e-04,3.310371e-03,1.872393e-03
16,15,-75,-25,7.291841e-01,1.510024e-01,0.828443,0.880186,-0.31583,-1.89046, Land,0.729184,2.742794e-02,9.750537e-03,1.852314e-03,7.656434e-04,3.728474e-03,2.137544e-03
16,16,-75,-15,7.442739e-01,1.466916e-01,0.835357,0.890965,-0.29535,-1.91942, Land,0.744274,2.437577e-02,8.273472e-03,1.842577e-03,7.242932e-04,3.187337e-03,1.797382e-03
16,17,-75,-5,7.405052e-01,1.495581e-01,0.831969,0.890063,-0.30042,-1.90007, Land,0.740505,2.520746e-02,8.834986e-03,1.879851e-03,7.477898e-04,3.198085e-03,1.850690e-03
16,18,-75,5,7.191969e-01,1.681975e-01,0.810459,0.887394,-0.32962,-1.78262, Land,0.719197,2.752609e-02,1.078298e-02,1.713130e-03,7.806879e-04,3.418657e-03,2.161763e-03
16,19,-75,15,7.161451e-01,1.689356e-01,0.809130,0.885081,-0.33387,-1.77824, Land,0.716145,2.731178e-02,1.088429e-02,1.719867e-03,7.916772e-04,3.346937e-03,2.124055e-03
16,20,-75,25,7.230336e-01,1.592826e-01,0.819472,0.882316,-0.32430,-1.83707, Land,0.723034,2.879663e-02,1.090443e-02,1.752475e-03,7.717526e-04,3.815586e-03,2.275090e-03
16,21,-75,35,7.264827e-01,1.561860e-01,0.823053,0.882669,-0.31954,-1.85671, Land,0.726483,2.937162e-02,1.046008e-02,1.702247e-03,7.144966e-04,3.564385e-03,2.061468e-03
16,22,-75,45,7.230273e-01,1.675969e-01,0.811821,0.890624,-0.32431,-1.78619, Land,0.723027,2.645696e-02,1.027218e-02,1.608789e-03,7.535720e-04,2.913163e-03,1.835225e-03
16,23,-75,55,7.288016e-01,1.600604e-01,0.819927,0.888862,-0.31635,-1.83220, Land,0.728802,2.578399e-02,9.993945e-03,1.864183e-03,8.384573e-04,3.032115e-03,1.811941e-03
16,24,-75,65,7.210885e-01,1.619744e-01,0.816577,0.883063,-0.32699,-1.82032, Land,0.721088,2.786912e-02,1.059942e-02,1.860741e-03,8.596863e-04,3.788317e-03,2.243648e-03
16,25,-75,75,6.996645e-01,1.754212e-01,0.799538,0.875086,-0.35715,-1.74057, Land,0.699665,3.165782e-02,1.281054e-02,1.721543e-03,8.883102e-04,3.875269e-03,2.435622e-03
16,26,-75,85,6.946847e-01,1.888253e-01,0.786278,0.883510,-0.36430,-1.66693, Land,0.694685,2.612749e-02,1.184676e-02,1.946447e-03,1.043380e-03,4.460848e-03,3.231446e-03
16,27,-75,95,7.048281e-01,1.744354e-01,0.801612,0.879263,-0.34980,-1.74620, Land,0.704828,2.523326e-02,1.088462e-02,2.109002e-03,1.067818e-03,4.208764e-03,2.832066e-03
16,28,-75,105,7.115860e-01,1.651912e-01,0.811593,0.876777,-0.34026,-1.80065, Land,0.711586,2.960758e-02,1.098164e-02,2.207951e-03,1.033199e-03,5.015990e-03,3.119271e-03
16,29,-75,115,7.074919e-01,1.672617e-01,0.808790,0.874754,-0.34603,-1.78820, Land,0.707492,2.922713e-02,1.148842e-02,2.253966e-03,1.082475e-03,4.397695e-03,2.818964e-03
16,30,-75,125,6.837952e-01,1.924574e-01,0.780363,0.876253,-0.38010,-1.64788, Land,0.683795,2.567295e-02,1.209526e-02,2.153297e-03,1.265504e-03,3.861848e-03,2.833896e-03
16,31,-75,135,6.876917e-01,1.843507e-01,0.788599,0.872042,-0.37441,-1.69092, Land,0.687692,2.965222e-02,1.350152e-02,1.993110e-03,1.078766e-03,3.696335e-03,2.880351e-03
16,32,-75,145,7.006212e-01,1.754999e-01,0.799685,0.876121,-0.35579,-1.74012, Land,0.700621,2.726218e-02,1.227253e-02,2.048984e-03,1.059603e-03,3.992244e-03,2.814550e-03
16,33,-75,155,6.964790e-01,1.804662e-01,0.794210,0.876945,-0.36172,-1.71221, Land,0.696479,2.828401e-02,1.228692e-02,2.117186e-03,1.116002e-03,3.641666e-03,2.618895e-03
16,34,-75,165,6.844100e-01,1.862035e-01,0.786124,0.870613,-0.37920,-1.68091, Land,0.684410,2.866115e-02,1.291142e-02,2.047558e-03,1.107658e-03,4.087364e-03,3.094934e-03
16,35,-75,175,6.861397e-01,1.829229e-01,0.789517,0.869063,-0.37667,-1.69869, Land,0.686140,2.635814e-02,1.238114e-02,2.031541e-03,1.100159e-03,3.759861e-03,2.756444e-03
17,0,-85,-175,6.808175e-01,2.109414e-01,0.763455,0.891759,-0.38446,-1.55617, Land,0.680817,1.834328e-02,1.166558e-02,2.035569e-03,1.492684e-03,3.440593e-03,3.643156e-03
17,1,-85,-165,6.575910e-01,2.292604e-01,0.741490,0.886851,-0.41917,-1.47290, Land,0.657591,1.851998e-02,1.320519e-02,1.973367e-03,1.589874e-03,3.168918e-03,3.686076e-03
17,2,-85,-155,6.471021e-01,2.387090e-01,0.730519,0.885811,-0.43525,-1.43251, Land,0.647102,1.700501e-02,1.287638e-02,1.952278e-03,1.730640e-03,3.109560e-03,3.805844e-03
17,3,-85,-145,6.596308e-01,2.244683e-01,0.746105,0.884099,-0.41608,-1.49402, Land,0.659631,1.798354e-02,1.278804e-02,1.984717e-03,1.576415e-03,3.459457e-03,4.042657e-03
17,4,-85,-135,6.643199e-01,2.208215e-01,0.750524,0.885141,-0.40899,-1.51040, Land,0.664320,1.923034e-02,1.315415e-02,2.070176e-03,1.606909e-03,3.384535e-03,3.926860e-03
17,5,-85,-125,6.762496e-01,2.112788e-01,0.761947,0.887528,-0.39119,-1.55458, Land,0.676250,1.961281e-02,1.193835e-02,2.216734e-03,1.591277e-03,4.476687e-03,4.390098e-03
17,6,-85,-115,6.730178e-01,2.105679e-01,0.761689,0.883586,-0.39598,-1.55795, Land,0.673018,2.023055e-02,1.276420e-02,2.124448e-03,1.532923e-03,3.982705e-03,4.050377e-03
17,7,-85,-105,6.785856e-01,2.105648e-01,0.763184,0.889150,-0.38774,-1.55796, Land,0.678586,2.042393e-02,1.255708e-02,2.071297e-03,1.575895e-03,4.160481e-03,4.339458e-03
17,8,-85,-95,6.704821e-01,2.218686e-01,0.751366,0.892351,-0.39976,-1.50567, Land,0.670482,1.732983e-02,1.158183e-02,1.886282e-03,1.509691e-03,4.103951e-03,4.606473e-03
17,9,-85,-85,6.794811e-01,2.135146e-01,0.760901,0.892996,-0.38643,-1.54405, Land,0.679481,1.893885e-02,1.213351e-02,1.601074e-03,1.172973e-03,3.988551e-03,4.013760e-03
17,10,-85,-75,6.957653e-01,1.973399e-01,0.779041,0.893105,-0.36274,-1.62283, Land,0.695765,1.863134e-02,1.051573e-02,1.958406e-03,1.259531e-03,3.818570e-03,3.384662e-03
17,11,-85,-65,6.894069e-01,2.028004e-01,0.772698,0.892207,-0.37192,-1.59553, Land,0.689407,1.840832e-02,1.118148e-02,2.027210e-03,1.393935e-03,3.506424e-03,3.352198e-03
17,12,-85,-55,6.793747e-01,2.128241e-01,0.761461,0.892199,-0.38658,-1.54729, Land,0.679375,1.868296e-02,1.191710e-02,1.925870e-03,1.392813e-03,3.244354e-03,3.238212e-03
17,13,-85,-45,6.874059e-01,2.085677e-01,0.767217,0.895974,-0.37483,-1.56749, Land,0.687406,1.860355e-02,1.147758e-02,1.759790e-03,1.250883e-03,3.100068e-03,3.120235e-03
17,14,-85,-35,6.832989e-01,2.090144e-01,0.765761,0.892313,-0.38082,-1.56535, Land,0.683299,1.918894e-02,1.218862e-02,1.771498e-03,1.237922e-03,3.397411e-03,3.423384e-03
17,15,-85,-25,6.733278e-01,2.177010e-01,0.755675,0.891029,-0.39552,-1.52463, Land,0.673328,1.924078e-02,1.256598e-02,1.816330e-03,1.346832e-03,3.481188e-03,3.520215e-03
17,16,-85,-15,6.711720e-01,2.202325e-01,0.752938,0.891404,-0.39873,-1.51307, Land,0.671172,1.812858e-02,1.201035e-02,1.793871e-03,1.382607e-03,3.188468e-03,3.578027e-03
17,17,-85,-5,6.848613e-01,2.136264e-01,0.762238,0.898488,-0.37854,-1.54353, Land,0.684861,1.832007e-02,1.143476e-02,1.756047e-03,1.256399e-03,3.017623e-03,3.173276e-03
17,18,-85,5,6.628890e-01,2.339351e-01,0.739152,0.896824,-0.41115,-1.45271, Land,0.662889,1.934151e-02,1.350601e-02,1.683055e-03,1.293665e-03,3.221194e-03,3.573597e-03
17,19,-85,15,6.617483e-01,2.341920e-01,0.738608,0.895940,-0.41287,-1.45161, Land,0.661748,1.899920e-02,1.350145e-02,1.591624e-03,1.281717e-03,2.835520e-03,3.162928e-03
17,20,-85,25,6.630631e-01,2.277172e-01,0.744362,0.890780,-0.41089,-1.47965, Land,0.663063,2.028051e-02,1.418789e-02,1.753820e-03,1.347636e-03,3.349352e-03,3.662905e-03
17,21,-85,35,6.695601e-01,2.254913e-01,0.748069,0.895051,-0.40113,-1.48947, Land,0.669560,2.086719e-02,1.388519e-02,1.665279e-03,1.242385e-03,3.236928e-03,3.466608e-03
17,22,-85,45,6.756148e-01,2.265174e-01,0.748909,0.902132,-0.39213,-1.48493, Land,0.675615,1.973813e-02,1.315100e-02,1.637440e-03,1.227511e-03,2.645003e-03,2.682045e-03
17,23,-85,55,6.665105e-01,2.301911e-01,0.743291,0.896702,-0.40570,-1.46885, Land,0.666510,1.926700e-02,1.360090e-02,1.864586e-03,1.440803e-03,2.827882e-03,3.061125e-03
17,24,-85,65,6.763812e-01,2.172467e-01,0.756894,0.893628,-0.39100,-1.52672, Land,0.676381,1.994145e-02,1.298636e-02,1.858067e-03,1.380844e-03,3.332022e-03,3.449327e-03
17,25,-85,75,6.783065e-01,2.133373e-01,0.760737,0.891644,-0.38816,-1.54488, Land,0.678306,2.083959e-02,1.265335e-02,1.981609e-03,1.400574e-03,3.920113e-03,3.826643e-03
17,26,-85,85,6.508689e-01,2.373929e-01,0.732744,0.888262,-0.42945,-1.43804, Land,0.650869,2.278744e-02,1.544467e-02,1.647669e-03,1.340694e-03,3.673578e-03,3.714619e-03
17,27,-85,95,6.566941e-01,2.309751e-01,0.739796,0.887669,-0.42054,-1.46545, Land,0.656694,1.848148e-02,1.309930e-02,2.021811e-03,1.659618e-03,3.890829e-03,4.384320e-03
17,28,-85,105,6.536223e-01,2.306598e-01,0.739156,0.884282,-0.42523,-1.46681, Land,0.653622,2.044335e-02,1.397096e-02,2.075330e-03,1.653872e-03,4.340987e-03,4.864518e-03
17,29,-85,115,6.474202e-01,2.348770e-01,0.733789,0.882297,-0.43476,-1.44869, Land,0.647420,2.018621e-02,1.399783e-02,2.123898e-03,1.745612e-03,3.765291e-03,4.228760e-03
17,30,-85,125,6.589825e-01,2.278349e-01,0.743087,0.886817,-0.41706,-1.47913, Land,0.658983,2.009819e-02,1.362065e-02,2.144187e-03,1.692320e-03,3.991152e-03,4.370647e-03
17,31,-85,135,6.564740e-01,2.275747e-01,0.742577,0.884049,-0.42087,-1.48028, Land,0.656474,2.122918e-02,1.469609e-02,1.967235e-03,1.533287e-03,3.502443e-03,3.998331e-03
17,32,-85,145,6.528968e-01,2.332084e-01,0.736816,0.886105,-0.42634,-1.45582, Land,0.652897,1.966730e-02,1.440504e-02,2.029318e-03,1.687228e-03,3.500395e-03,4.211282e-03
17,33,-85,155,6.562230e-01,2.320263e-01,0.738782,0.888249,-0.42125,-1.46090, Land,0.656223,1.931244e-02,1.394167e-02,2.037376e-03,1.662386e-03,3.344730e-03,3.864919e-03
17,34,-85,165,6.455552e-01,2.359976e-01,0.732293,0.881553,-0.43764,-1.44393, Land,0.645555,2.121483e-02,1.525870e-02,1.933031e-03,1.644563e-03,3.556529e-03,4.201048e-03
17,35,-85,175,6.536406e-01,2.318241e-01,0.738189,0.885465,-0.42520,-1.46178, Land,0.653641,2.011740e-02,1.414757e-02,1.974235e-03,1.641856e-03,3.705858e-03,4.329376e-03
