row,col,lat,lon,p_land,p_water,p_land_vs_water,mass_land_water,logp_land,logp_water,argmax_token,argmax_prob,p_land_lower_space,p_water_lower_space,p_land_nospace,p_water_nospace,p_land_upper_space,p_water_upper_space
0,0,85,-175,7.818396e-01,7.774443e-02,0.909556,0.859584,-0.24611,-2.55433, Land,0.781840,2.071238e-02,3.827028e-03,3.757711e-03,7.792513e-04,1.197843e-02,3.941562e-03
0,1,85,-165,7.768338e-01,8.008876e-02,0.906539,0.856923,-0.25253,-2.52462, Land,0.776834,2.136711e-02,4.004155e-03,3.835442e-03,7.985523e-04,1.141239e-02,3.971705e-03
0,2,85,-155,7.805562e-01,7.629776e-02,0.910956,0.856854,-0.24775,-2.57311, Land,0.780556,2.070138e-02,3.756669e-03,4.029184e-03,8.070056e-04,1.295416e-02,4.149950e-03
0,3,85,-145,7.827557e-01,7.769424e-02,0.909705,0.860450,-0.24493,-2.55497, Land,0.782756,1.985785e-02,3.700069e-03,3.757315e-03,8.054814e-04,1.288567e-02,4.082111e-03
0,4,85,-135,7.921254e-01,6.695960e-02,0.922057,0.859085,-0.23304,-2.70367, Land,0.792125,1.994734e-02,3.168896e-03,3.795396e-03,6.650898e-04,1.277093e-02,3.572827e-03
0,5,85,-125,7.761568e-01,8.244939e-02,0.903973,0.858606,-0.25340,-2.49557, Land,0.776157,2.020763e-02,3.936015e-03,3.680130e-03,8.003916e-04,1.259909e-02,4.341261e-03
0,6,85,-115,7.839270e-01,7.785500e-02,0.909658,0.861782,-0.24344,-2.55291, Land,0.783927,1.987261e-02,3.702158e-03,3.771799e-03,7.828228e-04,1.316133e-02,4.144354e-03
0,7,85,-105,7.849957e-01,7.219215e-02,0.915780,0.857188,-0.24208,-2.62842, Land,0.784996,1.926864e-02,3.282269e-03,3.897939e-03,7.695065e-04,1.348744e-02,3.996923e-03
0,8,85,-95,7.834777e-01,7.626123e-02,0.911297,0.859739,-0.24401,-2.57359, Land,0.783478,1.820684e-02,3.424745e-03,3.641203e-03,7.399694e-04,1.278989e-02,3.877438e-03
0,9,85,-85,7.878575e-01,6.926880e-02,0.919185,0.857126,-0.23844,-2.66976, Land,0.787857,1.977666e-02,3.308418e-03,3.288023e-03,6.398895e-04,1.139765e-02,3.326682e-03
0,10,85,-75,8.101470e-01,5.986524e-02,0.931190,0.870012,-0.21054,-2.81566, Land,0.810147,1.839386e-02,2.456730e-03,3.575724e-03,5.578768e-04,1.189487e-02,2.715716e-03
0,11,85,-65,8.090026e-01,6.087292e-02,0.930021,0.869876,-0.21195,-2.79897, Land,0.809003,1.816931e-02,2.539486e-03,3.542851e-03,5.634295e-04,1.208587e-02,2.794473e-03
0,12,85,-55,8.041601e-01,6.086143e-02,0.929642,0.865022,-0.21796,-2.79916, Land,0.804160,1.927054e-02,2.619574e-03,3.721668e-03,5.692365e-04,1.263323e-02,2.836414e-03
0,13,85,-45,8.133380e-01,6.154712e-02,0.929651,0.874885,-0.20661,-2.78795, Land,0.813338,1.670628e-02,2.421606e-03,3.424921e-03,5.347881e-04,1.127758e-02,2.738423e-03
0,14,85,-35,8.141690e-01,5.456179e-02,0.937194,0.868731,-0.20559,-2.90842, Land,0.814169,1.816198e-02,2.332215e-03,3.562507e-03,4.999081e-04,1.156911e-02,2.542586e-03
0,15,85,-25,8.225648e-01,5.400019e-02,0.938396,0.876565,-0.19533,-2.91877, Land,0.822565,1.687497e-02,2.109467e-03,3.482392e-03,4.720874e-04,1.132864e-02,2.519930e-03
0,16,85,-15,8.237097e-01,4.941574e-02,0.943404,0.873125,-0.19394,-3.00749, Land,0.823710,1.677764e-02,1.852317e-03,3.272804e-03,4.127544e-04,1.064107e-02,2.225016e-03
0,17,85,-5,8.164410e-01,5.180686e-02,0.940332,0.868248,-0.20280,-2.96023, Land,0.816441,1.787977e-02,2.064824e-03,3.451196e-03,4.483315e-04,1.140497e-02,2.437538e-03
0,18,85,5,8.398421e-01,4.029555e-02,0.954217,0.880138,-0.17454,-3.21151, Land,0.839842,1.812229e-02,1.576927e-03,3.783790e-03,3.690286e-04,1.337566e-02,2.214557e-03
0,19,85,15,8.516052e-01,3.546156e-02,0.960024,0.887067,-0.16063,-3.33931, Land,0.851605,1.744229e-02,1.324185e-03,3.589202e-03,3.129975e-04,1.351187e-02,1.942115e-03
0,20,85,25,8.414277e-01,4.263046e-02,0.951779,0.884058,-0.17266,-3.15519, Land,0.841428,1.747610e-02,1.592219e-03,3.603572e-03,3.728695e-04,1.416119e-02,2.439787e-03
0,21,85,35,8.398144e-01,4.064919e-02,0.953832,0.880464,-0.17457,-3.20278, Land,0.839814,1.822656e-02,1.600456e-03,3.812330e-03,3.686318e-04,1.403213e-02,2.194858e-03
0,22,85,45,8.445907e-01,4.299658e-02,0.951558,0.887587,-0.16890,-3.14663, Land,0.844591,1.683661e-02,1.595789e-03,3.648059e-03,3.818564e-04,1.407240e-02,2.376671e-03
0,23,85,55,8.326119e-01,4.573582e-02,0.947930,0.878348,-0.18319,-3.08487, Land,0.832612,1.902681e-02,1.952601e-03,3.758639e-03,4.181521e-04,1.507004e-02,2.599541e-03
0,24,85,65,8.276715e-01,4.652616e-02,0.946778,0.874198,-0.18914,-3.06774, Land,0.827671,1.864852e-02,1.945739e-03,3.902035e-03,4.523599e-04,1.495754e-02,2.733909e-03
0,25,85,75,8.329297e-01,4.423542e-02,0.949570,0.877165,-0.18281,-3.11823, Land,0.832930,1.976016e-02,1.898785e-03,3.899351e-03,4.289063e-04,1.470917e-02,2.542598e-03
0,26,85,85,8.116622e-01,5.436235e-02,0.937228,0.866025,-0.20867,-2.91208, Land,0.811662,2.011528e-02,2.629819e-03,3.832586e-03,5.514395e-04,1.420428e-02,3.125425e-03
0,27,85,95,8.106250e-01,5.972738e-02,0.931376,0.870352,-0.20995,-2.81796, Land,0.810625,1.912851e-02,2.671445e-03,4.103944e-03,6.312055e-04,1.509272e-02,3.584213e-03
0,28,85,105,8.156249e-01,4.869812e-02,0.943657,0.864323,-0.20380,-3.02211, Land,0.815625,2.019049e-02,2.207628e-03,4.352742e-03,5.449839e-04,1.557610e-02,3.206916e-03
0,29,85,115,8.228811e-01,4.988045e-02,0.942848,0.872762,-0.19494,-2.99813, Land,0.822881,2.066138e-02,2.428618e-03,4.265144e-03,5.325660e-04,1.471724e-02,3.011681e-03
0,30,85,125,8.178352e-01,5.249749e-02,0.939681,0.870333,-0.20109,-2.94699, Land,0.817835,2.099225e-02,2.404043e-03,4.331429e-03,5.489524e-04,1.415549e-02,3.053390e-03
0,31,85,135,8.199896e-01,4.999060e-02,0.942538,0.869980,-0.19846,-2.99592, Land,0.819990,2.014049e-02,2.267236e-03,4.109203e-03,5.193218e-04,1.522811e-02,3.169211e-03
0,32,85,145,8.177012e-01,5.386801e-02,0.938194,0.871569,-0.20126,-2.92122, Land,0.817701,2.129112e-02,2.651753e-03,4.191320e-03,5.719616e-04,1.521509e-02,3.328514e-03
0,33,85,155,8.174203e-01,5.284907e-02,0.939273,0.870269,-0.20160,-2.94032, Land,0.817420,2.144582e-02,2.600803e-03,4.436944e-03,5.854326e-04,1.468318e-02,3.287360e-03
0,34,85,165,8.102426e-01,5.761549e-02,0.933612,0.867858,-0.21042,-2.85396, Land,0.810243,2.137896e-02,2.838947e-03,4.131019e-03,6.003550e-04,1.363557e-02,3.433359e-03
0,35,85,175,8.180258e-01,5.459294e-02,0.937438,0.872619,-0.20086,-2.90785, Land,0.818026,2.055442e-02,2.535324e-03,4.281885e-03,5.934059e-04,1.417599e-02,3.335572e-03
1,0,75,-175,7.778424e-01,7.912016e-02,0.907674,0.856963,-0.25123,-2.53679, Land,0.777842,2.095512e-02,3.848987e-03,3.567283e-03,7.523191e-04,1.091526e-02,3.610689e-03
1,1,75,-165,7.724266e-01,8.815884e-02,0.897559,0.860585,-0.25822,-2.42862, Land,0.772427,2.157062e-02,4.210440e-03,3.614410e-03,8.077243e-04,1.042436e-02,4.038304e-03
1,2,75,-155,7.764543e-01,8.192639e-02,0.904557,0.858381,-0.25302,-2.50193, Land,0.776454,2.161329e-02,3.973957e-03,3.772022e-03,7.834608e-04,1.139300e-02,3.799669e-03
1,3,75,-145,7.826537e-01,8.164496e-02,0.905536,0.864299,-0.24506,-2.50538, Land,0.782654,2.013498e-02,3.807233e-03,3.596485e-03,7.605007e-04,1.160777e-02,3.739589e-03
1,4,75,-135,7.917609e-01,6.993035e-02,0.918845,0.861691,-0.23350,-2.66026, Land,0.791761,2.120138e-02,3.376134e-03,3.682239e-03,6.570596e-04,1.172158e-02,3.329372e-03
1,5,75,-125,7.789719e-01,8.489495e-02,0.901727,0.863867,-0.24978,-2.46634, Land,0.778972,2.017876e-02,3.908148e-03,3.551564e-03,7.822722e-04,1.140095e-02,3.895829e-03
1,6,75,-115,7.806910e-01,8.123411e-02,0.905753,0.861925,-0.24758,-2.51042, Land,0.780691,2.159526e-02,4.015013e-03,3.551850e-03,7.649265e-04,1.141094e-02,3.715122e-03
1,7,75,-105,7.875812e-01,7.449901e-02,0.913582,0.862080,-0.23879,-2.59697, Land,0.787581,2.138692e-02,3.408469e-03,3.715037e-03,7.084707e-04,1.145637e-02,3.305949e-03
1,8,75,-95,7.810087e-01,8.391043e-02,0.902985,0.864919,-0.24717,-2.47801, Land,0.781009,1.866521e-02,3.610693e-03,3.433891e-03,7.389803e-04,1.088189e-02,3.540130e-03
1,9,75,-85,7.859904e-01,7.725693e-02,0.910504,0.863247,-0.24081,-2.56062, Land,0.785990,2.008926e-02,3.445921e-03,3.586853e-03,6.966910e-04,1.123565e-02,3.281153e-03
1,10,75,-75,7.940224e-01,6.790717e-02,0.921215,0.861930,-0.23064,-2.68961, Land,0.794022,2.016512e-02,3.058375e-03,3.087745e-03,5.450753e-04,9.693706e-03,2.640452e-03
1,11,75,-65,8.051792e-01,6.611353e-02,0.924120,0.871293,-0.21669,-2.71638, Land,0.805179,1.906522e-02,2.605723e-03,3.367503e-03,5.525840e-04,1.057686e-02,2.564177e-03
1,12,75,-55,8.015628e-01,6.675309e-02,0.923124,0.868316,-0.22119,-2.70675, Land,0.801563,1.970895e-02,2.805647e-03,3.360263e-03,5.427738e-04,1.198570e-02,2.734582e-03
1,13,75,-45,8.217712e-01,6.130433e-02,0.930579,0.883076,-0.19629,-2.79190, Land,0.821771,1.659469e-02,2.178061e-03,3.030083e-03,4.412625e-04,9.664555e-03,2.191789e-03
1,14,75,-35,8.134297e-01,5.952850e-02,0.931808,0.872958,-0.20650,-2.82130, Land,0.813430,1.826029e-02,2.363957e-03,3.259065e-03,4.772562e-04,1.052628e-02,2.336191e-03
1,15,75,-25,8.223234e-01,5.231416e-02,0.940188,0.874638,-0.19562,-2.95049, Land,0.822323,1.781962e-02,1.932875e-03,3.179908e-03,3.991073e-04,1.004978e-02,1.944485e-03
1,16,75,-15,8.257658e-01,5.689905e-02,0.935537,0.882665,-0.19144,-2.86648, Land,0.825766,1.709170e-02,2.051346e-03,3.034459e-03,4.180104e-04,1.054733e-02,2.355579e-03
1,17,75,-5,8.226699e-01,5.367644e-02,0.938750,0.876346,-0.19520,-2.92478, Land,0.822670,1.728200e-02,1.983753e-03,3.286441e-03,4.091190e-04,1.001226e-02,2.086883e-03
1,18,75,5,8.493298e-01,3.865443e-02,0.956469,0.887984,-0.16331,-3.25309, Land,0.849330,1.859563e-02,1.445931e-03,3.422246e-03,3.104587e-04,1.175592e-02,1.800056e-03
1,19,75,15,8.560844e-01,3.622475e-02,0.959403,0.892309,-0.15539,-3.31801, Land,0.856084,1.780760e-02,1.322825e-03,3.170612e-03,2.791561e-04,1.216670e-02,1.732995e-03
1,20,75,25,8.562342e-01,3.622757e-02,0.959407,0.892462,-0.15521,-3.31793, Land,0.856234,1.836750e-02,1.371990e-03,3.266553e-03,2.893725e-04,1.180828e-02,1.664299e-03
1,21,75,35,8.502693e-01,3.856091e-02,0.956616,0.888830,-0.16220,-3.25552, Land,0.850269,1.904041e-02,1.543844e-03,3.505908e-03,3.231724e-04,1.258190e-02,1.828948e-03
1,22,75,45,8.487634e-01,4.238029e-02,0.952443,0.891144,-0.16397,-3.16107, Land,0.848763,1.727659e-02,1.535114e-03,3.298508e-03,3.358312e-04,1.267181e-02,2.022118e-03
1,23,75,55,8.390549e-01,4.378208e-02,0.950408,0.882837,-0.17548,-3.12853, Land,0.839055,1.998441e-02,1.861770e-03,3.595004e-03,3.713392e-04,1.392975e-02,2.186504e-03
1,24,75,65,8.421277e-01,4.257632e-02,0.951875,0.884704,-0.17182,-3.15646, Land,0.842128,1.930869e-02,1.748728e-03,3.451845e-03,3.649907e-04,1.264364e-02,2.000736e-03
1,25,75,75,8.308700e-01,4.483225e-02,0.948804,0.875702,-0.18528,-3.10483, Land,0.830870,2.116786e-02,2.053333e-03,3.564429e-03,4.017338e-04,1.223797e-02,2.222108e-03
1,26,75,85,8.324188e-01,4.963932e-02,0.943723,0.882058,-0.18342,-3.00297, Land,0.832419,1.952091e-02,2.090569e-03,3.944165e-03,4.862831e-04,1.368367e-02,2.551088e-03
1,27,75,95,8.192511e-01,5.924323e-02,0.932563,0.878494,-0.19936,-2.82610, Land,0.819251,1.978372e-02,2.703706e-03,3.652659e-03,5.294714e-04,1.334275e-02,3.141078e-03
1,28,75,105,8.237473e-01,4.804573e-02,0.944889,0.871793,-0.19389,-3.03560, Land,0.823747,2.169574e-02,2.238963e-03,4.017124e-03,4.814845e-04,1.463037e-02,2.692814e-03
1,29,75,115,8.173031e-01,5.294647e-02,0.939159,0.870250,-0.20175,-2.93847, Land,0.817303,2.269247e-02,2.625725e-03,4.009855e-03,5.110748e-04,1.392867e-02,2.748139e-03
1,30,75,125,8.177707e-01,5.608218e-02,0.935822,0.873853,-0.20117,-2.88094, Land,0.817771,2.120882e-02,2.555978e-03,3.963852e-03,5.356910e-04,1.297855e-02,2.761379e-03
1,31,75,135,8.228080e-01,5.002312e-02,0.942689,0.872831,-0.19503,-2.99527, Land,0.822808,2.135105e-02,2.342862e-03,3.939386e-03,4.814434e-04,1.401014e-02,2.797351e-03
1,32,75,145,8.191555e-01,5.651084e-02,0.935465,0.875666,-0.19948,-2.87332, Land,0.819155,2.151919e-02,2.670800e-03,3.857243e-03,5.363827e-04,1.370215e-02,2.885037e-03
1,33,75,155,8.109881e-01,5.658943e-02,0.934773,0.867578,-0.20950,-2.87193, Land,0.810988,2.211458e-02,2.709496e-03,4.250881e-03,5.681136e-04,1.387371e-02,3.048692e-03
1,34,75,165,8.027456e-01,6.268275e-02,0.927570,0.865428,-0.21972,-2.76967, Land,0.802746,2.290179e-02,3.165063e-03,3.849919e-03,5.937279e-04,1.308262e-02,3.398666e-03
1,35,75,175,8.140969e-01,5.523929e-02,0.936458,0.869336,-0.20568,-2.89608, Land,0.814097,2.260353e-02,2.656654e-03,3.963511e-03,5.501898e-04,1.277239e-02,2.823823e-03
2,0,65,-175,7.794993e-01,8.131424e-02,0.905538,0.860814,-0.24910,-2.50943, Land,0.779499,2.022959e-02,3.939411e-03,3.189750e-03,6.515914e-04,8.985134e-03,3.135951e-03
2,1,65,-165,7.753897e-01,8.337536e-02,0.902912,0.858765,-0.25439,-2.48440, Land,0.775390,1.997459e-02,3.893828e-03,3.181416e-03,6.721635e-04,8.955254e-03,3.076618e-03
2,2,65,-155,7.793336e-01,8.082373e-02,0.906036,0.860157,-0.24932,-2.51548, Land,0.779334,2.095891e-02,4.064838e-03,3.489180e-03,7.079575e-04,1.020138e-02,3.344876e-03
2,3,65,-145,7.883959e-01,7.770039e-02,0.910287,0.866096,-0.23775,-2.55489, Land,0.788396,1.980466e-02,3.654369e-03,3.292207e-03,6.483031e-04,9.961782e-03,3.010334e-03
2,4,65,-135,7.967742e-01,6.687198e-02,0.922570,0.863646,-0.22718,-2.70498, Land,0.796774,2.129421e-02,3.245530e-03,3.353382e-03,5.398616e-04,1.064392e-02,2.852102e-03
2,5,65,-125,7.796921e-01,8.452911e-02,0.902190,0.864221,-0.24886,-2.47066, Land,0.779692,2.048819e-02,3.927532e-03,3.267131e-03,6.674812e-04,9.620299e-03,3.248632e-03
2,6,65,-115,7.880216e-01,7.334955e-02,0.914846,0.861371,-0.23823,-2.61252, Land,0.788022,2.200942e-02,3.732043e-03,3.352149e-03,6.095220e-04,1.038047e-02,2.911756e-03
2,7,65,-105,7.981837e-01,6.831483e-02,0.921160,0.866498,-0.22542,-2.68363, Land,0.798184,2.085602e-02,3.160266e-03,3.402486e-03,6.040590e-04,1.038811e-02,2.798460e-03
2,8,65,-95,7.869769e-01,8.305049e-02,0.904543,0.870027,-0.23956,-2.48831, Land,0.786977,1.829712e-02,3.596760e-03,3.058401e-03,6.506534e-04,9.579120e-03,3.079876e-03
2,9,65,-85,8.064616e-01,6.733928e-02,0.922935,0.873801,-0.21510,-2.69801, Land,0.806462,1.888878e-02,2.915353e-03,3.171671e-03,5.226389e-04,9.977869e-03,2.468129e-03
2,10,65,-75,8.113965e-01,6.474327e-02,0.926104,0.876140,-0.20900,-2.73733, Land,0.811396,1.770607e-02,2.459404e-03,2.937019e-03,4.551517e-04,9.468290e-03,2.155739e-03
2,11,65,-65,8.104720e-01,5.744011e-02,0.933818,0.867912,-0.21014,-2.85701, Land,0.810472,1.850574e-02,2.473151e-03,2.795379e-03,4.162882e-04,8.234886e-03,1.741913e-03
2,12,65,-55,8.206106e-01,5.149875e-02,0.940949,0.872109,-0.19771,-2.96620, Land,0.820611,1.866978e-02,2.098854e-03,3.050138e-03,3.675377e-04,9.623958e-03,1.714126e-03
2,13,65,-45,8.270495e-01,5.367152e-02,0.939060,0.880721,-0.18989,-2.92487, Land,0.827049,1.701544e-02,2.003152e-03,2.787223e-03,3.537242e-04,8.573773e-03,1.687424e-03
2,14,65,-35,8.275817e-01,4.768503e-02,0.945519,0.875267,-0.18925,-3.04314, Land,0.827582,1.832210e-02,1.905165e-03,2.993597e-03,3.296025e-04,8.393013e-03,1.443297e-03
2,15,65,-25,8.267914e-01,5.145479e-02,0.941412,0.878246,-0.19020,-2.96705, Land,0.826791,1.810639e-02,2.003214e-03,2.886132e-03,3.354012e-04,8.422176e-03,1.605747e-03
2,16,65,-15,8.373111e-01,4.691238e-02,0.946945,0.884223,-0.17756,-3.05947, Land,0.837311,1.620857e-02,1.654591e-03,2.789182e-03,2.991448e-04,8.761289e-03,1.601680e-03
2,17,65,-5,8.311497e-01,4.486415e-02,0.948786,0.876014,-0.18495,-3.10412, Land,0.831150,1.812483e-02,1.771912e-03,2.937551e-03,2.955034e-04,8.401053e-03,1.439112e-03
2,18,65,5,8.651048e-01,2.782368e-02,0.968840,0.892928,-0.14490,-3.58187, Land,0.865105,1.816752e-02,1.079548e-03,3.082961e-03,1.904079e-04,9.899414e-03,1.060461e-03
2,19,65,15,8.746720e-01,2.576573e-02,0.971385,0.900438,-0.13391,-3.65871, Land,0.874672,1.676112e-02,9.244989e-04,2.996296e-03,1.729502e-04,1.067506e-02,1.009731e-03
2,20,65,25,8.650701e-01,3.024968e-02,0.966214,0.895320,-0.14494,-3.49827, Land,0.865070,1.728071e-02,1.127865e-03,3.030424e-03,2.046279e-04,1.114596e-02,1.217029e-03
2,21,65,35,8.627197e-01,2.881005e-02,0.967685,0.891530,-0.14767,-3.54703, Land,0.862720,1.868382e-02,1.155940e-03,3.271871e-03,2.100322e-04,1.087555e-02,1.097247e-03
2,22,65,45,8.655241e-01,2.923800e-02,0.967323,0.894762,-0.14442,-3.53229, Land,0.865524,1.710351e-02,1.081085e-03,3.097448e-03,2.050731e-04,1.095964e-02,1.155396e-03
2,23,65,55,8.518627e-01,3.242950e-02,0.963327,0.884292,-0.16033,-3.42869, Land,0.851863,2.011670e-02,1.400691e-03,3.355949e-03,2.450389e-04,1.235109e-02,1.349986e-03
2,24,65,65,8.467782e-01,3.627156e-02,0.958925,0.883050,-0.16632,-3.31672, Land,0.846778,2.054903e-02,1.703999e-03,3.081570e-03,2.731112e-04,1.033497e-02,1.359561e-03
2,25,65,75,8.526981e-01,3.581960e-02,0.959686,0.888518,-0.15935,-3.32926, Land,0.852698,1.851452e-02,1.428755e-03,3.355574e-03,2.772584e-04,1.181923e-02,1.472195e-03
2,26,65,85,8.435619e-01,4.008444e-02,0.954637,0.883646,-0.17012,-3.21677, Land,0.843562,2.026885e-02,1.809492e-03,3.666242e-03,3.582812e-04,1.230222e-02,1.752456e-03
2,27,65,95,8.250577e-01,5.528586e-02,0.937200,0.880344,-0.19230,-2.89524, Land,0.825058,1.993015e-02,2.589100e-03,3.520619e-03,4.692662e-04,1.238466e-02,2.488290e-03
2,28,65,105,8.414918e-01,3.719254e-02,0.957672,0.878684,-0.17258,-3.29165, Land,0.841492,2.058586e-02,1.666144e-03,3.743849e-03,3.351819e-04,1.220083e-02,1.643059e-03
2,29,65,115,8.395385e-01,3.977482e-02,0.954766,0.879313,-0.17490,-3.22452, Land,0.839538,2.219720e-02,1.979006e-03,3.761741e-03,3.428204e-04,1.242034e-02,1.784474e-03
2,30,65,125,8.310340e-01,4.588323e-02,0.947677,0.876917,-0.18508,-3.08166, Land,0.831034,2.095828e-02,2.164111e-03,3.829952e-03,3.907689e-04,1.164277e-02,2.009771e-03
2,31,65,135,8.340427e-01,4.341715e-02,0.950520,0.877460,-0.18147,-3.13690, Land,0.834043,2.187717e-02,2.143126e-03,3.757522e-03,3.695246e-04,1.240890e-02,2.089397e-03
2,32,65,145,8.301297e-01,4.550603e-02,0.948031,0.875636,-0.18617,-3.08991, Land,0.830130,2.154854e-02,2.276232e-03,3.679558e-03,4.017036e-04,1.286912e-02,2.178013e-03
2,33,65,155,8.207092e-01,4.973554e-02,0.942862,0.870445,-0.19759,-3.00104, Land,0.820709,2.173503e-02,2.508958e-03,3.843722e-03,4.436379e-04,1.231308e-02,2.370114e-03
2,34,65,165,8.074636e-01,5.501285e-02,0.936215,0.862476,-0.21386,-2.90019, Land,0.807464,2.277264e-02,2.962166e-03,3.657469e-03,4.781487e-04,1.258797e-02,2.725911e-03
2,35,65,175,8.236679e-01,4.890388e-02,0.943954,0.872572,-0.19399,-3.01790, Land,0.823668,2.249973e-02,2.533604e-03,3.847079e-03,4.367780e-04,1.210577e-02,2.384968e-03
3,0,55,-175,7.548363e-01,9.929997e-02,0.883742,0.854136,-0.28125,-2.30961, Land,0.754836,2.069578e-02,5.290316e-03,3.318299e-03,8.231993e-04,9.652615e-03,3.705810e-03
3,1,55,-165,7.433236e-01,1.064022e-01,0.874781,0.849726,-0.29662,-2.24053, Land,0.743324,2.126061e-02,5.758167e-03,3.187825e-03,8.391540e-04,1.024308e-02,4.198761e-03
3,2,55,-155,7.491741e-01,1.003345e-01,0.881891,0.849509,-0.28878,-2.29925, Land,0.749174,2.134127e-02,5.433602e-03,3.429948e-03,8.632207e-04,1.155195e-02,4.156870e-03
3,3,55,-145,7.630011e-01,9.334440e-02,0.890997,0.856345,-0.27050,-2.37146, Land,0.763001,2.140346e-02,5.012905e-03,3.286888e-03,7.673333e-04,1.107198e-02,3.512793e-03
3,4,55,-135,7.735865e-01,8.027891e-02,0.905982,0.853865,-0.25672,-2.52225, Land,0.773586,2.321639e-02,4.492977e-03,3.410480e-03,6.631382e-04,1.164787e-02,3.509489e-03
3,5,55,-125,7.678997e-01,9.292955e-02,0.892046,0.860829,-0.26410,-2.37591, Land,0.767900,2.140919e-02,4.893985e-03,3.400874e-03,7.525165e-04,1.078292e-02,3.544735e-03
3,6,55,-115,7.662110e-01,8.892310e-02,0.896013,0.855134,-0.26630,-2.41998, Land,0.766211,2.212055e-02,4.797490e-03,3.346054e-03,7.047732e-04,1.114357e-02,3.162649e-03
3,7,55,-105,7.711740e-01,8.260237e-02,0.903251,0.853776,-0.25984,-2.49372, Land,0.771174,2.311138e-02,4.549801e-03,3.659190e-03,7.850313e-04,1.222315e-02,3.251066e-03
3,8,55,-95,7.674640e-01,9.906913e-02,0.885672,0.866533,-0.26466,-2.31194, Land,0.767464,1.902942e-02,4.812134e-03,3.033920e-03,7.565327e-04,9.834388e-03,3.235248e-03
3,9,55,-85,7.770964e-01,8.753456e-02,0.898761,0.864631,-0.25219,-2.43572, Land,0.777096,1.959584e-02,4.099175e-03,3.128801e-03,6.834073e-04,1.061147e-02,2.951211e-03
3,10,55,-75,7.970752e-01,7.549273e-02,0.913482,0.872568,-0.22681,-2.58372, Land,0.797075,1.825908e-02,3.096614e-03,2.861335e-03,4.879304e-04,9.727194e-03,2.295952e-03
3,11,55,-65,8.002373e-01,6.860179e-02,0.921042,0.868839,-0.22285,-2.67944, Land,0.800237,1.791363e-02,3.011176e-03,3.040502e-03,5.045458e-04,9.298322e-03,2.027201e-03
3,12,55,-55,7.950402e-01,6.245656e-02,0.927164,0.857497,-0.22936,-2.77328, Land,0.795040,2.121785e-02,3.203212e-03,2.937094e-03,4.451805e-04,9.434986e-03,1.991332e-03
3,13,55,-45,8.222757e-01,5.562915e-02,0.936634,0.877905,-0.19568,-2.88905, Land,0.822276,1.746584e-02,2.337641e-03,2.873132e-03,3.726707e-04,9.197128e-03,1.683343e-03
3,14,55,-35,8.163437e-01,5.527475e-02,0.936584,0.871618,-0.20292,-2.89544, Land,0.816344,1.856734e-02,2.422779e-03,3.088505e-03,3.856791e-04,9.504141e-03,1.709637e-03
3,15,55,-25,8.138452e-01,5.727167e-02,0.934255,0.871117,-0.20599,-2.85995, Land,0.813845,1.918649e-02,2.485890e-03,2.941712e-03,3.727768e-04,1.010364e-02,1.877561e-03
3,16,55,-15,8.168411e-01,5.898224e-02,0.932655,0.875823,-0.20231,-2.83052, Land,0.816841,1.778532e-02,2.341948e-03,2.786445e-03,3.524172e-04,9.425164e-03,1.904244e-03
3,17,55,-5,8.219332e-01,5.097699e-02,0.941601,0.872910,-0.19610,-2.97638, Land,0.821933,1.766243e-02,2.141381e-03,2.971287e-03,3.280868e-04,9.123311e-03,1.595562e-03
3,18,55,5,8.611428e-01,3.000842e-02,0.966326,0.891151,-0.14949,-3.50628, Land,0.861143,1.985408e-02,1.303785e-03,2.869118e-03,1.960015e-04,1.118527e-02,1.096528e-03
3,19,55,15,8.623446e-01,2.975561e-02,0.966645,0.892100,-0.14810,-3.51474, Land,0.862345,1.873417e-02,1.213756e-03,2.914384e-03,1.954469e-04,1.210696e-02,1.181874e-03
3,20,55,25,8.569819e-01,3.220329e-02,0.963783,0.889185,-0.15434,-3.43569, Land,0.856982,1.947639e-02,1.366776e-03,3.054985e-03,2.271336e-04,1.226301e-02,1.217610e-03
3,21,55,35,8.566778e-01,2.851732e-02,0.967784,0.885195,-0.15469,-3.55724, Land,0.856678,2.097055e-02,1.343138e-03,3.188971e-03,2.123205e-04,1.245976e-02,1.081210e-03
3,22,55,45,8.669756e-01,2.927375e-02,0.967337,0.896249,-0.14274,-3.53106, Land,0.866976,1.718728e-02,1.220973e-03,3.023875e-03,2.080209e-04,1.275666e-02,1.188006e-03
3,23,55,55,8.423978e-01,3.637916e-02,0.958603,0.878777,-0.17150,-3.31376, Land,0.842398,2.282408e-02,1.895201e-03,3.229100e-03,2.848884e-04,1.230733e-02,1.367947e-03
3,24,55,65,8.475241e-01,3.832251e-02,0.956739,0.885847,-0.16544,-3.26172, Land,0.847524,1.973117e-02,1.697727e-03,3.251520e-03,2.925347e-04,1.231108e-02,1.417256e-03
3,25,55,75,8.470338e-01,3.720094e-02,0.957929,0.884235,-0.16601,-3.29142, Land,0.847034,1.990231e-02,1.659580e-03,3.275330e-03,2.822815e-04,1.326069e-02,1.478549e-03
3,26,55,85,8.377696e-01,4.389046e-02,0.950218,0.881660,-0.17701,-3.12606, Land,0.837770,2.076282e-02,2.056639e-03,3.550165e-03,3.816384e-04,1.387297e-02,1.829256e-03
3,27,55,95,8.177979e-01,5.557966e-02,0.936362,0.873378,-0.20114,-2.88994, Land,0.817798,2.169389e-02,2.920526e-03,3.580347e-03,4.844985e-04,1.387488e-02,2.416548e-03
3,28,55,105,8.245948e-01,4.031289e-02,0.953391,0.864908,-0.19286,-3.21108, Land,0.824595,2.360051e-02,2.129051e-03,3.912060e-03,3.798448e-04,1.437734e-02,1.767898e-03
3,29,55,115,8.303478e-01,4.212437e-02,0.951718,0.872472,-0.18591,-3.16713, Land,0.830348,2.284778e-02,2.316876e-03,3.740466e-03,3.663581e-04,1.376739e-02,1.874242e-03
3,30,55,125,8.264449e-01,4.758502e-02,0.945557,0.874030,-0.19062,-3.04524, Land,0.826445,2.208583e-02,2.478447e-03,3.882524e-03,4.117547e-04,1.344228e-02,2.111075e-03
3,31,55,135,8.116509e-01,5.094615e-02,0.940939,0.862597,-0.20869,-2.97699, Land,0.811651,2.367550e-02,2.894985e-03,3.748818e-03,4.539449e-04,1.538998e-02,2.652183e-03
3,32,55,145,8.246592e-01,4.767068e-02,0.945352,0.872330,-0.19279,-3.04344, Land,0.824659,2.279405e-02,2.703641e-03,3.793146e-03,4.278393e-04,1.466038e-02,2.296929e-03
3,33,55,155,8.029122e-01,6.263836e-02,0.927632,0.865551,-0.21951,-2.77038, Land,0.802912,2.251426e-02,3.613941e-03,3.978058e-03,6.125509e-04,1.452363e-02,3.137339e-03
3,34,55,165,7.994718e-01,6.194538e-02,0.928089,0.861417,-0.22380,-2.78150, Land,0.799472,2.348553e-02,3.540997e-03,3.688710e-03,5.345857e-04,1.434627e-02,3.126683e-03
3,35,55,175,8.006973e-01,5.895622e-02,0.931419,0.859654,-0.22227,-2.83096, Land,0.800697,2.322279e-02,3.416526e-03,3.838643e-03,5.448612e-04,1.381346e-02,2.899961e-03
4,0,45,-175,7.673135e-01,9.641037e-02,0.888378,0.863724,-0.26486,-2.33914, Land,0.767314,1.918519e-02,4.470295e-03,3.324434e-03,6.997718e-04,7.966784e-03,3.109234e-03
4,1,45,-165,7.515250e-01,1.061499e-01,0.876235,0.857675,-0.28565,-2.24290, Land,0.751525,1.948954e-02,5.075351e-03,3.374428e-03,7.648959e-04,8.127658e-03,3.642659e-03
4,2,45,-155,7.515983e-01,1.010499e-01,0.881487,0.852648,-0.28555,-2.29214, Land,0.751598,1.960437e-02,4.741659e-03,3.797033e-03,8.012392e-04,9.367954e-03,3.597569e-03
4,3,45,-145,7.815178e-01,8.671171e-02,0.900128,0.868229,-0.24652,-2.44517, Land,0.781518,1.984357e-02,4.345804e-03,3.443443e-03,7.004568e-04,8.583608e-03,3.021045e-03
4,4,45,-135,7.908804e-01,7.840419e-02,0.909806,0.869285,-0.23461,-2.54588, Land,0.790880,1.957533e-02,3.647274e-03,3.504807e-03,5.890042e-04,9.319994e-03,3.016446e-03
4,5,45,-125,7.766192e-01,9.669602e-02,0.889277,0.873315,-0.25281,-2.33618, Land,0.776619,1.790813e-02,4.145426e-03,3.385130e-03,6.841219e-04,7.632914e-03,2.866011e-03
4,6,45,-115,7.777112e-01,9.140696e-02,0.894828,0.869118,-0.25140,-2.39243, Land,0.777711,1.915176e-02,4.144222e-03,3.347342e-03,6.645731e-04,8.432919e-03,2.765967e-03
4,7,45,-105,7.781360e-01,8.707270e-02,0.899362,0.865209,-0.25085,-2.44101, Land,0.778136,2.052604e-02,4.097123e-03,3.581834e-03,7.182613e-04,8.724048e-03,2.832126e-03
4,8,45,-95,7.819643e-01,9.400191e-02,0.892688,0.875966,-0.24595,-2.36444, Land,0.781964,1.722557e-02,3.967760e-03,3.212965e-03,6.694576e-04,7.911981e-03,2.664393e-03
4,9,45,-85,7.941952e-01,8.817804e-02,0.900067,0.882373,-0.23043,-2.42840, Land,0.794195,1.686188e-02,3.485920e-03,3.061990e-03,6.099408e-04,8.030842e-03,2.454401e-03
4,10,45,-75,8.139911e-01,7.777876e-02,0.912782,0.891770,-0.20581,-2.55389, Land,0.813991,1.499171e-02,2.586434e-03,2.684293e-03,4.256421e-04,6.509336e-03,1.759372e-03
4,11,45,-65,8.112887e-01,7.523590e-02,0.915134,0.886525,-0.20913,-2.58713, Land,0.811289,1.506189e-02,2.616548e-03,2.672443e-03,4.512388e-04,6.556377e-03,1.714442e-03
4,12,45,-55,8.099380e-01,6.706670e-02,0.923528,0.877005,-0.21080,-2.70207, Land,0.809938,1.742997e-02,2.681175e-03,2.930657e-03,4.178702e-04,8.223075e-03,1.816206e-03
4,13,45,-45,8.340703e-01,5.504355e-02,0.938092,0.889114,-0.18144,-2.89963, Land,0.834070,1.555550e-02,2.159053e-03,2.485874e-03,3.191908e-04,6.300229e-03,1.398457e-03
4,14,45,-35,8.272030e-01,5.659930e-02,0.935959,0.883802,-0.18971,-2.87176, Land,0.827203,1.635491e-02,2.087177e-03,2.855690e-03,3.367344e-04,6.572051e-03,1.357354e-03
4,15,45,-25,8.266889e-01,5.833476e-02,0.934087,0.885024,-0.19033,-2.84156, Land,0.826689,1.579354e-02,2.100180e-03,2.641958e-03,3.193765e-04,6.759778e-03,1.406683e-03
4,16,45,-15,8.299707e-01,5.902506e-02,0.933605,0.888996,-0.18636,-2.82979, Land,0.829971,1.387395e-02,1.896294e-03,2.529036e-03,3.008127e-04,6.497489e-03,1.498179e-03
4,17,45,-5,8.228612e-01,5.748418e-02,0.934703,0.880345,-0.19497,-2.85625, Land,0.822861,1.493881e-02,2.056611e-03,2.807961e-03,3.127101e-04,6.219408e-03,1.449798e-03
4,18,45,5,8.863730e-01,2.512100e-02,0.972440,0.911494,-0.12062,-3.68405, Land,0.886373,1.421544e-02,8.638787e-04,2.787340e-03,1.489034e-04,6.704164e-03,6.659593e-04
4,19,45,15,8.912624e-01,2.181887e-02,0.976104,0.913081,-0.11512,-3.82498, Land,0.891262,1.363666e-02,7.040913e-04,2.712159e-03,1.222800e-04,7.438074e-03,6.489284e-04
4,20,45,25,8.863617e-01,2.461724e-02,0.972977,0.910979,-0.12063,-3.70431, Land,0.886362,1.433464e-02,8.383140e-04,2.869980e-03,1.454883e-04,7.747653e-03,6.669694e-04
4,21,45,35,8.820618e-01,2.483324e-02,0.972617,0.906895,-0.12549,-3.69557, Land,0.882062,1.525478e-02,8.924436e-04,3.082366e-03,1.631944e-04,7.723738e-03,6.982179e-04
4,22,45,45,8.772414e-01,2.766795e-02,0.969425,0.904909,-0.13097,-3.58748, Land,0.877241,1.551688e-02,1.115487e-03,2.766555e-03,1.834939e-04,8.133074e-03,8.755426e-04
4,23,45,55,8.710176e-01,3.001604e-02,0.966687,0.901034,-0.13809,-3.50602, Land,0.871018,1.673907e-02,1.173929e-03,3.173097e-03,2.007299e-04,9.743758e-03,9.714447e-04
4,24,45,65,8.753407e-01,3.104877e-02,0.965745,0.906389,-0.13314,-3.47220, Land,0.875341,1.543077e-02,1.090209e-03,2.986247e-03,2.035821e-04,8.128739e-03,8.524299e-04
4,25,45,75,8.829064e-01,2.906380e-02,0.968131,0.911970,-0.12454,-3.53826, Land,0.882906,1.529060e-02,1.036093e-03,2.950471e-03,1.799449e-04,8.844502e-03,8.916077e-04
4,26,45,85,8.631737e-01,3.539582e-02,0.960609,0.898570,-0.14714,-3.34116, Land,0.863174,1.738399e-02,1.408603e-03,3.757466e-03,2.955729e-04,9.565306e-03,1.164208e-03
4,27,45,95,8.524158e-01,4.173827e-02,0.953321,0.894154,-0.15968,-3.17634, Land,0.852416,1.750848e-02,1.854413e-03,3.663144e-03,3.410944e-04,1.005909e-02,1.549698e-03
4,28,45,105,8.538861e-01,3.294389e-02,0.962852,0.886830,-0.15796,-3.41295, Land,0.853886,1.951138e-02,1.448617e-03,3.906556e-03,2.895806e-04,1.020005e-02,1.215761e-03
4,29,45,115,8.548317e-01,3.442663e-02,0.961286,0.889258,-0.15685,-3.36892, Land,0.854832,1.911168e-02,1.560849e-03,3.785573e-03,2.607247e-04,9.870104e-03,1.179058e-03
4,30,45,125,8.556459e-01,3.625279e-02,0.959353,0.891899,-0.15590,-3.31724, Land,0.855646,1.789409e-02,1.518559e-03,3.986895e-03,2.751627e-04,9.141397e-03,1.175564e-03
4,31,45,135,8.504327e-01,3.755687e-02,0.957706,0.887990,-0.16201,-3.28190, Land,0.850433,1.867432e-02,1.684020e-03,3.807396e-03,2.938897e-04,1.028011e-02,1.538149e-03
4,32,45,145,8.383226e-01,4.850763e-02,0.945302,0.886830,-0.17635,-3.02603, Land,0.838323,2.022352e-02,2.462178e-03,3.825719e-03,4.158674e-04,1.049408e-02,1.839211e-03
4,33,45,155,8.279286e-01,4.951141e-02,0.943573,0.877440,-0.18883,-3.00555, Land,0.827929,2.003205e-02,2.376959e-03,4.133289e-03,4.179938e-04,1.033351e-02,1.929984e-03
4,34,45,165,8.182959e-01,5.673278e-02,0.935165,0.875029,-0.20053,-2.86940, Land,0.818296,2.047421e-02,2.829980e-03,3.822807e-03,4.444918e-04,9.991932e-03,2.253399e-03
4,35,45,175,8.335492e-01,4.754503e-02,0.946039,0.881094,-0.18206,-3.04608, Land,0.833549,1.985003e-02,2.338833e-03,3.922770e-03,3.999984e-04,9.593836e-03,1.878984e-03
5,0,35,-175,7.579832e-01,9.970696e-02,0.883749,0.857690,-0.27709,-2.30552, Land,0.757983,2.046972e-02,5.206224e-03,3.310257e-03,7.702960e-04,8.043581e-03,3.525574e-03
5,1,35,-165,7.381050e-01,1.145007e-01,0.865705,0.852606,-0.30367,-2.16717, Land,0.738105,2.121373e-02,6.241775e-03,3.166369e-03,8.177774e-04,8.726104e-03,4.386736e-03
5,2,35,-155,7.491387e-01,1.040690e-01,0.878026,0.853208,-0.28883,-2.26270, Land,0.749139,2.124443e-02,5.690006e-03,3.492224e-03,8.407488e-04,9.309117e-03,3.999298e-03
5,3,35,-145,7.713414e-01,9.377166e-02,0.891608,0.865113,-0.25962,-2.36689, Land,0.771341,2.094706e-02,4.984837e-03,3.171013e-03,7.012805e-04,9.054354e-03,3.315960e-03
5,4,35,-135,7.681245e-01,9.128392e-02,0.893783,0.859408,-0.26380,-2.39378, Land,0.768124,2.222389e-02,5.107120e-03,3.252321e-03,6.937696e-04,9.475804e-03,3.879056e-03
5,5,35,-125,7.616769e-01,1.015989e-01,0.882310,0.863276,-0.27223,-2.28672, Land,0.761677,2.047406e-02,4.995075e-03,3.275681e-03,7.272327e-04,8.096572e-03,3.365949e-03
5,6,35,-115,7.645995e-01,9.605182e-02,0.888396,0.860651,-0.26840,-2.34287, Land,0.764599,2.220171e-02,5.225794e-03,3.232338e-03,7.089999e-04,9.150302e-03,3.393678e-03
5,7,35,-105,7.753669e-01,8.397001e-02,0.902285,0.859337,-0.25442,-2.47730, Land,0.775367,2.318021e-02,4.435907e-03,3.436202e-03,6.861278e-04,9.702004e-03,3.193376e-03
5,8,35,-95,7.757501e-01,9.731102e-02,0.888540,0.873061,-0.25392,-2.32984, Land,0.775750,1.899672e-02,4.587813e-03,2.969846e-03,6.885646e-04,7.599549e-03,2.894987e-03
5,9,35,-85,7.789379e-01,9.303104e-02,0.893309,0.871969,-0.24982,-2.37482, Land,0.778938,1.922930e-02,4.240540e-03,3.145105e-03,6.843986e-04,7.820346e-03,2.819009e-03
5,10,35,-75,7.975028e-01,8.218713e-02,0.906573,0.879690,-0.22627,-2.49876, Land,0.797503,1.790766e-02,3.287526e-03,2.738860e-03,4.736264e-04,8.143279e-03,2.453254e-03
5,11,35,-65,7.908644e-01,8.181427e-02,0.906249,0.872679,-0.23463,-2.50330, Land,0.790864,1.826338e-02,3.711454e-03,2.937584e-03,5.706573e-04,7.287382e-03,2.299418e-03
5,12,35,-55,8.035647e-01,6.903086e-02,0.920890,0.872596,-0.21870,-2.67320, Land,0.803565,1.967581e-02,3.258212e-03,2.931062e-03,4.466985e-04,8.323774e-03,2.103321e-03
5,13,35,-45,8.196955e-01,6.662936e-02,0.924825,0.886325,-0.19882,-2.70861, Land,0.819695,1.652275e-02,2.656952e-03,2.584136e-03,3.842210e-04,6.662056e-03,1.790763e-03
5,14,35,-35,8.103416e-01,5.682867e-02,0.934467,0.867170,-0.21030,-2.86771, Land,0.810342,2.004448e-02,2.778431e-03,2.866056e-03,3.787702e-04,6.308232e-03,1.529886e-03
5,15,35,-25,8.176140e-01,6.153235e-02,0.930009,0.879146,-0.20136,-2.78819, Land,0.817614,1.819740e-02,2.596498e-03,2.790149e-03,3.692917e-04,7.300714e-03,1.770815e-03
5,16,35,-15,8.229028e-01,6.105825e-02,0.930927,0.883961,-0.19492,-2.79593, Land,0.822903,1.692404e-02,2.417917e-03,2.717201e-03,3.501978e-04,7.300380e-03,1.828279e-03
5,17,35,-5,8.199242e-01,5.926435e-02,0.932592,0.879189,-0.19854,-2.82575, Land,0.819924,1.731389e-02,2.504936e-03,2.784500e-03,3.538659e-04,6.513790e-03,1.706188e-03
5,18,35,5,8.786902e-01,2.643478e-02,0.970794,0.905125,-0.12932,-3.63307, Land,0.878690,1.733130e-02,1.123967e-03,2.842151e-03,1.679046e-04,7.597971e-03,8.919899e-04
5,19,35,15,8.814178e-01,2.517029e-02,0.972236,0.906588,-0.12622,-3.68209, Land,0.881418,1.780964e-02,1.062167e-03,2.913616e-03,1.577985e-04,8.858562e-03,9.078300e-04
5,20,35,25,8.758810e-01,2.789985e-02,0.969130,0.903781,-0.13253,-3.57913, Land,0.875881,1.743154e-02,1.127120e-03,3.036176e-03,1.818011e-04,8.692546e-03,9.423792e-04
5,21,35,35,8.646505e-01,2.861594e-02,0.967965,0.893266,-0.14543,-3.55379, Land,0.864650,2.063459e-02,1.439894e-03,3.149105e-03,2.116935e-04,7.585500e-03,9.293124e-04
5,22,35,45,8.792111e-01,2.829365e-02,0.968823,0.907505,-0.12873,-3.56512, Land,0.879211,1.545629e-02,1.024614e-03,2.852890e-03,1.774095e-04,8.195488e-03,9.051598e-04
5,23,35,55,8.624655e-01,3.360767e-02,0.962495,0.896073,-0.14796,-3.39300, Land,0.862466,2.038659e-02,1.566463e-03,3.116256e-03,2.319385e-04,1.022761e-02,1.230007e-03
5,24,35,65,8.600448e-01,3.464333e-02,0.961279,0.894688,-0.15077,-3.36265, Land,0.860045,2.004864e-02,1.618067e-03,3.291509e-03,2.676042e-04,9.088462e-03,1.210771e-03
5,25,35,75,8.666423e-01,3.178923e-02,0.964617,0.898432,-0.14313,-3.44863, Land,0.866642,1.960302e-02,1.396952e-03,3.175251e-03,2.157233e-04,9.895741e-03,1.163792e-03
5,26,35,85,8.511748e-01,3.828167e-02,0.956961,0.889456,-0.16114,-3.26278, Land,0.851175,2.057906e-02,1.809059e-03,3.861672e-03,3.358097e-04,1.032301e-02,1.469156e-03
5,27,35,95,8.351424e-01,5.065566e-02,0.942814,0.885798,-0.18015,-2.98270, Land,0.835142,2.070016e-02,2.536374e-03,3.614255e-03,4.113957e-04,1.077667e-02,2.117549e-03
5,28,35,105,8.383378e-01,3.772399e-02,0.956939,0.876062,-0.17633,-3.27746, Land,0.838338,2.335871e-02,1.919092e-03,3.840654e-03,3.266521e-04,1.113166e-02,1.604520e-03
5,29,35,115,8.423766e-01,3.784103e-02,0.957009,0.880218,-0.17153,-3.27436, Land,0.842377,2.219772e-02,2.070858e-03,3.774109e-03,3.064762e-04,1.052052e-02,1.539837e-03
5,30,35,125,8.364270e-01,4.439342e-02,0.949600,0.880820,-0.17862,-3.11466, Land,0.836427,2.159957e-02,2.224216e-03,3.847624e-03,3.489363e-04,1.056146e-02,1.809403e-03
5,31,35,135,8.140436e-01,5.446798e-02,0.937286,0.868512,-0.20574,-2.91014, Land,0.814044,2.286071e-02,3.206488e-03,3.818986e-03,4.760575e-04,1.128673e-02,2.575211e-03
5,32,35,145,8.323078e-01,4.590073e-02,0.947734,0.878208,-0.18355,-3.08127, Land,0.832308,2.249765e-02,2.527940e-03,3.706437e-03,3.736241e-04,1.154663e-02,2.051871e-03
5,33,35,155,8.145422e-01,5.654644e-02,0.935085,0.871089,-0.20513,-2.87269, Land,0.814542,2.241527e-02,3.147639e-03,3.950410e-03,4.878740e-04,1.155549e-02,2.552176e-03
5,34,35,165,7.999535e-01,6.573968e-02,0.924061,0.865693,-0.22320,-2.72205, Land,0.799953,2.354295e-02,3.909274e-03,3.657843e-03,5.358962e-04,1.112370e-02,3.104739e-03
5,35,35,175,8.141152e-01,5.527811e-02,0.936418,0.869393,-0.20565,-2.89538, Land,0.814115,2.318629e-02,3.211128e-03,3.782806e-03,4.670972e-04,1.067657e-02,2.511942e-03
6,0,25,-175,7.318273e-01,1.189776e-01,0.860159,0.850805,-0.31221,-2.12882, Land,0.731827,1.935278e-02,6.031454e-03,3.383631e-03,9.665872e-04,8.336093e-03,5.039137e-03
6,1,25,-165,7.169198e-01,1.306023e-01,0.845901,0.847522,-0.33279,-2.03560, Land,0.716920,2.025494e-02,6.892692e-03,3.351585e-03,1.014967e-03,8.493107e-03,5.453954e-03
6,2,25,-155,7.216005e-01,1.259294e-01,0.851416,0.847530,-0.32628,-2.07203, Land,0.721601,2.105277e-02,6.872111e-03,3.637620e-03,1.053598e-03,9.183474e-03,5.406762e-03
6,3,25,-145,7.455659e-01,1.127840e-01,0.868604,0.858350,-0.29361,-2.18228, Land,0.745566,2.021671e-02,6.041019e-03,3.442520e-03,9.080114e-04,8.964948e-03,4.775101e-03
6,4,25,-135,7.491175e-01,1.058646e-01,0.876179,0.854982,-0.28886,-2.24559, Land,0.749118,2.139500e-02,5.727503e-03,3.450763e-03,8.175710e-04,8.823125e-03,4.737863e-03
6,5,25,-125,7.409839e-01,1.139674e-01,0.866697,0.854951,-0.29978,-2.17184, Land,0.740984,2.079921e-02,5.959841e-03,3.453264e-03,9.297118e-04,8.344798e-03,4.702014e-03
6,6,25,-115,7.442197e-01,1.094691e-01,0.871769,0.853689,-0.29542,-2.21211, Land,0.744220,2.206636e-02,6.085624e-03,3.535512e-03,8.911934e-04,9.125494e-03,4.484462e-03
6,7,25,-105,7.455921e-01,1.043761e-01,0.877200,0.849968,-0.29358,-2.25975, Land,0.745592,2.376688e-02,5.803388e-03,3.748850e-03,9.337836e-04,9.214861e-03,4.454915e-03
6,8,25,-95,7.407658e-01,1.267830e-01,0.853861,0.867549,-0.30007,-2.06528, Land,0.740766,1.807711e-02,6.058488e-03,2.996702e-03,9.323402e-04,8.352420e-03,4.689306e-03
6,9,25,-85,7.518509e-01,1.086584e-01,0.873728,0.860509,-0.28522,-2.21955, Land,0.751851,1.932508e-02,5.319306e-03,3.501725e-03,9.276390e-04,8.280098e-03,4.204393e-03
6,10,25,-75,7.765118e-01,9.558061e-02,0.890401,0.872092,-0.25294,-2.34779, Land,0.776512,1.841696e-02,4.229192e-03,2.958835e-03,6.578791e-04,7.177038e-03,3.138189e-03
6,11,25,-65,7.599902e-01,1.077649e-01,0.875812,0.867755,-0.27445,-2.22780, Land,0.759990,1.785898e-02,4.980027e-03,3.043976e-03,8.109685e-04,6.965122e-03,3.570113e-03
6,12,25,-55,7.809519e-01,8.401710e-02,0.902867,0.864969,-0.24724,-2.47673, Land,0.780952,2.015838e-02,4.262990e-03,3.097416e-03,5.962632e-04,9.022797e-03,3.137071e-03
6,13,25,-45,7.981760e-01,8.384044e-02,0.904945,0.882016,-0.22543,-2.47884, Land,0.798176,1.586436e-02,3.364644e-03,2.714685e-03,5.106552e-04,6.773169e-03,2.611291e-03
6,14,25,-35,8.002817e-01,7.643193e-02,0.912820,0.876714,-0.22279,-2.57135, Land,0.800282,1.673144e-02,3.214431e-03,2.909414e-03,5.025490e-04,6.986514e-03,2.403645e-03
6,15,25,-25,7.999733e-01,6.731342e-02,0.922386,0.867287,-0.22318,-2.69840, Land,0.799973,1.855473e-02,3.112164e-03,2.997904e-03,4.747727e-04,6.648666e-03,2.294580e-03
6,16,25,-15,8.005108e-01,7.982345e-02,0.909326,0.880334,-0.22251,-2.52794, Land,0.800511,1.575086e-02,3.044815e-03,2.728137e-03,4.671937e-04,6.771204e-03,2.643512e-03
6,17,25,-5,8.069108e-01,6.980148e-02,0.920383,0.876712,-0.21454,-2.66210, Land,0.806911,1.689578e-02,2.916750e-03,2.999887e-03,4.460835e-04,6.699376e-03,2.411937e-03
6,18,25,5,8.610107e-01,3.652251e-02,0.959308,0.897533,-0.14965,-3.30983, Land,0.861011,1.750014e-02,1.557459e-03,3.240790e-03,2.580263e-04,7.966799e-03,1.423993e-03
6,19,25,15,8.681668e-01,3.213328e-02,0.964308,0.900300,-0.14137,-3.43786, Land,0.868167,1.701260e-02,1.296852e-03,2.938553e-03,2.101706e-04,8.301710e-03,1.266490e-03
6,20,25,25,8.502511e-01,3.784536e-02,0.957386,0.888096,-0.16222,-3.27425, Land,0.850251,1.901220e-02,1.785875e-03,3.117045e-03,2.756788e-04,8.809263e-03,1.639971e-03
6,21,25,35,8.578790e-01,3.616313e-02,0.959551,0.894042,-0.15329,-3.31972, Land,0.857879,1.865475e-02,1.639226e-03,3.300875e-03,2.650850e-04,8.502248e-03,1.384983e-03
6,22,25,45,8.681401e-01,3.521991e-02,0.961012,0.903360,-0.14140,-3.34614, Land,0.868140,1.597405e-02,1.384377e-03,3.058786e-03,2.411823e-04,9.102811e-03,1.444837e-03
6,23,25,55,8.456932e-01,3.890919e-02,0.956015,0.884602,-0.16760,-3.24652, Land,0.845693,2.079392e-02,1.912920e-03,3.445658e-03,3.026595e-04,1.162320e-02,1.779675e-03
6,24,25,65,8.414345e-01,4.969380e-02,0.944235,0.891128,-0.17265,-3.00188, Land,0.841434,1.974943e-02,2.430412e-03,3.520721e-03,4.177430e-04,9.848921e-03,2.127477e-03
6,25,25,75,8.503870e-01,4.068599e-02,0.954340,0.891073,-0.16206,-3.20187, Land,0.850387,1.892134e-02,1.846216e-03,3.279559e-03,3.164221e-04,1.048795e-02,1.873837e-03
6,26,25,85,8.307384e-01,5.032723e-02,0.942879,0.881066,-0.18544,-2.98921, Land,0.830738,2.096548e-02,2.373359e-03,4.081321e-03,4.933934e-04,1.165766e-02,2.599645e-03
6,27,25,95,8.105323e-01,6.765196e-02,0.922964,0.878184,-0.21006,-2.69338, Land,0.810532,2.106278e-02,3.607681e-03,3.855278e-03,5.915749e-04,1.083142e-02,3.262708e-03
6,28,25,105,8.227947e-01,4.423134e-02,0.948985,0.867026,-0.19505,-3.11832, Land,0.822795,2.408535e-02,2.382341e-03,4.217577e-03,4.214817e-04,1.121265e-02,2.248015e-03
6,29,25,115,8.225930e-01,4.849438e-02,0.944329,0.871087,-0.19529,-3.02631, Land,0.822593,2.346731e-02,2.700395e-03,4.102333e-03,4.281045e-04,1.143666e-02,2.445277e-03
6,30,25,125,8.122761e-01,5.728964e-02,0.934117,0.869566,-0.20791,-2.85964, Land,0.812276,2.291376e-02,3.170497e-03,4.060877e-03,4.972392e-04,1.163733e-02,2.986057e-03
6,31,25,135,8.174084e-01,5.617143e-02,0.935700,0.873580,-0.20162,-2.87935, Land,0.817408,2.229883e-02,3.048472e-03,3.949509e-03,4.792130e-04,1.125074e-02,3.083609e-03
6,32,25,145,8.174751e-01,5.570149e-02,0.936208,0.873177,-0.20153,-2.88775, Land,0.817475,2.231598e-02,3.051234e-03,3.993533e-03,4.962625e-04,1.158664e-02,2.896402e-03
6,33,25,155,7.949014e-01,6.800121e-02,0.921195,0.862903,-0.22954,-2.68823, Land,0.794901,2.196497e-02,3.685959e-03,4.172067e-03,5.895343e-04,1.163074e-02,3.547593e-03
6,34,25,165,7.889881e-01,7.376560e-02,0.914500,0.862754,-0.23700,-2.60686, Land,0.788988,2.210772e-02,4.093939e-03,3.800281e-03,5.970488e-04,1.055314e-02,3.832652e-03
6,35,25,175,7.952214e-01,6.616192e-02,0.923191,0.861383,-0.22913,-2.71565, Land,0.795221,2.235835e-02,3.724789e-03,4.005934e-03,5.951359e-04,1.050332e-02,3.439685e-03
7,0,15,-175,7.132875e-01,1.345739e-01,0.841278,0.847861,-0.33787,-2.00564, Land,0.713287,1.988342e-02,7.125436e-03,2.979438e-03,9.642314e-04,7.323568e-03,5.428542e-03
7,1,15,-165,6.951371e-01,1.363989e-01,0.835968,0.831536,-0.36365,-1.99217, Land,0.695137,2.144074e-02,7.862469e-03,2.961949e-03,9.874539e-04,7.813393e-03,6.032910e-03
7,2,15,-155,7.145581e-01,1.260415e-01,0.850058,0.840600,-0.33609,-2.07114, Land,0.714558,2.174418e-02,7.283486e-03,3.332976e-03,1.000521e-03,9.169483e-03,5.922830e-03
7,3,15,-145,7.268824e-01,1.214368e-01,0.856850,0.848319,-0.31899,-2.10836, Land,0.726882,2.092603e-02,6.886192e-03,3.008043e-03,9.099423e-04,8.826300e-03,5.628464e-03
7,4,15,-135,7.287359e-01,1.117090e-01,0.867084,0.840445,-0.31644,-2.19186, Land,0.728736,2.266603e-02,6.481529e-03,3.156224e-03,8.223394e-04,9.194627e-03,5.756367e-03
7,5,15,-125,7.127613e-01,1.340661e-01,0.841684,0.846827,-0.33861,-2.00942, Land,0.712761,2.126160e-02,7.114058e-03,3.151533e-03,9.697417e-04,7.913088e-03,5.453713e-03
7,6,15,-115,7.217894e-01,1.204739e-01,0.856964,0.842263,-0.32602,-2.11632, Land,0.721789,2.250742e-02,7.238636e-03,3.314443e-03,9.477717e-04,8.674521e-03,5.227755e-03
7,7,15,-105,7.278691e-01,1.127314e-01,0.865892,0.840601,-0.31763,-2.18275, Land,0.727869,2.300179e-02,6.184447e-03,3.411237e-03,9.318314e-04,8.862454e-03,5.074989e-03
7,8,15,-95,7.241865e-01,1.350940e-01,0.842782,0.859281,-0.32271,-2.00178, Land,0.724187,1.837174e-02,6.516917e-03,2.837509e-03,9.378422e-04,7.490796e-03,5.081407e-03
7,9,15,-85,7.464109e-01,1.090786e-01,0.872496,0.855489,-0.29248,-2.21569, Land,0.746411,1.965576e-02,5.685476e-03,3.317532e-03,9.038964e-04,8.537027e-03,4.946175e-03
7,10,15,-75,7.670094e-01,1.051930e-01,0.879394,0.872202,-0.26526,-2.25196, Land,0.767009,1.708232e-02,4.261964e-03,2.792618e-03,6.389879e-04,7.450768e-03,3.638851e-03
7,11,15,-65,7.531343e-01,1.101325e-01,0.872424,0.863267,-0.28351,-2.20607, Land,0.753134,1.797392e-02,5.338210e-03,2.855562e-03,7.803822e-04,7.055185e-03,3.924069e-03
7,12,15,-55,7.745793e-01,9.069180e-02,0.895187,0.865271,-0.25544,-2.40029, Land,0.774579,1.961533e-02,4.561979e-03,2.933046e-03,5.995741e-04,8.374208e-03,3.474233e-03
7,13,15,-45,8.006560e-01,8.411561e-02,0.904930,0.884772,-0.22232,-2.47556, Land,0.800656,1.438251e-02,3.073111e-03,2.301253e-03,4.376906e-04,5.694538e-03,2.400106e-03
7,14,15,-35,7.905008e-01,8.175595e-02,0.906271,0.872257,-0.23509,-2.50402, Land,0.790501,1.668740e-02,3.447585e-03,2.735466e-03,5.093942e-04,6.688648e-03,2.699235e-03
7,15,15,-25,7.933970e-01,8.185481e-02,0.906479,0.875252,-0.23143,-2.50281, Land,0.793397,1.638962e-02,3.339502e-03,2.643970e-03,4.807741e-04,6.179217e-03,2.649277e-03
7,16,15,-15,7.826659e-01,7.779431e-02,0.909590,0.860460,-0.24505,-2.55369, Land,0.782666,1.681360e-02,3.377486e-03,2.477304e-03,4.578549e-04,6.055990e-03,2.974713e-03
7,17,15,-5,8.069537e-01,6.962416e-02,0.920573,0.876578,-0.21449,-2.66464, Land,0.806954,1.574937e-02,2.855819e-03,2.677838e-03,4.009108e-04,5.776731e-03,2.329934e-03
7,18,15,5,8.546811e-01,4.087722e-02,0.954356,0.895558,-0.15703,-3.19718, Land,0.854681,1.719245e-02,1.749558e-03,2.838583e-03,2.558934e-04,6.615403e-03,1.518169e-03
7,19,15,15,8.401651e-01,4.251391e-02,0.951835,0.882679,-0.17416,-3.15792, Land,0.840165,1.884514e-02,2.022559e-03,2.858170e-03,2.885211e-04,7.425377e-03,1.897226e-03
7,20,15,25,8.574936e-01,4.166272e-02,0.953665,0.899156,-0.15374,-3.17815, Land,0.857494,1.630288e-02,1.675412e-03,2.830917e-03,2.618173e-04,7.348331e-03,1.573621e-03
7,21,15,35,8.539662e-01,3.928945e-02,0.956015,0.893256,-0.15786,-3.23680, Land,0.853966,1.776623e-02,1.788255e-03,3.009562e-03,2.629355e-04,7.780309e-03,1.565926e-03
7,22,15,45,8.676317e-01,3.775963e-02,0.958295,0.905391,-0.14199,-3.27651, Land,0.867632,1.442784e-02,1.337682e-03,2.705821e-03,2.207387e-04,6.824074e-03,1.368868e-03
7,23,15,55,8.356566e-01,4.704831e-02,0.946700,0.882705,-0.17954,-3.05658, Land,0.835657,2.065115e-02,2.448811e-03,3.413645e-03,3.542782e-04,1.032474e-02,2.297553e-03
7,24,15,65,8.205325e-01,5.813272e-02,0.933840,0.878665,-0.19780,-2.84503, Land,0.820532,2.037618e-02,2.917016e-03,3.410282e-03,4.622441e-04,9.318387e-03,2.533791e-03
7,25,15,75,8.401945e-01,4.726052e-02,0.946746,0.887455,-0.17412,-3.05208, Land,0.840195,1.904849e-02,2.075078e-03,3.399546e-03,3.461403e-04,9.681634e-03,2.119257e-03
7,26,15,85,8.110989e-01,5.618931e-02,0.935213,0.867288,-0.20937,-2.87903, Land,0.811099,2.210876e-02,3.003934e-03,3.952360e-03,5.209403e-04,1.044095e-02,3.115012e-03
7,27,15,95,8.017172e-01,7.152571e-02,0.918092,0.873243,-0.22100,-2.63770, Land,0.801717,2.080593e-02,3.776246e-03,3.650245e-03,5.819179e-04,1.088891e-02,3.849429e-03
7,28,15,105,7.989801e-01,5.326435e-02,0.937501,0.852244,-0.22442,-2.93249, Land,0.798980,2.419770e-02,2.824111e-03,4.175188e-03,4.786117e-04,1.101891e-02,2.876412e-03
7,29,15,115,7.968881e-01,6.366996e-02,0.926013,0.860558,-0.22704,-2.75404, Land,0.796888,2.455862e-02,3.702186e-03,3.754844e-03,5.097773e-04,1.060721e-02,3.078348e-03
7,30,15,125,8.013450e-01,6.035806e-02,0.929955,0.861703,-0.22146,-2.80746, Land,0.801345,2.287909e-02,3.211129e-03,3.935008e-03,4.845563e-04,1.069615e-02,3.124007e-03
7,31,15,135,7.857452e-01,6.934418e-02,0.918904,0.855089,-0.24112,-2.66867, Land,0.785745,2.345887e-02,4.014035e-03,3.758723e-03,5.713504e-04,1.137142e-02,4.045645e-03
7,32,15,145,7.971888e-01,6.332966e-02,0.926405,0.860518,-0.22666,-2.75940, Land,0.797189,2.290485e-02,3.676468e-03,3.806126e-03,5.445018e-04,1.081899e-02,3.425670e-03
7,33,15,155,7.784921e-01,7.702090e-02,0.909971,0.855513,-0.25040,-2.56368, Land,0.778492,2.284132e-02,4.447144e-03,3.804045e-03,6.641901e-04,1.069589e-02,4.121863e-03
7,34,15,165,7.576827e-01,8.629254e-02,0.897755,0.843975,-0.27749,-2.45001, Land,0.757683,2.323515e-02,5.246142e-03,3.472065e-03,6.859647e-04,1.051906e-02,5.036037e-03
7,35,15,175,7.810956e-01,7.358193e-02,0.913907,0.854678,-0.24706,-2.60936, Land,0.781096,2.284758e-02,4.223289e-03,3.710004e-03,6.145320e-04,9.840234e-03,3.969690e-03
8,0,5,-175,7.012286e-01,1.334026e-01,0.840166,0.834631,-0.35492,-2.01438, Land,0.701229,2.113484e-02,7.883873e-03,3.116484e-03,9.963034e-04,6.975149e-03,5.276106e-03
8,1,5,-165,6.745109e-01,1.533961e-01,0.814718,0.827907,-0.39377,-1.87473, Land,0.674511,2.059785e-02,8.862279e-03,2.993258e-03,1.099947e-03,6.671156e-03,5.866632e-03
8,2,5,-155,7.023212e-01,1.311225e-01,0.842674,0.833444,-0.35336,-2.03162, Land,0.702321,2.178498e-02,7.865271e-03,3.446624e-03,1.065650e-03,8.093826e-03,5.589474e-03
8,3,5,-145,7.060077e-01,1.356990e-01,0.838781,0.841707,-0.34813,-1.99732, Land,0.706008,2.040866e-02,7.709015e-03,3.024074e-03,1.013353e-03,7.375120e-03,5.296120e-03
8,4,5,-135,7.255378e-01,1.183702e-01,0.859736,0.843908,-0.32084,-2.13394, Land,0.725538,2.241588e-02,7.016283e-03,3.190137e-03,8.816402e-04,7.780254e-03,5.069288e-03
8,5,5,-125,7.056381e-01,1.374911e-01,0.836928,0.843129,-0.34865,-1.98420, Land,0.705638,2.020769e-02,7.439821e-03,3.279602e-03,1.042103e-03,7.288071e-03,5.185604e-03
8,6,5,-115,7.119157e-01,1.301612e-01,0.845428,0.842077,-0.33980,-2.03898, Land,0.711916,2.212287e-02,7.740262e-03,3.088321e-03,9.606398e-04,8.033124e-03,5.207036e-03
8,7,5,-105,7.129205e-01,1.197442e-01,0.856192,0.832665,-0.33839,-2.12240, Land,0.712921,2.210614e-02,7.049417e-03,3.454140e-03,1.039877e-03,7.948623e-03,5.495164e-03
8,8,5,-95,7.104575e-01,1.376746e-01,0.837673,0.848132,-0.34185,-1.98286, Land,0.710457,1.823845e-02,7.337102e-03,3.039971e-03,1.101846e-03,7.180308e-03,5.227909e-03
8,9,5,-85,7.304849e-01,1.246534e-01,0.854230,0.855138,-0.31405,-2.08222, Land,0.730485,1.946551e-02,6.542225e-03,3.072482e-03,9.762674e-04,6.591336e-03,4.308233e-03
8,10,5,-75,7.487011e-01,1.167269e-01,0.865122,0.865428,-0.28942,-2.14792, Land,0.748701,1.744336e-02,5.222580e-03,2.640438e-03,7.171449e-04,5.933814e-03,3.481351e-03
8,11,5,-65,7.301562e-01,1.265708e-01,0.852262,0.856727,-0.31450,-2.06695, Land,0.730156,1.734952e-02,6.207286e-03,2.651022e-03,8.680201e-04,5.741351e-03,3.814040e-03
8,12,5,-55,7.488641e-01,1.014271e-01,0.880715,0.850291,-0.28920,-2.28841, Land,0.748864,2.010285e-02,5.698402e-03,2.911177e-03,7.038618e-04,7.066422e-03,3.565328e-03
8,13,5,-45,7.649647e-01,1.049343e-01,0.879372,0.869899,-0.26793,-2.25442, Land,0.764965,1.548529e-02,4.421873e-03,2.394242e-03,5.879543e-04,5.697568e-03,3.111549e-03
8,14,5,-35,7.680490e-01,9.461847e-02,0.890319,0.862667,-0.26390,-2.35790, Land,0.768049,1.755062e-02,4.478649e-03,2.744810e-03,5.998482e-04,5.896535e-03,2.727102e-03
8,15,5,-25,7.704535e-01,9.593703e-02,0.889268,0.866390,-0.26078,-2.34406, Land,0.770453,1.735868e-02,4.313876e-03,2.692506e-03,5.828808e-04,5.841735e-03,2.900542e-03
8,16,5,-15,7.783669e-01,9.799189e-02,0.888183,0.876359,-0.25056,-2.32287, Land,0.778367,1.517716e-02,4.178513e-03,2.363256e-03,5.471488e-04,5.255635e-03,2.956401e-03
8,17,5,-5,7.774854e-01,8.844254e-02,0.897864,0.865928,-0.25169,-2.42540, Land,0.777485,1.592436e-02,4.176945e-03,2.532897e-03,5.449476e-04,4.676672e-03,2.818915e-03
8,18,5,5,8.318824e-01,4.905664e-02,0.944313,0.880939,-0.18406,-3.01478, Land,0.831882,1.817472e-02,2.615858e-03,2.846481e-03,3.419604e-04,6.141871e-03,1.938621e-03
8,19,5,15,8.358427e-01,5.419448e-02,0.939110,0.890037,-0.17931,-2.91518, Land,0.835843,1.656527e-02,2.429224e-03,2.621663e-03,3.340292e-04,6.897705e-03,2.078573e-03
8,20,5,25,8.276989e-01,5.781731e-02,0.934708,0.885516,-0.18911,-2.85047, Land,0.827699,1.812471e-02,2.792150e-03,2.850401e-03,3.837526e-04,7.601069e-03,2.251084e-03
8,21,5,35,8.259211e-01,5.379943e-02,0.938845,0.879721,-0.19126,-2.92249, Land,0.825921,1.876820e-02,2.718486e-03,3.074983e-03,3.845738e-04,8.024967e-03,2.121234e-03
8,22,5,45,8.389492e-01,5.398397e-02,0.939543,0.892933,-0.17561,-2.91907, Land,0.838949,1.611862e-02,2.361974e-03,2.780593e-03,3.523704e-04,7.451869e-03,2.092911e-03
8,23,5,55,8.105750e-01,6.031272e-02,0.930746,0.870888,-0.21001,-2.80821, Land,0.810575,2.150592e-02,3.411878e-03,3.344411e-03,4.674868e-04,9.935341e-03,2.827562e-03
8,24,5,65,7.967965e-01,7.487056e-02,0.914106,0.871667,-0.22716,-2.59199, Land,0.796797,2.019781e-02,4.007786e-03,3.280573e-03,6.035188e-04,8.784271e-03,3.208174e-03
8,25,5,75,8.223068e-01,5.871488e-02,0.933356,0.881022,-0.19564,-2.83506, Land,0.822307,1.940618e-02,2.860779e-03,3.250804e-03,4.444474e-04,8.977791e-03,2.658021e-03
8,26,5,85,7.977512e-01,7.011713e-02,0.919208,0.867868,-0.22596,-2.65759, Land,0.797751,2.098157e-02,3.700919e-03,3.729426e-03,6.284651e-04,9.927899e-03,3.618107e-03
8,27,5,95,7.650590e-01,9.346290e-02,0.891135,0.858522,-0.26780,-2.37019, Land,0.765059,2.173098e-02,5.568975e-03,3.738077e-03,8.589918e-04,1.040795e-02,4.827497e-03
8,28,5,105,7.719800e-01,7.233745e-02,0.914324,0.844317,-0.25880,-2.62641, Land,0.771980,2.392341e-02,4.359919e-03,4.126910e-03,7.180167e-04,1.040082e-02,3.853700e-03
8,29,5,115,7.800233e-01,7.146062e-02,0.916075,0.851484,-0.24843,-2.63861, Land,0.780023,2.459760e-02,4.387926e-03,3.787029e-03,5.895757e-04,1.046075e-02,3.440208e-03
8,30,5,125,7.863186e-01,7.094024e-02,0.917248,0.857259,-0.24039,-2.64592, Land,0.786319,2.268557e-02,4.105463e-03,4.037064e-03,6.159278e-04,1.027330e-02,3.615636e-03
8,31,5,135,7.693985e-01,8.013533e-02,0.905671,0.849534,-0.26215,-2.52404, Land,0.769399,2.392959e-02,4.971989e-03,3.756695e-03,6.796020e-04,1.058930e-02,4.645125e-03
8,32,5,145,7.811894e-01,7.554410e-02,0.911823,0.856734,-0.24694,-2.58304, Land,0.781189,2.258197e-02,4.632443e-03,3.702581e-03,6.355800e-04,9.894361e-03,3.869835e-03
8,33,5,155,7.559748e-01,8.850580e-02,0.895195,0.844481,-0.27975,-2.42469, Land,0.755975,2.378996e-02,5.735939e-03,4.053059e-03,8.106025e-04,1.058163e-02,4.763510e-03
8,34,5,165,7.427777e-01,9.815556e-02,0.883278,0.840933,-0.29736,-2.32120, Land,0.742778,2.322041e-02,6.037214e-03,3.616414e-03,7.945292e-04,9.545171e-03,5.047991e-03
8,35,5,175,7.610763e-01,8.674754e-02,0.897682,0.847824,-0.27302,-2.44475, Land,0.761076,2.335130e-02,5.568060e-03,3.818139e-03,7.773578e-04,9.037081e-03,4.379269e-03
9,0,-5,-175,6.191004e-01,2.053296e-01,0.750944,0.824430,-0.47949,-1.58314, Land,0.619100,1.820528e-02,1.328354e-02,2.776869e-03,1.641641e-03,6.475858e-03,8.699725e-03
9,1,-5,-165,5.934842e-01,2.235568e-01,0.726382,0.817041,-0.52174,-1.49809, Land,0.593484,1.801586e-02,1.423663e-02,2.728791e-03,1.731540e-03,6.529596e-03,9.403547e-03
9,2,-5,-155,6.090024e-01,2.124467e-01,0.741376,0.821449,-0.49593,-1.54906, Land,0.609002,1.881123e-02,1.414305e-02,2.913926e-03,1.776594e-03,6.552692e-03,8.574831e-03
9,3,-5,-145,6.126962e-01,2.144846e-01,0.740704,0.827181,-0.48989,-1.53952, Land,0.612696,1.806354e-02,1.369837e-02,2.662760e-03,1.617605e-03,6.711372e-03,8.829680e-03
9,4,-5,-135,6.188455e-01,2.017192e-01,0.754170,0.820565,-0.47990,-1.60088, Land,0.618846,1.871189e-02,1.318100e-02,2.800989e-03,1.544608e-03,6.947066e-03,8.755940e-03
9,5,-5,-125,6.065211e-01,2.159666e-01,0.737423,0.822488,-0.50002,-1.53263, Land,0.606521,1.772814e-02,1.329586e-02,2.777548e-03,1.674659e-03,6.680499e-03,9.133611e-03
9,6,-5,-115,6.139443e-01,2.085405e-01,0.746451,0.822485,-0.48785,-1.56762, Land,0.613944,1.918152e-02,1.375316e-02,2.741017e-03,1.642997e-03,6.873817e-03,8.781992e-03
9,7,-5,-105,6.255350e-01,1.935924e-01,0.763660,0.819127,-0.46915,-1.64200, Land,0.625535,1.963147e-02,1.307198e-02,2.971051e-03,1.639958e-03,7.339991e-03,8.879764e-03
9,8,-5,-95,6.136343e-01,2.101216e-01,0.744922,0.823756,-0.48836,-1.56007, Land,0.613634,1.706823e-02,1.307495e-02,2.762999e-03,1.684039e-03,7.007762e-03,9.390394e-03
9,9,-5,-85,6.098946e-01,2.209825e-01,0.734037,0.830877,-0.49447,-1.50967, Land,0.609895,1.692971e-02,1.312865e-02,2.629461e-03,1.692854e-03,6.417838e-03,9.185766e-03
9,10,-5,-75,6.354912e-01,2.029471e-01,0.757946,0.838438,-0.45336,-1.59481, Land,0.635491,1.607297e-02,1.101025e-02,2.599246e-03,1.460957e-03,5.937189e-03,7.465640e-03
9,11,-5,-65,6.096038e-01,2.177126e-01,0.736845,0.827316,-0.49495,-1.52458, Land,0.609604,1.554971e-02,1.231280e-02,2.497514e-03,1.604263e-03,5.462327e-03,7.880986e-03
9,12,-5,-55,6.546437e-01,1.816895e-01,0.782755,0.836333,-0.42366,-1.70546, Land,0.654644,1.778990e-02,1.094442e-02,2.663163e-03,1.310648e-03,6.705951e-03,7.046379e-03
9,13,-5,-45,6.622982e-01,1.817960e-01,0.784626,0.844094,-0.41204,-1.70487, Land,0.662298,1.524144e-02,9.234412e-03,2.525136e-03,1.244116e-03,5.934145e-03,6.524407e-03
9,14,-5,-35,6.682072e-01,1.722142e-01,0.795086,0.840421,-0.40316,-1.75902, Land,0.668207,1.626457e-02,9.361552e-03,2.630345e-03,1.207991e-03,5.463895e-03,5.757508e-03
9,15,-5,-25,6.647394e-01,1.735933e-01,0.792930,0.838333,-0.40836,-1.75104, Land,0.664739,1.592969e-02,9.362945e-03,2.551993e-03,1.197876e-03,5.588434e-03,6.133776e-03
9,16,-5,-15,6.443185e-01,1.971954e-01,0.765666,0.841514,-0.43956,-1.62356, Land,0.644319,1.416376e-02,9.625514e-03,2.368754e-03,1.271334e-03,5.139287e-03,6.936880e-03
9,17,-5,-5,6.376264e-01,1.974436e-01,0.763560,0.835070,-0.45000,-1.62230, Land,0.637626,1.452835e-02,9.877756e-03,2.265060e-03,1.235155e-03,4.434957e-03,6.513595e-03
9,18,-5,5,7.078483e-01,1.346218e-01,0.840206,0.842470,-0.34553,-2.00529, Land,0.707848,1.941769e-02,8.792142e-03,2.643719e-03,9.262220e-04,6.158925e-03,5.331176e-03
9,19,-5,15,7.106341e-01,1.368828e-01,0.838490,0.847517,-0.34160,-1.98863, Land,0.710634,1.879342e-02,8.277803e-03,2.743784e-03,9.631346e-04,8.158251e-03,6.666481e-03
9,20,-5,25,7.004221e-01,1.420690e-01,0.831370,0.842491,-0.35607,-1.95144, Land,0.700422,2.011434e-02,9.421268e-03,2.921196e-03,1.078961e-03,7.798348e-03,6.543315e-03
9,21,-5,35,7.009160e-01,1.360198e-01,0.837479,0.836936,-0.35537,-1.99495, Land,0.700916,2.133261e-02,9.260989e-03,3.056503e-03,1.075025e-03,8.228972e-03,6.364414e-03
9,22,-5,45,7.067283e-01,1.385730e-01,0.836067,0.845301,-0.34711,-1.97636, Land,0.706728,2.037338e-02,9.019868e-03,2.890164e-03,1.029548e-03,8.338168e-03,6.800682e-03
9,23,-5,55,6.957994e-01,1.380481e-01,0.834444,0.833848,-0.36269,-1.98015, Land,0.695799,2.289449e-02,1.016511e-02,3.153056e-03,1.117189e-03,9.493323e-03,7.194024e-03
9,24,-5,65,6.735248e-01,1.552645e-01,0.812661,0.828789,-0.39523,-1.86263, Land,0.673525,2.161802e-02,1.092403e-02,3.004835e-03,1.252132e-03,8.637728e-03,7.931438e-03
9,25,-5,75,6.893495e-01,1.477934e-01,0.823455,0.837143,-0.37201,-1.91194, Land,0.689349,2.128111e-02,9.875902e-03,3.091498e-03,1.189036e-03,8.636375e-03,7.595785e-03
9,26,-5,85,6.741297e-01,1.515543e-01,0.816450,0.825684,-0.39433,-1.88681, Land,0.674130,2.340516e-02,1.100356e-02,3.461581e-03,1.376486e-03,9.845166e-03,8.724102e-03
9,27,-5,95,6.595899e-01,1.602562e-01,0.804529,0.819846,-0.41614,-1.83098, Land,0.659590,2.371121e-02,1.252183e-02,3.307928e-03,1.437401e-03,1.051509e-02,9.558303e-03
9,28,-5,105,6.590331e-01,1.535552e-01,0.811030,0.812588,-0.41698,-1.87370, Land,0.659033,2.526767e-02,1.227245e-02,3.391244e-03,1.405874e-03,1.006498e-02,8.803077e-03
9,29,-5,115,6.760959e-01,1.459456e-01,0.822460,0.822041,-0.39142,-1.92452, Land,0.676096,2.525240e-02,1.167062e-02,3.242582e-03,1.225620e-03,1.016857e-02,8.328812e-03
9,30,-5,125,6.717641e-01,1.504218e-01,0.817046,0.822186,-0.39785,-1.89431, Land,0.671764,2.416489e-02,1.142486e-02,3.430487e-03,1.321466e-03,9.419978e-03,8.304444e-03
9,31,-5,135,6.553471e-01,1.593840e-01,0.804372,0.814731,-0.42259,-1.83644, Land,0.655347,2.478394e-02,1.212527e-02,3.257491e-03,1.327196e-03,9.566663e-03,9.144362e-03
9,32,-5,145,6.796824e-01,1.451415e-01,0.824033,0.824824,-0.38613,-1.93005, Land,0.679682,2.454997e-02,1.129311e-02,3.215007e-03,1.225735e-03,9.716202e-03,7.897510e-03
9,33,-5,155,6.550165e-01,1.607742e-01,0.802922,0.815791,-0.42309,-1.82775, Land,0.655017,2.433279e-02,1.257048e-02,3.461952e-03,1.480634e-03,9.505771e-03,8.481007e-03
9,34,-5,165,6.363477e-01,1.702962e-01,0.788883,0.806644,-0.45201,-1.77022, Land,0.636348,2.420382e-02,1.311259e-02,3.147043e-03,1.419217e-03,9.028596e-03,9.484953e-03
9,35,-5,175,6.433001e-01,1.660573e-01,0.794828,0.809357,-0.44114,-1.79542, Land,0.643300,2.449403e-02,1.314947e-02,3.356868e-03,1.489614e-03,8.563708e-03,8.908182e-03
10,0,-15,-175,6.174745e-01,2.125931e-01,0.743885,0.830068,-0.48212,-1.54838, Land,0.617474,1.741709e-02,1.309608e-02,2.631396e-03,1.641723e-03,7.029977e-03,9.414355e-03
10,1,-15,-165,6.027483e-01,2.153252e-01,0.736790,0.818074,-0.50626,-1.53561, Land,0.602748,1.825834e-02,1.410618e-02,2.635041e-03,1.679789e-03,7.525765e-03,9.857639e-03
10,2,-15,-155,6.209529e-01,2.054543e-01,0.751389,0.826407,-0.47650,-1.58253, Land,0.620953,1.810160e-02,1.317243e-02,2.784113e-03,1.667676e-03,7.543804e-03,9.267783e-03
10,3,-15,-145,6.281385e-01,2.010393e-01,0.757544,0.829178,-0.46499,-1.60425, Land,0.628138,1.867054e-02,1.309957e-02,2.673124e-03,1.554320e-03,7.697765e-03,9.046418e-03
10,4,-15,-135,6.310191e-01,1.956819e-01,0.763298,0.826701,-0.46042,-1.63127, Land,0.631019,1.857284e-02,1.250830e-02,2.657123e-03,1.466900e-03,8.227129e-03,9.791383e-03
10,5,-15,-125,6.070762e-01,2.259143e-01,0.728791,0.832990,-0.49910,-1.48760, Land,0.607076,1.672960e-02,1.296979e-02,2.671178e-03,1.747301e-03,6.940536e-03,9.750496e-03
10,6,-15,-115,6.166762e-01,2.078181e-01,0.747945,0.824494,-0.48341,-1.57109, Land,0.616676,1.804836e-02,1.324519e-02,2.749039e-03,1.651878e-03,7.536323e-03,9.195825e-03
10,7,-15,-105,6.295928e-01,2.007661e-01,0.758218,0.830359,-0.46268,-1.60561, Land,0.629593,1.795983e-02,1.223338e-02,2.759020e-03,1.604282e-03,7.774381e-03,9.319319e-03
10,8,-15,-95,6.248139e-01,2.123845e-01,0.746315,0.837198,-0.47030,-1.54936, Land,0.624814,1.628744e-02,1.194786e-02,2.546785e-03,1.576424e-03,7.209414e-03,9.469319e-03
10,9,-15,-85,6.182943e-01,2.132109e-01,0.743584,0.831505,-0.48079,-1.54547, Land,0.618294,1.762353e-02,1.300107e-02,2.646817e-03,1.662610e-03,7.181093e-03,9.728832e-03
10,10,-15,-75,6.341475e-01,2.122804e-01,0.749204,0.846428,-0.45547,-1.54985, Land,0.634147,1.554113e-02,1.083183e-02,2.478130e-03,1.469348e-03,6.389395e-03,7.943765e-03
10,11,-15,-65,6.225621e-01,2.151934e-01,0.743131,0.837755,-0.47391,-1.53622, Land,0.622562,1.541144e-02,1.170663e-02,2.468703e-03,1.534800e-03,6.332954e-03,8.053464e-03
10,12,-15,-55,6.594683e-01,1.860233e-01,0.779982,0.845492,-0.41632,-1.68188, Land,0.659468,1.636845e-02,1.027755e-02,2.582608e-03,1.309337e-03,7.205411e-03,7.644641e-03
10,13,-15,-45,6.818232e-01,1.745341e-01,0.796190,0.856357,-0.38298,-1.74563, Land,0.681823,1.429597e-02,7.846744e-03,2.393092e-03,1.095946e-03,6.105292e-03,6.131257e-03
10,14,-15,-35,6.614079e-01,1.817953e-01,0.784399,0.843203,-0.41338,-1.70487, Land,0.661408,1.583581e-02,9.920210e-03,2.455350e-03,1.210554e-03,6.622486e-03,6.862308e-03
10,15,-15,-25,6.751688e-01,1.796187e-01,0.789867,0.854788,-0.39279,-1.71692, Land,0.675169,1.459249e-02,8.504821e-03,2.418957e-03,1.138932e-03,5.846694e-03,6.176547e-03
10,16,-15,-15,6.739218e-01,1.705930e-01,0.797999,0.844515,-0.39464,-1.76847, Land,0.673922,1.493025e-02,8.338617e-03,2.161159e-03,1.014181e-03,5.526358e-03,6.763555e-03
10,17,-15,-5,6.604492e-01,1.867214e-01,0.779594,0.847171,-0.41484,-1.67814, Land,0.660449,1.449991e-02,8.943413e-03,2.402964e-03,1.195931e-03,5.872146e-03,6.890139e-03
10,18,-15,5,7.024484e-01,1.461391e-01,0.827785,0.848588,-0.35318,-1.92320, Land,0.702448,1.918357e-02,8.382440e-03,2.648321e-03,9.511117e-04,7.592903e-03,6.549338e-03
10,19,-15,15,7.183281e-01,1.260653e-01,0.850703,0.844393,-0.33083,-2.07096, Land,0.718328,2.013132e-02,7.954500e-03,2.456501e-03,8.010138e-04,7.820337e-03,5.822499e-03
10,20,-15,25,7.039340e-01,1.461575e-01,0.828068,0.850092,-0.35107,-1.92307, Land,0.703934,1.899804e-02,8.413898e-03,2.669585e-03,9.780961e-04,8.156095e-03,6.450596e-03
10,21,-15,35,7.139796e-01,1.338604e-01,0.842116,0.847840,-0.33690,-2.01096, Land,0.713980,2.029566e-02,8.269365e-03,2.875353e-03,9.648666e-04,8.576461e-03,6.075616e-03
10,22,-15,45,7.151587e-01,1.387642e-01,0.837498,0.853923,-0.33525,-1.97498, Land,0.715159,1.837406e-02,7.632969e-03,2.674290e-03,9.105270e-04,8.387350e-03,6.253360e-03
10,23,-15,55,7.045380e-01,1.397962e-01,0.834430,0.844334,-0.35021,-1.96757, Land,0.704538,2.117143e-02,9.179921e-03,2.985438e-03,1.063403e-03,1.012484e-02,7.075754e-03
10,24,-15,65,6.861052e-01,1.477956e-01,0.822766,0.833901,-0.37672,-1.91193, Land,0.686105,2.186384e-02,1.010750e-02,2.922172e-03,1.127108e-03,1.038100e-02,8.154168e-03
10,25,-15,75,6.920827e-01,1.493624e-01,0.822493,0.841445,-0.36805,-1.90138, Land,0.692083,2.145327e-02,9.444852e-03,3.007470e-03,1.119771e-03,9.814056e-03,7.563170e-03
10,26,-15,85,6.787379e-01,1.522256e-01,0.816808,0.830964,-0.38752,-1.88239, Land,0.678738,2.319398e-02,1.078355e-02,3.292099e-03,1.308743e-03,1.060800e-02,8.846013e-03
10,27,-15,95,6.768511e-01,1.561003e-01,0.812594,0.832951,-0.39030,-1.85726, Land,0.676851,2.265497e-02,1.100475e-02,3.172948e-03,1.294991e-03,1.082728e-02,9.109639e-03
10,28,-15,105,6.872788e-01,1.428720e-01,0.827896,0.830151,-0.37502,-1.94581, Land,0.687279,2.341068e-02,1.009048e-02,3.267689e-03,1.212002e-03,1.163245e-02,9.152656e-03
10,29,-15,115,6.765260e-01,1.490472e-01,0.819462,0.825573,-0.39078,-1.90349, Land,0.676526,2.468753e-02,1.139885e-02,3.142491e-03,1.224646e-03,1.125084e-02,8.652110e-03
10,30,-15,125,6.832791e-01,1.515914e-01,0.818425,0.834871,-0.38085,-1.88657, Land,0.683279,2.198045e-02,9.913112e-03,3.185717e-03,1.189253e-03,1.005447e-02,8.331202e-03
10,31,-15,135,6.684001e-01,1.527553e-01,0.813975,0.821155,-0.40287,-1.87892, Land,0.668400,2.400095e-02,1.146358e-02,3.072635e-03,1.192909e-03,1.065854e-02,9.107548e-03
10,32,-15,145,6.608187e-01,1.585696e-01,0.806478,0.819388,-0.41428,-1.84156, Land,0.660819,2.367369e-02,1.177663e-02,3.098146e-03,1.280083e-03,1.145177e-02,9.614103e-03
10,33,-15,155,6.631404e-01,1.597966e-01,0.805822,0.822937,-0.41077,-1.83385, Land,0.663140,2.292679e-02,1.179774e-02,3.284865e-03,1.392440e-03,9.949074e-03,8.451129e-03
10,34,-15,165,6.603021e-01,1.561669e-01,0.808729,0.816469,-0.41506,-1.85683, Land,0.660302,2.423006e-02,1.174466e-02,3.000348e-03,1.228337e-03,1.042861e-02,9.085802e-03
10,35,-15,175,6.679747e-01,1.588855e-01,0.807845,0.826860,-0.40350,-1.83957, Land,0.667975,2.318349e-02,1.162560e-02,3.076604e-03,1.294440e-03,9.762184e-03,8.758780e-03
11,0,-25,-175,6.303502e-01,2.033206e-01,0.756114,0.833671,-0.46148,-1.59297, Land,0.630350,1.678813e-02,1.210514e-02,2.779827e-03,1.656095e-03,7.657324e-03,9.110606e-03
11,1,-25,-165,6.272840e-01,2.066568e-01,0.752193,0.833941,-0.46636,-1.57670, Land,0.627284,1.742797e-02,1.233256e-02,2.825250e-03,1.651157e-03,7.444594e-03,9.047360e-03
11,2,-25,-155,6.318019e-01,2.054220e-01,0.754639,0.837224,-0.45918,-1.58269, Land,0.631802,1.799083e-02,1.323049e-02,2.887357e-03,1.663936e-03,8.263153e-03,9.521858e-03
11,3,-25,-145,6.403340e-01,1.959983e-01,0.765645,0.836332,-0.44577,-1.62965, Land,0.640334,1.808024e-02,1.253321e-02,2.760503e-03,1.544505e-03,8.278361e-03,9.219999e-03
11,4,-25,-135,6.475582e-01,1.883719e-01,0.774656,0.835930,-0.43455,-1.66934, Land,0.647558,1.817036e-02,1.139377e-02,2.792158e-03,1.445627e-03,8.088088e-03,8.756149e-03
11,5,-25,-125,6.235210e-01,2.127284e-01,0.745616,0.836249,-0.47237,-1.54774, Land,0.623521,1.685868e-02,1.221626e-02,2.738874e-03,1.657656e-03,7.420262e-03,9.270513e-03
11,6,-25,-115,6.461254e-01,1.930651e-01,0.769939,0.839191,-0.43676,-1.64473, Land,0.646125,1.815931e-02,1.174354e-02,2.879575e-03,1.542375e-03,7.964345e-03,8.543831e-03
11,7,-25,-105,6.470745e-01,1.887996e-01,0.774129,0.835874,-0.43529,-1.66707, Land,0.647075,1.797813e-02,1.127136e-02,2.931995e-03,1.544167e-03,8.335927e-03,8.907119e-03
11,8,-25,-95,6.256924e-01,2.132696e-01,0.745793,0.838962,-0.46890,-1.54520, Land,0.625692,1.619008e-02,1.216842e-02,2.687352e-03,1.679144e-03,8.089859e-03,9.554982e-03
11,9,-25,-85,6.270855e-01,2.110062e-01,0.748230,0.838092,-0.46667,-1.55587, Land,0.627085,1.750310e-02,1.200315e-02,2.868711e-03,1.676521e-03,7.499896e-03,9.268853e-03
11,10,-25,-75,6.686136e-01,1.821225e-01,0.785924,0.850736,-0.40255,-1.70308, Land,0.668614,1.530521e-02,9.281346e-03,2.743496e-03,1.355857e-03,6.464296e-03,6.677447e-03
11,11,-25,-65,6.402174e-01,2.025358e-01,0.759674,0.842753,-0.44595,-1.59684, Land,0.640217,1.594497e-02,1.132735e-02,2.648016e-03,1.529300e-03,7.106790e-03,8.268933e-03
11,12,-25,-55,6.763748e-01,1.716745e-01,0.797565,0.848049,-0.39101,-1.76216, Land,0.676375,1.678199e-02,9.697786e-03,2.738975e-03,1.276026e-03,8.083651e-03,7.424366e-03
11,13,-25,-45,6.938271e-01,1.657479e-01,0.807175,0.859575,-0.36553,-1.79729, Land,0.693827,1.446558e-02,7.802648e-03,2.532005e-03,1.114165e-03,6.823814e-03,6.093520e-03
11,14,-25,-35,6.785713e-01,1.706928e-01,0.799011,0.849264,-0.38777,-1.76789, Land,0.678571,1.521901e-02,8.663264e-03,2.755548e-03,1.209012e-03,6.986814e-03,6.453113e-03
11,15,-25,-25,6.846496e-01,1.613007e-01,0.809326,0.845950,-0.37885,-1.82448, Land,0.684650,1.670467e-02,8.923699e-03,2.514752e-03,1.088445e-03,6.047741e-03,5.918552e-03
11,16,-25,-15,6.692446e-01,1.832404e-01,0.785051,0.852485,-0.40161,-1.69696, Land,0.669245,1.383127e-02,8.523254e-03,2.461717e-03,1.170406e-03,6.230155e-03,6.662267e-03
11,17,-25,-5,6.804708e-01,1.724333e-01,0.797828,0.852904,-0.38497,-1.75775, Land,0.680471,1.528980e-02,8.734651e-03,2.640464e-03,1.185576e-03,6.318475e-03,6.532419e-03
11,18,-25,5,7.253444e-01,1.291713e-01,0.848837,0.854516,-0.32111,-2.04662, Land,0.725344,1.874961e-02,7.480856e-03,3.023269e-03,9.532760e-04,8.371465e-03,6.142430e-03
11,19,-25,15,7.429233e-01,1.186344e-01,0.862302,0.861558,-0.29716,-2.13171, Land,0.742923,1.907791e-02,6.706503e-03,2.879672e-03,8.332912e-04,8.653070e-03,5.809360e-03
11,20,-25,25,7.409131e-01,1.141599e-01,0.866491,0.855073,-0.29987,-2.17016, Land,0.740913,1.960992e-02,6.924413e-03,2.801589e-03,8.081581e-04,8.150829e-03,5.144307e-03
11,21,-25,35,7.307157e-01,1.210275e-01,0.857906,0.851743,-0.31373,-2.11174, Land,0.730716,2.055733e-02,7.603227e-03,3.134014e-03,9.236080e-04,9.213128e-03,5.635429e-03
11,22,-25,45,7.403772e-01,1.211682e-01,0.859360,0.861545,-0.30060,-2.11058, Land,0.740377,1.865291e-02,6.918903e-03,2.996286e-03,8.871263e-04,9.636118e-03,6.093590e-03
11,23,-25,55,7.235820e-01,1.289297e-01,0.848765,0.852512,-0.32354,-2.04849, Land,0.723582,2.061928e-02,8.252670e-03,3.264906e-03,1.027059e-03,1.085308e-02,7.053375e-03
11,24,-25,65,7.095800e-01,1.388456e-01,0.836349,0.848426,-0.34308,-1.97439, Land,0.709580,2.087322e-02,8.867719e-03,3.130633e-03,1.128039e-03,9.987736e-03,7.041479e-03
11,25,-25,75,7.203866e-01,1.282160e-01,0.848909,0.848603,-0.32797,-2.05404, Land,0.720387,2.139211e-02,8.118784e-03,3.192321e-03,1.020232e-03,9.673493e-03,6.246087e-03
11,26,-25,85,7.102445e-01,1.368528e-01,0.838445,0.847097,-0.34215,-1.98885, Land,0.710245,2.153106e-02,8.805724e-03,3.530734e-03,1.218791e-03,1.047389e-02,7.418148e-03
11,27,-25,95,6.985578e-01,1.445569e-01,0.828544,0.843115,-0.35874,-1.93408, Land,0.698558,2.141616e-02,9.942195e-03,3.300664e-03,1.254505e-03,1.078912e-02,8.120842e-03
11,28,-25,105,7.086481e-01,1.283170e-01,0.846688,0.836965,-0.34440,-2.05325, Land,0.708648,2.419380e-02,9.099547e-03,3.515414e-03,1.115727e-03,1.172281e-02,7.848880e-03
11,29,-25,115,7.091763e-01,1.323724e-01,0.842704,0.841549,-0.34365,-2.02214, Land,0.709176,2.251839e-02,9.053455e-03,3.435100e-03,1.132905e-03,1.072035e-02,7.268986e-03
11,30,-25,125,7.031487e-01,1.370133e-01,0.836920,0.840162,-0.35219,-1.98768, Land,0.703149,2.270722e-02,9.351090e-03,3.312051e-03,1.168065e-03,1.066060e-02,7.801308e-03
11,31,-25,135,7.067440e-01,1.340105e-01,0.840607,0.840754,-0.34709,-2.00984, Land,0.706744,2.333787e-02,9.382979e-03,3.232579e-03,1.098259e-03,1.019819e-02,7.454306e-03
11,32,-25,145,6.983030e-01,1.387589e-01,0.834231,0.837062,-0.35910,-1.97502, Land,0.698303,2.267199e-02,9.969900e-03,3.381028e-03,1.224715e-03,1.122318e-02,8.223274e-03
11,33,-25,155,6.901322e-01,1.492366e-01,0.822204,0.839369,-0.37087,-1.90222, Land,0.690132,2.201575e-02,1.025325e-02,3.383058e-03,1.285959e-03,1.076853e-02,8.264994e-03
11,34,-25,165,6.825214e-01,1.495602e-01,0.820258,0.832082,-0.38196,-1.90006, Land,0.682521,2.246833e-02,1.012920e-02,3.331358e-03,1.264868e-03,1.044382e-02,8.333606e-03
11,35,-25,175,6.926929e-01,1.411093e-01,0.830764,0.833802,-0.36717,-1.95822, Land,0.692693,2.242821e-02,9.891218e-03,3.392686e-03,1.257549e-03,1.031786e-02,8.000548e-03
12,0,-35,-175,6.403072e-01,1.941864e-01,0.767300,0.834494,-0.44581,-1.63894, Land,0.640307,1.771817e-02,1.254654e-02,2.703979e-03,1.501718e-03,7.396612e-03,7.333342e-03
12,1,-35,-165,6.380602e-01,1.914117e-01,0.769237,0.829472,-0.44932,-1.65333, Land,0.638060,1.738007e-02,1.227163e-02,2.610935e-03,1.415930e-03,7.946551e-03,8.014646e-03
12,2,-35,-155,6.387691e-01,1.954491e-01,0.765710,0.834218,-0.44821,-1.63246, Land,0.638769,1.755117e-02,1.297965e-02,2.688407e-03,1.514493e-03,8.514269e-03,8.329439e-03
12,3,-35,-145,6.468014e-01,1.903047e-01,0.772664,0.837106,-0.43572,-1.65913, Land,0.646801,1.727424e-02,1.228865e-02,2.591729e-03,1.452136e-03,7.973023e-03,7.558205e-03
12,4,-35,-135,6.538311e-01,1.780299e-01,0.785986,0.831861,-0.42491,-1.72580, Land,0.653831,1.885997e-02,1.181454e-02,2.628449e-03,1.312509e-03,8.618487e-03,7.502425e-03
12,5,-35,-125,6.293456e-01,2.038416e-01,0.755347,0.833187,-0.46307,-1.59041, Land,0.629346,1.632089e-02,1.197257e-02,2.654569e-03,1.544083e-03,7.534295e-03,7.920267e-03
12,6,-35,-115,6.576857e-01,1.830533e-01,0.782271,0.840739,-0.41903,-1.69798, Land,0.657686,1.763902e-02,1.138018e-02,2.604389e-03,1.372057e-03,7.989928e-03,7.166068e-03
12,7,-35,-105,6.603712e-01,1.765735e-01,0.789026,0.836945,-0.41495,-1.73402, Land,0.660371,1.847128e-02,1.129707e-02,2.762290e-03,1.389561e-03,8.451674e-03,7.355726e-03
12,8,-35,-95,6.443719e-01,1.963329e-01,0.766466,0.840705,-0.43948,-1.62794, Land,0.644372,1.631495e-02,1.129090e-02,2.623568e-03,1.492132e-03,7.859660e-03,7.690118e-03
12,9,-35,-85,6.538385e-01,1.857997e-01,0.778715,0.839638,-0.42489,-1.68309, Land,0.653839,1.734289e-02,1.124307e-02,2.722614e-03,1.411295e-03,8.025334e-03,7.333336e-03
12,10,-35,-75,6.685727e-01,1.816461e-01,0.786354,0.850219,-0.40261,-1.70570, Land,0.668573,1.620903e-02,9.799487e-03,2.541162e-03,1.240556e-03,7.187405e-03,6.202667e-03
12,11,-35,-65,6.667473e-01,1.726921e-01,0.794277,0.839439,-0.40534,-1.75624, Land,0.666747,1.603547e-02,9.843615e-03,2.477965e-03,1.221420e-03,7.307244e-03,6.549996e-03
12,12,-35,-55,6.777110e-01,1.657056e-01,0.803531,0.843417,-0.38903,-1.79754, Land,0.677711,1.688561e-02,9.628320e-03,2.516896e-03,1.156416e-03,8.293769e-03,6.469983e-03
12,13,-35,-45,7.066068e-01,1.521780e-01,0.822798,0.858785,-0.34728,-1.88270, Land,0.706607,1.509704e-02,7.653335e-03,2.512503e-03,1.010173e-03,7.215803e-03,5.183392e-03
12,14,-35,-35,7.010840e-01,1.433168e-01,0.830274,0.844401,-0.35513,-1.94270, Land,0.701084,1.728807e-02,8.465466e-03,2.377874e-03,9.242403e-04,6.592748e-03,4.736507e-03
12,15,-35,-25,6.901799e-01,1.583910e-01,0.813344,0.848571,-0.37080,-1.84269, Land,0.690180,1.538601e-02,8.321297e-03,2.430481e-03,1.023659e-03,7.059739e-03,5.497448e-03
12,16,-35,-15,6.788688e-01,1.678608e-01,0.801754,0.846730,-0.38733,-1.78462, Land,0.678869,1.520760e-02,8.772635e-03,2.333721e-03,1.047670e-03,6.904978e-03,5.980846e-03
12,17,-35,-5,6.695556e-01,1.727950e-01,0.794866,0.842351,-0.40114,-1.75565, Land,0.669556,1.499637e-02,9.223156e-03,2.430946e-03,1.110087e-03,6.533520e-03,6.132917e-03
12,18,-35,5,7.001464e-01,1.431352e-01,0.830264,0.843282,-0.35647,-1.94397, Land,0.700146,1.870474e-02,8.724630e-03,2.647015e-03,9.534180e-04,8.199573e-03,5.890044e-03
12,19,-35,15,7.294455e-01,1.259954e-01,0.852713,0.855441,-0.31547,-2.07151, Land,0.729446,1.785687e-02,7.416006e-03,2.599325e-03,8.127646e-04,8.817104e-03,5.338529e-03
12,20,-35,25,7.211462e-01,1.273082e-01,0.849953,0.848454,-0.32691,-2.06114, Land,0.721146,1.906867e-02,7.825840e-03,2.721356e-03,8.766211e-04,9.247750e-03,5.413978e-03
12,21,-35,35,7.304513e-01,1.178323e-01,0.861093,0.848284,-0.31409,-2.13849, Land,0.730451,2.132111e-02,8.058266e-03,2.692005e-03,8.099647e-04,8.480117e-03,4.480720e-03
12,22,-35,45,7.310889e-01,1.225599e-01,0.856428,0.853649,-0.31322,-2.09916, Land,0.731089,1.840342e-02,7.176669e-03,2.721871e-03,8.376019e-04,9.110334e-03,5.228779e-03
12,23,-35,55,7.213732e-01,1.259501e-01,0.851355,0.847323,-0.32660,-2.07187, Land,0.721373,2.046351e-02,8.430056e-03,2.929478e-03,9.440215e-04,1.011272e-02,5.822244e-03
12,24,-35,65,7.115835e-01,1.343005e-01,0.841231,0.845884,-0.34026,-2.00768, Land,0.711583,1.970125e-02,8.816496e-03,2.830289e-03,1.016573e-03,9.860184e-03,5.881926e-03
12,25,-35,75,7.121293e-01,1.353704e-01,0.840271,0.847500,-0.33950,-1.99974, Land,0.712129,1.986675e-02,8.586728e-03,2.935884e-03,9.927988e-04,9.809788e-03,6.219262e-03
12,26,-35,85,7.114486e-01,1.355246e-01,0.839990,0.846973,-0.34045,-1.99860, Land,0.711449,2.146872e-02,9.070991e-03,3.224125e-03,1.129118e-03,1.023731e-02,6.501071e-03
12,27,-35,95,6.962180e-01,1.447897e-01,0.827838,0.841008,-0.36209,-1.93247, Land,0.696218,2.049384e-02,9.846001e-03,3.085051e-03,1.182489e-03,1.067744e-02,7.272217e-03
12,28,-35,105,6.982946e-01,1.351942e-01,0.837797,0.833489,-0.35911,-2.00104, Land,0.698295,2.249937e-02,9.516389e-03,3.068502e-03,1.089354e-03,1.101121e-02,6.867445e-03
12,29,-35,115,7.049485e-01,1.352118e-01,0.839064,0.840160,-0.34963,-2.00091, Land,0.704949,2.202658e-02,9.587216e-03,3.021334e-03,1.063344e-03,1.034855e-02,6.427646e-03
12,30,-35,125,7.116126e-01,1.341000e-01,0.841436,0.845713,-0.34022,-2.00917, Land,0.711613,2.097647e-02,8.933691e-03,3.198972e-03,1.077373e-03,1.001899e-02,6.265943e-03
12,31,-35,135,6.969138e-01,1.387651e-01,0.833949,0.835679,-0.36109,-1.97497, Land,0.696914,2.185365e-02,9.970212e-03,2.988151e-03,1.102352e-03,9.677424e-03,6.530206e-03
12,32,-35,145,7.092446e-01,1.346385e-01,0.840454,0.843883,-0.34355,-2.00516, Land,0.709245,2.129414e-02,9.532809e-03,2.930063e-03,1.043890e-03,1.068140e-02,6.556066e-03
12,33,-35,155,6.848547e-01,1.520686e-01,0.818300,0.836923,-0.37855,-1.88342, Land,0.684855,2.048404e-02,1.072924e-02,3.118006e-03,1.248433e-03,9.921162e-03,7.052979e-03
12,34,-35,165,6.875552e-01,1.447300e-01,0.826105,0.832285,-0.37461,-1.93289, Land,0.687555,2.166035e-02,1.023492e-02,3.089575e-03,1.145644e-03,1.005944e-02,7.101163e-03
12,35,-35,175,6.988160e-01,1.394369e-01,0.833658,0.838253,-0.35837,-1.97014, Land,0.698816,2.161406e-02,9.906329e-03,3.119014e-03,1.148778e-03,9.875611e-03,6.599437e-03
13,0,-45,-175,6.341572e-01,2.078741e-01,0.753128,0.842031,-0.45546,-1.57082, Land,0.634157,1.543013e-02,1.268112e-02,2.630417e-03,1.603311e-03,6.515116e-03,7.547519e-03
13,1,-45,-165,6.243601e-01,2.107681e-01,0.747622,0.835128,-0.47103,-1.55700, Land,0.624360,1.567444e-02,1.301679e-02,2.674119e-03,1.565876e-03,6.986458e-03,8.171819e-03
13,2,-45,-155,6.310962e-01,2.069130e-01,0.753090,0.838009,-0.46030,-1.57546, Land,0.631096,1.579293e-02,1.307513e-02,2.792802e-03,1.686430e-03,6.881547e-03,7.602613e-03
13,3,-45,-145,6.417362e-01,1.972099e-01,0.764931,0.838946,-0.44358,-1.62349, Land,0.641736,1.584108e-02,1.273717e-02,2.666572e-03,1.564430e-03,7.244710e-03,7.488027e-03
13,4,-45,-135,6.693535e-01,1.776868e-01,0.790226,0.847040,-0.40144,-1.72773, Land,0.669354,1.618364e-02,1.063506e-02,2.654162e-03,1.302048e-03,7.320574e-03,6.872267e-03
13,5,-45,-125,6.362658e-01,2.092900e-01,0.752482,0.845556,-0.45214,-1.56403, Land,0.636266,1.472029e-02,1.203564e-02,2.601790e-03,1.576042e-03,6.464938e-03,7.205955e-03
13,6,-45,-115,6.563938e-01,1.895053e-01,0.775972,0.845899,-0.42099,-1.66334, Land,0.656394,1.573076e-02,1.189832e-02,2.657013e-03,1.433978e-03,7.044132e-03,7.147658e-03
13,7,-45,-105,6.264658e-01,2.058188e-01,0.752706,0.832285,-0.46766,-1.58076, Land,0.626466,1.584467e-02,1.279163e-02,2.750183e-03,1.638741e-03,7.468298e-03,8.363953e-03
13,8,-45,-95,6.385095e-01,2.045638e-01,0.757359,0.843073,-0.44862,-1.58688, Land,0.638509,1.496031e-02,1.174963e-02,2.682653e-03,1.564964e-03,7.017136e-03,7.622996e-03
13,9,-45,-85,6.384747e-01,2.049411e-01,0.757011,0.843416,-0.44867,-1.58503, Land,0.638475,1.518122e-02,1.195836e-02,2.653536e-03,1.532875e-03,7.065868e-03,7.658974e-03
13,10,-45,-75,6.615638e-01,1.973467e-01,0.770236,0.858911,-0.41315,-1.62279, Land,0.661564,1.329866e-02,9.896616e-03,2.397256e-03,1.294773e-03,6.007360e-03,6.370381e-03
13,11,-45,-65,6.466100e-01,2.022854e-01,0.761707,0.848895,-0.43601,-1.59808, Land,0.646610,1.360191e-02,1.056660e-02,2.362296e-03,1.370735e-03,5.771358e-03,6.394961e-03
13,12,-45,-55,6.737671e-01,1.758146e-01,0.793057,0.849582,-0.39487,-1.73833, Land,0.673767,1.454341e-02,9.722456e-03,2.565956e-03,1.228067e-03,6.852724e-03,6.457673e-03
13,13,-45,-45,7.144838e-01,1.459269e-01,0.830399,0.860411,-0.33619,-1.92465, Land,0.714484,1.536064e-02,8.043483e-03,2.494007e-03,9.842248e-04,6.428698e-03,4.999134e-03
13,14,-45,-35,6.882337e-01,1.654465e-01,0.806196,0.853680,-0.37363,-1.79911, Land,0.688234,1.438932e-02,8.524152e-03,2.494104e-03,1.071908e-03,6.091240e-03,5.160281e-03
13,15,-45,-25,6.656097e-01,1.838589e-01,0.783560,0.849469,-0.40705,-1.69359, Land,0.665610,1.413425e-02,9.744885e-03,2.315283e-03,1.150725e-03,6.107881e-03,5.991798e-03
13,16,-45,-15,6.680230e-01,1.856246e-01,0.782551,0.853648,-0.40343,-1.68403, Land,0.668023,1.331709e-02,9.411412e-03,2.192586e-03,1.114616e-03,6.033137e-03,6.238237e-03
13,17,-45,-5,6.677543e-01,1.825570e-01,0.785306,0.850311,-0.40383,-1.70069, Land,0.667754,1.422336e-02,9.732882e-03,2.419860e-03,1.204491e-03,6.111684e-03,6.253251e-03
13,18,-45,5,6.989794e-01,1.561451e-01,0.817401,0.855124,-0.35813,-1.85697, Land,0.698979,1.627882e-02,9.154573e-03,2.495090e-03,1.027762e-03,7.411022e-03,6.153424e-03
13,19,-45,15,7.200947e-01,1.384706e-01,0.838719,0.858565,-0.32837,-1.97710, Land,0.720095,1.614190e-02,7.810429e-03,2.372723e-03,8.388575e-04,7.786095e-03,5.635774e-03
13,20,-45,25,7.116748e-01,1.455702e-01,0.830188,0.857245,-0.34013,-1.92710, Land,0.711675,1.668790e-02,8.637124e-03,2.498549e-03,9.403747e-04,7.947844e-03,5.814492e-03
13,21,-45,35,7.151064e-01,1.350943e-01,0.841103,0.850201,-0.33532,-2.00178, Land,0.715106,1.740790e-02,8.311585e-03,2.662089e-03,9.281041e-04,8.140217e-03,5.259811e-03
13,22,-45,45,7.348124e-01,1.249409e-01,0.854678,0.859753,-0.30814,-2.07991, Land,0.734812,1.778399e-02,8.024954e-03,2.574445e-03,8.483385e-04,8.436597e-03,5.149492e-03
13,23,-45,55,7.078725e-01,1.447336e-01,0.830246,0.852606,-0.34549,-1.93286, Land,0.707873,1.740501e-02,9.121140e-03,2.799422e-03,1.052476e-03,8.976947e-03,6.120969e-03
13,24,-45,65,6.996681e-01,1.530229e-01,0.820541,0.852691,-0.35715,-1.87717, Land,0.699668,1.667660e-02,9.283444e-03,2.622582e-03,1.085419e-03,8.254323e-03,6.092210e-03
13,25,-45,75,7.021353e-01,1.529766e-01,0.821103,0.855112,-0.35363,-1.87747, Land,0.702135,1.730293e-02,9.511420e-03,2.730109e-03,1.103752e-03,8.284604e-03,6.015328e-03
13,26,-45,85,7.048319e-01,1.454246e-01,0.828964,0.850257,-0.34980,-1.92810, Land,0.704832,1.841063e-02,9.502558e-03,3.082142e-03,1.173319e-03,9.392091e-03,6.615640e-03
13,27,-45,95,6.859596e-01,1.572624e-01,0.813498,0.843222,-0.37694,-1.84984, Land,0.685960,1.825919e-02,1.053474e-02,2.974322e-03,1.253830e-03,9.529947e-03,7.433852e-03
13,28,-45,105,6.983913e-01,1.453937e-01,0.827689,0.843785,-0.35898,-1.92831, Land,0.698391,1.924598e-02,9.817546e-03,3.096888e-03,1.194408e-03,9.698991e-03,6.864067e-03
13,29,-45,115,6.954432e-01,1.500211e-01,0.822558,0.845464,-0.36321,-1.89698, Land,0.695443,1.928192e-02,1.032032e-02,3.092818e-03,1.189280e-03,8.986598e-03,6.522945e-03
13,30,-45,125,6.956813e-01,1.510745e-01,0.821584,0.846756,-0.36286,-1.88998, Land,0.695681,1.852011e-02,1.001094e-02,3.043576e-03,1.159024e-03,8.745575e-03,6.614627e-03
13,31,-45,135,6.979664e-01,1.459905e-01,0.827017,0.843957,-0.35958,-1.92421, Land,0.697966,1.884161e-02,9.737029e-03,2.942675e-03,1.114711e-03,9.189200e-03,6.685936e-03
13,32,-45,145,6.893467e-01,1.534425e-01,0.817935,0.842789,-0.37201,-1.87443, Land,0.689347,1.870124e-02,1.095800e-02,2.929213e-03,1.249068e-03,9.448950e-03,7.092385e-03
13,33,-45,155,6.819602e-01,1.606673e-01,0.809326,0.842627,-0.38278,-1.82842, Land,0.681960,1.744491e-02,1.043467e-02,3.058172e-03,1.299374e-03,8.472171e-03,6.746650e-03
13,34,-45,165,6.870934e-01,1.524753e-01,0.818389,0.839569,-0.37529,-1.88075, Land,0.687093,1.948091e-02,1.052529e-02,3.057290e-03,1.183867e-03,8.823437e-03,6.835653e-03
13,35,-45,175,6.853724e-01,1.539902e-01,0.816539,0.839363,-0.37779,-1.87087, Land,0.685372,1.912516e-02,1.078262e-02,3.090108e-03,1.246199e-03,8.822022e-03,6.934238e-03
14,0,-55,-175,6.410779e-01,1.917265e-01,0.769782,0.832804,-0.44460,-1.65169, Land,0.641078,1.747846e-02,1.307049e-02,2.640602e-03,1.587776e-03,8.386622e-03,7.568153e-03
14,1,-55,-165,6.467233e-01,1.888392e-01,0.773998,0.835562,-0.43584,-1.66686, Land,0.646723,1.782084e-02,1.313489e-02,2.583625e-03,1.508117e-03,8.669586e-03,7.431319e-03
14,2,-55,-155,6.406980e-01,1.954943e-01,0.766209,0.836192,-0.44520,-1.63222, Land,0.640698,1.694226e-02,1.350654e-02,2.610424e-03,1.633942e-03,8.743817e-03,7.774398e-03
14,3,-55,-145,6.472763e-01,1.891308e-01,0.773877,0.836407,-0.43498,-1.66532, Land,0.647276,1.755639e-02,1.329283e-02,2.535207e-03,1.559070e-03,9.006983e-03,7.472298e-03
14,4,-55,-135,6.635543e-01,1.759393e-01,0.790422,0.839494,-0.41014,-1.73762, Land,0.663554,1.814095e-02,1.197635e-02,2.623595e-03,1.389017e-03,8.627367e-03,7.011535e-03
14,5,-55,-125,6.508487e-01,1.884893e-01,0.775431,0.839338,-0.42948,-1.66871, Land,0.650849,1.716026e-02,1.253269e-02,2.528005e-03,1.509287e-03,8.564502e-03,7.565722e-03
14,6,-55,-115,6.469786e-01,1.875398e-01,0.775272,0.834518,-0.43544,-1.67376, Land,0.646979,1.714714e-02,1.288386e-02,2.546426e-03,1.527222e-03,8.376558e-03,7.316696e-03
14,7,-55,-105,6.447920e-01,1.853022e-01,0.776770,0.830094,-0.43883,-1.68577, Land,0.644792,1.766368e-02,1.282927e-02,2.642552e-03,1.558774e-03,8.949037e-03,7.531922e-03
14,8,-55,-95,6.480359e-01,1.916930e-01,0.771720,0.839729,-0.43381,-1.65186, Land,0.648036,1.614953e-02,1.219895e-02,2.470239e-03,1.509237e-03,8.959071e-03,7.860547e-03
14,9,-55,-85,6.430588e-01,1.947597e-01,0.767539,0.837819,-0.44152,-1.63599, Land,0.643059,1.694160e-02,1.272193e-02,2.493874e-03,1.519065e-03,8.805768e-03,7.917369e-03
14,10,-55,-75,6.707737e-01,1.803193e-01,0.788132,0.851093,-0.39932,-1.71303, Land,0.670774,1.585990e-02,1.061144e-02,2.425975e-03,1.335413e-03,8.160808e-03,6.480661e-03
14,11,-55,-65,6.642885e-01,1.795757e-01,0.787198,0.843864,-0.40904,-1.71716, Land,0.664288,1.553885e-02,1.072829e-02,2.376633e-03,1.323375e-03,7.858855e-03,6.449366e-03
14,12,-55,-55,6.899437e-01,1.519205e-01,0.819543,0.841864,-0.37115,-1.88440, Land,0.689944,1.787958e-02,1.041724e-02,2.340446e-03,1.068606e-03,8.248288e-03,5.655452e-03
14,13,-55,-45,7.018340e-01,1.495792e-01,0.824317,0.851413,-0.35406,-1.89993, Land,0.701834,1.590300e-02,8.646299e-03,2.472649e-03,1.077101e-03,8.255165e-03,5.421056e-03
14,14,-55,-35,6.871217e-01,1.574441e-01,0.813580,0.844566,-0.37524,-1.84868, Land,0.687122,1.663655e-02,9.443870e-03,2.446501e-03,1.112960e-03,8.076499e-03,5.412762e-03
14,15,-55,-25,6.937325e-01,1.566818e-01,0.815758,0.850414,-0.36567,-1.85354, Land,0.693733,1.612955e-02,9.389253e-03,2.430869e-03,1.161011e-03,8.038632e-03,5.656849e-03
14,16,-55,-15,6.768108e-01,1.717227e-01,0.797624,0.848534,-0.39036,-1.76187, Land,0.676811,1.533856e-02,9.878922e-03,2.245319e-03,1.130159e-03,8.124119e-03,6.258545e-03
14,17,-55,-5,6.719339e-01,1.711525e-01,0.796993,0.843086,-0.39760,-1.76520, Land,0.671934,1.620746e-02,1.041088e-02,2.410183e-03,1.210080e-03,8.373194e-03,6.643014e-03
14,18,-55,5,6.916382e-01,1.539138e-01,0.817972,0.845552,-0.36869,-1.87136, Land,0.691638,1.823496e-02,1.030274e-02,2.487096e-03,1.088515e-03,9.648370e-03,6.566891e-03
14,19,-55,15,7.016154e-01,1.478070e-01,0.825991,0.849422,-0.35437,-1.91185, Land,0.701615,1.814455e-02,9.507769e-03,2.425847e-03,9.910955e-04,1.004528e-02,6.468011e-03
14,20,-55,25,6.999934e-01,1.447611e-01,0.828635,0.844755,-0.35668,-1.93267, Land,0.699993,1.837272e-02,9.730645e-03,2.550838e-03,1.029793e-03,1.076486e-02,6.667946e-03
14,21,-55,35,7.006571e-01,1.420203e-01,0.831465,0.842677,-0.35574,-1.95179, Land,0.700657,1.929083e-02,9.600897e-03,2.617022e-03,1.018805e-03,1.019257e-02,5.882370e-03
14,22,-55,45,7.134676e-01,1.350439e-01,0.840846,0.848511,-0.33762,-2.00216, Land,0.713468,1.852686e-02,8.514400e-03,2.688508e-03,9.787676e-04,1.112476e-02,6.186733e-03
14,23,-55,55,7.118827e-01,1.339245e-01,0.841661,0.845807,-0.33984,-2.01048, Land,0.711883,2.040534e-02,9.561959e-03,2.561241e-03,9.760594e-04,1.065402e-02,5.678853e-03
14,24,-55,65,6.923292e-01,1.512570e-01,0.820698,0.843586,-0.36769,-1.88877, Land,0.692329,1.867126e-02,9.997665e-03,2.642408e-03,1.146344e-03,1.000861e-02,6.281195e-03
14,25,-55,75,6.978569e-01,1.484064e-01,0.824633,0.846263,-0.35974,-1.90780, Land,0.697857,1.886620e-02,9.924857e-03,2.727348e-03,1.143215e-03,1.043655e-02,6.465345e-03
14,26,-55,85,6.880137e-01,1.532910e-01,0.817794,0.841305,-0.37395,-1.87542, Land,0.688014,1.966245e-02,1.082854e-02,2.908429e-03,1.290426e-03,1.102209e-02,7.307765e-03
14,27,-55,95,6.756902e-01,1.629232e-01,0.805723,0.838613,-0.39202,-1.81448, Land,0.675690,1.958099e-02,1.183474e-02,2.688634e-03,1.305427e-03,1.178406e-02,8.069733e-03
14,28,-55,105,6.758204e-01,1.551755e-01,0.813266,0.830996,-0.39183,-1.86320, Land,0.675820,2.085439e-02,1.183774e-02,2.886030e-03,1.338174e-03,1.145042e-02,7.477343e-03
14,29,-55,115,6.844696e-01,1.513910e-01,0.818880,0.835861,-0.37911,-1.88789, Land,0.684470,2.080443e-02,1.133153e-02,2.813476e-03,1.263669e-03,1.151906e-02,7.416888e-03
14,30,-55,125,6.790537e-01,1.547478e-01,0.814407,0.833801,-0.38706,-1.86596, Land,0.679054,1.990269e-02,1.120739e-02,2.802832e-03,1.267805e-03,1.094436e-02,7.467902e-03
14,31,-55,135,6.852687e-01,1.509903e-01,0.819445,0.836259,-0.37794,-1.89054, Land,0.685269,2.030907e-02,1.088689e-02,2.765214e-03,1.184638e-03,1.117631e-02,7.184654e-03
14,32,-55,145,6.788578e-01,1.571800e-01,0.811994,0.836038,-0.38734,-1.85036, Land,0.678858,2.061349e-02,1.190989e-02,2.853978e-03,1.308585e-03,1.163303e-02,7.763824e-03
14,33,-55,155,6.743512e-01,1.582674e-01,0.809916,0.832619,-0.39400,-1.84347, Land,0.674351,2.035419e-02,1.216812e-02,2.908913e-03,1.393425e-03,1.113977e-02,7.486281e-03
14,34,-55,165,6.748768e-01,1.590100e-01,0.809315,0.833887,-0.39323,-1.83879, Land,0.674877,2.001416e-02,1.160719e-02,2.844524e-03,1.340299e-03,1.115437e-02,7.533205e-03
14,35,-55,175,6.728138e-01,1.578048e-01,0.810015,0.830619,-0.39629,-1.84640, Land,0.672814,2.063410e-02,1.193335e-02,2.942708e-03,1.370467e-03,1.112021e-02,7.713277e-03
15,0,-65,-175,6.370412e-01,2.012183e-01,0.759957,0.838259,-0.45092,-1.60336, Land,0.637041,1.729137e-02,1.306682e-02,2.456295e-03,1.584760e-03,7.521506e-03,8.105231e-03
15,1,-65,-165,6.297457e-01,2.065378e-01,0.753029,0.836283,-0.46244,-1.57727, Land,0.629746,1.715543e-02,1.350226e-02,2.393687e-03,1.594268e-03,7.233757e-03,8.047264e-03
15,2,-65,-155,6.229983e-01,2.110878e-01,0.746923,0.834086,-0.47321,-1.55548, Land,0.622998,1.743311e-02,1.429013e-02,2.428517e-03,1.660769e-03,7.934502e-03,8.989426e-03
15,3,-65,-145,6.289465e-01,2.076470e-01,0.751795,0.836594,-0.46371,-1.57192, Land,0.628947,1.843907e-02,1.497034e-02,2.347524e-03,1.621152e-03,8.357088e-03,8.811722e-03
15,4,-65,-135,6.487178e-01,1.918726e-01,0.771741,0.840590,-0.43276,-1.65092, Land,0.648718,1.779594e-02,1.269889e-02,2.449941e-03,1.457158e-03,7.985790e-03,7.686912e-03
15,5,-65,-125,6.243593e-01,2.129689e-01,0.745657,0.837328,-0.47103,-1.54661, Land,0.624359,1.722169e-02,1.372059e-02,2.338141e-03,1.608207e-03,7.216501e-03,8.408377e-03
15,6,-65,-115,6.383509e-01,2.005917e-01,0.760899,0.838943,-0.44887,-1.60648, Land,0.638351,1.795448e-02,1.341961e-02,2.467314e-03,1.576403e-03,7.909542e-03,8.069787e-03
15,7,-65,-105,6.266115e-01,2.084187e-01,0.750406,0.835030,-0.46743,-1.56821, Land,0.626611,1.745484e-02,1.363152e-02,2.371143e-03,1.644502e-03,7.692160e-03,8.506285e-03
15,8,-65,-95,6.307298e-01,2.098836e-01,0.750321,0.840613,-0.46088,-1.56120, Land,0.630730,1.577094e-02,1.246886e-02,2.399069e-03,1.627892e-03,7.724252e-03,8.358287e-03
15,9,-65,-85,6.397534e-01,2.009793e-01,0.760947,0.840733,-0.44667,-1.60455, Land,0.639753,1.679334e-02,1.267769e-02,2.353950e-03,1.502765e-03,7.915480e-03,8.280705e-03
15,10,-65,-75,6.333798e-01,2.073880e-01,0.753335,0.840768,-0.45668,-1.57316, Land,0.633380,1.574071e-02,1.215181e-02,2.260278e-03,1.484556e-03,6.680465e-03,7.331222e-03
15,11,-65,-65,6.556597e-01,1.833087e-01,0.781507,0.838968,-0.42211,-1.69658, Land,0.655660,1.705463e-02,1.152629e-02,2.110214e-03,1.241808e-03,7.132454e-03,6.639786e-03
15,12,-65,-55,6.602495e-01,1.850763e-01,0.781059,0.845326,-0.41514,-1.68699, Land,0.660250,1.663698e-02,1.143300e-02,2.323198e-03,1.331818e-03,7.867363e-03,7.221347e-03
15,13,-65,-45,6.809282e-01,1.736315e-01,0.796818,0.854560,-0.38430,-1.75082, Land,0.680928,1.565501e-02,9.920999e-03,2.278623e-03,1.209625e-03,7.512651e-03,6.429313e-03
15,14,-65,-35,6.681338e-01,1.786552e-01,0.789020,0.846789,-0.40327,-1.72230, Land,0.668134,1.652090e-02,1.074118e-02,2.304883e-03,1.248867e-03,7.536891e-03,6.753961e-03
15,15,-65,-25,6.583275e-01,1.886507e-01,0.777266,0.846978,-0.41805,-1.66786, Land,0.658328,1.596309e-02,1.131138e-02,2.248437e-03,1.304374e-03,7.360378e-03,7.063544e-03
15,16,-65,-15,6.453803e-01,2.026699e-01,0.761017,0.848050,-0.43792,-1.59618, Land,0.645380,1.515651e-02,1.173420e-02,2.078872e-03,1.306785e-03,7.059755e-03,7.654869e-03
15,17,-65,-5,6.398868e-01,2.012485e-01,0.760742,0.841135,-0.44646,-1.60321, Land,0.639887,1.534124e-02,1.181309e-02,2.140006e-03,1.353185e-03,6.658778e-03,7.535698e-03
15,18,-65,5,6.613306e-01,1.833991e-01,0.782890,0.844730,-0.41350,-1.69609, Land,0.661331,1.714499e-02,1.182065e-02,2.292031e-03,1.270714e-03,8.170899e-03,8.050645e-03
15,19,-65,15,6.829669e-01,1.680364e-01,0.802543,0.851003,-0.38131,-1.78357, Land,0.682967,1.713356e-02,1.045321e-02,2.192731e-03,1.085285e-03,8.372930e-03,7.215267e-03
15,20,-65,25,6.686752e-01,1.748467e-01,0.792718,0.843522,-0.40246,-1.74385, Land,0.668675,1.832398e-02,1.150472e-02,2.280170e-03,1.188081e-03,8.955699e-03,7.755066e-03
15,21,-65,35,6.702438e-01,1.718243e-01,0.795950,0.842068,-0.40011,-1.76128, Land,0.670244,1.876779e-02,1.155766e-02,2.307851e-03,1.160238e-03,8.471871e-03,7.233577e-03
15,22,-65,45,6.885635e-01,1.611748e-01,0.810324,0.849738,-0.37315,-1.82527, Land,0.688563,1.777232e-02,9.920288e-03,2.369478e-03,1.124830e-03,8.951821e-03,7.165788e-03
15,23,-65,55,6.712737e-01,1.718478e-01,0.796177,0.843121,-0.39858,-1.76115, Land,0.671274,1.923798e-02,1.168343e-02,2.379110e-03,1.202062e-03,9.542742e-03,7.776217e-03
15,24,-65,65,6.899357e-01,1.544840e-01,0.817053,0.844420,-0.37116,-1.86766, Land,0.689936,2.041747e-02,1.165418e-02,2.253302e-03,1.061629e-03,8.641353e-03,6.531712e-03
15,25,-65,75,6.589853e-01,1.793379e-01,0.786076,0.838323,-0.41705,-1.71848, Land,0.658985,1.916185e-02,1.234518e-02,2.421175e-03,1.327962e-03,8.953281e-03,7.993602e-03
15,26,-65,85,6.621557e-01,1.803533e-01,0.785933,0.842509,-0.41225,-1.71284, Land,0.662156,1.912944e-02,1.214948e-02,2.515716e-03,1.363367e-03,9.797148e-03,8.608554e-03
15,27,-65,95,6.659795e-01,1.770189e-01,0.790013,0.842998,-0.40650,-1.73150, Land,0.665980,1.889525e-02,1.216031e-02,2.570972e-03,1.387785e-03,9.223259e-03,8.120618e-03
15,28,-65,105,6.595014e-01,1.721671e-01,0.792986,0.831668,-0.41627,-1.75929, Land,0.659501,2.090363e-02,1.295523e-02,2.633826e-03,1.397652e-03,9.586609e-03,8.422072e-03
15,29,-65,115,6.703265e-01,1.701684e-01,0.797538,0.840495,-0.39999,-1.77097, Land,0.670326,2.036124e-02,1.224148e-02,2.542908e-03,1.308158e-03,9.639936e-03,7.852770e-03
15,30,-65,125,6.670533e-01,1.696502e-01,0.797240,0.836703,-0.40489,-1.77402, Land,0.667053,2.052939e-02,1.229594e-02,2.680502e-03,1.334570e-03,9.653688e-03,8.185227e-03
15,31,-65,135,6.736769e-01,1.656675e-01,0.802623,0.839344,-0.39500,-1.79777, Land,0.673677,2.090051e-02,1.204354e-02,2.593570e-03,1.255784e-03,9.568462e-03,7.666415e-03
15,32,-65,145,6.621513e-01,1.745800e-01,0.791355,0.836731,-0.41226,-1.74537, Land,0.662151,2.048056e-02,1.292062e-02,2.518232e-03,1.343182e-03,1.012508e-02,8.773769e-03
15,33,-65,155,6.528085e-01,1.777715e-01,0.785967,0.830580,-0.42647,-1.72726, Land,0.652809,2.076707e-02,1.347477e-02,2.686997e-03,1.461696e-03,9.417383e-03,8.228359e-03
15,34,-65,165,6.687981e-01,1.649342e-01,0.802174,0.833732,-0.40227,-1.80221, Land,0.668798,2.131542e-02,1.250569e-02,2.649202e-03,1.303447e-03,9.692694e-03,7.663019e-03
15,35,-65,175,6.586579e-01,1.761380e-01,0.789005,0.834796,-0.41755,-1.73649, Land,0.658658,2.048402e-02,1.286997e-02,2.661670e-03,1.443428e-03,9.160951e-03,8.122859e-03
16,0,-75,-175,6.407185e-01,1.997182e-01,0.762364,0.840437,-0.44517,-1.61085, Land,0.640718,1.871522e-02,1.350698e-02,2.697544e-03,1.783149e-03,9.199877e-03,9.361251e-03
16,1,-75,-165,6.308976e-01,2.094197e-01,0.750785,0.840317,-0.46061,-1.56341, Land,0.630898,1.857153e-02,1.421283e-02,2.592499e-03,1.751071e-03,9.222871e-03,9.730889e-03
16,2,-75,-155,6.257974e-01,2.121015e-01,0.746865,0.837899,-0.46873,-1.55069, Land,0.625797,1.876227e-02,1.437736e-02,2.762609e-03,1.931205e-03,9.554919e-03,1.026496e-02
16,3,-75,-145,6.435155e-01,2.021535e-01,0.760954,0.845669,-0.44081,-1.59873, Land,0.643515,1.916220e-02,1.402804e-02,2.558679e-03,1.715184e-03,9.784550e-03,9.773107e-03
16,4,-75,-135,6.522453e-01,1.897472e-01,0.774645,0.841993,-0.42733,-1.66206, Land,0.652245,1.961735e-02,1.313204e-02,2.595433e-03,1.567730e-03,9.967687e-03,9.380672e-03
16,5,-75,-125,6.432863e-01,2.045831e-01,0.758709,0.847869,-0.44117,-1.58678, Land,0.643286,1.753311e-02,1.295900e-02,2.606069e-03,1.714475e-03,8.697116e-03,9.392728e-03
16,6,-75,-115,6.364827e-01,2.048218e-01,0.756543,0.841304,-0.45180,-1.58561, Land,0.636483,1.843469e-02,1.355812e-02,2.581952e-03,1.746363e-03,1.009572e-02,1.038912e-02
16,7,-75,-105,6.409849e-01,1.991368e-01,0.762967,0.840122,-0.44475,-1.61376, Land,0.640985,1.849155e-02,1.319454e-02,2.647288e-03,1.714028e-03,9.807886e-03,1.004490e-02
16,8,-75,-95,6.252760e-01,2.146727e-01,0.744422,0.839949,-0.46956,-1.53864, Land,0.625276,1.795662e-02,1.415708e-02,2.489475e-03,1.765036e-03,9.951266e-03,1.070880e-02
16,9,-75,-85,6.480760e-01,1.985998e-01,0.765436,0.846676,-0.43375,-1.61646, Land,0.648076,1.826991e-02,1.255636e-02,2.570080e-03,1.642814e-03,9.983143e-03,9.760481e-03
16,10,-75,-75,6.639022e-01,1.854518e-01,0.781656,0.849354,-0.40962,-1.68496, Land,0.663902,1.818781e-02,1.187495e-02,2.352732e-03,1.441348e-03,8.558616e-03,7.811869e-03
16,11,-75,-65,6.489298e-01,1.981458e-01,0.766082,0.847076,-0.43243,-1.61875, Land,0.648930,1.808368e-02,1.259625e-02,2.518259e-03,1.598397e-03,9.451151e-03,9.516144e-03
16,12,-75,-55,6.580388e-01,1.887882e-01,0.777064,0.846827,-0.41849,-1.66713, Land,0.658039,1.867719e-02,1.250621e-02,2.454884e-03,1.468008e-03,9.764233e-03,8.920713e-03
16,13,-75,-45,6.694449e-01,1.856173e-01,0.782919,0.855062,-0.40131,-1.68407, Land,0.669445,1.685254e-02,1.101996e-02,2.441891e-03,1.406177e-03,9.307613e-03,8.337265e-03
16,14,-75,-35,6.579689e-01,1.898507e-01,0.776072,0.847820,-0.41860,-1.66152, Land,0.657969,1.819755e-02,1.197116e-02,2.417349e-03,1.445401e-03,8.999236e-03,8.333310e-03
16,15,-75,-25,6.663889e-01,1.839373e-01,0.783686,0.850326,-0.40588,-1.69316, Land,0.666389,1.737934e-02,1.113555e-02,2.408546e-03,1.370531e-03,9.022950e-03,8.279000e-03
16,16,-75,-15,6.520877e-01,2.001093e-01,0.765184,0.852197,-0.42758,-1.60889, Land,0.652088,1.628421e-02,1.169583e-02,2.328642e-03,1.477206e-03,9.044253e-03,9.354880e-03
16,17,-75,-5,6.425247e-01,2.052418e-01,0.757903,0.847767,-0.44235,-1.58357, Land,0.642525,1.760932e-02,1.276706e-02,2.352231e-03,1.533131e-03,9.037525e-03,9.634213e-03
16,18,-75,5,6.488625e-01,1.972167e-01,0.766905,0.846079,-0.43253,-1.62345, Land,0.648863,1.957033e-02,1.334153e-02,2.370829e-03,1.468722e-03,1.028632e-02,1.049128e-02
16,19,-75,15,6.560162e-01,1.895481e-01,0.775832,0.845564,-0.42157,-1.66311, Land,0.656016,1.973674e-02,1.234096e-02,2.348663e-03,1.343579e-03,1.025069e-02,9.849040e-03
16,20,-75,25,6.677684e-01,1.810605e-01,0.786694,0.848829,-0.40381,-1.70892, Land,0.667768,1.993201e-02,1.207763e-02,2.378835e-03,1.310703e-03,1.048772e-02,9.215704e-03
16,21,-75,35,6.638964e-01,1.795416e-01,0.787131,0.843438,-0.40963,-1.71735, Land,0.663896,2.066311e-02,1.231349e-02,2.434726e-03,1.323839e-03,1.084081e-02,9.492724e-03
16,22,-75,45,6.723955e-01,1.798409e-01,0.788978,0.852236,-0.39691,-1.71568, Land,0.672395,1.901987e-02,1.128544e-02,2.417051e-03,1.305993e-03,1.113430e-02,9.630329e-03
16,23,-75,55,6.580293e-01,1.857041e-01,0.779902,0.843733,-0.41851,-1.68360, Land,0.658029,2.105294e-02,1.322277e-02,2.518258e-03,1.434795e-03,1.193106e-02,1.035252e-02
16,24,-75,65,6.487214e-01,1.878225e-01,0.775478,0.836544,-0.43275,-1.67226, Land,0.648721,2.084157e-02,1.336686e-02,2.522925e-03,1.488331e-03,1.119678e-02,1.032360e-02
16,25,-75,75,6.642978e-01,1.745179e-01,0.791947,0.838816,-0.40902,-1.74573, Land,0.664298,2.345483e-02,1.380611e-02,2.497355e-03,1.371179e-03,1.098972e-02,9.001094e-03
16,26,-75,85,6.488928e-01,1.884636e-01,0.774930,0.837356,-0.43249,-1.66885, Land,0.648893,2.115015e-02,1.345251e-02,2.680954e-03,1.605364e-03,1.160357e-02,1.078450e-02
16,27,-75,95,6.403358e-01,1.963164e-01,0.765355,0.836652,-0.44576,-1.62803, Land,0.640336,2.093467e-02,1.396821e-02,2.680651e-03,1.658534e-03,1.153682e-02,1.082849e-02
16,28,-75,105,6.449867e-01,1.891226e-01,0.773264,0.834109,-0.43853,-1.66536, Land,0.644987,2.218524e-02,1.387831e-02,2.823295e-03,1.682670e-03,1.125158e-02,1.085917e-02
16,29,-75,115,6.420950e-01,1.900050e-01,0.771656,0.832100,-0.44302,-1.66070, Land,0.642095,2.227788e-02,1.448206e-02,2.744587e-03,1.681025e-03,1.167519e-02,1.080240e-02
16,30,-75,125,6.528020e-01,1.861524e-01,0.778114,0.838954,-0.42648,-1.68119, Land,0.652802,2.156134e-02,1.343757e-02,2.711992e-03,1.585554e-03,1.080812e-02,1.009646e-02
16,31,-75,135,6.575232e-01,1.809301e-01,0.784210,0.838453,-0.41928,-1.70964, Land,0.657523,2.236392e-02,1.351483e-02,2.770165e-03,1.547734e-03,1.078861e-02,9.895418e-03
16,32,-75,145,6.469502e-01,1.914104e-01,0.771685,0.838361,-0.43549,-1.65334, Land,0.646950,2.198888e-02,1.454794e-02,2.654682e-03,1.635318e-03,1.165079e-02,1.093808e-02
16,33,-75,155,6.420039e-01,1.918874e-01,0.769889,0.833891,-0.44316,-1.65085, Land,0.642004,2.194412e-02,1.449432e-02,2.832570e-03,1.729468e-03,1.065306e-02,1.021394e-02
16,34,-75,165,6.419147e-01,1.911270e-01,0.770567,0.833042,-0.44330,-1.65482, Land,0.641915,2.218888e-02,1.429315e-02,2.702272e-03,1.645834e-03,1.124620e-02,1.077189e-02
16,35,-75,175,6.487995e-01,1.845231e-01,0.778569,0.833323,-0.43263,-1.68998, Land,0.648800,2.279735e-02,1.444909e-02,2.798437e-03,1.633947e-03,1.086890e-02,9.495062e-03
17,0,-85,-175,6.445167e-01,1.932944e-01,0.769286,0.837811,-0.43925,-1.64354, Land,0.644517,2.012421e-02,1.526396e-02,2.683630e-03,1.699423e-03,1.085949e-02,1.140746e-02
17,1,-85,-165,6.229103e-01,2.050623e-01,0.752332,0.827973,-0.47335,-1.58444, Land,0.622910,1.995337e-02,1.634461e-02,2.666323e-03,1.834174e-03,1.005934e-02,1.149588e-02
17,2,-85,-155,6.156724e-01,2.129936e-01,0.742968,0.828666,-0.48504,-1.54649, Land,0.615672,1.990371e-02,1.689617e-02,2.718615e-03,1.952365e-03,1.020829e-02,1.169981e-02
17,3,-85,-145,6.341240e-01,2.007570e-01,0.759538,0.834881,-0.45551,-1.60566, Land,0.634124,2.010351e-02,1.593705e-02,2.651648e-03,1.789920e-03,1.073640e-02,1.157013e-02
17,4,-85,-135,6.484308e-01,1.888355e-01,0.774462,0.837266,-0.43320,-1.66688, Land,0.648431,2.088397e-02,1.459630e-02,2.606394e-03,1.601804e-03,1.064166e-02,1.039272e-02
17,5,-85,-125,6.329011e-01,2.016559e-01,0.758368,0.834557,-0.45744,-1.60119, Land,0.632901,1.925513e-02,1.491924e-02,2.698959e-03,1.796046e-03,1.000478e-02,1.105965e-02
17,6,-85,-115,6.442932e-01,1.923655e-01,0.770079,0.836659,-0.43960,-1.64836, Land,0.644293,1.972575e-02,1.490207e-02,2.689836e-03,1.731845e-03,1.050295e-02,1.062561e-02
17,7,-85,-105,6.357106e-01,1.927014e-01,0.767385,0.828412,-0.45301,-1.64661, Land,0.635711,2.019819e-02,1.500493e-02,2.635383e-03,1.722194e-03,1.052541e-02,1.115170e-02
17,8,-85,-95,6.353846e-01,1.980756e-01,0.762345,0.833460,-0.45352,-1.61911, Land,0.635385,1.752347e-02,1.358288e-02,2.576600e-03,1.715856e-03,1.098689e-02,1.154128e-02
17,9,-85,-85,6.444068e-01,1.930236e-01,0.769505,0.837430,-0.43943,-1.64494, Land,0.644407,1.988167e-02,1.481642e-02,2.342685e-03,1.558656e-03,1.055057e-02,1.036747e-02
17,10,-85,-75,6.453487e-01,1.947680e-01,0.768166,0.840117,-0.43796,-1.63595, Land,0.645349,1.915496e-02,1.386557e-02,2.644704e-03,1.679066e-03,9.644886e-03,1.032264e-02
17,11,-85,-65,6.402025e-01,1.937459e-01,0.767676,0.833948,-0.44597,-1.64121, Land,0.640203,1.905517e-02,1.414753e-02,2.510588e-03,1.632071e-03,1.006820e-02,1.067879e-02
17,12,-85,-55,6.444119e-01,1.948344e-01,0.767846,0.839246,-0.43942,-1.63561, Land,0.644412,1.927416e-02,1.406048e-02,2.534305e-03,1.594579e-03,1.098315e-02,1.107719e-02
17,13,-85,-45,6.582004e-01,1.875361e-01,0.778257,0.845736,-0.41825,-1.67378, Land,0.658200,1.786805e-02,1.299919e-02,2.416964e-03,1.456668e-03,1.007716e-02,1.005915e-02
17,14,-85,-35,6.521930e-01,1.894402e-01,0.774914,0.841633,-0.42741,-1.66368, Land,0.652193,1.890277e-02,1.344913e-02,2.441816e-03,1.490867e-03,9.510788e-03,9.669446e-03
17,15,-85,-25,6.488162e-01,1.930390e-01,0.770698,0.841855,-0.43261,-1.64486, Land,0.648816,1.827586e-02,1.340222e-02,2.329544e-03,1.475140e-03,9.805015e-03,1.068518e-02
17,16,-85,-15,6.451714e-01,1.939209e-01,0.768892,0.839092,-0.43824,-1.64030, Land,0.645171,1.739782e-02,1.318121e-02,2.324927e-03,1.471242e-03,9.793739e-03,1.032702e-02
17,17,-85,-5,6.225960e-01,2.057145e-01,0.751646,0.828311,-0.47386,-1.58127, Land,0.622596,1.849056e-02,1.495913e-02,2.301715e-03,1.596362e-03,9.584498e-03,1.158095e-02
17,18,-85,5,6.437726e-01,1.925776e-01,0.769740,0.836350,-0.44041,-1.64726, Land,0.643773,1.978737e-02,1.421103e-02,2.435808e-03,1.457902e-03,1.062443e-02,1.160203e-02
17,19,-85,15,6.422875e-01,1.918863e-01,0.769968,0.834174,-0.44272,-1.65085, Land,0.642287,1.976848e-02,1.406690e-02,2.317896e-03,1.400866e-03,1.093702e-02,1.118967e-02
17,20,-85,25,6.370464e-01,1.943549e-01,0.766232,0.831401,-0.45091,-1.63807, Land,0.637046,1.988494e-02,1.470424e-02,2.425020e-03,1.486815e-03,1.125277e-02,1.209422e-02
17,21,-85,35,6.378190e-01,1.930954e-01,0.767611,0.830914,-0.44970,-1.64457, Land,0.637819,1.979365e-02,1.456937e-02,2.478870e-03,1.522624e-03,1.091478e-02,1.126079e-02
17,22,-85,45,6.610541e-01,1.841407e-01,0.782132,0.845195,-0.41392,-1.69205, Land,0.661054,1.899305e-02,1.318310e-02,2.485455e-03,1.428654e-03,1.124546e-02,1.103751e-02
17,23,-85,55,6.491341e-01,1.896952e-01,0.773857,0.838829,-0.43212,-1.66234, Land,0.649134,1.977506e-02,1.426569e-02,2.532800e-03,1.550815e-03,1.168075e-02,1.156740e-02
17,24,-85,65,6.464592e-01,1.895520e-01,0.773266,0.836011,-0.43625,-1.66309, Land,0.646459,2.005650e-02,1.459925e-02,2.606149e-03,1.596003e-03,1.170490e-02,1.194861e-02
17,25,-85,75,6.555922e-01,1.829029e-01,0.781868,0.838495,-0.42222,-1.69880, Land,0.655592,2.010162e-02,1.343375e-02,2.623796e-03,1.482267e-03,1.207339e-02,1.146715e-02
17,26,-85,85,6.536604e-01,1.783128e-01,0.785675,0.831973,-0.42517,-1.72422, Land,0.653660,2.356258e-02,1.555837e-02,2.586361e-03,1.502409e-03,1.196250e-02,1.066156e-02
17,27,-85,95,6.470402e-01,1.844539e-01,0.778166,0.831494,-0.43535,-1.69036, Land,0.647040,2.034932e-02,1.426889e-02,2.727514e-03,1.623719e-03,1.201896e-02,1.178497e-02
17,28,-85,105,6.421736e-01,1.847320e-01,0.776598,0.826906,-0.44290,-1.68885, Land,0.642174,2.137736e-02,1.459546e-02,2.698159e-03,1.578326e-03,1.178732e-02,1.143751e-02
17,29,-85,115,6.512439e-01,1.803101e-01,0.783165,0.831554,-0.42887,-1.71308, Land,0.651244,2.215857e-02,1.452756e-02,2.748322e-03,1.565611e-03,1.188342e-02,1.142105e-02
17,30,-85,125,6.505366e-01,1.820942e-01,0.781303,0.832631,-0.42996,-1.70323, Land,0.650537,2.186697e-02,1.434124e-02,2.795329e-03,1.587940e-03,1.188304e-02,1.159411e-02
17,31,-85,135,6.461106e-01,1.833297e-01,0.778972,0.829440,-0.43678,-1.69647, Land,0.646111,2.197276e-02,1.515033e-02,2.796271e-03,1.583173e-03,1.184733e-02,1.146528e-02
17,32,-85,145,6.384410e-01,1.929800e-01,0.767891,0.831421,-0.44873,-1.64517, Land,0.638441,2.156890e-02,1.591067e-02,2.617745e-03,1.634908e-03,1.245549e-02,1.262479e-02
17,33,-85,155,6.345749e-01,1.935344e-01,0.766294,0.828109,-0.45480,-1.64230, Land,0.634575,2.226434e-02,1.638090e-02,2.856012e-03,1.777705e-03,1.155716e-02,1.184682e-02
17,34,-85,165,6.540974e-01,1.778481e-01,0.786226,0.831946,-0.42450,-1.72683, Land,0.654097,2.173653e-02,1.479371e-02,2.826341e-03,1.601639e-03,1.138452e-02,1.064741e-02
17,35,-85,175,6.414407e-01,1.855138e-01,0.775666,0.826955,-0.44404,-1.68463, Land,0.641441,2.300281e-02,1.562665e-02,2.749337e-03,1.621686e-03,1.197093e-02,1.166651e-02
