row,col,lat,lon,p_land,p_water,p_land_vs_water,mass_land_water,logp_land,logp_water,argmax_token,argmax_prob,p_land_lower,p_water_lower,p_land_space,p_water_space,p_land_upper
0,0,85,-175,9.963453e-01,1.514024e-03,0.998483,0.997859,-0.00366,-6.49298,Land,0.996345,1.029121e-03,1.435661e-06,6.404965e-04,6.656400e-08,1.228584e-04
0,1,85,-165,9.956860e-01,1.852620e-03,0.998143,0.997539,-0.00432,-6.29115,Land,0.995686,1.309787e-03,2.126619e-06,6.107569e-04,8.044526e-08,1.380039e-04
0,2,85,-155,9.959269e-01,1.704348e-03,0.998292,0.997631,-0.00408,-6.37457,Land,0.995927,1.218619e-03,1.783353e-06,6.085868e-04,7.568121e-08,1.398379e-04
0,3,85,-145,9.960577e-01,1.707973e-03,0.998288,0.997766,-0.00395,-6.37245,Land,0.996058,1.096011e-03,1.837533e-06,6.023311e-04,7.491435e-08,1.331851e-04
0,4,85,-135,9.968359e-01,1.057060e-03,0.998941,0.997893,-0.00317,-6.85226,Land,0.996836,9.586646e-04,9.586979e-07,6.384390e-04,4.709062e-08,1.350158e-04
0,5,85,-125,9.966761e-01,1.226689e-03,0.998771,0.997903,-0.00333,-6.70344,Land,0.996676,9.602035e-04,1.059116e-06,6.424897e-04,5.433076e-08,1.366338e-04
0,6,85,-115,9.967514e-01,1.277187e-03,0.998720,0.998029,-0.00325,-6.66310,Land,0.996751,9.246728e-04,1.147771e-06,5.668217e-04,5.422734e-08,1.283000e-04
0,7,85,-105,9.961955e-01,1.417953e-03,0.998579,0.997613,-0.00381,-6.55854,Land,0.996196,1.230018e-03,1.524827e-06,6.387826e-04,6.267297e-08,1.311036e-04
0,8,85,-95,9.957198e-01,1.860580e-03,0.998135,0.997580,-0.00429,-6.28687,Land,0.995720,1.215631e-03,1.960222e-06,6.672096e-04,8.565637e-08,1.300699e-04
0,9,85,-85,9.963574e-01,1.598010e-03,0.998399,0.997955,-0.00365,-6.43900,Land,0.996357,7.950083e-04,1.152258e-06,7.353410e-04,8.382942e-08,1.231652e-04
0,10,85,-75,9.971716e-01,8.057575e-04,0.999193,0.997977,-0.00283,-7.12373,Land,0.997172,9.425238e-04,7.931605e-07,5.787790e-04,3.604752e-08,1.298430e-04
0,11,85,-65,9.974553e-01,7.232719e-04,0.999275,0.998179,-0.00255,-7.23173,Land,0.997455,7.626767e-04,6.171271e-07,5.518811e-04,3.064810e-08,1.381793e-04
0,12,85,-55,9.974677e-01,6.937572e-04,0.999305,0.998162,-0.00254,-7.27339,Land,0.997468,8.152954e-04,6.090545e-07,5.390891e-04,2.942852e-08,1.238256e-04
0,13,85,-45,9.975992e-01,6.352496e-04,0.999364,0.998234,-0.00240,-7.36149,Land,0.997599,7.622690e-04,5.401835e-07,5.241012e-04,2.568082e-08,1.213330e-04
0,14,85,-35,9.975239e-01,7.201472e-04,0.999279,0.998244,-0.00248,-7.23605,Land,0.997524,7.785905e-04,5.954073e-07,5.215169e-04,3.020214e-08,1.247234e-04
0,15,85,-25,9.976884e-01,5.805897e-04,0.999418,0.998269,-0.00231,-7.45147,Land,0.997688,7.793845e-04,4.991441e-07,4.980921e-04,2.325451e-08,1.241510e-04
0,16,85,-15,9.976388e-01,6.253124e-04,0.999374,0.998264,-0.00236,-7.37726,Land,0.997639,7.545427e-04,5.109151e-07,5.166649e-04,2.548237e-08,1.234304e-04
0,17,85,-5,9.975800e-01,5.660532e-04,0.999433,0.998146,-0.00242,-7.47682,Land,0.997580,8.540931e-04,5.622840e-07,5.083600e-04,2.380496e-08,1.280984e-04
0,18,85,5,9.979206e-01,3.803579e-04,0.999619,0.998301,-0.00208,-7.87440,Land,0.997921,7.804661e-04,4.087778e-07,4.538685e-04,1.515605e-08,1.181066e-04
0,19,85,15,9.976449e-01,5.071853e-04,0.999492,0.998152,-0.00236,-7.58663,Land,0.997645,8.645551e-04,5.398385e-07,4.870275e-04,2.070780e-08,1.182143e-04
0,20,85,25,9.976034e-01,5.620375e-04,0.999437,0.998165,-0.00240,-7.48394,Land,0.997603,8.935541e-04,6.003436e-07,4.830524e-04,2.307387e-08,1.133819e-04
0,21,85,35,9.975793e-01,6.204033e-04,0.999378,0.998200,-0.00242,-7.38514,Land,0.997579,8.150460e-04,6.115795e-07,4.904135e-04,2.533216e-08,1.192605e-04
0,22,85,45,9.978401e-01,4.853532e-04,0.999514,0.998325,-0.00216,-7.63063,Land,0.997840,6.773732e-04,4.374803e-07,4.980035e-04,1.971670e-08,1.205162e-04
0,23,85,55,9.974095e-01,6.723451e-04,0.999326,0.998082,-0.00259,-7.30474,Land,0.997410,8.607859e-04,7.018059e-07,5.331180e-04,2.876669e-08,1.177522e-04
0,24,85,65,9.976094e-01,5.792584e-04,0.999420,0.998189,-0.00239,-7.45376,Land,0.997609,7.472721e-04,5.414785e-07,5.410230e-04,2.452112e-08,1.254162e-04
0,25,85,75,9.974976e-01,5.970175e-04,0.999402,0.998095,-0.00251,-7.42356,Land,0.997498,8.863389e-04,6.369479e-07,5.172415e-04,2.495984e-08,1.264404e-04
0,26,85,85,9.963740e-01,1.456940e-03,0.998540,0.997831,-0.00363,-6.53142,Land,0.996374,9.611674e-04,1.493991e-06,6.192969e-04,7.200026e-08,1.172167e-04
0,27,85,95,9.956788e-01,1.793777e-03,0.998202,0.997473,-0.00433,-6.32343,Land,0.995679,1.298432e-03,2.292417e-06,6.308867e-04,8.420694e-08,1.237581e-04
0,28,85,105,9.961267e-01,1.258754e-03,0.998738,0.997385,-0.00388,-6.67763,Land,0.996127,1.421993e-03,1.895177e-06,5.969024e-04,5.501298e-08,1.232304e-04
0,29,85,115,9.966806e-01,1.111414e-03,0.998886,0.997792,-0.00332,-6.80212,Land,0.996681,1.120455e-03,1.418598e-06,5.283297e-04,4.612385e-08,1.239372e-04
0,30,85,125,9.968720e-01,1.041405e-03,0.998956,0.997913,-0.00313,-6.86718,Land,0.996872,1.008290e-03,1.165629e-06,5.516573e-04,4.336342e-08,1.275532e-04
0,31,85,135,9.966035e-01,1.122619e-03,0.998875,0.997726,-0.00340,-6.79209,Land,0.996603,1.093043e-03,1.331611e-06,6.048156e-04,5.048553e-08,1.272122e-04
0,32,85,145,9.959063e-01,1.697934e-03,0.998298,0.997604,-0.00410,-6.37834,Land,0.995906,1.208972e-03,2.111527e-06,5.831330e-04,7.374149e-08,1.283747e-04
0,33,85,155,9.959632e-01,1.511618e-03,0.998485,0.997475,-0.00404,-6.49457,Land,0.995963,1.381786e-03,2.152600e-06,5.804154e-04,6.704845e-08,1.209585e-04
0,34,85,165,9.958605e-01,1.578925e-03,0.998417,0.997439,-0.00415,-6.45101,Land,0.995860,1.434975e-03,2.432448e-06,5.746126e-04,6.964133e-08,1.242812e-04
0,35,85,175,9.962053e-01,1.468020e-03,0.998529,0.997673,-0.00380,-6.52384,Land,0.996205,1.199343e-03,1.869102e-06,5.949376e-04,6.567715e-08,1.236189e-04
1,0,75,-175,9.964061e-01,5.791880e-04,0.999419,0.996985,-0.00360,-7.45388,Land,0.996406,1.654466e-03,9.240532e-07,5.192858e-04,2.197327e-08,2.494975e-04
1,1,75,-165,9.957569e-01,7.965808e-04,0.999201,0.996554,-0.00425,-7.13518,Land,0.995757,2.035192e-03,1.644582e-06,4.898754e-04,2.965483e-08,2.759949e-04
1,2,75,-155,9.963162e-01,4.153875e-04,0.999583,0.996732,-0.00369,-7.78630,Land,0.996316,1.938864e-03,7.997154e-07,4.822579e-04,1.503656e-08,2.715224e-04
1,3,75,-145,9.962055e-01,6.839520e-04,0.999314,0.996889,-0.00380,-7.28762,Land,0.996205,1.620240e-03,1.060802e-06,5.166681e-04,2.568714e-08,2.704926e-04
1,4,75,-135,9.969814e-01,2.780823e-04,0.999721,0.997259,-0.00302,-8.18759,Land,0.996981,1.336177e-03,3.824074e-07,5.151116e-04,1.010970e-08,2.856956e-04
1,5,75,-125,9.964630e-01,4.628747e-04,0.999536,0.996926,-0.00354,-7.67805,Land,0.996463,1.662133e-03,7.882685e-07,4.900788e-04,1.733474e-08,2.872383e-04
1,6,75,-115,9.967785e-01,4.140643e-04,0.999585,0.997193,-0.00323,-7.78949,Land,0.996779,1.464264e-03,6.509975e-07,4.743270e-04,1.437256e-08,2.655187e-04
1,7,75,-105,9.964567e-01,3.634737e-04,0.999635,0.996820,-0.00355,-7.91980,Land,0.996457,1.818301e-03,6.507935e-07,4.945312e-04,1.320318e-08,2.811612e-04
1,8,75,-95,9.962360e-01,6.042859e-04,0.999394,0.996840,-0.00377,-7.41146,Land,0.996236,1.654224e-03,1.024598e-06,5.425242e-04,2.323456e-08,2.743281e-04
1,9,75,-85,9.971319e-01,2.146232e-04,0.999785,0.997346,-0.00287,-8.44663,Land,0.997132,1.378621e-03,3.537204e-07,4.426064e-04,7.389306e-09,2.824400e-04
1,10,75,-75,9.971810e-01,3.049823e-04,0.999694,0.997486,-0.00282,-8.09526,Land,0.997181,1.095940e-03,3.787760e-07,5.968655e-04,1.249742e-08,2.464044e-04
1,11,75,-65,9.976720e-01,1.387290e-04,0.999861,0.997811,-0.00233,-8.88299,Land,0.997672,9.953478e-04,1.737754e-07,4.444751e-04,4.587504e-09,2.977209e-04
1,12,75,-55,9.976566e-01,1.261327e-04,0.999874,0.997783,-0.00235,-8.97818,Land,0.997657,1.045219e-03,1.668112e-07,4.391225e-04,4.084590e-09,2.572081e-04
1,13,75,-45,9.978548e-01,8.708657e-05,0.999913,0.997942,-0.00215,-9.34861,Land,0.997855,9.109642e-04,1.120747e-07,4.142127e-04,2.850073e-09,2.871593e-04
1,14,75,-35,9.977889e-01,1.214709e-04,0.999878,0.997910,-0.00221,-9.01584,Land,0.997789,1.029539e-03,1.589777e-07,3.981442e-04,3.717489e-09,2.683276e-04
1,15,75,-25,9.975968e-01,1.151681e-04,0.999885,0.997712,-0.00241,-9.06912,Land,0.997597,1.182466e-03,1.687765e-07,4.108438e-04,3.733326e-09,2.907928e-04
1,16,75,-15,9.977769e-01,9.690652e-05,0.999903,0.997874,-0.00223,-9.24176,Land,0.997777,1.059355e-03,1.293487e-07,3.963430e-04,3.033401e-09,2.827348e-04
1,17,75,-5,9.977996e-01,9.828004e-05,0.999902,0.997898,-0.00220,-9.22769,Land,0.997800,1.001994e-03,1.341570e-07,3.908417e-04,3.049246e-09,2.873675e-04
1,18,75,5,9.978622e-01,7.462517e-05,0.999925,0.997937,-0.00214,-9.50303,Land,0.997862,9.976209e-04,1.124586e-07,3.695287e-04,2.307031e-09,2.631068e-04
1,19,75,15,9.977841e-01,7.842309e-05,0.999921,0.997862,-0.00222,-9.45339,Land,0.997784,1.058298e-03,1.229782e-07,3.707670e-04,2.417826e-09,2.665735e-04
1,20,75,25,9.975632e-01,1.011386e-04,0.999899,0.997664,-0.00244,-9.19902,Land,0.997563,1.245394e-03,1.730119e-07,3.840614e-04,3.081312e-09,2.799950e-04
1,21,75,35,9.978225e-01,9.850413e-05,0.999901,0.997921,-0.00218,-9.22541,Land,0.997823,9.882334e-04,1.360278e-07,3.842565e-04,3.136257e-09,2.549273e-04
1,22,75,45,9.978952e-01,8.207819e-05,0.999918,0.997977,-0.00211,-9.40784,Land,0.997895,8.805138e-04,1.111292e-07,3.979983e-04,2.601033e-09,2.721686e-04
1,23,75,55,9.975263e-01,1.135432e-04,0.999886,0.997640,-0.00248,-9.08333,Land,0.997526,1.130473e-03,1.693051e-07,4.250917e-04,3.680941e-09,2.698051e-04
1,24,75,65,9.976375e-01,1.187703e-04,0.999881,0.997756,-0.00237,-9.03832,Land,0.997637,9.650000e-04,1.629923e-07,4.467426e-04,4.029842e-09,2.915795e-04
1,25,75,75,9.969696e-01,2.998304e-04,0.999699,0.997269,-0.00304,-8.11229,Land,0.996970,1.278590e-03,4.551639e-07,5.326613e-04,1.159758e-08,2.527605e-04
1,26,75,85,9.971716e-01,1.736610e-04,0.999826,0.997345,-0.00283,-8.65841,Land,0.997172,1.377601e-03,3.166290e-07,4.264459e-04,6.069104e-09,2.722874e-04
1,27,75,95,9.957772e-01,7.014581e-04,0.999296,0.996479,-0.00423,-7.26235,Land,0.995777,1.876047e-03,1.363268e-06,5.595243e-04,2.937939e-08,2.570822e-04
1,28,75,105,9.962348e-01,3.278056e-04,0.999671,0.996563,-0.00377,-8.02309,Land,0.996235,1.946576e-03,7.111631e-07,4.870632e-04,1.200037e-08,2.931187e-04
1,29,75,115,9.965169e-01,3.941706e-04,0.999605,0.996911,-0.00349,-7.83873,Land,0.996517,1.622934e-03,7.544777e-07,4.579896e-04,1.369830e-08,2.811412e-04
1,30,75,125,9.964836e-01,3.895996e-04,0.999609,0.996873,-0.00352,-7.85039,Land,0.996484,1.645713e-03,7.370248e-07,4.563490e-04,1.415855e-08,2.860725e-04
1,31,75,135,9.967569e-01,2.856280e-04,0.999714,0.997043,-0.00325,-8.16082,Land,0.996757,1.467758e-03,4.774475e-07,4.799665e-04,1.068392e-08,3.000295e-04
1,32,75,145,9.956673e-01,7.396662e-04,0.999258,0.996407,-0.00434,-7.20931,Land,0.995667,1.971988e-03,1.471087e-06,5.028706e-04,2.794309e-08,2.664604e-04
1,33,75,155,9.960689e-01,4.801221e-04,0.999518,0.996549,-0.00394,-7.64147,Land,0.996069,2.055040e-03,1.047661e-06,4.465782e-04,1.689304e-08,2.755448e-04
1,34,75,165,9.954657e-01,6.866479e-04,0.999311,0.996152,-0.00454,-7.28369,Land,0.995466,2.324243e-03,1.756055e-06,4.783993e-04,2.546645e-08,2.935742e-04
1,35,75,175,9.959058e-01,6.374954e-04,0.999360,0.996543,-0.00410,-7.35796,Land,0.995906,1.977557e-03,1.317245e-06,4.951504e-04,2.487742e-08,2.851029e-04
2,0,65,-175,9.978542e-01,3.141924e-05,0.999969,0.997886,-0.00215,-10.36809,Land,0.997854,9.130511e-04,3.525928e-08,3.783176e-04,8.249778e-10,4.991736e-04
2,1,65,-165,9.968928e-01,1.072860e-04,0.999892,0.997000,-0.00311,-9.14001,Land,0.996893,1.539971e-03,1.656148e-07,3.954332e-04,3.206722e-09,5.678284e-04
2,2,65,-155,9.974242e-01,3.126242e-05,0.999969,0.997455,-0.00258,-10.37309,Land,0.997424,1.231448e-03,4.455898e-08,3.660401e-04,8.296601e-10,5.841432e-04
2,3,65,-145,9.974305e-01,5.365320e-05,0.999946,0.997484,-0.00257,-9.83297,Land,0.997430,1.081962e-03,6.498358e-08,3.953765e-04,1.498543e-09,6.156643e-04
2,4,65,-135,9.977253e-01,1.585566e-05,0.999984,0.997741,-0.00228,-11.05198,Land,0.997725,9.191638e-04,1.735592e-08,3.840967e-04,4.190692e-10,6.055473e-04
2,5,65,-125,9.975288e-01,2.567060e-05,0.999974,0.997555,-0.00247,-10.57016,Land,0.997529,1.112593e-03,3.259744e-08,3.636629e-04,6.963055e-10,6.055481e-04
2,6,65,-115,9.978567e-01,2.179768e-05,0.999978,0.997879,-0.00215,-10.73371,Land,0.997857,8.696263e-04,2.498628e-08,3.561466e-04,5.479210e-10,5.709646e-04
2,7,65,-105,9.976541e-01,1.956357e-05,0.999980,0.997674,-0.00235,-10.84184,Land,0.997654,1.060494e-03,2.350269e-08,3.733463e-04,4.873764e-10,5.665219e-04
2,8,65,-95,9.972832e-01,6.970635e-05,0.999930,0.997353,-0.00272,-9.57122,Land,0.997283,1.224272e-03,8.508890e-08,4.135153e-04,2.031096e-09,5.468938e-04
2,9,65,-85,9.979520e-01,7.884213e-06,0.999992,0.997960,-0.00205,-11.75065,Land,0.997952,8.540173e-04,9.420939e-09,3.422501e-04,1.905678e-10,5.710573e-04
2,10,65,-75,9.978610e-01,1.080524e-05,0.999989,0.997872,-0.00214,-11.43548,Land,0.997861,8.660282e-04,1.230612e-08,3.447188e-04,2.659985e-10,6.256355e-04
2,11,65,-65,9.979685e-01,1.047054e-05,0.999990,0.997979,-0.00203,-11.46695,Land,0.997968,6.617670e-04,1.028932e-08,4.079385e-04,2.845687e-10,6.383006e-04
2,12,65,-55,9.982267e-01,6.535348e-06,0.999993,0.998233,-0.00177,-11.93828,Land,0.998227,6.355376e-04,6.635622e-09,3.321553e-04,1.479851e-10,5.652999e-04
2,13,65,-45,9.983484e-01,5.015357e-06,0.999995,0.998353,-0.00165,-12.20301,Land,0.998348,5.081775e-04,4.709928e-09,3.235117e-04,1.171199e-10,5.942579e-04
2,14,65,-35,9.983480e-01,6.329834e-06,0.999994,0.998354,-0.00165,-11.97024,Land,0.998348,5.844601e-04,6.090524e-09,3.051110e-04,1.368376e-10,5.370002e-04
2,15,65,-25,9.983929e-01,5.384197e-06,0.999995,0.998398,-0.00161,-12.13204,Land,0.998393,5.720794e-04,5.100570e-09,2.940451e-04,1.182608e-10,5.439498e-04
2,16,65,-15,9.985030e-01,4.654027e-06,0.999995,0.998508,-0.00150,-12.27778,Land,0.998503,5.120568e-04,4.389925e-09,2.920078e-04,1.004737e-10,5.094684e-04
2,17,65,-5,9.983491e-01,5.308108e-06,0.999995,0.998354,-0.00165,-12.14628,Land,0.998349,5.990517e-04,5.822096e-09,2.984986e-04,1.175287e-10,5.484985e-04
2,18,65,5,9.984454e-01,3.324439e-06,0.999997,0.998449,-0.00156,-12.61421,Land,0.998445,5.412523e-04,3.726523e-09,2.680574e-04,7.029977e-11,5.589194e-04
2,19,65,15,9.985485e-01,2.809676e-06,0.999997,0.998551,-0.00145,-12.78244,Land,0.998549,4.931846e-04,2.998248e-09,2.694317e-04,5.977045e-11,5.247941e-04
2,20,65,25,9.985157e-01,3.452326e-06,0.999997,0.998519,-0.00149,-12.57646,Land,0.998516,5.248228e-04,3.600756e-09,2.671341e-04,7.009889e-11,5.215676e-04
2,21,65,35,9.984999e-01,4.400431e-06,0.999996,0.998504,-0.00150,-12.33381,Land,0.998500,5.132198e-04,4.317041e-09,2.717379e-04,9.339551e-11,5.163855e-04
2,22,65,45,9.984516e-01,3.484848e-06,0.999997,0.998455,-0.00155,-12.56709,Land,0.998452,4.553077e-04,3.181116e-09,2.921064e-04,7.572321e-11,5.985432e-04
2,23,65,55,9.982959e-01,5.141514e-06,0.999995,0.998301,-0.00171,-12.17816,Land,0.998296,5.679979e-04,5.287412e-09,3.080768e-04,1.144500e-10,5.956178e-04
2,24,65,65,9.979924e-01,9.362702e-06,0.999991,0.998002,-0.00201,-11.57878,Land,0.997992,6.946731e-04,1.009614e-08,3.703630e-04,2.561197e-10,6.375481e-04
2,25,65,75,9.980519e-01,7.218833e-06,0.999993,0.998059,-0.00195,-11.83882,Land,0.998052,6.925171e-04,8.186263e-09,3.244017e-04,1.749418e-10,6.648766e-04
2,26,65,85,9.981095e-01,5.287269e-06,0.999995,0.998115,-0.00189,-12.15021,Land,0.998110,7.066719e-04,6.340416e-09,3.148141e-04,1.284775e-10,6.086341e-04
2,27,65,95,9.970632e-01,4.580552e-05,0.999954,0.997109,-0.00294,-9.99111,Land,0.997063,1.330625e-03,6.598633e-08,4.049332e-04,1.385240e-09,6.616574e-04
2,28,65,105,9.975278e-01,1.428937e-05,0.999986,0.997542,-0.00248,-11.15599,Land,0.997528,1.083745e-03,1.983968e-08,3.597878e-04,3.846509e-10,6.881884e-04
2,29,65,115,9.978335e-01,1.538721e-05,0.999985,0.997849,-0.00217,-11.08197,Land,0.997833,8.436198e-04,1.793341e-08,3.377920e-04,3.969568e-10,6.510862e-04
2,30,65,125,9.976787e-01,1.618721e-05,0.999984,0.997695,-0.00232,-11.03129,Land,0.997679,9.720802e-04,2.082061e-08,3.418257e-04,4.276963e-10,6.473104e-04
2,31,65,135,9.976863e-01,1.321661e-05,0.999987,0.997700,-0.00232,-11.23404,Land,0.997686,9.332922e-04,1.648990e-08,3.552703e-04,3.511523e-10,6.623197e-04
2,32,65,145,9.970262e-01,5.184553e-05,0.999948,0.997078,-0.00298,-9.86724,Land,0.997026,1.323279e-03,7.758003e-08,4.037166e-04,1.516775e-09,6.942057e-04
2,33,65,155,9.972069e-01,3.145775e-05,0.999968,0.997238,-0.00280,-10.36687,Land,0.997207,1.311740e-03,4.815809e-08,3.541094e-04,8.364535e-10,7.026394e-04
2,34,65,165,9.968030e-01,7.066962e-05,0.999929,0.996874,-0.00320,-9.55749,Land,0.996803,1.583409e-03,1.297854e-07,3.853993e-04,2.056164e-09,7.075354e-04
2,35,65,175,9.976805e-01,2.648273e-05,0.999973,0.997707,-0.00232,-10.53902,Land,0.997680,1.020933e-03,3.444379e-08,3.463626e-04,7.023343e-10,5.832110e-04
3,0,55,-175,9.970883e-01,1.447121e-04,0.999855,0.997233,-0.00292,-8.84076,Land,0.997088,1.232852e-03,1.730716e-07,3.869971e-04,3.812336e-09,5.963321e-04
3,1,55,-165,9.964060e-01,2.386495e-04,0.999761,0.996645,-0.00360,-8.34051,Land,0.996406,1.640964e-03,3.786704e-07,4.111776e-04,6.993532e-09,6.824345e-04
3,2,55,-155,9.956332e-01,1.920667e-04,0.999807,0.995825,-0.00438,-8.55767,Land,0.995633,2.385255e-03,4.089340e-07,3.808355e-04,5.589020e-09,7.370848e-04
3,3,55,-145,9.961590e-01,1.868974e-04,0.999812,0.996346,-0.00385,-8.58495,Land,0.996159,1.579774e-03,2.740984e-07,4.291617e-04,5.466386e-09,9.185368e-04
3,4,55,-135,9.967486e-01,2.462631e-05,0.999975,0.996773,-0.00326,-10.61170,Land,0.996749,1.183502e-03,2.756196e-08,4.402317e-04,6.493169e-10,1.040619e-03
3,5,55,-125,9.967989e-01,4.716157e-05,0.999953,0.996846,-0.00321,-9.96193,Land,0.996799,1.287307e-03,6.012388e-08,3.900523e-04,1.235433e-09,9.431802e-04
3,6,55,-115,9.969152e-01,5.301700e-05,0.999947,0.996968,-0.00309,-9.84490,Land,0.996915,1.125646e-03,6.358355e-08,3.978039e-04,1.309827e-09,9.934741e-04
3,7,55,-105,9.965733e-01,4.844771e-05,0.999951,0.996622,-0.00343,-9.93503,Land,0.996573,1.452076e-03,6.239456e-08,4.233940e-04,1.292024e-09,9.005955e-04
3,8,55,-95,9.963699e-01,1.983552e-04,0.999801,0.996568,-0.00364,-8.52545,Land,0.996370,1.604784e-03,2.378870e-07,4.281961e-04,5.448836e-09,6.862054e-04
3,9,55,-85,9.972506e-01,8.013495e-06,0.999992,0.997259,-0.00275,-11.73438,Land,0.997251,1.003888e-03,9.456041e-09,3.547103e-04,1.748146e-10,1.006200e-03
3,10,55,-75,9.973077e-01,1.178350e-05,0.999988,0.997319,-0.00270,-11.34881,Land,0.997308,9.136500e-04,1.214648e-08,3.688714e-04,2.619663e-10,1.010719e-03
3,11,55,-65,9.972922e-01,1.338559e-05,0.999987,0.997306,-0.00271,-11.22133,Land,0.997292,8.211645e-04,1.341590e-08,3.867522e-04,3.026554e-10,1.087190e-03
3,12,55,-55,9.972024e-01,1.673983e-05,0.999983,0.997219,-0.00280,-10.99772,Land,0.997202,8.744316e-04,1.585592e-08,4.583737e-04,4.556898e-10,8.771695e-04
3,13,55,-45,9.975827e-01,8.720471e-06,0.999991,0.997591,-0.00242,-11.64984,Land,0.997583,6.414326e-04,7.774468e-09,3.737855e-04,1.875564e-10,1.021476e-03
3,14,55,-35,9.978025e-01,8.975349e-06,0.999991,0.997811,-0.00220,-11.62103,Land,0.997802,6.955245e-04,8.383579e-09,3.313215e-04,1.844139e-10,8.415783e-04
3,15,55,-25,9.976414e-01,9.682477e-06,0.999990,0.997651,-0.00236,-11.54519,Land,0.997641,8.094311e-04,9.552953e-09,3.290055e-04,1.926848e-10,8.996900e-04
3,16,55,-15,9.977368e-01,7.196629e-06,0.999993,0.997744,-0.00227,-11.84190,Land,0.997737,7.264531e-04,7.018344e-09,3.214633e-04,1.401442e-10,9.274744e-04
3,17,55,-5,9.975388e-01,8.762286e-06,0.999991,0.997548,-0.00246,-11.64505,Land,0.997539,7.784789e-04,9.299133e-09,3.377083e-04,1.860644e-10,1.014223e-03
3,18,55,5,9.977913e-01,5.137391e-06,0.999995,0.997796,-0.00221,-12.17897,Land,0.997791,6.702371e-04,5.598413e-09,2.978684e-04,1.065323e-10,9.637433e-04
3,19,55,15,9.979361e-01,4.265556e-06,0.999996,0.997940,-0.00207,-12.36494,Land,0.997936,5.713194e-04,4.116285e-09,2.847327e-04,7.953765e-11,9.466185e-04
3,20,55,25,9.978541e-01,5.001012e-06,0.999995,0.997859,-0.00215,-12.20587,Land,0.997854,6.801727e-04,5.103530e-09,2.897802e-04,9.657118e-11,9.134115e-04
3,21,55,35,9.978731e-01,5.024230e-06,0.999995,0.997878,-0.00213,-12.20124,Land,0.997873,6.614160e-04,5.133007e-09,2.985503e-04,9.699881e-11,8.844244e-04
3,22,55,45,9.976818e-01,6.332630e-06,0.999994,0.997688,-0.00232,-11.96979,Land,0.997682,6.725504e-04,5.978159e-09,3.174311e-04,1.295752e-10,1.000940e-03
3,23,55,55,9.969312e-01,1.334612e-05,0.999987,0.996945,-0.00307,-11.22428,Land,0.996931,9.635850e-04,1.504108e-08,4.121577e-04,3.694189e-10,1.156353e-03
3,24,55,65,9.977383e-01,7.286647e-06,0.999993,0.997746,-0.00226,-11.82947,Land,0.997738,6.075902e-04,6.783593e-09,3.277822e-04,1.503993e-10,9.917432e-04
3,25,55,75,9.974100e-01,7.760679e-06,0.999992,0.997418,-0.00259,-11.76644,Land,0.997410,7.984390e-04,7.867769e-09,3.265015e-04,1.651003e-10,1.109909e-03
3,26,55,85,9.976305e-01,4.515105e-06,0.999995,0.997635,-0.00237,-12.30808,Land,0.997630,8.035232e-04,5.382779e-09,3.230954e-04,9.765901e-11,9.337528e-04
3,27,55,95,9.958634e-01,1.291408e-04,0.999870,0.995993,-0.00415,-8.95461,Land,0.995863,1.744744e-03,1.780713e-07,4.526306e-04,4.044549e-09,1.048993e-03
3,28,55,105,9.965031e-01,2.698662e-05,0.999973,0.996530,-0.00350,-10.52017,Land,0.996503,1.385885e-03,3.658507e-08,3.819972e-04,6.820580e-10,1.200175e-03
3,29,55,115,9.967788e-01,3.169797e-05,0.999968,0.996810,-0.00323,-10.35926,Land,0.996779,1.199464e-03,3.986179e-08,3.651263e-04,7.947204e-10,1.142564e-03
3,30,55,125,9.966427e-01,2.397553e-05,0.999976,0.996667,-0.00336,-10.63848,Land,0.996643,1.226697e-03,3.059858e-08,3.644900e-04,6.003460e-10,1.237776e-03
3,31,55,135,9.968578e-01,1.701394e-05,0.999983,0.996875,-0.00315,-10.98148,Land,0.996858,1.118067e-03,2.031114e-08,3.803770e-04,4.269865e-10,1.178008e-03
3,32,55,145,9.953317e-01,2.007303e-04,0.999798,0.995532,-0.00468,-8.51355,Land,0.995332,2.152890e-03,3.508711e-07,4.473607e-04,6.007671e-09,1.059507e-03
3,33,55,155,9.951061e-01,1.609272e-04,0.999838,0.995267,-0.00491,-8.73456,Land,0.995106,2.442520e-03,3.456430e-07,4.000391e-04,4.913210e-09,1.103221e-03
3,34,55,165,9.958450e-01,1.327441e-04,0.999867,0.995978,-0.00416,-8.92709,Land,0.995845,1.862110e-03,2.228794e-07,4.304239e-04,3.969872e-09,1.068001e-03
3,35,55,175,9.964899e-01,1.000577e-04,0.999900,0.996590,-0.00352,-9.20976,Land,0.996490,1.534638e-03,1.339972e-07,3.928195e-04,2.759783e-09,8.886666e-04
4,0,45,-175,9.949537e-01,1.397515e-03,0.998597,0.996351,-0.00506,-6.57306,Land,0.994954,1.641382e-03,1.576109e-06,4.132519e-04,4.567302e-08,5.705645e-04
4,1,45,-165,9.952160e-01,1.176283e-03,0.998819,0.996392,-0.00480,-6.74540,Land,0.995216,1.629140e-03,1.496095e-06,4.098305e-04,3.975487e-08,6.736926e-04
4,2,45,-155,9.949313e-01,5.303520e-04,0.999467,0.995462,-0.00508,-7.54197,Land,0.994931,2.352634e-03,8.077386e-07,4.332662e-04,1.594037e-08,8.561582e-04
4,3,45,-145,9.877214e-01,6.603398e-03,0.993359,0.994325,-0.01235,-5.02017,Land,0.987721,3.213345e-03,1.307727e-05,4.389096e-04,2.451363e-07,6.238972e-04
4,4,45,-135,9.961732e-01,7.620433e-05,0.999924,0.996249,-0.00383,-9.48209,Land,0.996173,1.331566e-03,6.505376e-08,5.280435e-04,2.341770e-09,1.088145e-03
4,5,45,-125,9.959927e-01,2.817984e-04,0.999717,0.996274,-0.00402,-8.17432,Land,0.995993,1.569834e-03,2.909451e-07,4.161288e-04,8.452443e-09,8.854103e-04
4,6,45,-115,9.962296e-01,2.241610e-04,0.999775,0.996454,-0.00378,-8.40315,Land,0.996230,1.349497e-03,2.250926e-07,4.427114e-04,6.040875e-09,9.375652e-04
4,7,45,-105,9.959049e-01,1.387510e-04,0.999861,0.996044,-0.00410,-8.88283,Land,0.995905,1.732256e-03,1.394635e-07,4.574325e-04,4.043055e-09,8.839166e-04
4,8,45,-95,9.957069e-01,4.690273e-04,0.999529,0.996176,-0.00430,-7.66485,Land,0.995707,1.694153e-03,4.341793e-07,4.573390e-04,1.455500e-08,6.943445e-04
4,9,45,-85,9.966493e-01,4.263000e-05,0.999957,0.996692,-0.00336,-10.06295,Land,0.996649,1.339776e-03,4.057333e-08,4.620367e-04,1.166947e-09,8.816919e-04
4,10,45,-75,9.965370e-01,6.188193e-05,0.999938,0.996599,-0.00347,-9.69028,Land,0.996537,1.210463e-03,4.820336e-08,4.734349e-04,1.662152e-09,9.512563e-04
4,11,45,-65,9.966076e-01,6.695687e-05,0.999933,0.996675,-0.00340,-9.61146,Land,0.996608,1.013088e-03,5.032221e-08,5.182409e-04,1.830846e-09,1.064932e-03
4,12,45,-55,9.966720e-01,5.140614e-05,0.999948,0.996723,-0.00333,-9.87575,Land,0.996672,1.103917e-03,4.547008e-08,4.828196e-04,1.417147e-09,9.233250e-04
4,13,45,-45,9.971263e-01,2.404573e-05,0.999976,0.997150,-0.00288,-10.63555,Land,0.997126,6.773058e-04,1.727271e-08,5.084623e-04,7.382886e-10,8.232028e-04
4,14,45,-35,9.971914e-01,3.050743e-05,0.999969,0.997222,-0.00281,-10.39754,Land,0.997191,8.792955e-04,2.427752e-08,4.301690e-04,7.854193e-10,8.803007e-04
4,15,45,-25,9.967979e-01,3.065431e-05,0.999969,0.996829,-0.00321,-10.39274,Land,0.996798,1.025619e-03,2.616661e-08,4.476746e-04,7.969150e-10,1.092514e-03
4,16,45,-15,9.969280e-01,3.266259e-05,0.999967,0.996961,-0.00308,-10.32928,Land,0.996928,9.614817e-04,2.570037e-08,4.604379e-04,8.837492e-10,1.004335e-03
4,17,45,-5,9.966582e-01,4.125869e-05,0.999959,0.996699,-0.00335,-10.09565,Land,0.996658,9.760141e-04,3.660281e-08,4.769459e-04,1.131522e-09,1.115609e-03
4,18,45,5,9.970704e-01,1.471220e-05,0.999985,0.997085,-0.00293,-11.12683,Land,0.997070,8.519212e-04,1.506024e-08,3.691700e-04,3.632823e-10,1.159279e-03
4,19,45,15,9.971530e-01,1.377792e-05,0.999986,0.997167,-0.00285,-11.19244,Land,0.997153,8.371367e-04,1.208774e-08,3.812619e-04,3.181648e-10,1.127720e-03
4,20,45,25,9.971301e-01,1.582294e-05,0.999984,0.997146,-0.00287,-11.05405,Land,0.997130,8.219979e-04,1.376936e-08,3.868045e-04,3.774619e-10,1.129427e-03
4,21,45,35,9.971713e-01,1.898637e-05,0.999981,0.997190,-0.00283,-10.87179,Land,0.997171,7.960023e-04,1.566169e-08,4.008220e-04,4.572948e-10,1.041747e-03
4,22,45,45,9.969533e-01,2.039719e-05,0.999980,0.996974,-0.00305,-10.80011,Land,0.996953,8.223555e-04,1.681584e-08,4.898273e-04,5.914107e-10,1.011406e-03
4,23,45,55,9.968379e-01,2.748160e-05,0.999972,0.996865,-0.00317,-10.50199,Land,0.996838,8.655314e-04,2.320967e-08,4.397030e-04,6.738176e-10,1.175623e-03
4,24,45,65,9.967569e-01,3.322816e-05,0.999967,0.996790,-0.00325,-10.31211,Land,0.996757,8.830629e-04,2.656115e-08,4.626519e-04,8.602160e-10,1.176344e-03
4,25,45,75,9.967919e-01,2.817636e-05,0.999972,0.996820,-0.00321,-10.47703,Land,0.996792,9.292863e-04,2.400714e-08,4.402198e-04,7.346575e-10,1.148880e-03
4,26,45,85,9.968504e-01,1.870534e-05,0.999981,0.996869,-0.00315,-10.88670,Land,0.996850,9.873158e-04,1.832696e-08,4.088813e-04,4.767029e-10,1.169137e-03
4,27,45,95,9.953826e-01,2.644312e-04,0.999734,0.995647,-0.00463,-8.23793,Land,0.995383,1.702569e-03,2.504871e-07,4.934651e-04,8.337338e-09,1.086886e-03
4,28,45,105,9.955195e-01,8.934473e-05,0.999910,0.995609,-0.00449,-9.32301,Land,0.995519,1.701767e-03,1.057740e-07,4.754623e-04,2.754307e-09,1.362548e-03
4,29,45,115,9.960234e-01,1.279951e-04,0.999872,0.996151,-0.00398,-8.96352,Land,0.996023,1.367284e-03,1.358728e-07,4.396740e-04,3.648384e-09,1.235502e-03
4,30,45,125,9.962640e-01,1.279686e-04,0.999872,0.996392,-0.00374,-8.96373,Land,0.996264,1.329145e-03,1.274689e-07,4.334925e-04,3.731956e-09,1.088132e-03
4,31,45,135,9.961162e-01,6.317290e-05,0.999937,0.996179,-0.00389,-9.66964,Land,0.996116,1.244518e-03,5.496122e-08,4.824795e-04,1.879808e-09,1.297358e-03
4,32,45,145,9.854806e-01,7.228484e-03,0.992718,0.992709,-0.01463,-4.92973,Land,0.985481,4.141811e-03,1.568696e-05,5.078717e-04,2.705583e-07,7.108748e-04
4,33,45,155,9.944954e-01,5.295900e-04,0.999468,0.995025,-0.00552,-7.54341,Land,0.994495,2.304369e-03,7.379228e-07,4.947737e-04,1.783366e-08,1.125311e-03
4,34,45,165,9.945395e-01,8.014050e-04,0.999195,0.995341,-0.00548,-7.12914,Land,0.994539,2.156188e-03,1.222582e-06,4.676658e-04,2.803055e-08,9.923551e-04
4,35,45,175,9.950936e-01,6.735776e-04,0.999324,0.995767,-0.00492,-7.30291,Land,0.995094,1.861209e-03,7.943494e-07,4.982657e-04,2.312459e-08,7.784466e-04
5,0,35,-175,9.937506e-01,2.700198e-03,0.997290,0.996451,-0.00627,-5.91443,Land,0.993751,1.788348e-03,3.394401e-06,3.168117e-04,8.092200e-08,3.659000e-04
5,1,35,-165,9.894357e-01,6.207664e-03,0.993765,0.995643,-0.01062,-5.08197,Land,0.989436,2.285916e-03,1.044161e-05,3.356263e-04,2.070207e-07,3.912622e-04
5,2,35,-155,9.941170e-01,1.300879e-03,0.998693,0.995418,-0.00590,-6.64472,Land,0.994117,2.821490e-03,2.441520e-06,3.285011e-04,3.583111e-08,5.246330e-04
5,3,35,-145,9.867326e-01,7.983301e-03,0.991974,0.994716,-0.01336,-4.83040,Land,0.986733,3.054403e-03,1.616685e-05,3.445645e-04,2.472031e-07,4.247846e-04
5,4,35,-135,9.956519e-01,4.828500e-04,0.999515,0.996135,-0.00436,-7.63580,Land,0.995652,1.958833e-03,5.855183e-07,3.821363e-04,1.385666e-08,6.009281e-04
5,5,35,-125,9.957567e-01,8.984803e-04,0.999099,0.996655,-0.00425,-7.01481,Land,0.995757,1.639770e-03,1.063630e-06,3.251691e-04,2.447640e-08,5.690180e-04
5,6,35,-115,9.959323e-01,6.410839e-04,0.999357,0.996573,-0.00408,-7.35235,Land,0.995932,1.681875e-03,8.124322e-07,3.565163e-04,1.540754e-08,6.401174e-04
5,7,35,-105,9.963302e-01,2.341381e-04,0.999765,0.996564,-0.00368,-8.35960,Land,0.996330,1.694831e-03,2.665640e-07,3.632972e-04,5.863224e-09,7.056072e-04
5,8,35,-95,9.957952e-01,1.046910e-03,0.998950,0.996842,-0.00421,-6.86191,Land,0.995795,1.601740e-03,1.029846e-06,3.238849e-04,2.794957e-08,4.474547e-04
5,9,35,-85,9.967614e-01,1.286310e-04,0.999871,0.996890,-0.00324,-8.95856,Land,0.996761,1.618941e-03,1.505104e-07,3.371743e-04,3.251827e-09,5.885927e-04
5,10,35,-75,9.969561e-01,1.308311e-04,0.999869,0.997087,-0.00305,-8.94160,Land,0.996956,1.298497e-03,1.221924e-07,3.546415e-04,3.056650e-09,6.800546e-04
5,11,35,-65,9.971423e-01,1.312217e-04,0.999868,0.997274,-0.00286,-8.93862,Land,0.997142,1.069947e-03,1.302758e-07,3.587691e-04,3.180824e-09,7.677463e-04
5,12,35,-55,9.969804e-01,8.955566e-05,0.999910,0.997070,-0.00302,-9.32065,Land,0.996980,1.202506e-03,8.779531e-08,3.688875e-04,2.078189e-09,7.569643e-04
5,13,35,-45,9.972786e-01,7.614548e-05,0.999924,0.997355,-0.00273,-9.48286,Land,0.997279,8.779111e-04,5.488234e-08,3.812146e-04,1.777855e-09,7.385846e-04
5,14,35,-35,9.973054e-01,5.453302e-05,0.999945,0.997360,-0.00270,-9.81670,Land,0.997305,1.004200e-03,4.611017e-08,3.774582e-04,1.385046e-09,6.553490e-04
5,15,35,-25,9.972249e-01,5.338981e-05,0.999946,0.997278,-0.00278,-9.83789,Land,0.997225,1.074568e-03,4.880570e-08,3.273125e-04,1.147808e-09,8.825309e-04
5,16,35,-15,9.972110e-01,5.416496e-05,0.999946,0.997265,-0.00279,-9.82348,Land,0.997211,1.046640e-03,4.610691e-08,3.617596e-04,1.193441e-09,8.681772e-04
5,17,35,-5,9.971142e-01,5.821004e-05,0.999942,0.997172,-0.00289,-9.75145,Land,0.997114,1.077688e-03,5.422743e-08,3.436124e-04,1.321799e-09,9.324973e-04
5,18,35,5,9.974210e-01,2.228036e-05,0.999978,0.997443,-0.00258,-10.71181,Land,0.997421,9.522200e-04,2.228723e-08,2.767558e-04,4.562619e-10,9.607635e-04
5,19,35,15,9.974654e-01,1.865371e-05,0.999981,0.997484,-0.00254,-10.88947,Land,0.997465,9.224259e-04,1.735986e-08,2.813283e-04,3.680607e-10,9.620037e-04
5,20,35,25,9.974834e-01,2.345656e-05,0.999976,0.997507,-0.00252,-10.66036,Land,0.997483,9.327163e-04,2.185143e-08,2.885246e-04,4.662653e-10,9.255778e-04
5,21,35,35,9.971421e-01,3.355863e-05,0.999966,0.997176,-0.00286,-10.30222,Land,0.997142,1.064474e-03,3.102383e-08,3.517741e-04,8.543678e-10,8.511882e-04
5,22,35,45,9.972080e-01,3.387472e-05,0.999966,0.997242,-0.00280,-10.29284,Land,0.997208,9.155735e-04,2.782420e-08,3.247202e-04,7.182465e-10,9.874779e-04
5,23,35,55,9.970529e-01,3.905256e-05,0.999961,0.997092,-0.00295,-10.15060,Land,0.997053,1.103713e-03,3.777781e-08,3.138708e-04,8.191724e-10,9.986806e-04
5,24,35,65,9.973097e-01,5.963278e-05,0.999940,0.997369,-0.00269,-9.72731,Land,0.997310,9.511518e-04,5.448047e-08,3.214465e-04,1.302259e-09,8.925008e-04
5,25,35,75,9.972633e-01,3.642287e-05,0.999963,0.997300,-0.00274,-10.22031,Land,0.997263,1.049947e-03,3.430023e-08,3.142096e-04,7.714520e-10,9.164034e-04
5,26,35,85,9.971541e-01,4.133094e-05,0.999959,0.997195,-0.00285,-10.09390,Land,0.997154,1.224181e-03,4.445139e-08,3.008724e-04,9.428288e-10,8.340441e-04
5,27,35,95,9.959954e-01,3.687649e-04,0.999630,0.996364,-0.00401,-7.90535,Land,0.995995,1.743874e-03,3.881549e-07,3.567409e-04,9.621751e-09,7.239386e-04
5,28,35,105,9.961174e-01,1.219247e-04,0.999878,0.996239,-0.00389,-9.01211,Land,0.996117,1.776006e-03,1.487945e-07,3.491271e-04,2.929995e-09,9.864731e-04
5,29,35,115,9.964930e-01,2.396987e-04,0.999760,0.996733,-0.00351,-8.33613,Land,0.996493,1.473447e-03,2.863669e-07,3.163292e-04,5.616043e-09,8.248420e-04
5,30,35,125,9.963818e-01,2.545549e-04,0.999745,0.996636,-0.00362,-8.27599,Land,0.996382,1.614471e-03,3.025095e-07,3.322936e-04,6.482985e-09,7.534728e-04
5,31,35,135,9.958552e-01,2.613873e-04,0.999738,0.996117,-0.00415,-8.24951,Land,0.995855,1.754290e-03,3.086101e-07,3.722163e-04,7.226298e-09,8.443644e-04
5,32,35,145,9.893798e-01,4.849314e-03,0.995123,0.994229,-0.01068,-5.32892,Land,0.989380,3.402547e-03,9.558167e-06,3.724754e-04,1.470425e-07,4.643699e-04
5,33,35,155,9.941698e-01,7.362850e-04,0.999260,0.994906,-0.00585,-7.21389,Land,0.994170,3.134132e-03,1.419295e-06,3.474364e-04,1.991266e-08,7.440028e-04
5,34,35,165,9.927094e-01,2.310956e-03,0.997677,0.995020,-0.00732,-6.07009,Land,0.992709,2.838884e-03,4.178764e-06,3.631027e-04,7.507478e-08,5.579441e-04
5,35,35,175,9.954647e-01,6.991065e-04,0.999298,0.996164,-0.00455,-7.26571,Land,0.995465,2.047043e-03,9.636482e-07,3.535487e-04,2.068133e-08,5.487109e-04
6,0,25,-175,9.878917e-01,7.175559e-03,0.992789,0.995067,-0.01218,-4.93707,Land,0.987892,2.820401e-03,1.391020e-05,3.490323e-04,2.487158e-07,3.107366e-04
6,1,25,-165,9.875872e-01,7.160279e-03,0.992802,0.994747,-0.01249,-4.93921,Land,0.987587,3.079263e-03,1.640891e-05,3.439485e-04,2.509858e-07,3.484159e-04
6,2,25,-155,9.899115e-01,3.099341e-03,0.996879,0.993011,-0.01014,-5.77657,Land,0.989912,4.950834e-03,9.461465e-06,3.359639e-04,9.205423e-08,4.454553e-04
6,3,25,-145,9.798736e-01,1.346861e-02,0.986441,0.993342,-0.02033,-4.30739,Land,0.979874,4.096209e-03,3.685300e-05,3.750104e-04,4.640665e-07,3.652795e-04
6,4,25,-135,9.940658e-01,6.209481e-04,0.999376,0.994687,-0.00595,-7.38426,Land,0.994066,3.232357e-03,1.000372e-06,4.122245e-04,1.828836e-08,6.042222e-04
6,5,25,-125,9.874435e-01,7.022868e-03,0.992938,0.994466,-0.01264,-4.95858,Land,0.987444,3.379411e-03,1.427921e-05,3.432287e-04,2.263416e-07,3.434226e-04
6,6,25,-115,9.927262e-01,2.326435e-03,0.997662,0.995053,-0.00730,-6.06342,Land,0.992726,3.104308e-03,5.154575e-06,3.222917e-04,5.905834e-08,4.755311e-04
6,7,25,-105,9.940034e-01,6.863052e-04,0.999310,0.994690,-0.00601,-7.28419,Land,0.994003,3.442448e-03,1.337561e-06,3.468082e-04,1.847676e-08,5.416699e-04
6,8,25,-95,9.897297e-01,5.354697e-03,0.994619,0.995084,-0.01032,-5.22978,Land,0.989730,3.133995e-03,9.548971e-06,3.340818e-04,1.592132e-07,3.177196e-04
6,9,25,-85,9.943847e-01,5.520480e-04,0.999445,0.994937,-0.00563,-7.50188,Land,0.994385,3.567046e-03,1.247491e-06,3.292646e-04,1.421113e-08,4.431061e-04
6,10,25,-75,9.948573e-01,6.019885e-04,0.999395,0.995459,-0.00516,-7.41527,Land,0.994857,2.832292e-03,1.011825e-06,3.519790e-04,1.469799e-08,4.999225e-04
6,11,25,-65,9.953644e-01,4.865634e-04,0.999511,0.995851,-0.00465,-7.62814,Land,0.995364,2.402077e-03,8.667269e-07,3.679603e-04,1.176549e-08,6.343950e-04
6,12,25,-55,9.953307e-01,3.417498e-04,0.999657,0.995672,-0.00468,-7.98143,Land,0.995331,2.606869e-03,6.321447e-07,3.460224e-04,8.134519e-09,5.690784e-04
6,13,25,-45,9.958994e-01,2.527209e-04,0.999746,0.996152,-0.00411,-8.28322,Land,0.995899,1.910887e-03,3.078653e-07,3.937108e-04,6.064228e-09,6.822736e-04
6,14,25,-35,9.960501e-01,2.128661e-04,0.999786,0.996263,-0.00396,-8.45485,Land,0.996050,2.136374e-03,3.266846e-07,3.432260e-04,4.791890e-09,6.124959e-04
6,15,25,-25,9.956508e-01,1.172119e-04,0.999882,0.995768,-0.00436,-9.05153,Land,0.995651,2.259397e-03,1.821791e-07,3.817243e-04,2.863514e-09,9.146320e-04
6,16,25,-15,9.958904e-01,1.569375e-04,0.999842,0.996047,-0.00412,-8.75966,Land,0.995890,2.352890e-03,2.525462e-07,3.379086e-04,3.579581e-09,6.945718e-04
6,17,25,-5,9.958159e-01,1.895018e-04,0.999810,0.996005,-0.00419,-8.57111,Land,0.995816,2.222947e-03,3.184558e-07,3.415234e-04,4.474223e-09,7.976056e-04
6,18,25,5,9.965188e-01,5.813900e-05,0.999942,0.996577,-0.00349,-9.75267,Land,0.996519,1.657866e-03,8.269394e-08,2.966018e-04,1.256935e-09,9.218159e-04
6,19,25,15,9.967862e-01,4.336195e-05,0.999957,0.996830,-0.00322,-10.04593,Land,0.996786,1.541111e-03,5.250272e-08,3.040543e-04,8.804108e-10,8.305573e-04
6,20,25,25,9.960083e-01,6.961000e-05,0.999930,0.996078,-0.00400,-9.57260,Land,0.996008,1.918082e-03,9.034887e-08,3.561139e-04,1.658754e-09,9.917075e-04
6,21,25,35,9.964039e-01,8.571608e-05,0.999914,0.996490,-0.00360,-9.36447,Land,0.996404,1.711966e-03,1.067032e-07,3.251541e-04,1.833318e-09,8.248579e-04
6,22,25,45,9.964991e-01,8.883778e-05,0.999911,0.996588,-0.00351,-9.32870,Land,0.996499,1.586263e-03,9.648525e-08,3.278669e-04,1.892076e-09,7.843306e-04
6,23,25,55,9.956934e-01,1.301505e-04,0.999869,0.995824,-0.00432,-8.94682,Land,0.995693,2.302551e-03,1.894829e-07,3.317727e-04,2.880800e-09,7.918235e-04
6,24,25,65,9.959981e-01,1.775586e-04,0.999822,0.996176,-0.00401,-8.63621,Land,0.995998,1.896436e-03,2.286044e-07,3.623397e-04,4.148960e-09,8.354498e-04
6,25,25,75,9.959153e-01,2.235094e-04,0.999776,0.996139,-0.00409,-8.40606,Land,0.995915,2.082328e-03,3.067039e-07,3.458817e-04,5.568022e-09,6.853025e-04
6,26,25,85,9.961456e-01,1.586722e-04,0.999841,0.996304,-0.00386,-8.74867,Land,0.996146,2.251543e-03,2.692139e-07,2.983292e-04,3.814302e-09,5.679226e-04
6,27,25,95,9.931215e-01,2.197403e-03,0.997792,0.995319,-0.00690,-6.12048,Land,0.993121,2.876945e-03,3.831741e-06,3.124478e-04,6.176933e-08,3.867440e-04
6,28,25,105,9.945576e-01,3.198272e-04,0.999679,0.994877,-0.00546,-8.04773,Land,0.994558,3.224446e-03,6.304326e-07,3.324066e-04,8.464729e-09,7.371359e-04
6,29,25,115,9.941548e-01,1.013713e-03,0.998981,0.995168,-0.00586,-6.89414,Land,0.994155,2.942982e-03,2.120184e-06,3.251406e-04,2.713157e-08,5.853406e-04
6,30,25,125,9.917587e-01,3.048547e-03,0.996936,0.994807,-0.00828,-5.79309,Land,0.991759,3.275808e-03,6.388840e-06,3.218825e-04,9.507720e-08,3.700459e-04
6,31,25,135,9.947841e-01,3.468245e-04,0.999651,0.995131,-0.00523,-7.96669,Land,0.994784,2.849302e-03,5.521114e-07,3.706844e-04,9.657341e-09,7.039696e-04
6,32,25,145,9.818586e-01,1.035070e-02,0.989568,0.992209,-0.01831,-4.57070,Land,0.981859,5.214736e-03,3.010649e-05,3.927992e-04,3.496656e-07,3.455390e-04
6,33,25,155,9.912352e-01,2.282447e-03,0.997703,0.993518,-0.00880,-6.08251,Land,0.991235,4.351694e-03,5.899608e-06,3.303994e-04,6.736098e-08,5.021795e-04
6,34,25,165,9.909113e-01,3.291288e-03,0.996690,0.994203,-0.00913,-5.71648,Land,0.990911,3.701843e-03,8.502457e-06,3.508190e-04,1.152948e-07,4.021577e-04
6,35,25,175,9.925090e-01,2.462235e-03,0.997525,0.994971,-0.00752,-6.00669,Land,0.992509,3.117655e-03,5.322971e-06,3.287476e-04,7.982751e-08,3.390848e-04
7,0,15,-175,9.816673e-01,1.246192e-02,0.987464,0.994129,-0.01850,-4.38508,Land,0.981667,3.071384e-03,2.711637e-05,3.843291e-04,4.913748e-07,2.989837e-04
7,1,15,-165,9.585941e-01,3.405418e-02,0.965694,0.992648,-0.04229,-3.37980,Land,0.958594,3.996636e-03,9.646779e-05,3.788703e-04,1.489685e-06,3.013079e-04
7,2,15,-155,9.809956e-01,9.884491e-03,0.990025,0.990880,-0.01919,-4.61679,Land,0.980996,6.241578e-03,3.743420e-05,3.875438e-04,3.796359e-07,3.864557e-04
7,3,15,-145,9.703268e-01,1.977830e-02,0.980024,0.990105,-0.03012,-3.92317,Land,0.970327,6.446576e-03,8.032133e-05,3.939523e-04,7.597124e-07,3.933952e-04
7,4,15,-135,9.925997e-01,9.040434e-04,0.999090,0.993504,-0.00743,-7.00863,Land,0.992600,3.781908e-03,1.731909e-06,4.475356e-04,3.055527e-08,5.982957e-04
7,5,15,-125,9.914718e-01,2.683186e-03,0.997301,0.994155,-0.00856,-5.92075,Land,0.991472,3.340132e-03,5.454556e-06,3.652797e-04,9.125693e-08,4.288633e-04
7,6,15,-115,9.909871e-01,3.046593e-03,0.996935,0.994034,-0.00905,-5.79373,Land,0.990987,3.805769e-03,7.824052e-06,3.463631e-04,8.484427e-08,4.468878e-04
7,7,15,-105,9.931129e-01,8.051086e-04,0.999190,0.993918,-0.00691,-7.12453,Land,0.993113,3.934415e-03,1.726424e-06,3.873216e-04,2.415533e-08,4.984742e-04
7,8,15,-95,9.909066e-01,3.104605e-03,0.996877,0.994011,-0.00914,-5.77487,Land,0.990907,3.862277e-03,6.833330e-06,3.495256e-04,9.842688e-08,4.037783e-04
7,9,15,-85,9.932021e-01,5.514903e-04,0.999445,0.993754,-0.00682,-7.50289,Land,0.993202,4.348983e-03,1.420924e-06,3.698402e-04,1.539364e-08,4.783532e-04
7,10,15,-75,9.949355e-01,3.302857e-04,0.999668,0.995266,-0.00508,-8.01555,Land,0.994935,2.822381e-03,5.632740e-07,3.731337e-04,8.965885e-09,5.149760e-04
7,11,15,-65,9.948466e-01,5.200993e-04,0.999477,0.995367,-0.00517,-7.56149,Land,0.994847,2.454369e-03,8.768293e-07,4.501067e-04,1.372271e-08,6.774143e-04
7,12,15,-55,9.948202e-01,2.360753e-04,0.999763,0.995056,-0.00519,-8.35136,Land,0.994820,2.849004e-03,4.757570e-07,3.876598e-04,5.787756e-09,6.348819e-04
7,13,15,-45,9.956977e-01,1.779749e-04,0.999821,0.995876,-0.00431,-8.63387,Land,0.995698,1.870659e-03,2.163736e-07,4.617135e-04,4.524380e-09,6.890832e-04
7,14,15,-35,9.958857e-01,1.864360e-04,0.999813,0.996072,-0.00412,-8.58742,Land,0.995886,2.051580e-03,2.895079e-07,3.765695e-04,4.358700e-09,6.476092e-04
7,15,15,-25,9.955828e-01,1.584780e-04,0.999841,0.995741,-0.00443,-8.74990,Land,0.995583,2.366745e-03,2.812780e-07,3.818825e-04,3.696802e-09,7.380407e-04
7,16,15,-15,9.959570e-01,1.026447e-04,0.999897,0.996060,-0.00405,-9.18424,Land,0.995957,1.876468e-03,1.519820e-07,4.290861e-04,2.615275e-09,7.072451e-04
7,17,15,-5,9.956440e-01,1.467758e-04,0.999853,0.995791,-0.00437,-8.82660,Land,0.995644,2.106557e-03,2.613520e-07,3.937758e-04,3.695637e-09,8.351751e-04
7,18,15,5,9.962929e-01,4.315822e-05,0.999957,0.996336,-0.00371,-10.05064,Land,0.996293,1.646572e-03,6.747431e-08,3.455459e-04,9.763505e-10,9.832616e-04
7,19,15,15,9.962568e-01,3.828240e-05,0.999962,0.996295,-0.00375,-10.17052,Land,0.996257,1.657831e-03,5.538130e-08,3.938791e-04,9.922343e-10,8.960916e-04
7,20,15,25,9.963766e-01,5.779297e-05,0.999942,0.996434,-0.00363,-9.75864,Land,0.996377,1.564794e-03,7.419309e-08,3.502960e-04,1.180514e-09,9.387791e-04
7,21,15,35,9.966019e-01,6.230844e-05,0.999937,0.996664,-0.00340,-9.68341,Land,0.996602,1.539252e-03,8.132827e-08,3.414646e-04,1.308593e-09,7.370874e-04
7,22,15,45,9.962613e-01,7.146202e-05,0.999928,0.996333,-0.00375,-9.54634,Land,0.996261,1.509816e-03,8.298554e-08,4.052423e-04,1.629222e-09,8.859921e-04
7,23,15,55,9.957695e-01,9.178621e-05,0.999908,0.995861,-0.00424,-9.29605,Land,0.995770,1.999259e-03,1.373836e-07,3.741773e-04,2.082615e-09,8.916002e-04
7,24,15,65,9.956059e-01,1.408979e-04,0.999859,0.995747,-0.00440,-8.86748,Land,0.995606,2.027484e-03,2.209472e-07,3.968301e-04,3.368172e-09,9.784691e-04
7,25,15,75,9.957562e-01,1.024246e-04,0.999897,0.995859,-0.00425,-9.18638,Land,0.995756,2.211151e-03,1.756536e-07,3.506445e-04,2.522180e-09,7.804640e-04
7,26,15,85,9.951841e-01,1.673404e-04,0.999832,0.995351,-0.00483,-8.69548,Land,0.995184,2.766044e-03,3.631128e-07,3.601880e-04,4.499147e-09,7.018189e-04
7,27,15,95,9.921938e-01,1.663363e-03,0.998326,0.993857,-0.00784,-6.39891,Land,0.992194,3.670522e-03,3.772008e-06,3.630395e-04,5.106549e-08,4.833862e-04
7,28,15,105,9.942694e-01,3.761570e-04,0.999622,0.994646,-0.00575,-7.88550,Land,0.994269,3.213174e-03,8.373936e-07,3.517234e-04,1.050564e-08,6.901426e-04
7,29,15,115,9.921811e-01,1.809256e-03,0.998180,0.993990,-0.00785,-6.31484,Land,0.992181,3.607819e-03,4.795593e-06,3.548728e-04,5.348763e-08,5.366760e-04
7,30,15,125,9.937854e-01,7.351151e-04,0.999261,0.994520,-0.00623,-7.21548,Land,0.993785,3.165349e-03,1.519829e-06,3.752138e-04,2.275181e-08,5.910659e-04
7,31,15,135,9.945476e-01,3.530715e-04,0.999645,0.994901,-0.00547,-7.94884,Land,0.994548,2.660726e-03,5.907860e-07,4.105289e-04,1.108106e-08,6.631414e-04
7,32,15,145,9.644194e-01,2.464495e-02,0.975083,0.989064,-0.03623,-3.70318,Land,0.964419,6.872107e-03,1.015195e-04,4.532594e-04,1.015310e-06,3.511829e-04
7,33,15,155,9.813556e-01,9.952547e-03,0.989960,0.991308,-0.01882,-4.60993,Land,0.981356,5.412097e-03,3.406021e-05,4.081493e-04,3.851302e-07,4.071805e-04
7,34,15,165,9.727357e-01,1.931498e-02,0.980530,0.992051,-0.02764,-3.94687,Land,0.972736,4.388717e-03,6.362999e-05,3.982298e-04,8.444674e-07,3.267568e-04
7,35,15,175,9.910997e-01,3.282741e-03,0.996699,0.994382,-0.00894,-5.71908,Land,0.991100,3.041621e-03,7.925073e-06,3.456619e-04,1.125937e-07,3.298153e-04
8,0,5,-175,6.668108e-01,3.237656e-01,0.673154,0.990576,-0.40525,-1.12774,Land,0.666811,4.736191e-03,1.361533e-03,3.724972e-04,1.638459e-05,1.489631e-04
8,1,5,-165,8.696345e-01,1.214333e-01,0.877472,0.991068,-0.13968,-2.10839,Land,0.869635,5.080875e-03,4.458339e-04,4.086109e-04,5.833721e-06,2.130721e-04
8,2,5,-155,9.239141e-01,6.298777e-02,0.936176,0.986902,-0.07914,-2.76481,Land,0.923914,9.339200e-03,3.567576e-04,4.460495e-04,2.858800e-06,2.999883e-04
8,3,5,-145,8.858736e-01,1.023689e-01,0.896413,0.988242,-0.12118,-2.27917,Land,0.885874,7.770910e-03,5.543351e-04,4.256108e-04,4.444732e-06,2.535468e-04
8,4,5,-135,9.773176e-01,1.310708e-02,0.986766,0.990425,-0.02294,-4.33460,Land,0.977318,5.785772e-03,3.778668e-05,4.573325e-04,5.017593e-07,4.245913e-04
8,5,5,-125,9.574184e-01,3.319114e-02,0.966494,0.990610,-0.04351,-3.40547,Land,0.957418,5.840610e-03,9.756017e-05,4.005582e-04,1.335668e-06,3.735451e-04
8,6,5,-115,9.617124e-01,2.947120e-02,0.970267,0.991184,-0.03904,-3.52434,Land,0.961712,5.935032e-03,1.091521e-04,3.804828e-04,1.005072e-06,3.222115e-04
8,7,5,-105,9.827605e-01,8.115444e-03,0.991810,0.990876,-0.01739,-4.81399,Land,0.982760,6.415609e-03,2.610381e-05,4.222539e-04,2.909539e-07,3.786345e-04
8,8,5,-95,9.440778e-01,4.728936e-02,0.952299,0.991367,-0.05755,-3.05147,Land,0.944078,5.545613e-03,1.419891e-04,3.868235e-04,1.722617e-06,2.470693e-04
8,9,5,-85,9.776300e-01,1.298985e-02,0.986887,0.990620,-0.02262,-4.34359,Land,0.977630,6.924749e-03,5.250121e-05,3.967312e-04,4.743134e-07,3.121460e-04
8,10,5,-75,9.876355e-01,4.750305e-03,0.995213,0.992386,-0.01244,-5.34955,Land,0.987635,4.917914e-03,1.184531e-05,4.021868e-04,1.575842e-07,3.625653e-04
8,11,5,-65,9.894893e-01,3.907377e-03,0.996067,0.993397,-0.01057,-5.54489,Land,0.989489,4.145940e-03,9.836647e-06,4.733915e-04,1.255905e-07,4.791216e-04
8,12,5,-55,9.894628e-01,2.572387e-03,0.997407,0.992035,-0.01059,-5.96292,Land,0.989463,5.303749e-03,8.174059e-06,4.014297e-04,7.940405e-08,4.093292e-04
8,13,5,-45,9.922944e-01,1.981489e-03,0.998007,0.994276,-0.00774,-6.22391,Land,0.992294,3.087602e-03,4.457485e-06,4.465957e-04,6.203826e-08,4.042443e-04
8,14,5,-35,9.919765e-01,2.091397e-03,0.997896,0.994068,-0.00806,-6.16992,Land,0.991977,3.616782e-03,4.956175e-06,3.814970e-04,5.837869e-08,4.057708e-04
8,15,5,-25,9.920249e-01,1.831196e-03,0.998157,0.993856,-0.00801,-6.30279,Land,0.992025,3.940358e-03,4.903828e-06,3.826306e-04,5.048248e-08,4.679485e-04
8,16,5,-15,9.912440e-01,2.752787e-03,0.997231,0.993997,-0.00879,-5.89514,Land,0.991244,3.498703e-03,6.559483e-06,4.191417e-04,8.339045e-08,4.319298e-04
8,17,5,-5,9.935665e-01,1.310523e-03,0.998683,0.994877,-0.00645,-6.63733,Land,0.993566,2.759516e-03,3.451749e-06,3.989086e-04,3.892327e-08,4.773264e-04
8,18,5,5,9.954130e-01,2.635750e-04,0.999735,0.995677,-0.00460,-8.24117,Land,0.995413,1.857171e-03,5.215066e-07,4.098632e-04,7.632124e-09,7.847709e-04
8,19,5,15,9.952743e-01,2.573418e-04,0.999742,0.995532,-0.00474,-8.26511,Land,0.995274,2.057799e-03,4.947540e-07,4.138032e-04,6.588276e-09,8.457700e-04
8,20,5,25,9.952070e-01,3.691540e-04,0.999629,0.995576,-0.00480,-7.90430,Land,0.995207,2.122496e-03,6.845373e-07,4.114661e-04,8.994983e-09,7.710797e-04
8,21,5,35,9.958276e-01,3.189378e-04,0.999680,0.996147,-0.00418,-8.05051,Land,0.995828,1.812712e-03,5.155373e-07,3.667865e-04,7.678297e-09,6.444761e-04
8,22,5,45,9.954463e-01,2.693535e-04,0.999729,0.995716,-0.00456,-8.21949,Land,0.995446,1.910622e-03,4.809859e-07,4.203850e-04,7.173273e-09,7.199781e-04
8,23,5,55,9.946297e-01,4.256396e-04,0.999572,0.995055,-0.00538,-7.76192,Land,0.994630,2.568282e-03,9.324496e-07,3.925554e-04,1.136141e-08,7.329677e-04
8,24,5,65,9.944985e-01,5.602850e-04,0.999437,0.995059,-0.00552,-7.48707,Land,0.994498,2.370687e-03,1.122051e-06,4.541118e-04,1.613530e-08,8.404523e-04
8,25,5,75,9.947892e-01,5.471570e-04,0.999450,0.995336,-0.00522,-7.51077,Land,0.994789,2.369020e-03,1.037457e-06,3.758371e-04,1.508933e-08,6.648972e-04
8,26,5,85,9.914058e-01,2.419784e-03,0.997565,0.993826,-0.00863,-6.02408,Land,0.991406,3.978629e-03,7.449689e-06,3.494084e-04,7.330352e-08,3.835825e-04
8,27,5,95,9.846724e-01,8.010958e-03,0.991930,0.992683,-0.01545,-4.82694,Land,0.984672,4.201244e-03,2.317735e-05,3.746768e-04,2.774809e-07,3.555802e-04
8,28,5,105,9.913966e-01,1.689211e-03,0.998299,0.993086,-0.00864,-6.38349,Land,0.991397,4.402086e-03,4.843655e-06,3.981224e-04,5.539842e-08,5.785978e-04
8,29,5,115,9.897484e-01,3.786649e-03,0.996189,0.993535,-0.01030,-5.57627,Land,0.989748,3.901510e-03,1.177026e-05,3.498144e-04,1.207176e-07,5.000948e-04
8,30,5,125,9.898961e-01,3.264857e-03,0.996713,0.993161,-0.01016,-5.72454,Land,0.989896,4.043975e-03,8.646299e-06,3.954727e-04,1.115861e-07,5.101482e-04
8,31,5,135,9.919468e-01,1.569313e-03,0.998420,0.993516,-0.00809,-6.45712,Land,0.991947,3.438301e-03,3.381915e-06,4.297190e-04,5.237875e-08,5.816882e-04
8,32,5,145,9.624589e-01,2.723820e-02,0.972478,0.989697,-0.03826,-3.60313,Land,0.962459,6.391133e-03,1.084342e-04,4.527316e-04,1.128369e-06,3.587548e-04
8,33,5,155,9.719631e-01,1.804336e-02,0.981774,0.990006,-0.02844,-4.01498,Land,0.971963,6.352994e-03,7.277827e-05,4.433377e-04,7.493283e-07,3.766241e-04
8,34,5,165,9.581989e-01,3.327933e-02,0.966435,0.991478,-0.04270,-3.40282,Land,0.958199,4.556715e-03,1.138447e-04,4.315550e-04,1.559622e-06,2.972658e-04
8,35,5,175,9.245065e-01,6.808992e-02,0.931402,0.992596,-0.07850,-2.68693,Land,0.924506,3.738455e-03,1.871516e-04,4.250710e-04,3.108222e-06,1.914394e-04
9,0,-5,-175,5.571705e-03,9.815506e-01,0.005644,0.987122,-5.19005,-0.01862,Water,0.981551,1.014251e-04,1.157683e-02,3.390881e-06,5.961200e-05,2.052138e-06
9,1,-5,-165,1.483323e-02,9.696612e-01,0.015067,0.984494,-4.21089,-0.03081,Water,0.969661,2.997913e-04,1.386396e-02,1.076514e-05,6.596364e-05,4.266704e-06
9,2,-5,-155,1.065997e-02,9.672497e-01,0.010901,0.977910,-4.54126,-0.03330,Water,0.967250,2.773910e-04,2.060485e-02,8.494868e-06,6.258740e-05,3.762560e-06
9,3,-5,-145,9.594234e-03,9.705153e-01,0.009789,0.980110,-4.64659,-0.02993,Water,0.970515,2.055298e-04,1.831826e-02,7.459960e-06,5.920297e-05,3.401448e-06
9,4,-5,-135,1.039734e-02,9.725246e-01,0.010578,0.982922,-4.56621,-0.02786,Water,0.972525,2.396627e-04,1.520319e-02,8.256263e-06,6.009410e-05,3.756777e-06
9,5,-5,-125,1.050603e-02,9.720006e-01,0.010693,0.982507,-4.55581,-0.02840,Water,0.972001,2.449722e-04,1.573549e-02,7.952632e-06,5.855150e-05,3.828454e-06
9,6,-5,-115,9.843539e-03,9.709755e-01,0.010036,0.980819,-4.62094,-0.02945,Water,0.970976,2.202027e-04,1.776095e-02,7.407125e-06,5.778826e-05,3.560623e-06
9,7,-5,-105,1.323689e-02,9.675922e-01,0.013496,0.980829,-4.32475,-0.03294,Water,0.967592,3.188525e-04,1.723816e-02,1.075534e-05,6.148296e-05,4.572707e-06
9,8,-5,-95,1.106169e-02,9.740532e-01,0.011229,0.985115,-4.50427,-0.02629,Water,0.974053,1.996558e-04,1.324639e-02,7.520566e-06,5.189067e-05,3.540640e-06
9,9,-5,-85,2.995264e-02,9.510786e-01,0.030532,0.981031,-3.50814,-0.05016,Water,0.951079,7.556991e-04,1.642992e-02,2.268195e-05,5.323195e-05,8.443668e-06
9,10,-5,-75,1.097063e-02,9.671424e-01,0.011216,0.978113,-4.51253,-0.03341,Water,0.967142,2.927547e-04,2.005931e-02,8.449715e-06,5.855697e-05,3.906589e-06
9,11,-5,-65,1.079024e-02,9.711285e-01,0.010989,0.981919,-4.52911,-0.02930,Water,0.971128,2.097079e-04,1.644022e-02,7.986246e-06,5.656908e-05,3.408875e-06
9,12,-5,-55,1.108321e-02,9.676862e-01,0.011324,0.978769,-4.50232,-0.03285,Water,0.967686,2.553358e-04,1.935460e-02,7.883248e-06,5.697116e-05,3.298371e-06
9,13,-5,-45,1.183185e-02,9.684275e-01,0.012070,0.980259,-4.43696,-0.03208,Water,0.968428,2.556767e-04,1.776456e-02,8.755034e-06,5.868915e-05,3.534656e-06
9,14,-5,-35,1.219380e-02,9.687383e-01,0.012431,0.980932,-4.40683,-0.03176,Water,0.968738,2.457853e-04,1.690573e-02,8.837760e-06,5.964632e-05,3.443080e-06
9,15,-5,-25,6.663891e-03,9.730299e-01,0.006802,0.979694,-5.01105,-0.02734,Water,0.973030,1.475045e-04,1.881359e-02,4.825801e-06,5.864962e-05,2.224375e-06
9,16,-5,-15,6.095097e-03,9.741434e-01,0.006218,0.980238,-5.10027,-0.02620,Water,0.974143,1.234987e-04,1.834386e-02,4.367985e-06,5.917951e-05,2.111124e-06
9,17,-5,-5,8.268704e-03,9.723654e-01,0.008432,0.980634,-4.79528,-0.02802,Water,0.972365,1.579952e-04,1.746133e-02,6.158486e-06,6.320607e-05,2.509740e-06
9,18,-5,5,1.077102e-02,9.732581e-01,0.010946,0.984029,-4.53090,-0.02711,Water,0.973258,1.702507e-04,1.444939e-02,7.748511e-06,6.871020e-05,2.676731e-06
9,19,-5,15,5.917945e-03,9.773740e-01,0.006019,0.983292,-5.12977,-0.02289,Water,0.977374,9.523868e-05,1.554666e-02,4.028183e-06,6.468061e-05,2.096479e-06
9,20,-5,25,7.450225e-03,9.784166e-01,0.007557,0.985867,-4.89951,-0.02182,Water,0.978417,1.062213e-04,1.310474e-02,4.733097e-06,5.937362e-05,2.074334e-06
9,21,-5,35,1.083665e-02,9.759199e-01,0.010982,0.986757,-4.52482,-0.02437,Water,0.975920,1.401926e-04,1.192650e-02,6.738118e-06,5.937378e-05,2.627563e-06
9,22,-5,45,1.364922e-02,9.720233e-01,0.013848,0.985672,-4.29407,-0.02838,Water,0.972023,1.962867e-04,1.290762e-02,9.556304e-06,6.007406e-05,3.559934e-06
9,23,-5,55,1.255503e-02,9.728653e-01,0.012741,0.985420,-4.37763,-0.02751,Water,0.972865,1.854772e-04,1.319196e-02,8.743371e-06,6.232266e-05,3.174161e-06
9,24,-5,65,1.179631e-02,9.748155e-01,0.011956,0.986612,-4.43997,-0.02551,Water,0.974816,1.636561e-04,1.204585e-02,8.425353e-06,6.118907e-05,2.956161e-06
9,25,-5,75,1.084921e-02,9.752226e-01,0.011002,0.986072,-4.52366,-0.02509,Water,0.975223,1.511177e-04,1.262271e-02,7.015444e-06,6.176503e-05,2.850837e-06
9,26,-5,85,3.525765e-02,9.498441e-01,0.035791,0.985102,-3.34507,-0.05146,Water,0.949844,5.930510e-04,1.264239e-02,2.321145e-05,5.824199e-05,7.380280e-06
9,27,-5,95,1.006742e-02,9.752479e-01,0.010217,0.985315,-4.59845,-0.02506,Water,0.975248,1.486151e-04,1.324234e-02,5.944252e-06,6.086983e-05,2.864150e-06
9,28,-5,105,3.386185e-02,9.509811e-01,0.034383,0.984843,-3.38547,-0.05026,Water,0.950981,5.079084e-04,1.289187e-02,2.319513e-05,6.476017e-05,7.554033e-06
9,29,-5,115,1.616618e-02,9.690838e-01,0.016408,0.985250,-4.12483,-0.03140,Water,0.969084,2.544848e-04,1.325701e-02,1.072637e-05,6.139034e-05,4.517589e-06
9,30,-5,125,2.388818e-02,9.612778e-01,0.024248,0.985166,-3.73437,-0.03949,Water,0.961278,3.948074e-04,1.260784e-02,1.754324e-05,6.585471e-05,6.877962e-06
9,31,-5,135,9.026242e-03,9.760059e-01,0.009163,0.985032,-4.70762,-0.02429,Water,0.976006,1.490056e-04,1.345237e-02,6.359054e-06,6.770388e-05,2.959077e-06
9,32,-5,145,9.328090e-03,9.734105e-01,0.009492,0.982739,-4.67473,-0.02695,Water,0.973411,1.712257e-04,1.596972e-02,6.680617e-06,5.993160e-05,2.961426e-06
9,33,-5,155,1.251248e-02,9.678019e-01,0.012764,0.980314,-4.38103,-0.03273,Water,0.967802,2.612671e-04,1.826663e-02,8.480860e-06,6.389103e-05,3.856596e-06
9,34,-5,165,2.649299e-02,9.592958e-01,0.026875,0.985789,-3.63088,-0.04156,Water,0.959296,4.162288e-04,1.238518e-02,1.835929e-05,6.228229e-05,6.221523e-06
9,35,-5,175,1.681032e-02,9.722788e-01,0.016996,0.989089,-4.08576,-0.02811,Water,0.972279,2.292474e-04,9.243538e-03,9.542704e-06,6.100761e-05,4.109107e-06
10,0,-15,-175,1.152634e-02,9.746191e-01,0.011688,0.986145,-4.46312,-0.02571,Water,0.974619,2.295687e-04,1.192802e-02,7.919823e-06,5.661200e-05,4.512118e-06
10,1,-15,-165,2.817633e-02,9.571158e-01,0.028597,0.985292,-3.56927,-0.04383,Water,0.957116,5.556983e-04,1.248213e-02,2.011120e-05,6.338818e-05,9.095741e-06
10,2,-15,-155,2.180776e-02,9.592811e-01,0.022228,0.981089,-3.82549,-0.04157,Water,0.959281,5.691224e-04,1.662712e-02,1.711362e-05,5.942977e-05,8.474166e-06
10,3,-15,-145,1.674669e-02,9.662976e-01,0.017036,0.983044,-4.08955,-0.03428,Water,0.966298,3.632004e-04,1.477358e-02,1.323783e-05,5.615615e-05,6.461540e-06
10,4,-15,-135,1.238815e-02,9.743944e-01,0.012554,0.986783,-4.39102,-0.02594,Water,0.974394,2.271315e-04,1.139242e-02,9.710042e-06,5.529168e-05,4.994232e-06
10,5,-15,-125,1.345953e-02,9.735143e-01,0.013637,0.986974,-4.30807,-0.02684,Water,0.973514,2.640296e-04,1.082042e-02,1.024064e-05,5.509337e-05,5.403393e-06
10,6,-15,-115,1.505954e-02,9.683665e-01,0.015313,0.983426,-4.19574,-0.03214,Water,0.968367,3.280387e-04,1.469630e-02,1.127623e-05,5.463131e-05,6.083289e-06
10,7,-15,-105,1.866533e-02,9.666790e-01,0.018943,0.985344,-3.98109,-0.03389,Water,0.966679,3.495229e-04,1.247479e-02,1.398854e-05,5.453590e-05,6.607279e-06
10,8,-15,-95,1.658779e-02,9.707486e-01,0.016801,0.987336,-4.09909,-0.02969,Water,0.970749,2.831282e-04,1.047776e-02,1.116435e-05,5.116636e-05,5.668996e-06
10,9,-15,-85,2.932074e-02,9.558341e-01,0.029763,0.985155,-3.52946,-0.04517,Water,0.955834,6.027970e-04,1.244931e-02,2.224810e-05,5.305729e-05,8.561494e-06
10,10,-15,-75,1.802753e-02,9.656281e-01,0.018327,0.983656,-4.01586,-0.03498,Water,0.965628,3.792818e-04,1.426838e-02,1.378854e-05,5.666017e-05,5.709119e-06
10,11,-15,-65,1.155800e-02,9.737797e-01,0.011730,0.985338,-4.46038,-0.02657,Water,0.973780,2.153813e-04,1.301778e-02,8.041454e-06,5.394066e-05,4.016885e-06
10,12,-15,-55,1.666951e-02,9.675203e-01,0.016937,0.984190,-4.09417,-0.03302,Water,0.967520,3.404242e-04,1.351777e-02,1.188715e-05,5.441798e-05,5.466700e-06
10,13,-15,-45,1.810706e-02,9.676467e-01,0.018369,0.985754,-4.01145,-0.03289,Water,0.967647,3.255244e-04,1.192345e-02,1.390674e-05,5.590016e-05,6.058800e-06
10,14,-15,-35,1.504773e-02,9.681369e-01,0.015305,0.983185,-4.19653,-0.03238,Water,0.968137,2.990062e-04,1.437997e-02,1.073386e-05,5.634901e-05,5.014957e-06
10,15,-15,-25,8.249189e-03,9.731951e-01,0.008405,0.981444,-4.79764,-0.02717,Water,0.973195,1.826004e-04,1.686430e-02,5.499718e-06,5.581888e-05,3.073873e-06
10,16,-15,-15,1.233516e-02,9.698602e-01,0.012559,0.982195,-4.39530,-0.03060,Water,0.969860,2.620921e-04,1.555914e-02,9.642247e-06,5.911839e-05,4.399500e-06
10,17,-15,-5,9.087077e-03,9.742737e-01,0.009241,0.983361,-4.70090,-0.02606,Water,0.974274,1.729277e-04,1.498160e-02,6.336488e-06,5.688169e-05,3.426648e-06
10,18,-15,5,5.416988e-03,9.812706e-01,0.005490,0.986688,-5.21822,-0.01891,Water,0.981271,7.700552e-05,1.231001e-02,3.224671e-06,5.876636e-05,1.924904e-06
10,19,-15,15,6.726201e-03,9.798921e-01,0.006817,0.986618,-5.00174,-0.02031,Water,0.979892,1.073115e-04,1.218257e-02,4.355405e-06,6.039369e-05,2.323671e-06
10,20,-15,25,4.790443e-03,9.828012e-01,0.004851,0.987592,-5.34113,-0.01735,Water,0.982801,7.494518e-05,1.146816e-02,2.903685e-06,5.515102e-05,1.723069e-06
10,21,-15,35,6.928205e-03,9.815978e-01,0.007009,0.988526,-4.97215,-0.01857,Water,0.981598,9.888163e-05,1.029989e-02,4.252483e-06,5.550180e-05,2.362506e-06
10,22,-15,45,8.747656e-03,9.804304e-01,0.008843,0.989178,-4.73897,-0.01976,Water,0.980430,1.232572e-04,9.660525e-03,5.605554e-06,5.483616e-05,2.938034e-06
10,23,-15,55,7.387196e-03,9.820486e-01,0.007466,0.989436,-4.90801,-0.01811,Water,0.982049,1.064108e-04,9.486378e-03,4.412764e-06,5.350427e-05,2.309299e-06
10,24,-15,65,6.155834e-03,9.835672e-01,0.006220,0.989723,-5.09036,-0.01657,Water,0.983567,8.228088e-05,9.321138e-03,3.810657e-06,5.393874e-05,2.072850e-06
10,25,-15,75,5.802780e-03,9.828226e-01,0.005870,0.988625,-5.14942,-0.01733,Water,0.982823,8.730273e-05,1.032656e-02,3.445278e-06,5.640011e-05,1.963156e-06
10,26,-15,85,1.370117e-02,9.747612e-01,0.013861,0.988462,-4.29027,-0.02556,Water,0.974761,2.018622e-04,1.005752e-02,8.521300e-06,5.718140e-05,3.630145e-06
10,27,-15,95,6.983668e-03,9.799393e-01,0.007076,0.986923,-4.96418,-0.02026,Water,0.979939,1.061076e-04,1.179158e-02,3.877797e-06,5.529491e-05,2.473815e-06
10,28,-15,105,1.397400e-02,9.728677e-01,0.014160,0.986842,-4.27056,-0.02751,Water,0.972868,2.030932e-04,1.169497e-02,8.573020e-06,5.867850e-05,4.380082e-06
10,29,-15,115,9.005263e-03,9.765366e-01,0.009137,0.985542,-4.70995,-0.02374,Water,0.976537,1.610457e-04,1.316034e-02,5.788422e-06,5.749298e-05,3.709200e-06
10,30,-15,125,1.024598e-02,9.775678e-01,0.010372,0.987814,-4.58087,-0.02269,Water,0.977568,1.542407e-04,1.060669e-02,6.362522e-06,5.799967e-05,3.574604e-06
10,31,-15,135,5.861360e-03,9.817794e-01,0.005935,0.987641,-5.13937,-0.01839,Water,0.981779,9.609132e-05,1.099227e-02,3.814007e-06,5.941881e-05,2.569885e-06
10,32,-15,145,8.380964e-03,9.761285e-01,0.008513,0.984509,-4.78179,-0.02416,Water,0.976129,1.666965e-04,1.409167e-02,5.663917e-06,5.707210e-05,3.227018e-06
10,33,-15,155,1.156790e-02,9.714659e-01,0.011768,0.983034,-4.45952,-0.02895,Water,0.971466,2.481477e-04,1.546123e-02,7.876444e-06,6.002043e-05,4.724990e-06
10,34,-15,165,3.005318e-02,9.578286e-01,0.030422,0.987882,-3.50479,-0.04309,Water,0.957829,4.368489e-04,1.029286e-02,1.898175e-05,5.790198e-05,8.347746e-06
10,35,-15,175,1.457000e-02,9.733771e-01,0.014748,0.987947,-4.22879,-0.02698,Water,0.973377,2.233516e-04,1.032214e-02,8.325635e-06,5.693403e-05,4.234221e-06
11,0,-25,-175,5.029843e-02,9.373949e-01,0.050925,0.987693,-2.98978,-0.06465,Water,0.937395,8.409539e-04,9.404402e-03,3.449634e-05,4.711261e-05,1.182456e-05
11,1,-25,-165,1.024921e-01,8.856686e-01,0.103720,0.988161,-2.27797,-0.12141,Water,0.885669,1.430670e-03,8.337839e-03,6.988791e-05,4.689547e-05,2.000328e-05
11,2,-25,-155,6.797899e-02,9.160305e-01,0.069084,0.984010,-2.68856,-0.08771,Water,0.916031,1.399281e-03,1.274936e-02,4.866472e-05,4.857361e-05,1.565406e-05
11,3,-25,-145,6.725205e-02,9.192270e-01,0.068174,0.986479,-2.69931,-0.08422,Water,0.919227,1.115454e-03,1.032101e-02,5.051533e-05,4.672002e-05,1.486637e-05
11,4,-25,-135,6.507233e-02,9.221891e-01,0.065912,0.987261,-2.73226,-0.08101,Water,0.922189,1.142625e-03,9.168477e-03,5.124156e-05,4.556658e-05,1.568911e-05
11,5,-25,-125,7.490612e-02,9.130709e-01,0.075818,0.987977,-2.59152,-0.09094,Water,0.913071,1.270625e-03,8.173318e-03,5.433881e-05,4.726732e-05,1.811229e-05
11,6,-25,-115,7.722906e-02,9.086579e-01,0.078335,0.985887,-2.56098,-0.09579,Water,0.908658,1.398039e-03,1.065422e-02,5.976550e-05,4.488840e-05,1.785529e-05
11,7,-25,-105,9.890603e-02,8.886945e-01,0.100148,0.987601,-2.31359,-0.11800,Water,0.888695,1.498593e-03,8.283362e-03,7.424973e-05,4.270119e-05,1.906125e-05
11,8,-25,-95,6.861346e-02,9.203346e-01,0.069380,0.988948,-2.67927,-0.08302,Water,0.920335,9.685566e-04,7.913611e-03,4.428862e-05,4.185894e-05,1.421898e-05
11,9,-25,-85,1.081234e-01,8.793494e-01,0.109495,0.987473,-2.22448,-0.12857,Water,0.879349,1.779133e-03,8.599357e-03,7.485336e-05,4.104913e-05,1.815831e-05
11,10,-25,-75,6.800163e-02,9.184775e-01,0.068934,0.986479,-2.68822,-0.08504,Water,0.918477,1.237690e-03,9.884441e-03,5.229126e-05,4.548063e-05,1.418890e-05
11,11,-25,-65,7.125502e-02,9.159737e-01,0.072177,0.987229,-2.64149,-0.08777,Water,0.915974,1.092889e-03,9.582117e-03,5.264079e-05,4.641725e-05,1.320461e-05
11,12,-25,-55,1.180369e-01,8.669980e-01,0.119830,0.985035,-2.13676,-0.14272,Water,0.866998,2.096229e-03,1.018388e-02,8.431746e-05,4.258571e-05,2.029802e-05
11,13,-25,-45,1.084457e-01,8.791805e-01,0.109804,0.987626,-2.22151,-0.12877,Water,0.879181,1.511747e-03,8.307664e-03,8.050758e-05,4.288896e-05,1.794756e-05
11,14,-25,-35,1.254207e-01,8.600492e-01,0.127270,0.985470,-2.07608,-0.15077,Water,0.860049,1.971450e-03,9.281389e-03,8.928063e-05,4.312284e-05,2.134927e-05
11,15,-25,-25,5.878479e-02,9.265558e-01,0.059659,0.985341,-2.83387,-0.07628,Water,0.926556,1.090004e-03,1.105132e-02,4.540745e-05,4.990220e-05,1.131491e-05
11,16,-25,-15,7.076297e-02,9.148266e-01,0.071798,0.985590,-2.64842,-0.08902,Water,0.914827,1.260576e-03,1.130715e-02,5.105673e-05,4.676752e-05,1.333046e-05
11,17,-25,-5,7.560517e-02,9.097977e-01,0.076725,0.985403,-2.58223,-0.09453,Water,0.909798,1.211567e-03,1.122111e-02,5.210188e-05,4.696861e-05,1.343366e-05
11,18,-25,5,7.220847e-02,9.156102e-01,0.073099,0.987819,-2.62820,-0.08816,Water,0.915610,9.680630e-04,9.652830e-03,4.437632e-05,4.937283e-05,1.158088e-05
11,19,-25,15,5.687676e-02,9.322008e-01,0.057505,0.989078,-2.86687,-0.07021,Water,0.932201,7.420555e-04,8.818117e-03,3.654856e-05,4.942860e-05,9.540428e-06
11,20,-25,25,9.694081e-02,8.926643e-01,0.097959,0.989605,-2.33365,-0.11354,Water,0.892664,1.225469e-03,7.721336e-03,6.479194e-05,4.551576e-05,1.271843e-05
11,21,-25,35,9.542851e-02,8.941647e-01,0.096432,0.989593,-2.34938,-0.11187,Water,0.894165,1.073733e-03,7.592955e-03,5.844991e-05,4.495396e-05,1.281166e-05
11,22,-25,45,8.058853e-02,9.089412e-01,0.081441,0.989530,-2.51840,-0.09547,Water,0.908941,9.706112e-04,8.061447e-03,5.252737e-05,4.558333e-05,1.248473e-05
11,23,-25,55,1.025170e-01,8.866123e-01,0.103644,0.989129,-2.27773,-0.12035,Water,0.886612,1.320351e-03,8.041416e-03,6.228680e-05,4.310097e-05,1.396015e-05
11,24,-25,65,5.444305e-02,9.360797e-01,0.054964,0.990523,-2.91060,-0.06605,Water,0.936080,6.436339e-04,7.521288e-03,3.402850e-05,4.649476e-05,8.929957e-06
11,25,-25,75,3.557002e-02,9.534426e-01,0.035965,0.989013,-3.33625,-0.04768,Water,0.953443,5.094290e-04,9.167480e-03,2.263439e-05,5.092520e-05,7.063614e-06
11,26,-25,85,1.290473e-01,8.606940e-01,0.130385,0.989741,-2.04758,-0.15002,Water,0.860694,1.681420e-03,6.733711e-03,7.878837e-05,4.450957e-05,1.678311e-05
11,27,-25,95,3.376276e-02,9.546548e-01,0.034158,0.988418,-3.38840,-0.04641,Water,0.954655,4.644292e-04,9.710459e-03,1.847473e-05,4.753492e-05,6.453344e-06
11,28,-25,105,9.339968e-02,8.952438e-01,0.094473,0.988643,-2.37087,-0.11066,Water,0.895244,1.211404e-03,8.521962e-03,5.612752e-05,4.752178e-05,1.564502e-05
11,29,-25,115,9.142111e-02,8.963274e-01,0.092555,0.987748,-2.39228,-0.10945,Water,0.896327,1.257959e-03,9.362387e-03,5.385531e-05,4.628229e-05,1.619572e-05
11,30,-25,125,9.640692e-02,8.924865e-01,0.097490,0.988893,-2.33918,-0.11374,Water,0.892486,1.309607e-03,7.724496e-03,6.081349e-05,4.881610e-05,1.722896e-05
11,31,-25,135,4.736225e-02,9.401021e-01,0.047964,0.987464,-3.04993,-0.06177,Water,0.940102,7.392952e-04,1.007641e-02,3.208792e-05,5.384294e-05,9.865314e-06
11,32,-25,145,3.571681e-02,9.506357e-01,0.036211,0.986352,-3.33213,-0.05062,Water,0.950636,5.798312e-04,1.171113e-02,2.289398e-05,5.032035e-05,7.118230e-06
11,33,-25,155,4.409742e-02,9.394087e-01,0.044837,0.983506,-3.12135,-0.06250,Water,0.939409,8.637965e-04,1.429410e-02,2.770321e-05,5.242972e-05,9.886914e-06
11,34,-25,165,1.436134e-01,8.458332e-01,0.145145,0.989447,-1.94063,-0.16743,Water,0.845833,1.604360e-03,7.004510e-03,8.369488e-05,4.549535e-05,2.259498e-05
11,35,-25,175,1.090763e-01,8.801503e-01,0.110264,0.989227,-2.21571,-0.12766,Water,0.880150,1.296731e-03,7.498338e-03,6.355035e-05,4.645915e-05,1.747130e-05
12,0,-35,-175,1.697884e-02,9.706979e-01,0.017191,0.987677,-4.07579,-0.02974,Water,0.970698,3.189340e-04,1.040413e-02,1.107935e-05,4.289286e-05,5.306574e-06
12,1,-35,-165,2.414225e-02,9.631677e-01,0.024453,0.987310,-3.72379,-0.03753,Water,0.963168,4.364794e-04,1.090075e-02,1.648851e-05,4.547452e-05,6.843073e-06
12,2,-35,-155,2.243282e-02,9.626850e-01,0.022772,0.985118,-3.79723,-0.03803,Water,0.962685,4.726856e-04,1.287425e-02,1.499082e-05,4.359834e-05,6.660274e-06
12,3,-35,-145,1.865746e-02,9.683008e-01,0.018904,0.986958,-3.98151,-0.03221,Water,0.968301,3.522265e-04,1.123976e-02,1.335509e-05,4.260663e-05,5.616531e-06
12,4,-35,-135,2.611085e-02,9.624289e-01,0.026414,0.988540,-3.64540,-0.03830,Water,0.962429,4.504882e-04,9.233679e-03,1.965221e-05,4.287201e-05,7.910417e-06
12,5,-35,-125,1.729022e-02,9.706771e-01,0.017501,0.987967,-4.05761,-0.02976,Water,0.970677,3.042604e-04,9.951536e-03,1.219714e-05,4.314338e-05,5.406133e-06
12,6,-35,-115,2.180357e-02,9.662043e-01,0.022068,0.988008,-3.82568,-0.03438,Water,0.966204,3.798173e-04,1.025093e-02,1.426727e-05,4.208493e-05,5.994708e-06
12,7,-35,-105,2.303471e-02,9.654073e-01,0.023304,0.988442,-3.77075,-0.03521,Water,0.965407,3.869507e-04,9.294161e-03,1.632115e-05,4.225003e-05,6.133959e-06
12,8,-35,-95,2.153810e-02,9.678338e-01,0.021769,0.989372,-3.83793,-0.03269,Water,0.967834,3.422294e-04,8.501762e-03,1.353710e-05,3.960551e-05,5.879999e-06
12,9,-35,-85,3.787149e-02,9.519407e-01,0.038261,0.989812,-3.27356,-0.04925,Water,0.951941,5.829864e-04,7.911269e-03,2.442143e-05,3.918992e-05,8.498863e-06
12,10,-35,-75,1.965783e-02,9.681687e-01,0.019900,0.987826,-3.92928,-0.03235,Water,0.968169,3.411589e-04,1.010862e-02,1.305513e-05,4.302109e-05,5.022804e-06
12,11,-35,-65,2.466678e-02,9.633863e-01,0.024965,0.988053,-3.70230,-0.03730,Water,0.963386,4.199030e-04,9.953893e-03,1.588112e-05,4.208807e-05,5.967092e-06
12,12,-35,-55,2.434275e-02,9.615987e-01,0.024690,0.985941,-3.71552,-0.03916,Water,0.961599,4.986142e-04,1.180363e-02,1.596806e-05,4.281931e-05,5.743942e-06
12,13,-35,-45,2.813722e-02,9.599179e-01,0.028477,0.988055,-3.57066,-0.04091,Water,0.959918,4.492718e-04,9.572293e-03,1.877442e-05,4.270526e-05,6.720618e-06
12,14,-35,-35,3.325206e-02,9.550664e-01,0.033645,0.988318,-3.40364,-0.04597,Water,0.955066,5.511448e-04,8.654603e-03,2.470085e-05,4.522916e-05,7.022255e-06
12,15,-35,-25,1.332928e-02,9.720723e-01,0.013527,0.985402,-4.31779,-0.02833,Water,0.972072,2.846168e-04,1.288188e-02,8.633039e-06,4.472801e-05,3.860510e-06
12,16,-35,-15,1.340204e-02,9.740133e-01,0.013573,0.987415,-4.31235,-0.02633,Water,0.974013,2.340247e-04,1.099024e-02,8.567880e-06,4.383277e-05,3.718214e-06
12,17,-35,-5,1.472647e-02,9.721496e-01,0.014922,0.986876,-4.21811,-0.02825,Water,0.972150,2.623582e-04,1.150672e-02,9.200331e-06,4.388713e-05,3.798149e-06
12,18,-35,5,1.153008e-02,9.756018e-01,0.011680,0.987132,-4.46280,-0.02470,Water,0.975602,1.734550e-04,1.175370e-02,6.681883e-06,4.693513e-05,2.970448e-06
12,19,-35,15,8.068486e-03,9.791746e-01,0.008173,0.987243,-4.81979,-0.02105,Water,0.979175,1.455292e-04,1.172136e-02,4.847656e-06,4.476007e-05,2.475716e-06
12,20,-35,25,1.115535e-02,9.768482e-01,0.011291,0.988004,-4.49584,-0.02342,Water,0.976848,1.803421e-04,1.091995e-02,6.534365e-06,4.436804e-05,2.902144e-06
12,21,-35,35,2.648090e-02,9.648956e-01,0.026711,0.991377,-3.63133,-0.03574,Water,0.964896,3.171020e-04,7.145640e-03,1.623947e-05,4.413041e-05,4.743710e-06
12,22,-35,45,1.625642e-02,9.737740e-01,0.016420,0.990030,-4.11927,-0.02658,Water,0.973774,2.272355e-04,8.743325e-03,1.001901e-05,4.324624e-05,3.794835e-06
12,23,-35,55,1.270602e-02,9.763312e-01,0.012847,0.989037,-4.36568,-0.02395,Water,0.976331,1.977264e-04,9.876505e-03,7.121969e-06,4.281368e-05,3.053938e-06
12,24,-35,65,1.258740e-02,9.783172e-01,0.012703,0.990905,-4.37506,-0.02192,Water,0.978317,1.757315e-04,8.123733e-03,7.249018e-06,4.259660e-05,3.112010e-06
12,25,-35,75,9.827147e-03,9.792822e-01,0.009935,0.989109,-4.62261,-0.02094,Water,0.979282,1.513343e-04,9.812032e-03,5.700774e-06,4.360000e-05,2.567086e-06
12,26,-35,85,2.070508e-02,9.696735e-01,0.020906,0.990379,-3.87738,-0.03080,Water,0.969674,2.833162e-04,8.264865e-03,1.159361e-05,4.220390e-05,4.528584e-06
12,27,-35,95,9.297823e-03,9.801307e-01,0.009397,0.989429,-4.67797,-0.02007,Water,0.980131,1.419193e-04,9.389605e-03,4.946004e-06,4.319879e-05,2.612099e-06
12,28,-35,105,1.421741e-02,9.740410e-01,0.014386,0.988258,-4.25329,-0.02630,Water,0.974041,2.215223e-04,1.045260e-02,8.104674e-06,4.542533e-05,3.705936e-06
12,29,-35,115,1.511068e-02,9.730183e-01,0.015292,0.988129,-4.19235,-0.02735,Water,0.973018,2.471360e-04,1.064691e-02,8.504684e-06,4.511803e-05,4.129059e-06
12,30,-35,125,1.151392e-02,9.769251e-01,0.011649,0.988439,-4.46420,-0.02335,Water,0.976925,1.868058e-04,1.031849e-02,6.653157e-06,4.546421e-05,3.231543e-06
12,31,-35,135,9.604462e-03,9.782179e-01,0.009723,0.987822,-4.64553,-0.02202,Water,0.978218,1.540982e-04,1.088619e-02,6.057825e-06,4.918366e-05,3.119172e-06
12,32,-35,145,1.153180e-02,9.753321e-01,0.011685,0.986864,-4.46265,-0.02498,Water,0.975332,2.157633e-04,1.194520e-02,7.106821e-06,4.413902e-05,3.547450e-06
12,33,-35,155,1.272194e-02,9.728412e-01,0.012908,0.985563,-4.36443,-0.02753,Water,0.972841,2.392775e-04,1.319171e-02,7.397177e-06,4.397799e-05,3.660859e-06
12,34,-35,165,2.020464e-02,9.666862e-01,0.020473,0.986891,-3.90184,-0.03388,Water,0.966686,3.491784e-04,1.165676e-02,1.238060e-05,4.749244e-05,5.560109e-06
12,35,-35,175,1.590267e-02,9.726753e-01,0.016086,0.988578,-4.14127,-0.02770,Water,0.972675,2.462867e-04,9.990755e-03,8.681231e-06,4.408336e-05,4.205755e-06
13,0,-45,-175,2.580061e-02,9.642557e-01,0.026060,0.990056,-3.65736,-0.03640,Water,0.964256,3.985318e-04,7.892627e-03,1.725909e-05,3.823043e-05,7.233407e-06
13,1,-45,-165,3.193208e-02,9.577962e-01,0.032263,0.989728,-3.44414,-0.04312,Water,0.957796,4.758914e-04,8.174600e-03,2.189553e-05,4.153204e-05,8.925780e-06
13,2,-45,-155,2.757347e-02,9.609674e-01,0.027893,0.988541,-3.59090,-0.03981,Water,0.960967,4.707959e-04,9.470448e-03,1.909719e-05,3.949346e-05,8.205182e-06
13,3,-45,-145,2.622203e-02,9.625326e-01,0.026520,0.988755,-3.64116,-0.03819,Water,0.962533,4.451639e-04,9.190272e-03,1.882635e-05,3.984284e-05,8.163498e-06
13,4,-45,-135,2.398526e-02,9.669881e-01,0.024204,0.990973,-3.73032,-0.03357,Water,0.966988,3.291023e-04,7.013097e-03,1.788226e-05,3.923301e-05,7.209063e-06
13,5,-45,-125,1.505086e-02,9.750347e-01,0.015202,0.990086,-4.19632,-0.02528,Water,0.975035,2.302864e-04,8.118032e-03,9.888173e-06,3.854357e-05,4.725833e-06
13,6,-45,-115,1.688449e-02,9.723401e-01,0.017068,0.989225,-4.08136,-0.02805,Water,0.972340,2.853166e-04,9.115102e-03,1.149494e-05,3.919575e-05,5.243878e-06
13,7,-45,-105,1.866928e-02,9.709625e-01,0.018865,0.989632,-3.98088,-0.02947,Water,0.970962,2.922179e-04,8.255215e-03,1.309409e-05,3.934995e-05,5.832984e-06
13,8,-45,-95,2.114820e-02,9.696147e-01,0.021345,0.990763,-3.85620,-0.03086,Water,0.969615,3.053294e-04,7.121827e-03,1.386454e-05,3.787564e-05,6.511053e-06
13,9,-45,-85,2.918746e-02,9.615103e-01,0.029462,0.990698,-3.53402,-0.03925,Water,0.961510,4.375555e-04,7.461154e-03,2.052641e-05,3.644473e-05,7.734366e-06
13,10,-45,-75,1.934229e-02,9.703541e-01,0.019544,0.989696,-3.94546,-0.03009,Water,0.970354,3.151608e-04,8.518358e-03,1.314498e-05,3.853141e-05,5.552654e-06
13,11,-45,-65,1.553093e-02,9.749689e-01,0.015680,0.990500,-4.16492,-0.02535,Water,0.974969,2.283238e-04,7.932331e-03,1.031629e-05,3.913744e-05,4.467013e-06
13,12,-45,-55,1.807958e-02,9.710406e-01,0.018278,0.989120,-4.01297,-0.02939,Water,0.971041,3.067311e-04,8.980854e-03,1.185001e-05,4.012814e-05,4.783710e-06
13,13,-45,-45,1.940235e-02,9.713625e-01,0.019583,0.990765,-3.94236,-0.02906,Water,0.971362,2.872639e-04,7.240954e-03,1.459774e-05,3.950355e-05,5.117507e-06
13,14,-45,-35,1.790390e-02,9.703236e-01,0.018117,0.988228,-4.02274,-0.03013,Water,0.970324,3.226737e-04,9.828022e-03,1.202988e-05,4.114922e-05,4.865420e-06
13,15,-45,-25,1.015821e-02,9.787569e-01,0.010272,0.988915,-4.58947,-0.02147,Water,0.978757,1.802618e-04,9.653716e-03,6.634126e-06,4.090413e-05,3.125710e-06
13,16,-45,-15,9.917379e-03,9.802802e-01,0.010016,0.990198,-4.61347,-0.01992,Water,0.980280,1.546657e-04,8.576329e-03,6.374386e-06,3.829460e-05,3.021241e-06
13,17,-45,-5,1.225906e-02,9.766589e-01,0.012396,0.988918,-4.40149,-0.02362,Water,0.976659,2.062100e-04,9.640559e-03,8.128975e-06,4.003508e-05,3.697229e-06
13,18,-45,5,8.345093e-03,9.807571e-01,0.008437,0.989102,-4.78608,-0.01943,Water,0.980757,1.203208e-04,9.934343e-03,4.850783e-06,4.158469e-05,2.432977e-06
13,19,-45,15,6.239666e-03,9.834298e-01,0.006305,0.989669,-5.07683,-0.01671,Water,0.983430,9.953323e-05,9.447770e-03,3.727944e-06,3.992700e-05,2.174594e-06
13,20,-45,25,6.836871e-03,9.824095e-01,0.006911,0.989246,-4.98543,-0.01775,Water,0.982410,1.149351e-04,9.916483e-03,4.068309e-06,3.972338e-05,2.224802e-06
13,21,-45,35,1.033333e-02,9.795865e-01,0.010439,0.989920,-4.57238,-0.02062,Water,0.979587,1.560164e-04,9.005296e-03,6.441895e-06,4.201625e-05,3.033826e-06
13,22,-45,45,1.304514e-02,9.775590e-01,0.013169,0.990604,-4.33934,-0.02270,Water,0.977559,1.789519e-04,8.335573e-03,8.333939e-06,4.110563e-05,3.692619e-06
13,23,-45,55,1.018783e-02,9.799816e-01,0.010289,0.990169,-4.58656,-0.02022,Water,0.979982,1.587581e-04,8.856427e-03,6.166344e-06,4.068386e-05,2.948178e-06
13,24,-45,65,8.836601e-03,9.823115e-01,0.008916,0.991148,-4.72885,-0.01785,Water,0.982311,1.175649e-04,7.999986e-03,5.232375e-06,3.947588e-05,2.751901e-06
13,25,-45,75,8.318020e-03,9.821898e-01,0.008398,0.990508,-4.78933,-0.01797,Water,0.982190,1.167871e-04,8.638243e-03,4.783705e-06,3.867873e-05,2.566282e-06
13,26,-45,85,1.711124e-02,9.739239e-01,0.017266,0.991035,-4.06802,-0.02642,Water,0.973924,2.331647e-04,7.819886e-03,1.067076e-05,4.059574e-05,4.467229e-06
13,27,-45,95,1.046443e-02,9.806444e-01,0.010558,0.991109,-4.55977,-0.01955,Water,0.980644,1.336948e-04,7.707192e-03,6.012596e-06,3.937706e-05,3.192112e-06
13,28,-45,105,9.840959e-03,9.794567e-01,0.009947,0.989298,-4.62120,-0.02076,Water,0.979457,1.447849e-04,9.603647e-03,5.668062e-06,4.263324e-05,3.062576e-06
13,29,-45,115,9.963899e-03,9.800457e-01,0.010064,0.990010,-4.60879,-0.02016,Water,0.980046,1.482398e-04,8.903874e-03,5.775779e-06,4.085126e-05,3.127219e-06
13,30,-45,125,9.376220e-03,9.804095e-01,0.009473,0.989786,-4.66958,-0.01978,Water,0.980410,1.427682e-04,9.135990e-03,5.693349e-06,4.144562e-05,3.073758e-06
13,31,-45,135,9.069519e-03,9.808855e-01,0.009162,0.989955,-4.70284,-0.01930,Water,0.980885,1.330356e-04,8.945375e-03,5.735370e-06,4.221983e-05,2.990531e-06
13,32,-45,145,1.522627e-02,9.724382e-01,0.015416,0.987664,-4.18473,-0.02795,Water,0.972438,2.718187e-04,1.101027e-02,1.002184e-05,4.148262e-05,5.074732e-06
13,33,-45,155,1.323698e-02,9.743460e-01,0.013403,0.987583,-4.32474,-0.02599,Water,0.974346,2.286205e-04,1.116868e-02,8.205108e-06,4.227877e-05,4.073655e-06
13,34,-45,165,2.188261e-02,9.671487e-01,0.022125,0.989031,-3.82206,-0.03340,Water,0.967149,3.141335e-04,9.566371e-03,1.397451e-05,4.277464e-05,5.940225e-06
13,35,-45,175,1.896459e-02,9.695803e-01,0.019184,0.988545,-3.96518,-0.03089,Water,0.969580,3.022609e-04,9.997028e-03,1.150625e-05,4.240450e-05,5.180944e-06
14,0,-55,-175,3.380811e-03,9.890797e-01,0.003406,0.992461,-5.68964,-0.01098,Water,0.989080,4.824169e-05,6.392187e-03,1.941289e-06,3.459502e-05,1.270382e-06
14,1,-55,-165,4.149175e-03,9.878016e-01,0.004183,0.991951,-5.48485,-0.01227,Water,0.987802,5.798352e-05,6.848692e-03,2.413638e-06,3.679988e-05,1.510070e-06
14,2,-55,-155,3.637208e-03,9.862218e-01,0.003674,0.989859,-5.61654,-0.01387,Water,0.986222,6.681668e-05,9.033101e-03,2.170171e-06,3.851191e-05,1.527338e-06
14,3,-55,-145,2.965462e-03,9.888834e-01,0.002990,0.991849,-5.82072,-0.01118,Water,0.988883,4.437706e-05,7.056287e-03,1.739818e-06,3.473323e-05,1.226737e-06
14,4,-55,-135,2.906357e-03,9.900778e-01,0.002927,0.992984,-5.84085,-0.00997,Water,0.990078,3.729720e-05,5.874016e-03,1.662938e-06,3.421199e-05,1.128856e-06
14,5,-55,-125,2.223713e-03,9.913221e-01,0.002238,0.993546,-6.10858,-0.00872,Water,0.991322,2.777172e-05,5.336263e-03,1.227101e-06,3.366601e-05,8.684329e-07
14,6,-55,-115,2.457164e-03,9.906121e-01,0.002474,0.993069,-6.00875,-0.00943,Water,0.990612,3.389942e-05,6.006424e-03,1.329037e-06,3.327683e-05,9.857275e-07
14,7,-55,-105,2.214565e-03,9.910511e-01,0.002230,0.993266,-6.11270,-0.00899,Water,0.991051,2.804520e-05,5.643086e-03,1.254742e-06,3.393055e-05,8.619889e-07
14,8,-55,-95,3.189201e-03,9.899732e-01,0.003211,0.993162,-5.74798,-0.01008,Water,0.989973,4.019742e-05,5.632650e-03,1.676449e-06,3.289791e-05,1.249277e-06
14,9,-55,-85,4.656363e-03,9.888338e-01,0.004687,0.993490,-5.36952,-0.01123,Water,0.988834,5.775263e-05,5.468139e-03,2.639483e-06,3.270298e-05,1.579237e-06
14,10,-55,-75,2.122253e-03,9.913119e-01,0.002136,0.993434,-6.15528,-0.00873,Water,0.991312,2.705951e-05,5.578831e-03,1.131741e-06,3.313620e-05,8.116949e-07
14,11,-55,-65,2.490206e-03,9.912305e-01,0.002506,0.993721,-5.99539,-0.00881,Water,0.991230,3.063703e-05,5.388615e-03,1.238676e-06,3.248918e-05,8.723717e-07
14,12,-55,-55,1.948042e-03,9.914860e-01,0.001961,0.993434,-6.24093,-0.00855,Water,0.991486,2.716285e-05,5.670081e-03,1.086282e-06,3.553207e-05,6.690998e-07
14,13,-55,-45,2.330668e-03,9.907121e-01,0.002347,0.993043,-6.06160,-0.00933,Water,0.990712,2.998585e-05,5.953420e-03,1.256388e-06,3.418817e-05,8.623435e-07
14,14,-55,-35,2.125609e-03,9.905151e-01,0.002141,0.992641,-6.15370,-0.00953,Water,0.990515,2.856897e-05,6.380278e-03,1.087349e-06,3.369501e-05,7.371054e-07
14,15,-55,-25,1.533557e-03,9.903574e-01,0.001546,0.991891,-6.48017,-0.00969,Water,0.990357,2.218936e-05,7.273295e-03,7.557535e-07,3.386062e-05,5.765843e-07
14,16,-55,-15,1.309877e-03,9.918254e-01,0.001319,0.993135,-6.63782,-0.00821,Water,0.991825,1.735449e-05,6.118990e-03,6.371595e-07,3.264273e-05,5.291697e-07
14,17,-55,-5,1.836491e-03,9.910219e-01,0.001850,0.992858,-6.29990,-0.00902,Water,0.991022,2.448501e-05,6.200822e-03,9.262382e-07,3.417708e-05,6.979921e-07
14,18,-55,5,1.803951e-03,9.904557e-01,0.001818,0.992260,-6.31778,-0.00959,Water,0.990456,2.449453e-05,7.145839e-03,8.410120e-07,3.395913e-05,6.839897e-07
14,19,-55,15,9.378178e-04,9.920396e-01,0.000944,0.992977,-6.97195,-0.00799,Water,0.992040,1.266236e-05,6.486099e-03,4.162305e-07,3.316046e-05,4.105234e-07
14,20,-55,25,1.276168e-03,9.911148e-01,0.001286,0.992391,-6.66389,-0.00892,Water,0.991115,1.794512e-05,7.074813e-03,5.911137e-07,3.320490e-05,5.093522e-07
14,21,-55,35,1.835373e-03,9.910633e-01,0.001848,0.992899,-6.30051,-0.00898,Water,0.991063,2.486414e-05,6.479395e-03,8.767121e-07,3.426784e-05,6.445620e-07
14,22,-55,45,2.080333e-03,9.913828e-01,0.002094,0.993463,-6.17523,-0.00865,Water,0.991383,2.645976e-05,5.899004e-03,1.031316e-06,3.314796e-05,7.406364e-07
14,23,-55,55,2.131733e-03,9.912169e-01,0.002146,0.993349,-6.15082,-0.00882,Water,0.991217,2.807561e-05,6.110444e-03,1.100093e-06,3.435234e-05,6.984424e-07
14,24,-55,65,1.991770e-03,9.915326e-01,0.002005,0.993524,-6.21873,-0.00850,Water,0.991533,2.447395e-05,5.891394e-03,9.544799e-07,3.285399e-05,7.389815e-07
14,25,-55,75,1.733370e-03,9.914394e-01,0.001745,0.993173,-6.35769,-0.00860,Water,0.991439,2.293398e-05,6.262807e-03,8.300083e-07,3.366768e-05,6.728089e-07
14,26,-55,85,4.046485e-03,9.891569e-01,0.004074,0.993203,-5.50991,-0.01090,Water,0.989157,5.363309e-05,6.071366e-03,2.129026e-06,3.415312e-05,1.390110e-06
14,27,-55,95,2.410623e-03,9.908206e-01,0.002427,0.993231,-6.02787,-0.00922,Water,0.990821,2.943780e-05,6.005843e-03,1.093592e-06,3.352540e-05,9.128727e-07
14,28,-55,105,2.034281e-03,9.900629e-01,0.002050,0.992097,-6.19761,-0.00999,Water,0.990063,2.766905e-05,7.140826e-03,9.793684e-07,3.717100e-05,8.222253e-07
14,29,-55,115,2.173728e-03,9.906255e-01,0.002189,0.992799,-6.13131,-0.00942,Water,0.990625,2.865897e-05,6.497888e-03,1.049634e-06,3.520736e-05,8.759839e-07
14,30,-55,125,1.644372e-03,9.914438e-01,0.001656,0.993088,-6.41040,-0.00859,Water,0.991444,2.113875e-05,6.205770e-03,7.843697e-07,3.408913e-05,6.654251e-07
14,31,-55,135,1.891967e-03,9.903325e-01,0.001907,0.992224,-6.27014,-0.00971,Water,0.990333,2.631164e-05,6.964743e-03,9.439558e-07,3.612789e-05,8.000522e-07
14,32,-55,145,2.580957e-03,9.898320e-01,0.002601,0.992413,-5.95960,-0.01022,Water,0.989832,3.647881e-05,6.803638e-03,1.396648e-06,3.541134e-05,1.056634e-06
14,33,-55,155,3.242540e-03,9.871677e-01,0.003274,0.990410,-5.73140,-0.01292,Water,0.987168,5.353810e-05,8.805736e-03,1.660436e-06,3.629900e-05,1.325742e-06
14,34,-55,165,3.632150e-03,9.886200e-01,0.003661,0.992252,-5.61793,-0.01145,Water,0.988620,4.893669e-05,6.900107e-03,1.905885e-06,3.669224e-05,1.292057e-06
14,35,-55,175,3.173536e-03,9.885513e-01,0.003200,0.991725,-5.75291,-0.01151,Water,0.988551,4.557153e-05,7.474020e-03,1.615597e-06,3.562306e-05,1.155179e-06
15,0,-65,-175,3.011489e-03,9.917884e-01,0.003027,0.994800,-5.80532,-0.00825,Water,0.991788,3.290559e-05,4.436470e-03,1.584270e-06,3.065863e-05,1.159734e-06
15,1,-65,-165,5.677048e-03,9.879199e-01,0.005714,0.993597,-5.17132,-0.01215,Water,0.987920,7.059718e-05,5.544461e-03,3.209823e-06,3.258827e-05,2.013548e-06
15,2,-65,-155,3.298506e-03,9.904567e-01,0.003319,0.993755,-5.71429,-0.00959,Water,0.990457,4.138255e-05,5.485990e-03,1.783141e-06,3.171658e-05,1.277091e-06
15,3,-65,-145,2.799716e-03,9.919337e-01,0.002815,0.994733,-5.87824,-0.00810,Water,0.991934,2.976337e-05,4.600675e-03,1.509513e-06,3.106404e-05,1.093893e-06
15,4,-65,-135,2.592771e-03,9.926615e-01,0.002605,0.995254,-5.95503,-0.00737,Water,0.992661,2.538283e-05,3.979044e-03,1.402620e-06,3.066702e-05,1.009487e-06
15,5,-65,-125,2.105550e-03,9.932811e-01,0.002115,0.995387,-6.16318,-0.00674,Water,0.993281,2.127627e-05,3.892910e-03,1.081281e-06,3.067513e-05,8.413947e-07
15,6,-65,-115,2.399330e-03,9.929396e-01,0.002411,0.995339,-6.03257,-0.00709,Water,0.992940,2.504618e-05,3.996361e-03,1.226377e-06,3.024779e-05,9.841727e-07
15,7,-65,-105,1.944060e-03,9.931670e-01,0.001954,0.995111,-6.24298,-0.00686,Water,0.993167,1.963673e-05,4.146849e-03,9.752287e-07,3.047032e-05,7.659740e-07
15,8,-65,-95,3.095733e-03,9.918948e-01,0.003111,0.994991,-5.77773,-0.00814,Water,0.991895,3.276735e-05,4.188894e-03,1.598278e-06,3.114659e-05,1.218533e-06
15,9,-65,-85,3.713026e-03,9.918328e-01,0.003730,0.995546,-5.59591,-0.00820,Water,0.991833,3.577821e-05,3.776550e-03,1.936678e-06,2.996174e-05,1.268709e-06
15,10,-65,-75,2.592066e-03,9.926166e-01,0.002605,0.995209,-5.95530,-0.00741,Water,0.992617,2.649845e-05,4.120479e-03,1.304889e-06,3.058627e-05,9.082200e-07
15,11,-65,-65,2.528392e-03,9.930733e-01,0.002540,0.995602,-5.98017,-0.00695,Water,0.993073,2.494409e-05,3.850928e-03,1.292666e-06,2.984557e-05,8.146430e-07
15,12,-65,-55,2.419879e-03,9.928487e-01,0.002431,0.995269,-6.02404,-0.00718,Water,0.992849,2.331597e-05,4.084225e-03,1.156922e-06,2.960687e-05,7.614474e-07
15,13,-65,-45,2.283857e-03,9.936142e-01,0.002293,0.995898,-6.08189,-0.00641,Water,0.993614,2.098263e-05,3.473769e-03,1.132977e-06,2.987054e-05,8.211537e-07
15,14,-65,-35,2.281011e-03,9.926296e-01,0.002293,0.994911,-6.08314,-0.00740,Water,0.992630,2.341050e-05,4.401101e-03,1.123021e-06,2.967651e-05,7.465107e-07
15,15,-65,-25,1.449637e-03,9.941652e-01,0.001456,0.995615,-6.53644,-0.00585,Water,0.994165,1.426669e-05,3.843122e-03,6.650205e-07,2.944435e-05,5.318830e-07
15,16,-65,-15,1.103973e-03,9.946567e-01,0.001109,0.995761,-6.80884,-0.00536,Water,0.994657,1.049823e-05,3.767159e-03,4.859594e-07,2.890900e-05,4.410812e-07
15,17,-65,-5,1.667210e-03,9.934647e-01,0.001675,0.995132,-6.39660,-0.00656,Water,0.993465,1.633841e-05,4.337978e-03,7.452061e-07,2.966326e-05,5.733409e-07
15,18,-65,5,1.376001e-03,9.931473e-01,0.001384,0.994523,-6.58857,-0.00688,Water,0.993147,1.496425e-05,5.080338e-03,6.002868e-07,3.118604e-05,5.196823e-07
15,19,-65,15,9.745327e-04,9.940964e-01,0.000979,0.995071,-6.93355,-0.00592,Water,0.994096,9.981959e-06,4.567711e-03,4.130512e-07,2.942048e-05,3.965847e-07
15,20,-65,25,1.207377e-03,9.938489e-01,0.001213,0.995056,-6.71930,-0.00617,Water,0.993849,1.280584e-05,4.572317e-03,5.312464e-07,2.925560e-05,4.486220e-07
15,21,-65,35,1.896672e-03,9.932746e-01,0.001906,0.995171,-6.26765,-0.00675,Water,0.993275,1.902533e-05,4.380997e-03,8.546627e-07,2.946282e-05,6.694495e-07
15,22,-65,45,1.910019e-03,9.935386e-01,0.001919,0.995449,-6.26064,-0.00648,Water,0.993539,1.745397e-05,4.107922e-03,8.857225e-07,3.007562e-05,6.702983e-07
15,23,-65,55,2.403392e-03,9.928447e-01,0.002415,0.995248,-6.03087,-0.00718,Water,0.992845,2.452497e-05,4.295483e-03,1.110789e-06,2.933021e-05,8.078045e-07
15,24,-65,65,4.753309e-03,9.912938e-01,0.004772,0.996047,-5.34891,-0.00874,Water,0.991294,4.042010e-05,3.463549e-03,2.397310e-06,3.041288e-05,1.443449e-06
15,25,-65,75,1.868729e-03,9.932408e-01,0.001878,0.995110,-6.28250,-0.00678,Water,0.993241,1.872514e-05,4.435939e-03,8.506461e-07,2.980032e-05,7.045274e-07
15,26,-65,85,3.651473e-03,9.921315e-01,0.003667,0.995783,-5.61262,-0.00790,Water,0.992131,3.371844e-05,3.683876e-03,1.720419e-06,2.914147e-05,1.169533e-06
15,27,-65,95,2.671407e-03,9.922350e-01,0.002685,0.994906,-5.92515,-0.00780,Water,0.992235,2.579356e-05,4.500889e-03,1.197928e-06,3.063803e-05,9.605347e-07
15,28,-65,105,2.013128e-03,9.928365e-01,0.002024,0.994850,-6.20807,-0.00719,Water,0.992836,2.005647e-05,4.598262e-03,8.793828e-07,2.977302e-05,7.598892e-07
15,29,-65,115,2.227043e-03,9.931323e-01,0.002237,0.995359,-6.10708,-0.00689,Water,0.993132,2.082707e-05,4.143842e-03,1.013795e-06,2.920903e-05,8.043066e-07
15,30,-65,125,2.143744e-03,9.928042e-01,0.002155,0.994948,-6.14520,-0.00722,Water,0.992804,2.075813e-05,4.495077e-03,9.733368e-07,3.010177e-05,7.797038e-07
15,31,-65,135,2.048931e-03,9.925571e-01,0.002060,0.994606,-6.19044,-0.00747,Water,0.992557,2.021523e-05,4.792607e-03,9.675590e-07,3.126596e-05,7.683737e-07
15,32,-65,145,2.353179e-03,9.921275e-01,0.002366,0.994481,-6.05199,-0.00790,Water,0.992127,2.478136e-05,5.000919e-03,1.119401e-06,3.044417e-05,9.094353e-07
15,33,-65,155,2.271283e-03,9.918391e-01,0.002285,0.994110,-6.08741,-0.00819,Water,0.991839,2.548582e-05,5.355916e-03,1.095386e-06,3.073277e-05,8.402621e-07
15,34,-65,165,4.823104e-03,9.885547e-01,0.004855,0.993378,-5.33434,-0.01151,Water,0.988555,5.689886e-05,5.976027e-03,2.501621e-06,3.289667e-05,1.704842e-06
15,35,-65,175,3.287657e-03,9.913636e-01,0.003305,0.994651,-5.71758,-0.00867,Water,0.991364,3.206152e-05,4.792344e-03,1.502870e-06,3.044967e-05,1.076796e-06
16,0,-75,-175,3.887413e-03,9.872883e-01,0.003922,0.991176,-5.55001,-0.01279,Water,0.987288,6.687286e-05,7.825772e-03,2.227217e-06,3.316859e-05,1.517557e-06
16,1,-75,-165,4.059397e-03,9.867981e-01,0.004097,0.990857,-5.50672,-0.01329,Water,0.986798,6.916892e-05,8.261464e-03,2.326687e-06,3.502730e-05,1.565140e-06
16,2,-75,-155,3.332619e-03,9.868709e-01,0.003366,0.990203,-5.70400,-0.01322,Water,0.986871,6.137211e-05,8.935204e-03,1.891579e-06,3.415224e-05,1.276744e-06
16,3,-75,-145,2.760081e-03,9.883995e-01,0.002785,0.991160,-5.89250,-0.01167,Water,0.988399,4.634656e-05,8.043765e-03,1.575427e-06,3.309391e-05,1.156156e-06
16,4,-75,-135,2.656632e-03,9.901427e-01,0.002676,0.992799,-5.93070,-0.00991,Water,0.990143,3.910050e-05,6.285997e-03,1.495122e-06,3.089569e-05,1.096855e-06
16,5,-75,-125,2.570676e-03,9.893684e-01,0.002592,0.991939,-5.96359,-0.01069,Water,0.989368,4.211039e-05,7.210779e-03,1.460934e-06,3.242280e-05,1.068376e-06
16,6,-75,-115,3.287015e-03,9.890078e-01,0.003313,0.992295,-5.71778,-0.01105,Water,0.989008,5.095065e-05,6.833059e-03,1.800010e-06,3.191376e-05,1.246342e-06
16,7,-75,-105,2.231612e-03,9.898711e-01,0.002249,0.992103,-6.10503,-0.01018,Water,0.989871,3.588800e-05,7.071315e-03,1.209386e-06,3.224250e-05,9.155080e-07
16,8,-75,-95,2.670373e-03,9.895079e-01,0.002691,0.992178,-5.92554,-0.01055,Water,0.989508,4.069958e-05,6.965066e-03,1.375220e-06,3.188727e-05,1.116873e-06
16,9,-75,-85,2.904523e-03,9.897380e-01,0.002926,0.992643,-5.84149,-0.01031,Water,0.989738,4.436635e-05,6.523409e-03,1.587943e-06,3.143793e-05,1.081969e-06
16,10,-75,-75,2.250886e-03,9.905352e-01,0.002267,0.992786,-6.09643,-0.00951,Water,0.990535,3.761778e-05,6.420388e-03,1.232537e-06,3.135057e-05,8.727805e-07
16,11,-75,-65,2.919394e-03,9.902242e-01,0.002940,0.993144,-5.83638,-0.00982,Water,0.990224,4.279588e-05,6.131209e-03,1.520874e-06,3.063364e-05,1.055058e-06
16,12,-75,-55,2.296851e-03,9.904910e-01,0.002314,0.992788,-6.07622,-0.00955,Water,0.990491,3.300684e-05,6.475467e-03,1.179547e-06,3.088219e-05,8.205484e-07
16,13,-75,-45,2.242411e-03,9.910632e-01,0.002258,0.993306,-6.10020,-0.00898,Water,0.991063,3.042387e-05,6.006283e-03,1.141242e-06,3.095395e-05,7.662849e-07
16,14,-75,-35,2.191763e-03,9.908938e-01,0.002207,0.993086,-6.12305,-0.00915,Water,0.990894,3.043298e-05,6.167433e-03,1.064775e-06,3.041708e-05,7.424763e-07
16,15,-75,-25,2.143566e-03,9.902877e-01,0.002160,0.992431,-6.14528,-0.00976,Water,0.990288,3.241408e-05,6.827770e-03,1.102959e-06,3.216671e-05,7.550880e-07
16,16,-75,-15,1.587008e-03,9.914565e-01,0.001598,0.993044,-6.44590,-0.00858,Water,0.991456,2.317318e-05,6.352690e-03,7.743688e-07,3.060809e-05,5.875803e-07
16,17,-75,-5,2.467983e-03,9.890781e-01,0.002489,0.991546,-6.00435,-0.01098,Water,0.989078,3.913303e-05,7.782747e-03,1.304417e-06,3.322019e-05,8.367683e-07
16,18,-75,5,1.937168e-03,9.905711e-01,0.001952,0.992508,-6.24653,-0.00947,Water,0.990571,2.737067e-05,6.976660e-03,9.126133e-07,3.163882e-05,6.895944e-07
16,19,-75,15,1.402430e-03,9.918664e-01,0.001412,0.993269,-6.56955,-0.00817,Water,0.991866,1.959261e-05,6.221834e-03,6.647742e-07,3.079517e-05,5.383193e-07
16,20,-75,25,2.030810e-03,9.906402e-01,0.002046,0.992671,-6.19932,-0.00940,Water,0.990640,3.047028e-05,6.781625e-03,9.747190e-07,3.140120e-05,7.106823e-07
16,21,-75,35,2.006552e-03,9.913917e-01,0.002020,0.993398,-6.21134,-0.00865,Water,0.991392,2.669027e-05,6.081045e-03,9.164930e-07,2.988584e-05,7.176109e-07
16,22,-75,45,2.344003e-03,9.909712e-01,0.002360,0.993315,-6.05590,-0.00907,Water,0.990971,3.368158e-05,6.107193e-03,1.131335e-06,2.990156e-05,8.077070e-07
16,23,-75,55,2.633336e-03,9.900487e-01,0.002653,0.992682,-5.93950,-0.01000,Water,0.990049,3.879742e-05,6.753032e-03,1.258365e-06,2.984755e-05,8.836337e-07
16,24,-75,65,3.379210e-03,9.904289e-01,0.003400,0.993808,-5.69011,-0.00962,Water,0.990429,4.262797e-05,5.589960e-03,1.718738e-06,3.139732e-05,1.098200e-06
16,25,-75,75,3.319925e-03,9.901820e-01,0.003342,0.993502,-5.70781,-0.00987,Water,0.990182,4.477227e-05,5.906566e-03,1.680231e-06,3.049089e-05,1.087213e-06
16,26,-75,85,3.579869e-03,9.897456e-01,0.003604,0.993325,-5.63243,-0.01031,Water,0.989746,5.004424e-05,5.981708e-03,1.859764e-06,3.147464e-05,1.199399e-06
16,27,-75,95,2.835509e-03,9.894040e-01,0.002858,0.992239,-5.86553,-0.01065,Water,0.989404,4.004692e-05,7.061469e-03,1.406263e-06,3.216201e-05,1.058575e-06
16,28,-75,105,2.432947e-03,9.896588e-01,0.002452,0.992092,-6.01865,-0.01040,Water,0.989659,3.597525e-05,7.229024e-03,1.211510e-06,3.169916e-05,9.553574e-07
16,29,-75,115,3.582722e-03,9.896243e-01,0.003607,0.993207,-5.63163,-0.01043,Water,0.989624,4.866650e-05,6.086110e-03,1.818166e-06,3.200350e-05,1.258572e-06
16,30,-75,125,3.071195e-03,9.896890e-01,0.003094,0.992760,-5.78569,-0.01036,Water,0.989689,4.194889e-05,6.514705e-03,1.589691e-06,3.171905e-05,1.109520e-06
16,31,-75,135,2.367557e-03,9.906955e-01,0.002384,0.993063,-6.04590,-0.00935,Water,0.990695,3.242099e-05,6.197739e-03,1.201691e-06,3.135534e-05,9.323413e-07
16,32,-75,145,3.108337e-03,9.892103e-01,0.003132,0.992319,-5.77367,-0.01085,Water,0.989210,4.753249e-05,6.979166e-03,1.675154e-06,3.291789e-05,1.169971e-06
16,33,-75,155,3.252318e-03,9.881919e-01,0.003280,0.991444,-5.72839,-0.01188,Water,0.988192,5.205677e-05,7.900666e-03,1.664927e-06,3.318223e-05,1.166690e-06
16,34,-75,165,4.509658e-03,9.867440e-01,0.004549,0.991254,-5.40153,-0.01334,Water,0.986744,7.119107e-05,7.990614e-03,2.499906e-06,3.552830e-05,1.637492e-06
16,35,-75,175,5.344642e-03,9.861541e-01,0.005390,0.991499,-5.23166,-0.01394,Water,0.986154,8.383712e-05,7.688566e-03,2.928176e-06,3.404568e-05,1.799367e-06
17,0,-85,-175,3.643742e-03,9.915029e-01,0.003662,0.995147,-5.61474,-0.00853,Water,0.991503,4.541704e-05,3.862405e-03,2.339960e-06,3.225840e-05,1.415211e-06
17,1,-85,-165,4.928154e-03,9.891635e-01,0.004957,0.994092,-5.31279,-0.01090,Water,0.989164,6.713074e-05,4.946669e-03,3.144724e-06,3.320704e-05,1.787483e-06
17,2,-85,-155,3.487868e-03,9.910998e-01,0.003507,0.994588,-5.65846,-0.00894,Water,0.991100,4.618748e-05,4.505396e-03,2.185869e-06,3.302155e-05,1.289052e-06
17,3,-85,-145,3.146955e-03,9.923053e-01,0.003161,0.995452,-5.76132,-0.00772,Water,0.992305,3.626582e-05,3.668198e-03,2.039557e-06,3.288204e-05,1.225423e-06
17,4,-85,-135,2.697072e-03,9.928123e-01,0.002709,0.995509,-5.91559,-0.00721,Water,0.992812,3.152677e-05,3.419866e-03,1.798515e-06,3.350506e-05,1.082769e-06
17,5,-85,-125,2.820369e-03,9.931422e-01,0.002832,0.995963,-5.87089,-0.00688,Water,0.993142,3.003037e-05,3.086776e-03,1.852790e-06,3.279426e-05,1.078370e-06
17,6,-85,-115,2.909009e-03,9.929829e-01,0.002921,0.995892,-5.83994,-0.00704,Water,0.992983,3.065791e-05,3.272534e-03,1.791680e-06,3.174878e-05,1.044926e-06
17,7,-85,-105,2.998670e-03,9.919295e-01,0.003014,0.994928,-5.80959,-0.00810,Water,0.991930,3.887879e-05,4.088327e-03,1.965692e-06,3.287411e-05,1.202224e-06
17,8,-85,-95,3.123745e-03,9.918203e-01,0.003140,0.994944,-5.76872,-0.00821,Water,0.991820,3.811916e-05,4.060307e-03,1.916473e-06,3.289062e-05,1.194431e-06
17,9,-85,-85,4.120660e-03,9.921603e-01,0.004136,0.996281,-5.49174,-0.00787,Water,0.992160,4.294286e-05,2.905773e-03,2.740184e-06,3.216901e-05,1.313914e-06
17,10,-85,-75,3.709205e-03,9.921625e-01,0.003725,0.995872,-5.59694,-0.00787,Water,0.992163,4.127052e-05,3.248365e-03,2.422057e-06,3.166711e-05,1.254033e-06
17,11,-85,-65,2.703013e-03,9.937701e-01,0.002713,0.996473,-5.91339,-0.00625,Water,0.993770,2.571293e-05,2.692680e-03,1.595766e-06,3.139374e-05,9.343852e-07
17,12,-85,-55,3.058992e-03,9.929195e-01,0.003071,0.995978,-5.78967,-0.00711,Water,0.992919,3.429615e-05,3.181771e-03,1.921748e-06,3.153564e-05,1.024613e-06
17,13,-85,-45,3.441473e-03,9.931744e-01,0.003453,0.996616,-5.67186,-0.00685,Water,0.993174,3.045004e-05,2.492563e-03,2.142989e-06,3.186344e-05,1.069219e-06
17,14,-85,-35,3.029053e-03,9.930680e-01,0.003041,0.996097,-5.79951,-0.00696,Water,0.993068,3.074557e-05,3.046691e-03,1.824863e-06,3.065966e-05,1.000068e-06
17,15,-85,-25,2.383632e-03,9.938975e-01,0.002393,0.996281,-6.03913,-0.00612,Water,0.993898,2.450632e-05,2.983177e-03,1.413690e-06,3.226202e-05,8.246821e-07
17,16,-85,-15,2.230111e-03,9.940568e-01,0.002238,0.996287,-6.10570,-0.00596,Water,0.994057,2.234537e-05,2.987738e-03,1.295151e-06,3.124706e-05,7.900076e-07
17,17,-85,-5,2.469527e-03,9.934094e-01,0.002480,0.995879,-6.00373,-0.00661,Water,0.993409,2.479436e-05,3.415701e-03,1.438464e-06,3.213051e-05,8.336014e-07
17,18,-85,5,2.259670e-03,9.935461e-01,0.002269,0.995806,-6.09254,-0.00647,Water,0.993546,2.338171e-05,3.623396e-03,1.207790e-06,3.127968e-05,7.468317e-07
17,19,-85,15,2.474330e-03,9.937820e-01,0.002484,0.996256,-6.00179,-0.00624,Water,0.993782,2.414273e-05,3.135803e-03,1.339009e-06,3.083744e-05,8.614239e-07
17,20,-85,25,2.470685e-03,9.938146e-01,0.002480,0.996285,-6.00326,-0.00620,Water,0.993815,2.568788e-05,3.140197e-03,1.313977e-06,3.034665e-05,8.176890e-07
17,21,-85,35,2.985479e-03,9.932465e-01,0.002997,0.996232,-5.81399,-0.00678,Water,0.993247,2.900624e-05,3.105947e-03,1.598525e-06,3.059885e-05,9.981661e-07
17,22,-85,45,3.547083e-03,9.929076e-01,0.003560,0.996455,-5.64163,-0.00712,Water,0.992908,3.201221e-05,2.880509e-03,1.991414e-06,3.051179e-05,1.146756e-06
17,23,-85,55,3.613835e-03,9.925057e-01,0.003628,0.996120,-5.62299,-0.00752,Water,0.992506,3.673584e-05,3.242722e-03,2.034977e-06,3.117921e-05,1.149611e-06
17,24,-85,65,3.808104e-03,9.928099e-01,0.003821,0.996618,-5.57062,-0.00722,Water,0.992810,3.409817e-05,2.739847e-03,2.124427e-06,3.012386e-05,1.202409e-06
17,25,-85,75,3.351415e-03,9.930104e-01,0.003364,0.996362,-5.69837,-0.00701,Water,0.993010,3.173809e-05,2.975130e-03,1.830801e-06,2.986139e-05,1.086466e-06
17,26,-85,85,4.768104e-03,9.912943e-01,0.004787,0.996062,-5.34581,-0.00874,Water,0.991294,4.914535e-05,3.294225e-03,2.818631e-06,3.093986e-05,1.497145e-06
17,27,-85,95,3.286495e-03,9.923127e-01,0.003301,0.995599,-5.71793,-0.00772,Water,0.992313,3.407921e-05,3.686588e-03,1.879133e-06,3.251885e-05,1.168125e-06
17,28,-85,105,3.085928e-03,9.924375e-01,0.003100,0.995523,-5.78090,-0.00759,Water,0.992437,3.409802e-05,3.749603e-03,1.782106e-06,3.259057e-05,1.144889e-06
17,29,-85,115,3.178665e-03,9.924217e-01,0.003193,0.995600,-5.75129,-0.00761,Water,0.992422,3.529232e-05,3.739080e-03,1.776603e-06,3.162509e-05,1.107484e-06
17,30,-85,125,2.893913e-03,9.929964e-01,0.002906,0.995890,-5.84515,-0.00703,Water,0.992996,2.983504e-05,3.404521e-03,1.646110e-06,3.133076e-05,1.010371e-06
17,31,-85,135,3.220482e-03,9.925395e-01,0.003234,0.995760,-5.73822,-0.00749,Water,0.992539,3.433440e-05,3.444111e-03,1.855748e-06,3.126152e-05,1.177059e-06
17,32,-85,145,4.011360e-03,9.915768e-01,0.004029,0.995588,-5.51863,-0.00846,Water,0.991577,4.323656e-05,3.733433e-03,2.320726e-06,3.213556e-05,1.298181e-06
17,33,-85,155,3.961870e-03,9.909782e-01,0.003982,0.994940,-5.53104,-0.00906,Water,0.990978,4.854777e-05,4.341812e-03,2.316833e-06,3.220363e-05,1.364289e-06
17,34,-85,165,4.807543e-03,9.905229e-01,0.004830,0.995330,-5.33757,-0.00952,Water,0.990523,5.346416e-05,3.933942e-03,2.897954e-06,3.179105e-05,1.587593e-06
17,35,-85,175,4.563379e-03,9.906298e-01,0.004585,0.995193,-5.38969,-0.00941,Water,0.990630,5.353095e-05,4.053538e-03,2.656486e-06,3.190902e-05,1.499196e-06
