row,col,lat,lon,p_land,p_water,p_land_vs_water,mass_land_water,logp_land,logp_water,argmax_token,argmax_prob,p_land_lower,p_water_lower,p_land_space,p_water_space,p_land_upper
0,0,85,-175,9.921292e-01,7.870446e-03,0.992130,1.000000,-0.00790,-4.84464,Land,0.992129,7.389239e-08,2.164433e-10,1.092717e-07,7.553501e-11,7.371161e-09
0,1,85,-165,9.758275e-01,2.417203e-02,0.975828,1.000000,-0.02447,-3.72256,Land,0.975827,1.042885e-07,7.308186e-10,1.211707e-07,2.679573e-10,8.723267e-09
0,2,85,-155,9.918532e-01,8.146345e-03,0.991854,1.000000,-0.00818,-4.81019,Land,0.991853,7.728335e-08,2.748072e-10,1.257137e-07,9.446967e-11,7.525282e-09
0,3,85,-145,9.415399e-01,5.845951e-02,0.941540,0.999999,-0.06024,-2.83942,Land,0.941540,1.081041e-07,1.665445e-09,1.428897e-07,7.772534e-10,9.641416e-09
0,4,85,-135,5.876220e-01,4.123774e-01,0.587622,0.999999,-0.53167,-0.88582,Land,0.587622,9.907906e-08,1.108845e-08,9.731255e-08,6.041187e-09,8.614588e-09
0,5,85,-125,6.940520e-01,3.059474e-01,0.694052,0.999999,-0.36521,-1.18434,Land,0.694052,8.692290e-08,8.002701e-09,1.093264e-07,4.128530e-09,9.986095e-09
0,6,85,-115,3.621218e-01,6.378778e-01,0.362122,1.000000,-1.01577,-0.44961,Water,0.637878,4.969144e-08,1.403195e-08,6.483495e-08,9.361406e-09,5.180985e-09
0,7,85,-105,5.329272e-01,4.670723e-01,0.532927,0.999999,-0.62937,-0.76127,Land,0.532927,8.440088e-08,1.191710e-08,9.020950e-08,5.873961e-09,7.480738e-09
0,8,85,-95,9.211288e-01,7.887068e-02,0.921129,1.000000,-0.08216,-2.53995,Land,0.921129,8.959824e-08,1.898277e-09,1.027609e-07,7.049574e-10,8.240990e-09
0,9,85,-85,9.930446e-01,6.955024e-03,0.993045,1.000000,-0.00698,-4.96829,Land,0.993045,6.251216e-08,2.303911e-10,1.142940e-07,7.321321e-11,6.721761e-09
0,10,85,-75,9.910131e-01,8.986512e-03,0.991013,1.000000,-0.00903,-4.71203,Land,0.991013,7.068674e-08,3.102566e-10,1.302417e-07,1.051303e-10,7.771801e-09
0,11,85,-65,9.894556e-01,1.054411e-02,0.989456,1.000000,-0.01060,-4.55219,Land,0.989456,6.203074e-08,3.428477e-10,1.117451e-07,1.075570e-10,6.701275e-09
0,12,85,-55,7.580649e-01,2.419347e-01,0.758065,1.000000,-0.27699,-1.41909,Land,0.758065,8.071700e-08,6.906406e-09,1.133119e-07,3.119814e-09,8.080877e-09
0,13,85,-45,7.848067e-01,2.151927e-01,0.784807,0.999999,-0.24232,-1.53622,Land,0.784807,9.063550e-08,6.982237e-09,1.386229e-07,3.191365e-09,9.505111e-09
0,14,85,-35,7.683059e-01,2.316935e-01,0.768306,0.999999,-0.26357,-1.46234,Land,0.768306,9.415476e-08,6.983238e-09,1.428453e-07,3.414725e-09,9.090279e-09
0,15,85,-25,8.716513e-01,1.283483e-01,0.871652,1.000000,-0.13737,-2.05301,Land,0.871651,8.714021e-08,3.599740e-09,1.358925e-07,1.757360e-09,7.409044e-09
0,16,85,-15,9.765965e-01,2.340310e-02,0.976597,1.000000,-0.02368,-3.75489,Land,0.976596,9.044697e-08,7.095358e-10,1.499744e-07,2.994735e-10,7.466345e-09
0,17,85,-5,9.718212e-01,2.817832e-02,0.971822,1.000000,-0.02858,-3.56920,Land,0.971821,9.660959e-08,9.422028e-10,1.740567e-07,4.009708e-10,8.015600e-09
0,18,85,5,9.999987e-01,1.180960e-06,0.999999,1.000000,-0.00000,-13.64918,Land,0.999999,2.379699e-08,6.590925e-14,5.658077e-08,7.065540e-15,2.163300e-09
0,19,85,15,9.999979e-01,1.934686e-06,0.999998,1.000000,-0.00000,-13.15557,Land,0.999998,3.652402e-08,1.209676e-13,6.395802e-08,1.377086e-14,3.121758e-09
0,20,85,25,9.999977e-01,2.087108e-06,0.999998,1.000000,-0.00000,-13.07973,Land,0.999998,3.518749e-08,1.522148e-13,7.580960e-08,1.727134e-14,3.457864e-09
0,21,85,35,9.999989e-01,9.604255e-07,0.999999,1.000000,-0.00000,-13.85589,Land,0.999999,3.129614e-08,6.846071e-14,5.554867e-08,6.292762e-15,3.294753e-09
0,22,85,45,9.999992e-01,6.515047e-07,0.999999,1.000000,-0.00000,-14.24398,Land,0.999999,2.619774e-08,4.876625e-14,5.585169e-08,4.374579e-15,2.354996e-09
0,23,85,55,9.999986e-01,1.268407e-06,0.999999,1.000000,-0.00000,-13.57775,Land,0.999999,3.535591e-08,9.896584e-14,7.136181e-08,1.144807e-14,3.689342e-09
0,24,85,65,9.999916e-01,8.181545e-06,0.999992,1.000000,-0.00001,-11.71363,Land,0.999992,4.422228e-08,5.463397e-13,7.875479e-08,7.605163e-14,4.682201e-09
0,25,85,75,9.999685e-01,3.126088e-05,0.999969,1.000000,-0.00003,-10.37314,Land,0.999968,4.998668e-08,1.440429e-12,8.519938e-08,2.731236e-13,5.758578e-09
0,26,85,85,9.999987e-01,1.083681e-06,0.999999,1.000000,-0.00000,-13.73515,Land,0.999999,3.849204e-08,7.574636e-14,6.942981e-08,8.799255e-15,3.512903e-09
0,27,85,95,9.998389e-01,1.607897e-04,0.999839,1.000000,-0.00016,-8.73541,Land,0.999839,7.555391e-08,8.581079e-12,9.031364e-08,1.485505e-12,7.795875e-09
0,28,85,105,9.999585e-01,4.123373e-05,0.999959,1.000000,-0.00004,-10.09625,Land,0.999958,5.850981e-08,1.991412e-12,9.772252e-08,4.185886e-13,5.307174e-09
0,29,85,115,9.998849e-01,1.148301e-04,0.999885,1.000000,-0.00012,-9.07206,Land,0.999885,6.533337e-08,4.990838e-12,9.907972e-08,1.165936e-12,6.188020e-09
0,30,85,125,9.785388e-01,2.146065e-02,0.978539,0.999999,-0.02169,-3.84153,Land,0.978539,1.046125e-07,6.903232e-10,1.174536e-07,2.614430e-10,1.190638e-08
0,31,85,135,9.998591e-01,1.405969e-04,0.999859,1.000000,-0.00014,-8.86961,Land,0.999859,6.546765e-08,6.654340e-12,1.024463e-07,1.640174e-12,6.047563e-09
0,32,85,145,9.999805e-01,1.925197e-05,0.999981,1.000000,-0.00002,-10.85790,Land,0.999981,4.358671e-08,1.014125e-12,9.771069e-08,2.021469e-13,4.377089e-09
0,33,85,155,9.998988e-01,1.009274e-04,0.999899,1.000000,-0.00010,-9.20111,Land,0.999899,6.034900e-08,4.841221e-12,9.886646e-08,1.067664e-12,6.323312e-09
0,34,85,165,9.986325e-01,1.367135e-03,0.998633,1.000000,-0.00137,-6.59504,Land,0.998633,6.163744e-08,4.658305e-11,1.068891e-07,1.443205e-11,6.990671e-09
0,35,85,175,9.996263e-01,3.733972e-04,0.999627,1.000000,-0.00037,-7.89287,Land,0.999626,4.943727e-08,1.172189e-11,1.108197e-07,4.186477e-12,5.727705e-09
1,0,75,-175,9.545036e-01,4.549580e-02,0.954504,0.999999,-0.04656,-3.09014,Land,0.954504,1.041211e-07,1.029162e-09,1.407744e-07,4.656030e-10,8.152567e-09
1,1,75,-165,6.294111e-01,3.705880e-01,0.629412,0.999999,-0.46297,-0.99266,Land,0.629411,1.139047e-07,8.427719e-09,1.023722e-07,4.364511e-09,8.032588e-09
1,2,75,-155,8.312568e-01,1.687422e-01,0.831258,0.999999,-0.18482,-1.77938,Land,0.831257,1.363773e-07,4.231229e-09,1.341721e-07,1.948013e-09,9.261988e-09
1,3,75,-145,8.991667e-01,1.008325e-01,0.899167,0.999999,-0.10629,-2.29429,Land,0.899167,1.324308e-07,2.391733e-09,1.215740e-07,9.760560e-10,9.070401e-09
1,4,75,-135,3.107236e-01,6.892758e-01,0.310724,0.999999,-1.16885,-0.37211,Water,0.689276,6.485618e-08,1.423965e-08,4.667889e-08,6.921397e-09,4.274866e-09
1,5,75,-125,6.569294e-01,3.430697e-01,0.656930,0.999999,-0.42018,-1.06982,Land,0.656929,8.453278e-08,7.628802e-09,1.108582e-07,3.710090e-09,6.636785e-09
1,6,75,-115,6.326926e-01,3.673062e-01,0.632693,0.999999,-0.45777,-1.00156,Land,0.632693,9.429918e-08,7.703667e-09,1.154303e-07,4.077481e-09,7.417834e-09
1,7,75,-105,4.819029e-01,5.180961e-01,0.481903,0.999999,-0.73001,-0.65759,Water,0.518096,7.599191e-08,9.922993e-09,7.428014e-08,4.746705e-09,5.394708e-09
1,8,75,-95,9.612684e-01,3.873103e-02,0.961269,0.999999,-0.03950,-3.25111,Land,0.961268,1.099339e-07,9.681974e-10,1.122333e-07,3.032550e-10,6.898367e-09
1,9,75,-85,9.984038e-01,1.595753e-03,0.998404,1.000000,-0.00160,-6.44041,Land,0.998404,7.000521e-08,5.932740e-11,1.349252e-07,1.480220e-11,6.241061e-09
1,10,75,-75,9.944795e-01,5.520093e-03,0.994480,1.000000,-0.00554,-5.19936,Land,0.994480,7.099775e-08,1.976225e-10,1.175887e-07,4.832005e-11,4.831043e-09
1,11,75,-65,9.954751e-01,4.524336e-03,0.995476,0.999999,-0.00454,-5.39828,Land,0.995475,8.199372e-08,1.771202e-10,1.363979e-07,4.319902e-11,6.338712e-09
1,12,75,-55,9.181595e-01,8.183989e-02,0.918160,0.999999,-0.08538,-2.50299,Land,0.918160,8.417412e-08,2.155153e-09,1.381063e-07,8.584633e-10,7.299513e-09
1,13,75,-45,9.955087e-01,4.490838e-03,0.995509,1.000000,-0.00450,-5.40572,Land,0.995509,7.305114e-08,1.555406e-10,1.483680e-07,4.667345e-11,4.915329e-09
1,14,75,-35,9.790403e-01,2.095898e-02,0.979041,0.999999,-0.02118,-3.86519,Land,0.979040,1.162136e-07,6.797201e-10,1.961338e-07,2.514353e-10,7.462819e-09
1,15,75,-25,9.887933e-01,1.120611e-02,0.988794,0.999999,-0.01127,-4.49130,Land,0.988793,9.276533e-08,3.302364e-10,1.829724e-07,1.376304e-10,7.221605e-09
1,16,75,-15,9.971271e-01,2.872419e-03,0.997128,1.000000,-0.00288,-5.85260,Land,0.997127,8.135089e-08,8.740673e-11,1.523672e-07,2.905224e-11,5.273405e-09
1,17,75,-5,9.993875e-01,6.121511e-04,0.999388,1.000000,-0.00061,-7.39853,Land,0.999387,7.707851e-08,2.062366e-11,1.410121e-07,5.791148e-12,3.986153e-09
1,18,75,5,9.999996e-01,2.194414e-07,1.000000,1.000000,-0.00000,-15.33218,Land,1.000000,2.547050e-08,1.316336e-14,6.208987e-08,1.172453e-15,1.938351e-09
1,19,75,15,9.999997e-01,7.707882e-08,1.000000,1.000000,-0.00000,-16.37844,Land,1.000000,3.373361e-08,4.738484e-15,6.899016e-08,5.057367e-16,2.157459e-09
1,20,75,25,9.999997e-01,1.229024e-07,1.000000,1.000000,-0.00000,-15.91188,Land,1.000000,2.880835e-08,7.514582e-15,6.188403e-08,7.106448e-16,2.363232e-09
1,21,75,35,9.999998e-01,6.657219e-08,1.000000,1.000000,-0.00000,-16.52498,Land,1.000000,2.981083e-08,5.008207e-15,6.826656e-08,4.561410e-16,2.033305e-09
1,22,75,45,9.999998e-01,3.074581e-08,1.000000,1.000000,-0.00000,-17.29751,Land,1.000000,2.779194e-08,2.385590e-15,6.280787e-08,1.833276e-16,2.075600e-09
1,23,75,55,9.999995e-01,2.851942e-07,1.000000,1.000000,-0.00000,-15.07010,Land,0.999999,3.987287e-08,2.252935e-14,8.265626e-08,2.350231e-15,2.841243e-09
1,24,75,65,9.999992e-01,6.403577e-07,0.999999,1.000000,-0.00000,-14.26124,Land,0.999999,3.481888e-08,3.412504e-14,6.674723e-08,4.064468e-15,2.563159e-09
1,25,75,75,9.999995e-01,2.446263e-07,1.000000,1.000000,-0.00000,-15.22353,Land,1.000000,4.113748e-08,1.609440e-14,8.118985e-08,1.820885e-15,2.716185e-09
1,26,75,85,9.999832e-01,1.653829e-05,0.999983,1.000000,-0.00002,-11.00983,Land,0.999983,5.891575e-08,7.976011e-13,9.433171e-08,1.315793e-13,4.162939e-09
1,27,75,95,9.999560e-01,4.352822e-05,0.999956,1.000000,-0.00004,-10.04210,Land,0.999956,7.873967e-08,2.187107e-12,1.017695e-07,3.854169e-13,4.988355e-09
1,28,75,105,9.999869e-01,1.254436e-05,0.999987,0.999999,-0.00001,-11.28624,Land,0.999987,7.288290e-08,5.964920e-13,1.082755e-07,1.207941e-13,4.747439e-09
1,29,75,115,9.999890e-01,1.059671e-05,0.999989,1.000000,-0.00001,-11.45497,Land,0.999989,6.278073e-08,5.981829e-13,9.882693e-08,8.678574e-14,4.797898e-09
1,30,75,125,9.899650e-01,1.003381e-02,0.989966,0.999999,-0.01009,-4.60179,Land,0.989965,1.274916e-07,3.792972e-10,1.418834e-07,1.244068e-10,8.281473e-09
1,31,75,135,9.999577e-01,4.198549e-05,0.999958,1.000000,-0.00004,-10.07819,Land,0.999958,7.578358e-08,2.016182e-12,1.157503e-07,4.179787e-13,5.199082e-09
1,32,75,145,9.999854e-01,1.429478e-05,0.999986,1.000000,-0.00001,-11.15562,Land,0.999985,5.657591e-08,7.630409e-13,9.435585e-08,1.162864e-13,4.385659e-09
1,33,75,155,9.963443e-01,3.654898e-03,0.996345,0.999999,-0.00366,-5.61169,Land,0.996344,1.096042e-07,1.319157e-10,1.548275e-07,4.827898e-11,7.221489e-09
1,34,75,165,9.947843e-01,5.214755e-03,0.994785,0.999999,-0.00523,-5.25626,Land,0.994784,1.331865e-07,2.276308e-10,1.589940e-07,6.844435e-11,8.620937e-09
1,35,75,175,9.994719e-01,5.275827e-04,0.999472,1.000000,-0.00053,-7.54720,Land,0.999472,7.897131e-08,1.569840e-11,1.320144e-07,5.577881e-12,5.562919e-09
2,0,65,-175,9.877824e-01,1.221708e-02,0.987783,0.999999,-0.01229,-4.40492,Land,0.987782,8.293441e-08,3.534608e-10,1.157528e-07,1.120636e-10,5.845008e-09
2,1,65,-165,9.985269e-01,1.472587e-03,0.998527,1.000000,-0.00147,-6.52073,Land,0.998527,7.689428e-08,6.780452e-11,1.152852e-07,1.374679e-11,4.680250e-09
2,2,65,-155,9.995116e-01,4.880095e-04,0.999512,1.000000,-0.00049,-7.62518,Land,0.999512,7.895803e-08,2.327772e-11,1.061579e-07,4.264071e-12,4.592684e-09
2,3,65,-145,9.986349e-01,1.364559e-03,0.998635,0.999999,-0.00137,-6.59692,Land,0.998635,9.937557e-08,6.702156e-11,1.334518e-07,1.495445e-11,5.296511e-09
2,4,65,-135,9.744010e-01,2.559829e-02,0.974402,0.999999,-0.02593,-3.66523,Land,0.974401,1.352265e-07,9.379782e-10,1.536725e-07,3.073939e-10,6.704313e-09
2,5,65,-125,9.955507e-01,4.448690e-03,0.995551,0.999999,-0.00446,-5.41515,Land,0.995551,9.556278e-08,1.821669e-10,1.441050e-07,4.944164e-11,6.330518e-09
2,6,65,-115,9.848531e-01,1.514619e-02,0.984854,0.999999,-0.01526,-4.19001,Land,0.984853,1.035598e-07,5.431055e-10,1.418427e-07,1.502224e-10,6.443332e-09
2,7,65,-105,9.023121e-01,9.768716e-02,0.902313,0.999999,-0.10279,-2.32599,Land,0.902312,1.291699e-07,3.056686e-09,1.356160e-07,9.889068e-10,6.451657e-09
2,8,65,-95,9.863792e-01,1.362026e-02,0.986380,0.999999,-0.01371,-4.29620,Land,0.986379,1.161078e-07,5.010750e-10,1.045778e-07,1.019191e-10,6.977312e-09
2,9,65,-85,9.940420e-01,5.957467e-03,0.994043,1.000000,-0.00598,-5.12311,Land,0.994042,8.554189e-08,2.717692e-10,1.235860e-07,5.207584e-11,5.407295e-09
2,10,65,-75,9.951485e-01,4.850979e-03,0.995149,0.999999,-0.00486,-5.32857,Land,0.995149,8.943370e-08,2.088328e-10,1.205923e-07,4.008690e-11,5.688078e-09
2,11,65,-65,9.993466e-01,6.530655e-04,0.999347,1.000000,-0.00065,-7.33383,Land,0.999347,5.612033e-08,2.871397e-11,1.197977e-07,5.932147e-12,3.473626e-09
2,12,65,-55,9.975030e-01,2.496427e-03,0.997504,0.999999,-0.00250,-5.99289,Land,0.997503,8.307614e-08,1.245391e-10,1.352714e-07,2.542694e-11,4.543581e-09
2,13,65,-45,9.984223e-01,1.577251e-03,0.998423,1.000000,-0.00158,-6.45207,Land,0.998422,8.215103e-08,8.379084e-11,1.312972e-07,1.447692e-11,4.270147e-09
2,14,65,-35,9.984772e-01,1.522250e-03,0.998478,0.999999,-0.00152,-6.48757,Land,0.998477,8.174852e-08,7.471139e-11,1.526206e-07,1.613542e-11,5.004681e-09
2,15,65,-25,9.971853e-01,2.814179e-03,0.997186,0.999999,-0.00282,-5.87308,Land,0.997185,9.999758e-08,1.236111e-10,1.452979e-07,2.706199e-11,5.038916e-09
2,16,65,-15,9.993595e-01,6.401077e-04,0.999360,1.000000,-0.00064,-7.35387,Land,0.999359,8.220085e-08,2.831574e-11,1.399984e-07,5.960061e-12,3.967654e-09
2,17,65,-5,9.995417e-01,4.578062e-04,0.999542,1.000000,-0.00046,-7.68906,Land,0.999542,7.804913e-08,2.370316e-11,1.344174e-07,4.231265e-12,3.568457e-09
2,18,65,5,9.999997e-01,1.445426e-07,1.000000,1.000000,-0.00000,-15.74969,Land,1.000000,2.971404e-08,1.185718e-14,5.905105e-08,7.569515e-16,1.351619e-09
2,19,65,15,9.999995e-01,2.706728e-07,1.000000,1.000000,-0.00000,-15.12235,Land,1.000000,3.740163e-08,2.164477e-14,6.527111e-08,1.631234e-15,2.003202e-09
2,20,65,25,9.999993e-01,4.680063e-07,1.000000,1.000000,-0.00000,-14.57478,Land,0.999999,5.004565e-08,3.985853e-14,8.494303e-08,3.791508e-15,2.139991e-09
2,21,65,35,9.999996e-01,2.025213e-07,1.000000,1.000000,-0.00000,-15.41242,Land,1.000000,4.065581e-08,1.554993e-14,7.242997e-08,1.432977e-15,1.869413e-09
2,22,65,45,9.999996e-01,1.898745e-07,1.000000,1.000000,-0.00000,-15.47690,Land,1.000000,4.378695e-08,1.750979e-14,6.628330e-08,1.228259e-15,1.958986e-09
2,23,65,55,9.999996e-01,1.738383e-07,1.000000,1.000000,-0.00000,-15.56514,Land,1.000000,3.752196e-08,1.549305e-14,7.020408e-08,1.213345e-15,1.705194e-09
2,24,65,65,9.999996e-01,1.297319e-07,1.000000,1.000000,-0.00000,-15.85780,Land,1.000000,3.828581e-08,1.266475e-14,7.152336e-08,9.306064e-16,2.044684e-09
2,25,65,75,9.999883e-01,1.130960e-05,0.999989,1.000000,-0.00001,-11.38986,Land,0.999988,8.203621e-08,8.358958e-13,9.199228e-08,8.907858e-14,3.646963e-09
2,26,65,85,9.999814e-01,1.826173e-05,0.999982,1.000000,-0.00002,-10.91070,Land,0.999981,6.463538e-08,1.211769e-12,8.796004e-08,1.422291e-13,3.865152e-09
2,27,65,95,9.999444e-01,5.524250e-05,0.999945,1.000000,-0.00006,-9.80378,Land,0.999944,8.970800e-08,2.844408e-12,7.623010e-08,3.666862e-13,3.874471e-09
2,28,65,105,9.999811e-01,1.845673e-05,0.999982,1.000000,-0.00002,-10.90008,Land,0.999981,7.598553e-08,1.177912e-12,1.022363e-07,1.665203e-13,3.166496e-09
2,29,65,115,9.999878e-01,1.180378e-05,0.999988,1.000000,-0.00001,-11.34709,Land,0.999988,6.850797e-08,8.375950e-13,1.016067e-07,1.075025e-13,3.669547e-09
2,30,65,125,9.978149e-01,2.184494e-03,0.997816,0.999999,-0.00219,-6.12637,Land,0.997815,1.278776e-07,1.128532e-10,1.342397e-07,2.615244e-11,5.585928e-09
2,31,65,135,9.998882e-01,1.113035e-04,0.999889,1.000000,-0.00011,-9.10325,Land,0.999888,1.288986e-07,6.408947e-12,1.143364e-07,1.142864e-12,5.088027e-09
2,32,65,145,9.999745e-01,2.519747e-05,0.999975,1.000000,-0.00003,-10.58877,Land,0.999974,7.923332e-08,1.810652e-12,9.678085e-08,2.301970e-13,4.128593e-09
2,33,65,155,9.999559e-01,4.370150e-05,0.999956,1.000000,-0.00004,-10.03813,Land,0.999956,6.777977e-08,2.431279e-12,9.576875e-08,4.057453e-13,3.935425e-09
2,34,65,165,9.998946e-01,1.049583e-04,0.999895,1.000000,-0.00011,-9.16195,Land,0.999895,8.273908e-08,6.073883e-12,1.062223e-07,1.019940e-12,5.051277e-09
2,35,65,175,9.993545e-01,6.450560e-04,0.999355,1.000000,-0.00065,-7.34617,Land,0.999354,8.965457e-08,2.608043e-11,1.165873e-07,6.558905e-12,5.579691e-09
3,0,55,-175,8.602624e-01,1.397366e-01,0.860263,0.999999,-0.15052,-1.96800,Land,0.860262,1.392280e-07,4.272291e-09,1.395109e-07,1.710071e-09,6.670122e-09
3,1,55,-165,9.110699e-01,8.892892e-02,0.911071,0.999999,-0.09314,-2.41992,Land,0.911070,1.466297e-07,3.549805e-09,1.485428e-07,1.221783e-09,6.770417e-09
3,2,55,-155,9.665803e-01,3.341787e-02,0.966582,0.999998,-0.03399,-3.39866,Land,0.966580,1.619756e-07,1.728259e-09,2.177027e-07,5.809317e-10,7.526800e-09
3,3,55,-145,9.778599e-01,2.213859e-02,0.977861,0.999998,-0.02239,-3.81043,Land,0.977860,1.688392e-07,1.166478e-09,1.763857e-07,3.215658e-10,8.332152e-09
3,4,55,-135,7.081359e-01,2.918627e-01,0.708137,0.999999,-0.34512,-1.23147,Land,0.708136,1.335838e-07,8.683180e-09,1.239380e-07,3.908206e-09,6.277852e-09
3,5,55,-125,9.202713e-01,7.972761e-02,0.920272,0.999999,-0.08309,-2.52914,Land,0.920271,1.282348e-07,3.535187e-09,1.699976e-07,1.048319e-09,6.334667e-09
3,6,55,-115,9.538730e-01,4.612556e-02,0.953874,0.999999,-0.04722,-3.07639,Land,0.953873,1.394511e-07,1.776750e-09,1.780045e-07,5.735470e-10,6.353157e-09
3,7,55,-105,5.825217e-01,4.174768e-01,0.582523,0.999998,-0.54039,-0.87353,Land,0.582522,1.149268e-07,1.359668e-08,1.194644e-07,5.754736e-09,4.829457e-09
3,8,55,-95,6.426220e-01,3.573771e-01,0.642623,0.999999,-0.44220,-1.02896,Land,0.642622,1.130676e-07,1.143166e-08,9.770339e-08,3.505864e-09,6.160815e-09
3,9,55,-85,8.544796e-01,1.455199e-01,0.854480,0.999999,-0.15726,-1.92744,Land,0.854480,8.999596e-08,4.561119e-09,1.219360e-07,1.268436e-09,5.079384e-09
3,10,55,-75,9.867556e-01,1.324358e-02,0.986756,0.999999,-0.01333,-4.32424,Land,0.986756,1.045084e-07,6.457955e-10,1.669801e-07,1.500583e-10,6.215452e-09
3,11,55,-65,9.988734e-01,1.126069e-03,0.998874,1.000000,-0.00113,-6.78902,Land,0.998873,6.877078e-08,5.541796e-11,1.195623e-07,1.054971e-11,3.785789e-09
3,12,55,-55,2.802861e-02,9.719713e-01,0.028029,1.000000,-3.57453,-0.02843,Water,0.971971,5.895505e-09,2.655292e-08,5.527898e-09,1.164360e-08,2.988909e-10
3,13,55,-45,9.981639e-01,1.835551e-03,0.998164,0.999999,-0.00184,-6.30041,Land,0.998164,9.353056e-08,1.085030e-10,1.571285e-07,2.139654e-11,3.738027e-09
3,14,55,-35,9.986757e-01,1.323780e-03,0.998676,0.999999,-0.00133,-6.62726,Land,0.998676,8.155838e-08,6.210474e-11,1.500829e-07,1.349853e-11,3.632601e-09
3,15,55,-25,9.987797e-01,1.219595e-03,0.998780,0.999999,-0.00122,-6.70924,Land,0.998780,9.886249e-08,5.950469e-11,1.810649e-07,1.524124e-11,3.720815e-09
3,16,55,-15,9.991013e-01,8.982697e-04,0.999102,1.000000,-0.00090,-7.01504,Land,0.999101,8.654802e-08,4.152075e-11,1.559293e-07,9.374042e-12,3.229229e-09
3,17,55,-5,9.995576e-01,4.419189e-04,0.999558,1.000000,-0.00044,-7.72438,Land,0.999558,9.785864e-08,2.057954e-11,1.649017e-07,4.482876e-12,3.233127e-09
3,18,55,5,9.999998e-01,1.971259e-08,1.000000,1.000000,-0.00000,-17.74201,Land,1.000000,2.921188e-08,1.918540e-15,7.210098e-08,1.161148e-16,1.044848e-09
3,19,55,15,9.999997e-01,5.959644e-08,1.000000,1.000000,-0.00000,-16.63567,Land,1.000000,3.230169e-08,5.612350e-15,6.105932e-08,3.499870e-16,1.386982e-09
3,20,55,25,9.999997e-01,4.146859e-08,1.000000,1.000000,-0.00000,-16.99833,Land,1.000000,3.885003e-08,4.497341e-15,8.246732e-08,3.072616e-16,1.369428e-09
3,21,55,35,9.999997e-01,6.134204e-08,1.000000,1.000000,-0.00000,-16.60680,Land,1.000000,4.005483e-08,6.957087e-15,7.588946e-08,4.210276e-16,1.693871e-09
3,22,55,45,9.999997e-01,5.234828e-08,1.000000,1.000000,-0.00000,-16.76535,Land,1.000000,3.650625e-08,5.284457e-15,7.165363e-08,3.381096e-16,1.301913e-09
3,23,55,55,9.999996e-01,1.282892e-07,1.000000,1.000000,-0.00000,-15.86898,Land,1.000000,4.054732e-08,1.168099e-14,8.775151e-08,1.057991e-15,1.424400e-09
3,24,55,65,9.999983e-01,1.234509e-06,0.999999,1.000000,-0.00000,-13.60484,Land,0.999998,5.124902e-08,1.117694e-13,9.772623e-08,1.206948e-14,2.048198e-09
3,25,55,75,9.999987e-01,9.862702e-07,0.999999,1.000000,-0.00000,-13.82934,Land,0.999999,4.334509e-08,7.458475e-14,7.121905e-08,6.134235e-15,1.838198e-09
3,26,55,85,9.998241e-01,1.753397e-04,0.999825,0.999999,-0.00018,-8.64879,Land,0.999824,8.044824e-08,9.994572e-12,1.220570e-07,1.830276e-12,3.045815e-09
3,27,55,95,9.999280e-01,7.154195e-05,0.999928,1.000000,-0.00007,-9.54523,Land,0.999928,7.971606e-08,3.834716e-12,8.799075e-08,5.539119e-13,3.234572e-09
3,28,55,105,9.999915e-01,7.850890e-06,0.999992,0.999999,-0.00001,-11.75488,Land,0.999991,8.604369e-08,5.778691e-13,1.034004e-07,7.291959e-14,2.886612e-09
3,29,55,115,9.999910e-01,8.258363e-06,0.999992,0.999999,-0.00001,-11.70428,Land,0.999991,7.895960e-08,5.480521e-13,1.172505e-07,8.655802e-14,2.839339e-09
3,30,55,125,9.994347e-01,5.644079e-04,0.999436,0.999999,-0.00057,-7.47973,Land,0.999435,1.461903e-07,3.546665e-11,1.229980e-07,6.966867e-12,4.781393e-09
3,31,55,135,9.999853e-01,1.416402e-05,0.999986,0.999999,-0.00001,-11.16481,Land,0.999985,9.016437e-08,9.703987e-13,1.185186e-07,1.626370e-13,3.010482e-09
3,32,55,145,9.999887e-01,1.072751e-05,0.999989,0.999999,-0.00001,-11.44270,Land,0.999989,7.836408e-08,8.569136e-13,1.120913e-07,1.191092e-13,3.303429e-09
3,33,55,155,9.997900e-01,2.093505e-04,0.999791,0.999999,-0.00021,-8.47150,Land,0.999790,1.062697e-07,1.367705e-11,1.240406e-07,2.511468e-12,4.223110e-09
3,34,55,165,9.994047e-01,5.944829e-04,0.999406,0.999999,-0.00060,-7.42782,Land,0.999405,9.188425e-08,3.042990e-11,1.348633e-07,7.410348e-12,3.919013e-09
3,35,55,175,9.973983e-01,2.600993e-03,0.997399,0.999999,-0.00261,-5.95186,Land,0.997398,1.407191e-07,1.287163e-10,1.929023e-07,4.127814e-11,4.907453e-09
4,0,45,-175,1.648611e-01,8.351381e-01,0.164861,0.999999,-1.80265,-0.18016,Water,0.835138,4.014734e-08,2.349110e-08,3.581828e-08,1.336026e-08,2.755390e-09
4,1,45,-165,1.994838e-01,8.005152e-01,0.199484,0.999999,-1.61202,-0.22250,Water,0.800515,5.193676e-08,2.913094e-08,3.801572e-08,1.128307e-08,3.323393e-09
4,2,45,-155,3.793311e-01,6.206673e-01,0.379332,0.999998,-0.96935,-0.47696,Water,0.620667,1.037274e-07,2.560610e-08,7.213284e-08,9.678467e-09,5.791415e-09
4,3,45,-145,7.516094e-01,2.483892e-01,0.751610,0.999999,-0.28554,-1.39276,Land,0.751609,1.519208e-07,1.040445e-08,1.372587e-07,3.415407e-09,9.038305e-09
4,4,45,-135,2.455760e-02,9.754420e-01,0.024558,1.000000,-3.70673,-0.02486,Water,0.975442,1.202549e-08,3.204585e-08,5.740761e-09,1.635631e-08,5.741755e-10
4,5,45,-125,2.303023e-01,7.696968e-01,0.230302,0.999999,-1.46836,-0.26176,Water,0.769697,5.927531e-08,2.842829e-08,5.581330e-08,1.333554e-08,3.380652e-09
4,6,45,-115,8.517138e-01,1.482837e-01,0.851716,0.999998,-0.16050,-1.90863,Land,0.851714,1.502795e-07,5.176082e-09,1.633077e-07,2.114155e-09,8.222327e-09
4,7,45,-105,3.597115e-01,6.402870e-01,0.359712,0.999998,-1.02245,-0.44584,Water,0.640287,8.870318e-08,2.205770e-08,7.961454e-08,9.187619e-09,4.691861e-09
4,8,45,-95,8.373172e-01,1.626821e-01,0.837318,0.999999,-0.17755,-1.81596,Land,0.837317,1.173510e-07,5.010913e-09,1.104812e-07,1.377064e-09,6.980663e-09
4,9,45,-85,6.360020e-01,3.639971e-01,0.636003,0.999999,-0.45255,-1.01061,Land,0.636002,1.021841e-07,1.474833e-08,1.079362e-07,4.129948e-09,7.317237e-09
4,10,45,-75,7.581826e-01,2.418163e-01,0.758183,0.999999,-0.27683,-1.41958,Land,0.758183,1.182724e-07,8.830234e-09,1.425225e-07,3.037339e-09,8.074736e-09
4,11,45,-65,9.938592e-01,6.140151e-03,0.993860,0.999999,-0.00616,-5.09291,Land,0.993859,1.080933e-07,2.928257e-10,1.503765e-07,6.790604e-11,5.506310e-09
4,12,45,-55,7.519485e-01,2.480495e-01,0.751950,0.999998,-0.28509,-1.39413,Land,0.751948,1.400251e-07,1.164603e-08,1.926728e-07,4.165345e-09,7.487768e-09
4,13,45,-45,5.794242e-01,4.205751e-01,0.579425,0.999999,-0.54572,-0.86613,Land,0.579424,8.466800e-08,1.470810e-08,1.118518e-07,5.442624e-09,5.479926e-09
4,14,45,-35,9.759582e-01,2.404100e-02,0.975959,0.999999,-0.02434,-3.72799,Land,0.975958,1.179028e-07,1.214404e-09,1.964966e-07,3.085300e-10,6.556847e-09
4,15,45,-25,9.573042e-01,4.269454e-02,0.957305,0.999999,-0.04363,-3.15368,Land,0.957304,1.468178e-07,1.859056e-09,2.422922e-07,6.986570e-10,6.811881e-09
4,16,45,-15,9.759601e-01,2.403875e-02,0.975961,0.999999,-0.02433,-3.72809,Land,0.975960,1.236344e-07,9.749546e-10,2.440728e-07,3.866447e-10,6.285629e-09
4,17,45,-5,9.943185e-01,5.680881e-03,0.994319,0.999999,-0.00570,-5.17065,Land,0.994318,1.122352e-07,2.405345e-10,1.835304e-07,6.422550e-11,4.485729e-09
4,18,45,5,9.999996e-01,1.680604e-07,1.000000,1.000000,-0.00000,-15.59894,Land,1.000000,3.352731e-08,1.508396e-14,8.578237e-08,1.108590e-15,1.467683e-09
4,19,45,15,9.999995e-01,2.076441e-07,1.000000,1.000000,-0.00000,-15.38744,Land,1.000000,3.604984e-08,1.905276e-14,8.685166e-08,1.667573e-15,1.498707e-09
4,20,45,25,9.999993e-01,3.446376e-07,1.000000,1.000000,-0.00000,-14.88077,Land,0.999999,4.414930e-08,2.996847e-14,1.013452e-07,3.088442e-15,1.790197e-09
4,21,45,35,9.999991e-01,4.387766e-07,1.000000,1.000000,-0.00000,-14.63928,Land,0.999999,5.495569e-08,4.090894e-14,9.746253e-08,3.749369e-15,2.381961e-09
4,22,45,45,9.999996e-01,1.167447e-07,1.000000,1.000000,-0.00000,-15.96328,Land,1.000000,3.867067e-08,1.145313e-14,8.707991e-08,9.257794e-16,1.659630e-09
4,23,45,55,9.999988e-01,8.508929e-07,0.999999,1.000000,-0.00000,-13.97698,Land,0.999999,4.334708e-08,7.129073e-14,9.659491e-08,8.307198e-15,1.828832e-09
4,24,45,65,9.999758e-01,2.357166e-05,0.999976,0.999999,-0.00002,-10.65547,Land,0.999976,9.166745e-08,1.998667e-12,1.310628e-07,2.911355e-13,3.556530e-09
4,25,45,75,9.997857e-01,2.135569e-04,0.999786,0.999999,-0.00021,-8.45161,Land,0.999786,9.801492e-08,1.320079e-11,1.493950e-07,2.541880e-12,4.247496e-09
4,26,45,85,9.748060e-01,2.519257e-02,0.974807,0.999999,-0.02552,-3.68121,Land,0.974806,1.581730e-07,1.247002e-09,2.100549e-07,4.164213e-10,9.506184e-09
4,27,45,95,8.578106e-01,1.421880e-01,0.857812,0.999999,-0.15337,-1.95061,Land,0.857811,1.771991e-07,5.149511e-09,1.274096e-07,1.574531e-09,7.796968e-09
4,28,45,105,9.995814e-01,4.175812e-04,0.999582,0.999999,-0.00042,-7.78103,Land,0.999581,1.247166e-07,2.391737e-11,1.722970e-07,5.958662e-12,5.003330e-09
4,29,45,115,9.999082e-01,9.107445e-05,0.999909,0.999999,-0.00009,-9.30383,Land,0.999908,8.112161e-08,5.089907e-12,1.327456e-07,1.124924e-12,4.210531e-09
4,30,45,125,3.934423e-01,6.065552e-01,0.393443,0.999998,-0.93282,-0.49996,Water,0.606555,1.654506e-07,2.668204e-08,8.032488e-08,1.108433e-08,6.928252e-09
4,31,45,135,9.918021e-01,8.196327e-03,0.991804,0.999998,-0.00823,-4.80407,Land,0.991802,2.101212e-07,4.160834e-10,1.620730e-07,1.354912e-10,8.563445e-09
4,32,45,145,9.994753e-01,5.239803e-04,0.999476,0.999999,-0.00052,-7.55406,Land,0.999475,1.073812e-07,2.938793e-11,1.441987e-07,7.350998e-12,5.349600e-09
4,33,45,155,9.669533e-01,3.304494e-02,0.966955,0.999998,-0.03361,-3.40989,Land,0.966953,1.702919e-07,1.318822e-09,1.514298e-07,4.982194e-10,9.490249e-09
4,34,45,165,5.217928e-01,4.782052e-01,0.521794,0.999998,-0.65048,-0.73772,Land,0.521793,1.766213e-07,2.162498e-08,1.104922e-07,8.505065e-09,8.335775e-09
4,35,45,175,7.100262e-01,2.899715e-01,0.710028,0.999998,-0.34245,-1.23797,Land,0.710026,2.105812e-07,1.021223e-08,1.632636e-07,4.883052e-09,1.139372e-08
5,0,35,-175,2.827155e-02,9.717282e-01,0.028272,1.000000,-3.56590,-0.02868,Water,0.971728,1.028226e-08,1.935404e-08,4.518601e-09,1.253092e-08,6.417241e-10
5,1,35,-165,1.554411e-02,9.844555e-01,0.015544,1.000000,-4.16407,-0.01567,Water,0.984456,7.011980e-09,2.958264e-08,2.759908e-09,1.450768e-08,4.456327e-10
5,2,35,-155,4.310887e-01,5.689101e-01,0.431089,0.999999,-0.84144,-0.56403,Water,0.568910,9.186139e-08,1.682806e-08,6.582880e-08,8.768263e-09,5.922648e-09
5,3,35,-145,2.566236e-01,7.433756e-01,0.256624,0.999999,-1.36014,-0.29655,Water,0.743376,8.030760e-08,2.566898e-08,4.404793e-08,1.093328e-08,3.857891e-09
5,4,35,-135,4.419116e-01,5.580855e-01,0.441913,0.999997,-0.81665,-0.58324,Water,0.558085,1.051127e-07,1.637247e-08,7.371200e-08,8.727821e-09,5.459658e-09
5,5,35,-125,9.542289e-01,4.576936e-02,0.954231,0.999998,-0.04685,-3.08414,Land,0.954229,1.321830e-07,1.612179e-09,1.180959e-07,5.426378e-10,8.488640e-09
5,6,35,-115,9.958534e-01,4.145554e-03,0.995854,0.999999,-0.00416,-5.48572,Land,0.995853,1.149443e-07,1.552802e-10,1.235367e-07,4.627637e-11,6.684541e-09
5,7,35,-105,7.395056e-01,2.604916e-01,0.739508,0.999997,-0.30177,-1.34518,Land,0.739506,1.692675e-07,8.736202e-09,1.391992e-07,3.399317e-09,7.407081e-09
5,8,35,-95,5.335704e-02,9.466424e-01,0.053357,0.999999,-2.93075,-0.05483,Water,0.946642,1.741766e-08,2.356811e-08,7.537996e-09,8.436489e-09,7.901767e-10
5,9,35,-85,4.752744e-03,9.952471e-01,0.004753,1.000000,-5.34903,-0.00476,Water,0.995247,2.091801e-09,2.985688e-08,1.043980e-09,1.426512e-08,1.455090e-10
5,10,35,-75,5.566305e-01,4.433682e-01,0.556631,0.999999,-0.58585,-0.81335,Land,0.556630,1.037152e-07,1.475752e-08,9.497564e-08,5.227093e-09,7.240910e-09
5,11,35,-65,9.576121e-01,4.238610e-02,0.957614,0.999998,-0.04331,-3.16093,Land,0.957612,1.240039e-07,1.923648e-09,1.413225e-07,5.661023e-10,7.627412e-09
5,12,35,-55,9.905145e-01,9.484196e-03,0.990516,0.999999,-0.00953,-4.65813,Land,0.990515,1.267664e-07,4.607881e-10,1.987195e-07,1.496325e-10,6.658908e-09
5,13,35,-45,9.335057e-01,6.649280e-02,0.933507,0.999998,-0.06881,-2.71066,Land,0.933506,1.668438e-07,2.905782e-09,2.251974e-07,1.059941e-09,8.985760e-09
5,14,35,-35,9.898553e-01,1.014365e-02,0.989856,0.999999,-0.01020,-4.59091,Land,0.989855,1.577404e-07,5.033514e-10,1.844433e-07,1.427839e-10,7.839708e-09
5,15,35,-25,9.974492e-01,2.549872e-03,0.997450,0.999999,-0.00255,-5.97171,Land,0.997449,1.511789e-07,1.368498e-10,1.958462e-07,3.713170e-11,6.895172e-09
5,16,35,-15,9.894110e-01,1.058781e-02,0.989412,0.999999,-0.01065,-4.54805,Land,0.989411,1.730110e-07,4.288825e-10,2.347801e-07,1.835941e-10,7.785581e-09
5,17,35,-5,9.998061e-01,1.932554e-04,0.999807,0.999999,-0.00019,-8.55150,Land,0.999806,1.111179e-07,8.901489e-12,1.829926e-07,2.513382e-12,4.615071e-09
5,18,35,5,9.999996e-01,1.108902e-07,1.000000,1.000000,-0.00000,-16.01473,Land,1.000000,4.793057e-08,1.177794e-14,8.796097e-08,8.405115e-16,2.109581e-09
5,19,35,15,9.999996e-01,7.264830e-08,1.000000,1.000000,-0.00000,-16.43764,Land,1.000000,5.501056e-08,7.657380e-15,7.792776e-08,5.400281e-16,2.346344e-09
5,20,35,25,9.999994e-01,1.549829e-07,1.000000,1.000000,-0.00000,-15.67995,Land,0.999999,6.217126e-08,1.762080e-14,8.436307e-08,1.342969e-15,2.607171e-09
5,21,35,35,9.999996e-01,4.245644e-08,1.000000,1.000000,-0.00000,-16.97479,Land,1.000000,5.691636e-08,5.372391e-15,8.438722e-08,3.397162e-16,2.416700e-09
5,22,35,45,9.999991e-01,3.677994e-07,1.000000,0.999999,-0.00000,-14.81573,Land,0.999999,6.340327e-08,3.544624e-14,9.942861e-08,3.627639e-15,2.418899e-09
5,23,35,55,9.999987e-01,6.223010e-07,0.999999,0.999999,-0.00000,-14.28984,Land,0.999999,6.610384e-08,5.892458e-14,8.946169e-08,5.605546e-15,2.435407e-09
5,24,35,65,9.999163e-01,8.252193e-05,0.999917,0.999999,-0.00008,-9.40245,Land,0.999916,1.328799e-07,6.850541e-12,1.210709e-07,9.633887e-13,4.971327e-09
5,25,35,75,9.999475e-01,5.100641e-05,0.999949,0.999998,-0.00005,-9.88356,Land,0.999947,1.081061e-07,3.395289e-12,1.143602e-07,5.393302e-13,5.142832e-09
5,26,35,85,8.383749e-01,1.616182e-01,0.838381,0.999993,-0.17629,-1.82252,Land,0.838375,2.342347e-07,6.567839e-09,1.617657e-07,2.432867e-09,1.097126e-08
5,27,35,95,9.996909e-01,3.080716e-04,0.999692,0.999999,-0.00031,-8.08518,Land,0.999691,1.236134e-07,1.653634e-11,9.998571e-08,2.888425e-12,5.408533e-09
5,28,35,105,9.999972e-01,1.877827e-06,0.999998,0.999999,-0.00000,-13.18540,Land,0.999997,6.581928e-08,1.392228e-13,9.038171e-08,1.622907e-14,3.008560e-09
5,29,35,115,9.999980e-01,1.570934e-06,0.999998,1.000000,-0.00000,-13.36384,Land,0.999998,5.810907e-08,1.105235e-13,7.864242e-08,1.318687e-14,2.777021e-09
5,30,35,125,9.999462e-01,5.280000e-05,0.999947,0.999999,-0.00005,-9.84900,Land,0.999946,1.071870e-07,3.587534e-12,9.050872e-08,5.254691e-13,5.315638e-09
5,31,35,135,9.999752e-01,2.415706e-05,0.999976,0.999999,-0.00002,-10.63093,Land,0.999975,1.117611e-07,1.666619e-12,1.004341e-07,2.830243e-13,4.500694e-09
5,32,35,145,9.997768e-01,2.223502e-04,0.999778,0.999999,-0.00022,-8.41126,Land,0.999777,1.230695e-07,1.201174e-11,1.262572e-07,3.002800e-12,5.287196e-09
5,33,35,155,9.982868e-01,1.712295e-03,0.998288,0.999999,-0.00171,-6.36992,Land,0.998287,1.303483e-07,8.942090e-11,1.270907e-07,2.366387e-11,6.482631e-09
5,34,35,165,4.787553e-01,5.212425e-01,0.478756,0.999998,-0.73657,-0.65154,Water,0.521242,1.442740e-07,1.711672e-08,7.575029e-08,7.787507e-09,7.329080e-09
5,35,35,175,7.510524e-01,2.489457e-01,0.751054,0.999998,-0.28628,-1.39052,Land,0.751052,2.193829e-07,6.575178e-09,1.315862e-07,3.729854e-09,1.111369e-08
6,0,25,-175,3.650234e-02,9.634974e-01,0.036502,1.000000,-3.31038,-0.03719,Water,0.963497,1.345986e-08,1.674825e-08,8.232822e-09,1.386341e-08,6.704900e-10
6,1,25,-165,4.029425e-03,9.959703e-01,0.004029,1.000000,-5.51413,-0.00404,Water,0.995970,2.819166e-09,2.504212e-08,9.672915e-10,1.707122e-08,1.235969e-10
6,2,25,-155,4.871331e-02,9.512863e-01,0.048713,1.000000,-3.02180,-0.04994,Water,0.951286,2.186830e-08,2.443143e-08,1.145524e-08,1.541835e-08,9.685468e-10
6,3,25,-145,6.218114e-03,9.937817e-01,0.006218,1.000000,-5.08029,-0.00624,Water,0.993782,4.249360e-09,2.367360e-08,1.904888e-09,1.915217e-08,1.855416e-10
6,4,25,-135,1.711172e-02,9.828880e-01,0.017112,1.000000,-4.06799,-0.01726,Water,0.982888,1.051875e-08,2.417730e-08,3.668037e-09,1.539778e-08,4.157213e-10
6,5,25,-125,1.393567e-02,9.860640e-01,0.013936,1.000000,-4.27330,-0.01403,Water,0.986064,6.739354e-09,2.430349e-08,3.566480e-09,1.763615e-08,2.927110e-10
6,6,25,-115,6.178002e-01,3.821986e-01,0.617801,0.999999,-0.48159,-0.96181,Land,0.617800,1.421038e-07,9.645102e-09,1.359034e-07,5.103254e-09,7.422967e-09
6,7,25,-105,2.239438e-01,7.760549e-01,0.223944,0.999999,-1.49636,-0.25353,Water,0.776055,8.114270e-08,2.088708e-08,5.139635e-08,1.023024e-08,3.139135e-09
6,8,25,-95,5.026100e-02,9.497384e-01,0.050261,0.999999,-2.99053,-0.05157,Water,0.949738,2.432079e-08,2.560676e-08,9.778025e-09,1.070583e-08,1.083857e-09
6,9,25,-85,3.128570e-03,9.968713e-01,0.003129,1.000000,-5.76718,-0.00313,Water,0.996871,1.877916e-09,2.577911e-08,8.493054e-10,1.568777e-08,1.093529e-10
6,10,25,-75,1.830358e-02,9.816962e-01,0.018304,1.000000,-4.00066,-0.01847,Water,0.981696,9.102056e-09,2.403260e-08,4.357180e-09,1.366412e-08,4.335607e-10
6,11,25,-65,6.750889e-01,3.249086e-01,0.675091,0.999998,-0.39291,-1.12421,Land,0.675089,1.521877e-07,1.189514e-08,1.695440e-07,5.439731e-09,7.884838e-09
6,12,25,-55,9.806010e-01,1.939813e-02,0.980602,0.999999,-0.01959,-3.94258,Land,0.980601,1.291814e-07,7.218642e-10,2.211113e-07,2.699010e-10,5.803587e-09
6,13,25,-45,9.526777e-01,4.732097e-02,0.952679,0.999999,-0.04848,-3.05080,Land,0.952678,1.520428e-07,1.911725e-09,2.592237e-07,8.101288e-10,7.579430e-09
6,14,25,-35,9.961505e-01,3.848594e-03,0.996151,0.999999,-0.00386,-5.56005,Land,0.996151,1.246164e-07,1.632192e-10,2.061230e-07,5.538761e-11,6.296881e-09
6,15,25,-25,9.884907e-01,1.150822e-02,0.988492,0.999999,-0.01158,-4.46469,Land,0.988491,1.497951e-07,4.952252e-10,2.586703e-07,2.047852e-10,6.901881e-09
6,16,25,-15,9.979967e-01,2.002424e-03,0.997998,0.999999,-0.00201,-6.21340,Land,0.997997,1.478600e-07,9.620464e-11,2.382836e-07,3.207667e-11,5.738011e-09
6,17,25,-5,9.999192e-01,8.026197e-05,0.999920,0.999999,-0.00008,-9.43021,Land,0.999919,9.544356e-08,4.529776e-12,1.541647e-07,9.082017e-13,3.981547e-09
6,18,25,5,9.999997e-01,9.234245e-08,1.000000,1.000000,-0.00000,-16.19776,Land,1.000000,4.103569e-08,7.836190e-15,7.328712e-08,5.884795e-16,1.598683e-09
6,19,25,15,9.999996e-01,1.122650e-07,1.000000,1.000000,-0.00000,-16.00240,Land,1.000000,5.622999e-08,1.258895e-14,7.992091e-08,8.604929e-16,2.089036e-09
6,20,25,25,9.999996e-01,5.679155e-08,1.000000,1.000000,-0.00000,-16.68388,Land,1.000000,5.845622e-08,6.557679e-15,9.204562e-08,4.736086e-16,2.092637e-09
6,21,25,35,9.999992e-01,3.447750e-07,1.000000,0.999999,-0.00000,-14.88037,Land,0.999999,6.944454e-08,3.681217e-14,1.007368e-07,3.075949e-15,3.092934e-09
6,22,25,45,9.999994e-01,3.175720e-07,1.000000,1.000000,-0.00000,-14.96256,Land,0.999999,5.366351e-08,2.983225e-14,8.361591e-08,2.591301e-15,2.224959e-09
6,23,25,55,9.999978e-01,1.493168e-06,0.999999,0.999999,-0.00000,-13.41461,Land,0.999998,7.901618e-08,1.309112e-13,1.326762e-07,1.731448e-14,2.809567e-09
6,24,25,65,9.987323e-01,1.266426e-03,0.998734,0.999999,-0.00127,-6.67156,Land,0.998732,1.917156e-07,6.346601e-11,1.733454e-07,1.892860e-11,6.770066e-09
6,25,25,75,9.961347e-01,3.862888e-03,0.996137,0.999998,-0.00387,-5.55634,Land,0.996135,2.564874e-07,1.940102e-10,1.479754e-07,4.962828e-11,9.119102e-09
6,26,25,85,6.406746e-01,3.593201e-01,0.640678,0.999995,-0.44523,-1.02354,Land,0.640675,3.362567e-07,1.351440e-08,1.320215e-07,5.396564e-09,1.222819e-08
6,27,25,95,9.996526e-01,3.467323e-04,0.999653,0.999999,-0.00035,-7.96696,Land,0.999653,1.678708e-07,1.528242e-11,9.143703e-08,2.749320e-12,5.335100e-09
6,28,25,105,9.999867e-01,1.257682e-05,0.999987,0.999999,-0.00001,-11.28366,Land,0.999987,9.803313e-08,7.533665e-13,1.079200e-07,1.306321e-13,3.448473e-09
6,29,25,115,9.999771e-01,2.191184e-05,0.999978,0.999999,-0.00002,-10.72848,Land,0.999977,1.072569e-07,1.502217e-12,1.226238e-07,2.668392e-13,3.862040e-09
6,30,25,125,8.209103e-01,1.790824e-01,0.820916,0.999993,-0.19734,-1.71991,Land,0.820910,3.542877e-07,6.577754e-09,1.579747e-07,3.235361e-09,1.077949e-08
6,31,25,135,9.978647e-01,2.134037e-03,0.997866,0.999999,-0.00214,-6.14974,Land,0.997865,2.568358e-07,1.028189e-10,1.651010e-07,3.527274e-11,6.791023e-09
6,32,25,145,9.947577e-01,5.241060e-03,0.994759,0.999999,-0.00526,-5.25123,Land,0.994758,1.943011e-07,1.993582e-10,1.962603e-07,8.767935e-11,7.000421e-09
6,33,25,155,8.704042e-01,1.295933e-01,0.870406,0.999997,-0.13880,-2.04335,Land,0.870404,2.865772e-07,5.258324e-09,1.958731e-07,2.641067e-09,1.025633e-08
6,34,25,165,5.419749e-02,9.458014e-01,0.054198,0.999999,-2.91512,-0.05572,Water,0.945801,3.475457e-08,2.830262e-08,1.359410e-08,1.734558e-08,1.381418e-09
6,35,25,175,2.220546e-01,7.779437e-01,0.222055,0.999998,-1.50483,-0.25110,Water,0.777944,9.414020e-08,1.699153e-08,5.308103e-08,1.291528e-08,3.949433e-09
7,0,15,-175,9.871965e-03,9.901279e-01,0.009872,1.000000,-4.61806,-0.00992,Water,0.990128,4.881261e-09,1.626918e-08,2.734110e-09,1.703812e-08,2.445497e-10
7,1,15,-165,2.228035e-03,9.977719e-01,0.002228,1.000000,-6.10664,-0.00223,Water,0.997772,1.757524e-09,2.509498e-08,5.700416e-10,1.583252e-08,9.398142e-11
7,2,15,-155,1.529358e-03,9.984706e-01,0.001529,1.000000,-6.48291,-0.00153,Water,0.998471,1.242410e-09,2.208748e-08,3.672430e-10,1.651344e-08,6.371448e-11
7,3,15,-145,1.199192e-03,9.988007e-01,0.001199,1.000000,-6.72611,-0.00120,Water,0.998801,1.215912e-09,1.709569e-08,3.489559e-10,1.674853e-08,5.364503e-11
7,4,15,-135,5.076837e-04,9.994922e-01,0.000508,1.000000,-7.58565,-0.00051,Water,0.999492,5.107377e-10,2.430477e-08,1.268222e-10,1.861344e-08,2.322626e-11
7,5,15,-125,1.220587e-05,9.999877e-01,0.000012,1.000000,-11.31359,-0.00001,Water,0.999988,1.888209e-11,2.025868e-08,2.933017e-12,1.438228e-08,1.231637e-12
7,6,15,-115,1.711957e-03,9.982879e-01,0.001712,1.000000,-6.37012,-0.00171,Water,0.998288,1.383312e-09,2.221648e-08,4.469132e-10,1.372684e-08,6.754771e-11
7,7,15,-105,4.970535e-04,9.995028e-01,0.000497,1.000000,-7.60681,-0.00050,Water,0.999503,6.483769e-10,2.712239e-08,1.585543e-10,1.741567e-08,2.925061e-11
7,8,15,-95,4.059008e-05,9.999594e-01,0.000041,1.000000,-10.11199,-0.00004,Water,0.999959,7.731883e-11,2.029152e-08,8.307889e-12,1.077718e-08,3.261101e-12
7,9,15,-85,1.111017e-05,9.999888e-01,0.000011,1.000000,-11.40765,-0.00001,Water,0.999989,1.502539e-11,2.109410e-08,2.735628e-12,1.296003e-08,1.078841e-12
7,10,15,-75,7.638202e-05,9.999236e-01,0.000076,1.000000,-9.47976,-0.00008,Water,0.999924,7.871267e-11,1.551846e-08,1.708950e-11,1.136904e-08,5.402493e-12
7,11,15,-65,2.647179e-03,9.973527e-01,0.002647,1.000000,-5.93426,-0.00265,Water,0.997353,1.440170e-09,2.503855e-08,7.181423e-10,1.612087e-08,8.776768e-11
7,12,15,-55,7.255533e-03,9.927443e-01,0.007256,1.000000,-4.92599,-0.00728,Water,0.992744,3.011273e-09,2.278746e-08,2.063317e-09,1.457719e-08,1.848663e-10
7,13,15,-45,3.214590e-03,9.967853e-01,0.003215,1.000000,-5.74006,-0.00322,Water,0.996785,1.492927e-09,2.077514e-08,8.031203e-10,1.339414e-08,8.901044e-11
7,14,15,-35,1.185539e-01,8.814454e-01,0.118554,0.999999,-2.13239,-0.12619,Water,0.881445,4.906171e-08,2.443656e-08,3.945484e-08,1.660489e-08,2.705601e-09
7,15,15,-25,4.334284e-01,5.665709e-01,0.433429,0.999999,-0.83603,-0.56815,Water,0.566571,1.117136e-07,1.522627e-08,1.094956e-07,8.454803e-09,5.790847e-09
7,16,15,-15,8.747642e-01,1.252348e-01,0.874765,0.999999,-0.13380,-2.07756,Land,0.874764,1.468219e-07,3.686251e-09,2.049215e-07,1.781409e-09,9.186194e-09
7,17,15,-5,9.899892e-01,1.000993e-02,0.989990,0.999999,-0.01006,-4.60418,Land,0.989989,1.535240e-07,3.932896e-10,2.113567e-07,1.386188e-10,6.637566e-09
7,18,15,5,9.999896e-01,9.986738e-06,0.999990,1.000000,-0.00001,-11.51425,Land,0.999990,7.022280e-08,5.196710e-13,1.265111e-07,9.745220e-14,2.453423e-09
7,19,15,15,9.999985e-01,1.225342e-06,0.999999,1.000000,-0.00000,-13.61229,Land,0.999998,6.624051e-08,8.011012e-14,1.052051e-07,1.136826e-14,2.857866e-09
7,20,15,25,9.999961e-01,3.385192e-06,0.999997,0.999999,-0.00000,-12.59610,Land,0.999996,8.144129e-08,2.637724e-13,1.437519e-07,4.229242e-14,3.209141e-09
7,21,15,35,9.999957e-01,3.660445e-06,0.999996,0.999999,-0.00000,-12.51793,Land,0.999996,1.061435e-07,2.861766e-13,1.350442e-07,4.214130e-14,4.620386e-09
7,22,15,45,9.999965e-01,3.003500e-06,0.999997,1.000000,-0.00000,-12.71573,Land,0.999997,7.086645e-08,2.343400e-13,1.307375e-07,3.453253e-14,3.290563e-09
7,23,15,55,9.999753e-01,2.380015e-05,0.999976,0.999999,-0.00002,-10.64582,Land,0.999975,1.012469e-07,1.574142e-12,1.627128e-07,3.358036e-13,4.410067e-09
7,24,15,65,9.857150e-01,1.428276e-02,0.985717,0.999998,-0.01439,-4.24870,Land,0.985715,2.262177e-07,6.272061e-10,1.925910e-07,2.318227e-10,9.863297e-09
7,25,15,75,9.851708e-01,1.482756e-02,0.985172,0.999998,-0.01494,-4.21127,Land,0.985171,2.935220e-07,5.616350e-10,1.699841e-07,2.105468e-10,1.074668e-08
7,26,15,85,1.197605e-01,8.802373e-01,0.119761,0.999998,-2.12226,-0.12756,Water,0.880237,9.401767e-08,3.197869e-08,3.375510e-08,1.751302e-08,4.182005e-09
7,27,15,95,9.683713e-01,3.162665e-02,0.968373,0.999998,-0.03214,-3.45376,Land,0.968371,3.547660e-07,1.068586e-09,1.484554e-07,3.602127e-10,1.303747e-08
7,28,15,105,9.997487e-01,2.502791e-04,0.999750,0.999999,-0.00025,-8.29293,Land,0.999749,1.700209e-07,1.283594e-11,1.427536e-07,3.272582e-12,6.044866e-09
7,29,15,115,9.992174e-01,7.813074e-04,0.999219,0.999999,-0.00078,-7.15454,Land,0.999217,1.843491e-07,3.768513e-11,1.873783e-07,1.223015e-11,6.608694e-09
7,30,15,125,7.636743e-02,9.236306e-01,0.076368,0.999998,-2.57220,-0.07944,Water,0.923631,6.482263e-08,2.923217e-08,2.391068e-08,2.319430e-08,2.585029e-09
7,31,15,135,9.903963e-01,9.601328e-03,0.990399,0.999998,-0.00965,-4.64585,Land,0.990396,3.247831e-07,4.375992e-10,2.192000e-07,1.901470e-10,1.011964e-08
7,32,15,145,9.921451e-01,7.853477e-03,0.992147,0.999999,-0.00789,-4.84680,Land,0.992145,2.596479e-07,3.409748e-10,2.380396e-07,1.444971e-10,1.163742e-08
7,33,15,155,7.494295e-01,2.505682e-01,0.749431,0.999998,-0.28844,-1.38402,Land,0.749430,2.516317e-07,8.957254e-09,2.017872e-07,5.515742e-09,1.012673e-08
7,34,15,165,2.696139e-01,7.303829e-01,0.269615,0.999997,-1.31076,-0.31419,Water,0.730383,1.302804e-07,2.637584e-08,8.349801e-08,1.606196e-08,6.476068e-09
7,35,15,175,5.688836e-01,4.311147e-01,0.568885,0.999998,-0.56408,-0.84138,Land,0.568884,1.829185e-07,9.992904e-09,1.539753e-07,7.976023e-09,7.878651e-09
8,0,5,-175,4.799055e-04,9.995200e-01,0.000480,1.000000,-7.64192,-0.00048,Water,0.999520,4.116425e-10,1.925479e-08,1.019100e-10,1.330645e-08,1.496724e-11
8,1,5,-165,1.760780e-05,9.999823e-01,0.000018,1.000000,-10.94717,-0.00002,Water,0.999982,3.261433e-11,2.598797e-08,3.566166e-12,1.347827e-08,1.151210e-12
8,2,5,-155,2.053297e-04,9.997946e-01,0.000205,1.000000,-8.49089,-0.00021,Water,0.999795,2.581698e-10,3.058872e-08,4.673904e-11,1.560675e-08,8.673090e-12
8,3,5,-145,2.281607e-05,9.999771e-01,0.000023,1.000000,-10.68805,-0.00002,Water,0.999977,4.336791e-11,2.161935e-08,5.100657e-12,1.400645e-08,1.425433e-12
8,4,5,-135,3.916670e-07,9.999996e-01,0.000000,1.000000,-14.75285,-0.00000,Water,1.000000,1.309007e-12,2.283579e-08,7.030611e-14,1.093281e-08,5.069603e-14
8,5,5,-125,3.821586e-07,9.999996e-01,0.000000,1.000000,-14.77743,-0.00000,Water,1.000000,1.063830e-12,2.335820e-08,7.644440e-14,1.099391e-08,4.196428e-14
8,6,5,-115,1.906368e-05,9.999809e-01,0.000019,1.000000,-10.86773,-0.00002,Water,0.999981,3.327321e-11,2.075637e-08,4.476519e-12,1.203234e-08,1.222707e-12
8,7,5,-105,3.504696e-06,9.999964e-01,0.000004,1.000000,-12.56141,-0.00000,Water,0.999996,9.600544e-12,2.346033e-08,8.255914e-13,1.168412e-08,3.031694e-13
8,8,5,-95,7.779545e-07,9.999992e-01,0.000001,1.000000,-14.06660,-0.00000,Water,0.999999,3.170494e-12,2.464338e-08,1.448595e-13,1.058597e-08,1.000698e-13
8,9,5,-85,2.633599e-06,9.999973e-01,0.000003,1.000000,-12.84716,-0.00000,Water,0.999997,4.428474e-12,2.725085e-08,6.321480e-13,1.235086e-08,2.497967e-13
8,10,5,-75,4.858020e-07,9.999995e-01,0.000000,1.000000,-14.53746,-0.00000,Water,0.999999,1.292154e-12,2.530972e-08,1.176014e-13,1.278975e-08,6.117873e-14
8,11,5,-65,8.821210e-05,9.999117e-01,0.000088,1.000000,-9.33577,-0.00009,Water,0.999912,1.026093e-10,3.414589e-08,2.557229e-11,1.521847e-08,3.735478e-12
8,12,5,-55,2.209177e-06,9.999977e-01,0.000002,1.000000,-13.02289,-0.00000,Water,0.999998,4.244640e-12,2.559493e-08,6.650805e-13,1.636536e-08,1.993923e-13
8,13,5,-45,4.989744e-05,9.999500e-01,0.000050,1.000000,-9.90554,-0.00005,Water,0.999950,5.639800e-11,2.699205e-08,1.420882e-11,1.379503e-08,2.268035e-12
8,14,5,-35,1.242968e-04,9.998756e-01,0.000124,1.000000,-8.99284,-0.00012,Water,0.999876,1.459211e-10,2.401442e-08,3.549543e-11,1.414778e-08,5.340478e-12
8,15,5,-25,4.618001e-04,9.995381e-01,0.000462,1.000000,-7.68038,-0.00046,Water,0.999538,4.094698e-10,2.644036e-08,1.378407e-10,1.574336e-08,1.383548e-11
8,16,5,-15,7.974017e-04,9.992025e-01,0.000797,1.000000,-7.13415,-0.00080,Water,0.999203,7.671718e-10,2.613984e-08,2.409257e-10,1.647632e-08,2.418436e-11
8,17,5,-5,7.689906e-04,9.992309e-01,0.000769,1.000000,-7.17043,-0.00077,Water,0.999231,5.109675e-10,2.562579e-08,2.262493e-10,1.561414e-08,1.718254e-11
8,18,5,5,9.999675e-01,3.195289e-05,0.999968,0.999999,-0.00003,-10.35125,Land,0.999968,1.033175e-07,3.212927e-12,1.666150e-07,4.592938e-13,3.126734e-09
8,19,5,15,9.999922e-01,7.441249e-06,0.999993,1.000000,-0.00001,-11.80847,Land,0.999992,9.039246e-08,6.729396e-13,1.200304e-07,8.623136e-14,2.756429e-09
8,20,5,25,9.999909e-01,8.462480e-06,0.999992,0.999999,-0.00001,-11.67987,Land,0.999991,9.898955e-08,8.888834e-13,1.496607e-07,1.166476e-13,3.287834e-09
8,21,5,35,9.999879e-01,1.139161e-05,0.999989,0.999999,-0.00001,-11.38263,Land,0.999988,1.084926e-07,1.135945e-12,1.514343e-07,1.654772e-13,3.572210e-09
8,22,5,45,9.999903e-01,9.114375e-06,0.999991,0.999999,-0.00001,-11.60566,Land,0.999990,9.422629e-08,9.251968e-13,1.347090e-07,1.152347e-13,3.427632e-09
8,23,5,55,9.998713e-01,1.276659e-04,0.999872,0.999999,-0.00013,-8.96609,Land,0.999871,1.465029e-07,1.176405e-11,2.073306e-07,2.385540e-12,4.691757e-09
8,24,5,65,9.855863e-01,1.441131e-02,0.985589,0.999998,-0.01452,-4.23974,Land,0.985586,2.715878e-07,9.677290e-10,2.232938e-07,2.855760e-10,8.052193e-09
8,25,5,75,9.308205e-01,6.917557e-02,0.930824,0.999996,-0.07169,-2.67111,Land,0.930820,3.658242e-07,4.111876e-09,2.245886e-07,1.374210e-09,8.544717e-09
8,26,5,85,1.802484e-01,8.197472e-01,0.180249,0.999996,-1.71342,-0.19876,Water,0.819747,1.197517e-07,3.747433e-08,4.520880e-08,1.599815e-08,3.671510e-09
8,27,5,95,4.525115e-01,5.474846e-01,0.452513,0.999996,-0.79294,-0.60242,Water,0.547485,3.476298e-07,2.753215e-08,8.651788e-08,8.289909e-09,6.758043e-09
8,28,5,105,9.989437e-01,1.053597e-03,0.998946,0.999997,-0.00106,-6.85555,Land,0.998944,2.840271e-07,7.637348e-11,1.744748e-07,1.607823e-11,7.134662e-09
8,29,5,115,9.983777e-01,1.620197e-03,0.998380,0.999998,-0.00162,-6.42521,Land,0.998378,2.815003e-07,1.149212e-10,1.938718e-07,2.769131e-11,6.341282e-09
8,30,5,125,1.269412e-03,9.987300e-01,0.001269,0.999999,-6.66920,-0.00127,Water,0.998730,2.247197e-09,4.642384e-08,3.991537e-10,2.533488e-08,5.185538e-11
8,31,5,135,8.732854e-01,1.267118e-01,0.873288,0.999997,-0.13549,-2.06584,Land,0.873285,3.911347e-07,6.413779e-09,1.974416e-07,2.637979e-09,8.259397e-09
8,32,5,145,8.898920e-01,1.101051e-01,0.889895,0.999997,-0.11666,-2.20632,Land,0.889892,4.515859e-07,6.302435e-09,2.341434e-07,2.358662e-09,1.064622e-08
8,33,5,155,2.717492e-01,7.282491e-01,0.271750,0.999998,-1.30288,-0.31711,Water,0.728249,1.601761e-07,3.245689e-08,7.066598e-08,1.560165e-08,4.127533e-09
8,34,5,165,4.302838e-03,9.956968e-01,0.004303,1.000000,-5.44848,-0.00431,Water,0.995697,5.449831e-09,3.455797e-08,1.000345e-09,1.693727e-08,1.281814e-10
8,35,5,175,5.750463e-01,4.249518e-01,0.575047,0.999998,-0.55330,-0.85578,Land,0.575046,2.067034e-07,1.497860e-08,1.336620e-07,7.812420e-09,6.569413e-09
9,0,-5,-175,3.629982e-04,9.996369e-01,0.000363,1.000000,-7.92111,-0.00036,Water,0.999637,2.876548e-10,2.262827e-08,6.971584e-11,1.380845e-08,1.228449e-11
9,1,-5,-165,5.045594e-05,9.999494e-01,0.000050,1.000000,-9.89441,-0.00005,Water,0.999949,8.787761e-11,3.762844e-08,1.091412e-11,1.626245e-08,3.072078e-12
9,2,-5,-155,1.581102e-04,9.998418e-01,0.000158,1.000000,-8.75222,-0.00016,Water,0.999842,1.703952e-10,2.849963e-08,3.463162e-11,1.611921e-08,6.177508e-12
9,3,-5,-145,2.279000e-04,9.997720e-01,0.000228,1.000000,-8.38660,-0.00023,Water,0.999772,3.354363e-10,2.739457e-08,6.054820e-11,1.934122e-08,9.187961e-12
9,4,-5,-135,1.115365e-05,9.999888e-01,0.000011,1.000000,-11.40374,-0.00001,Water,0.999989,2.569836e-11,3.148712e-08,2.136377e-12,1.498437e-08,7.689122e-13
9,5,-5,-125,6.595706e-07,9.999993e-01,0.000001,1.000000,-14.23168,-0.00000,Water,0.999999,1.730581e-12,2.648351e-08,1.224953e-13,1.261891e-08,6.202378e-14
9,6,-5,-115,8.545987e-06,9.999914e-01,0.000009,1.000000,-11.67005,-0.00001,Water,0.999991,2.090184e-11,3.005304e-08,2.271159e-12,1.620992e-08,6.830059e-13
9,7,-5,-105,3.844144e-05,9.999615e-01,0.000038,1.000000,-10.16637,-0.00004,Water,0.999961,6.568164e-11,2.656527e-08,9.847572e-12,1.633246e-08,1.679908e-12
9,8,-5,-95,5.499768e-07,9.999994e-01,0.000001,1.000000,-14.41339,-0.00000,Water,0.999999,1.920873e-12,2.556033e-08,8.382013e-14,9.903434e-09,5.817929e-14
9,9,-5,-85,1.251134e-06,9.999987e-01,0.000001,1.000000,-13.59146,-0.00000,Water,0.999999,2.330740e-12,2.827419e-08,2.692391e-13,1.519190e-08,1.033600e-13
9,10,-5,-75,2.285180e-06,9.999977e-01,0.000002,1.000000,-12.98907,-0.00000,Water,0.999998,4.143530e-12,2.161142e-08,4.128988e-13,1.291792e-08,1.610941e-13
9,11,-5,-65,6.523145e-06,9.999934e-01,0.000007,1.000000,-11.94015,-0.00001,Water,0.999993,1.028379e-11,2.965406e-08,1.620680e-12,1.810816e-08,3.611932e-13
9,12,-5,-55,2.042921e-06,9.999979e-01,0.000002,1.000000,-13.10113,-0.00000,Water,0.999998,3.701860e-12,2.330908e-08,5.147178e-13,1.680453e-08,1.425093e-13
9,13,-5,-45,2.874392e-06,9.999971e-01,0.000003,1.000000,-12.75967,-0.00000,Water,0.999997,5.745053e-12,2.293167e-08,7.589472e-13,1.712073e-08,1.954782e-13
9,14,-5,-35,4.556459e-05,9.999544e-01,0.000046,1.000000,-9.99638,-0.00005,Water,0.999954,5.944810e-11,2.967452e-08,1.401493e-11,1.969749e-08,2.229275e-12
9,15,-5,-25,9.454143e-06,9.999905e-01,0.000009,1.000000,-11.56906,-0.00001,Water,0.999990,1.687575e-11,2.685244e-08,2.813537e-12,1.874009e-08,4.937438e-13
9,16,-5,-15,1.136605e-05,9.999886e-01,0.000011,1.000000,-11.38488,-0.00001,Water,0.999989,1.911941e-11,2.219917e-08,3.321816e-12,1.759995e-08,5.921938e-13
9,17,-5,-5,4.083351e-06,9.999959e-01,0.000004,1.000000,-12.40859,-0.00000,Water,0.999996,7.036938e-12,2.069671e-08,1.014223e-12,1.450253e-08,2.250109e-13
9,18,-5,5,1.202146e-04,9.998797e-01,0.000120,1.000000,-9.02623,-0.00012,Water,0.999880,1.428013e-10,3.034828e-08,3.824285e-11,2.095055e-08,3.787472e-12
9,19,-5,15,3.835063e-03,9.961648e-01,0.003835,1.000000,-5.56357,-0.00384,Water,0.996165,3.310097e-09,3.200435e-08,1.091612e-09,2.017950e-08,8.529223e-11
9,20,-5,25,1.059559e-03,9.989403e-01,0.001060,1.000000,-6.84990,-0.00106,Water,0.998940,1.149742e-09,3.774990e-08,3.385845e-10,2.185293e-08,3.297169e-11
9,21,-5,35,5.243331e-03,9.947562e-01,0.005243,1.000000,-5.25080,-0.00526,Water,0.994756,5.709919e-09,4.857673e-08,1.752102e-09,2.616008e-08,1.423446e-10
9,22,-5,45,2.360657e-03,9.976391e-01,0.002361,1.000000,-6.04882,-0.00236,Water,0.997639,2.240776e-09,3.991945e-08,7.888206e-10,2.520907e-08,6.339570e-11
9,23,-5,55,1.437768e-03,9.985619e-01,0.001438,1.000000,-6.54466,-0.00144,Water,0.998562,2.119081e-09,4.303955e-08,5.564565e-10,2.936638e-08,5.515428e-11
9,24,-5,65,2.661018e-04,9.997337e-01,0.000266,1.000000,-8.23163,-0.00027,Water,0.999734,4.894851e-10,4.775205e-08,9.079380e-11,2.857585e-08,1.030271e-11
9,25,-5,75,1.939873e-04,9.998058e-01,0.000194,1.000000,-8.54772,-0.00019,Water,0.999806,4.241394e-10,3.764371e-08,5.832375e-11,2.409261e-08,8.665812e-12
9,26,-5,85,4.354061e-05,9.999563e-01,0.000044,1.000000,-10.04182,-0.00004,Water,0.999956,1.317124e-10,4.919610e-08,1.469590e-11,2.614071e-08,2.908668e-12
9,27,-5,95,1.199928e-05,9.999879e-01,0.000012,1.000000,-11.33066,-0.00001,Water,0.999988,4.932386e-11,3.347484e-08,2.410511e-12,1.419473e-08,9.925160e-13
9,28,-5,105,1.178352e-02,9.882159e-01,0.011784,0.999999,-4.44105,-0.01185,Water,0.988216,1.467094e-08,3.869755e-08,3.191416e-09,2.117307e-08,2.629927e-10
9,29,-5,115,3.797357e-03,9.962023e-01,0.003797,1.000000,-5.57345,-0.00380,Water,0.996202,5.616011e-09,3.941213e-08,1.289375e-09,2.432422e-08,1.228505e-10
9,30,-5,125,1.906681e-05,9.999808e-01,0.000019,1.000000,-10.86756,-0.00002,Water,0.999981,6.064720e-11,3.836104e-08,5.396221e-12,2.328264e-08,1.513190e-12
9,31,-5,135,2.505774e-03,9.974939e-01,0.002506,1.000000,-5.98916,-0.00251,Water,0.997494,4.153749e-09,4.872250e-08,7.665132e-10,2.596046e-08,7.710025e-11
9,32,-5,145,9.055177e-02,9.094473e-01,0.090552,0.999999,-2.40183,-0.09492,Water,0.909447,6.544485e-08,4.036442e-08,3.132768e-08,2.501689e-08,1.692633e-09
9,33,-5,155,2.052901e-02,9.794707e-01,0.020529,1.000000,-3.88592,-0.02074,Water,0.979471,1.392469e-08,4.043587e-08,5.477663e-09,2.180207e-08,3.263139e-10
9,34,-5,165,9.881324e-03,9.901181e-01,0.009881,0.999999,-4.61711,-0.00993,Water,0.990118,9.024312e-09,5.228107e-08,2.914055e-09,2.403378e-08,2.319624e-10
9,35,-5,175,9.399401e-03,9.906004e-01,0.009399,1.000000,-4.66711,-0.00944,Water,0.990600,5.972121e-09,2.612165e-08,1.815134e-09,1.454443e-08,2.095667e-10
10,0,-15,-175,1.640898e-03,9.983590e-01,0.001641,1.000000,-6.41251,-0.00164,Water,0.998359,9.155913e-10,1.648315e-08,3.419579e-10,1.286518e-08,4.693743e-11
10,1,-15,-165,2.489134e-03,9.975108e-01,0.002489,1.000000,-5.99582,-0.00249,Water,0.997511,1.518297e-09,2.307183e-08,6.299454e-10,1.647769e-08,9.511696e-11
10,2,-15,-155,1.024390e-03,9.989755e-01,0.001024,1.000000,-6.88366,-0.00103,Water,0.998976,9.717844e-10,3.014082e-08,3.227657e-10,2.247364e-08,4.782392e-11
10,3,-15,-145,1.834386e-02,9.816560e-01,0.018344,1.000000,-3.99846,-0.01851,Water,0.981656,1.049577e-08,2.214754e-08,5.710057e-09,2.027904e-08,5.988709e-10
10,4,-15,-135,9.233204e-04,9.990766e-01,0.000923,1.000000,-6.98753,-0.00092,Water,0.999077,1.052713e-09,2.866479e-08,2.789046e-10,2.193141e-08,4.455461e-11
10,5,-15,-125,5.934279e-05,9.999406e-01,0.000059,1.000000,-9.73218,-0.00006,Water,0.999941,6.882038e-11,2.495043e-08,1.683376e-11,1.790724e-08,4.117956e-12
10,6,-15,-115,4.648245e-04,9.995351e-01,0.000465,1.000000,-7.67385,-0.00047,Water,0.999535,4.823817e-10,2.469012e-08,1.423988e-10,1.798615e-08,2.166126e-11
10,7,-15,-105,6.642541e-04,9.993357e-01,0.000664,1.000000,-7.31685,-0.00066,Water,0.999336,6.071976e-10,2.085362e-08,1.692119e-10,1.531018e-08,3.395327e-11
10,8,-15,-95,1.212824e-05,9.999878e-01,0.000012,1.000000,-11.31997,-0.00001,Water,0.999988,2.782036e-11,2.130418e-08,2.414761e-12,1.201937e-08,1.478675e-12
10,9,-15,-85,3.832314e-05,9.999616e-01,0.000038,1.000000,-10.16946,-0.00004,Water,0.999962,4.291631e-11,2.216198e-08,8.794353e-12,1.404679e-08,2.519898e-12
10,10,-15,-75,4.119939e-05,9.999587e-01,0.000041,1.000000,-10.09709,-0.00004,Water,0.999959,5.559851e-11,1.904216e-08,9.472207e-12,1.361268e-08,3.629155e-12
10,11,-15,-65,8.135499e-05,9.999186e-01,0.000081,1.000000,-9.41669,-0.00008,Water,0.999919,9.436776e-11,2.542490e-08,2.075422e-11,1.608537e-08,5.170431e-12
10,12,-15,-55,2.806687e-04,9.997193e-01,0.000281,1.000000,-8.17834,-0.00028,Water,0.999719,2.462894e-10,2.087217e-08,7.784594e-11,1.757355e-08,1.224174e-11
10,13,-15,-45,1.067668e-04,9.998932e-01,0.000107,1.000000,-9.14486,-0.00011,Water,0.999893,1.161671e-10,2.125326e-08,3.735219e-11,2.099531e-08,6.228583e-12
10,14,-15,-35,2.582111e-04,9.997417e-01,0.000258,1.000000,-8.26173,-0.00026,Water,0.999742,2.709280e-10,2.512640e-08,8.304485e-11,2.041259e-08,1.583208e-11
10,15,-15,-25,1.517740e-03,9.984822e-01,0.001518,1.000000,-6.49053,-0.00152,Water,0.998482,1.143774e-09,2.472096e-08,4.850753e-10,1.805536e-08,5.843214e-11
10,16,-15,-15,1.412100e-03,9.985878e-01,0.001412,1.000000,-6.56268,-0.00141,Water,0.998588,8.750160e-10,1.827434e-08,3.622387e-10,1.446301e-08,4.464150e-11
10,17,-15,-5,6.319695e-02,9.368026e-01,0.063197,1.000000,-2.76150,-0.06528,Water,0.936803,2.759167e-08,2.240189e-08,1.799895e-08,1.573896e-08,1.512382e-09
10,18,-15,5,2.437850e-02,9.756213e-01,0.024379,1.000000,-3.71405,-0.02468,Water,0.975621,1.053097e-08,2.214446e-08,5.818925e-09,1.477236e-08,4.749837e-10
10,19,-15,15,3.014100e-02,9.698587e-01,0.030141,1.000000,-3.50187,-0.03060,Water,0.969859,2.263970e-08,2.835973e-08,9.879954e-09,2.059639e-08,9.668547e-10
10,20,-15,25,1.680463e-02,9.831951e-01,0.016805,1.000000,-4.08610,-0.01695,Water,0.983195,1.467479e-08,2.895276e-08,5.480419e-09,2.036219e-08,5.724256e-10
10,21,-15,35,2.750526e-02,9.724942e-01,0.027505,0.999999,-3.59338,-0.02789,Water,0.972494,2.192126e-08,2.795474e-08,9.191315e-09,2.147792e-08,9.437171e-10
10,22,-15,45,2.022545e-01,7.977442e-01,0.202255,0.999999,-1.59823,-0.22597,Water,0.797744,1.134741e-07,2.531958e-08,6.391914e-08,1.702079e-08,5.013978e-09
10,23,-15,55,9.759290e-03,9.902404e-01,0.009759,1.000000,-4.62954,-0.00981,Water,0.990240,9.844192e-09,3.060685e-08,3.251041e-09,2.082573e-08,3.839373e-10
10,24,-15,65,1.248365e-02,9.875160e-01,0.012484,1.000000,-4.38334,-0.01256,Water,0.987516,9.321851e-09,2.451483e-08,3.306685e-09,1.903748e-08,4.331755e-10
10,25,-15,75,2.248969e-03,9.977508e-01,0.002249,1.000000,-6.09728,-0.00225,Water,0.997751,2.588915e-09,2.405837e-08,6.012829e-10,1.802934e-08,1.222471e-10
10,26,-15,85,5.325423e-04,9.994673e-01,0.000533,1.000000,-7.53785,-0.00053,Water,0.999467,9.433277e-10,2.994199e-08,1.464547e-10,1.984688e-08,4.047253e-11
10,27,-15,95,3.107408e-04,9.996891e-01,0.000311,1.000000,-8.07655,-0.00031,Water,0.999689,7.951185e-10,2.368048e-08,6.972067e-11,1.558487e-08,2.595807e-11
10,28,-15,105,3.230590e-01,6.769389e-01,0.323060,0.999998,-1.12992,-0.39017,Water,0.676939,2.030026e-07,2.209451e-08,1.007994e-07,1.442444e-08,7.764531e-09
10,29,-15,115,3.208821e-01,6.791157e-01,0.320883,0.999998,-1.13668,-0.38696,Water,0.679116,2.201410e-07,2.738522e-08,1.173282e-07,1.676143e-08,8.724408e-09
10,30,-15,125,1.400171e-03,9.985997e-01,0.001400,1.000000,-6.57116,-0.00140,Water,0.998600,1.733956e-09,2.556256e-08,4.677733e-10,2.266307e-08,7.550522e-11
10,31,-15,135,4.669700e-01,5.330280e-01,0.466971,0.999998,-0.76149,-0.62918,Water,0.533028,2.347336e-07,1.909382e-08,1.263549e-07,1.181605e-08,9.614663e-09
10,32,-15,145,9.252941e-01,7.470452e-02,0.925295,0.999999,-0.07764,-2.59421,Land,0.925294,2.704069e-07,2.994687e-09,2.699266e-07,1.675541e-09,1.077838e-08
10,33,-15,155,4.911864e-02,9.508807e-01,0.049119,0.999999,-3.01352,-0.05037,Water,0.950881,2.680738e-08,3.081817e-08,1.508595e-08,2.213961e-08,1.279300e-09
10,34,-15,165,1.348336e-01,8.651654e-01,0.134834,0.999999,-2.00371,-0.14483,Water,0.865165,6.823273e-08,3.283610e-08,4.011746e-08,1.964488e-08,3.154547e-09
10,35,-15,175,4.635121e-02,9.536485e-01,0.046351,1.000000,-3.07151,-0.04746,Water,0.953649,2.110731e-08,2.198491e-08,1.190146e-08,1.705001e-08,1.031316e-09
11,0,-25,-175,1.653954e-03,9.983460e-01,0.001654,1.000000,-6.40459,-0.00166,Water,0.998346,1.074899e-09,1.672737e-08,3.262215e-10,1.312446e-08,5.212803e-11
11,1,-25,-165,3.739430e-04,9.996260e-01,0.000374,1.000000,-7.89141,-0.00037,Water,0.999626,4.663698e-10,2.642640e-08,8.845734e-11,1.538237e-08,2.046438e-11
11,2,-25,-155,5.368622e-04,9.994630e-01,0.000537,1.000000,-7.52977,-0.00054,Water,0.999463,5.720042e-10,2.613928e-08,1.375142e-10,1.814421e-08,2.531121e-11
11,3,-25,-145,2.088815e-03,9.979111e-01,0.002089,1.000000,-6.17116,-0.00209,Water,0.997911,1.813031e-09,2.394841e-08,5.233632e-10,1.723380e-08,8.084527e-11
11,4,-25,-135,4.671467e-04,9.995327e-01,0.000467,1.000000,-7.66887,-0.00047,Water,0.999533,5.870669e-10,2.581305e-08,1.212845e-10,1.811346e-08,2.134870e-11
11,5,-25,-125,3.956295e-04,9.996043e-01,0.000396,1.000000,-7.83503,-0.00040,Water,0.999604,2.691423e-10,2.076657e-08,7.702324e-11,1.342141e-08,1.438486e-11
11,6,-25,-115,1.553913e-03,9.984460e-01,0.001554,1.000000,-6.46698,-0.00156,Water,0.998446,1.010612e-09,1.983239e-08,3.906986e-10,1.591992e-08,5.452711e-11
11,7,-25,-105,1.616582e-03,9.983833e-01,0.001617,1.000000,-6.42744,-0.00162,Water,0.998383,9.278902e-10,1.808266e-08,3.829329e-10,1.502119e-08,4.948169e-11
11,8,-25,-95,9.176513e-06,9.999908e-01,0.000009,1.000000,-11.59886,-0.00001,Water,0.999991,2.010673e-11,2.374865e-08,1.787030e-12,1.159894e-08,9.535734e-13
11,9,-25,-85,1.400280e-05,9.999859e-01,0.000014,1.000000,-11.17625,-0.00001,Water,0.999986,2.297227e-11,2.700559e-08,3.996827e-12,1.829982e-08,1.219684e-12
11,10,-25,-75,7.405674e-05,9.999259e-01,0.000074,1.000000,-9.51068,-0.00007,Water,0.999926,9.138029e-11,2.305335e-08,2.000669e-11,1.733169e-08,4.930967e-12
11,11,-25,-65,2.781147e-04,9.997218e-01,0.000278,1.000000,-8.18748,-0.00028,Water,0.999722,2.656141e-10,2.617379e-08,6.949843e-11,1.657291e-08,1.261621e-11
11,12,-25,-55,3.144026e-04,9.996855e-01,0.000314,1.000000,-8.06484,-0.00031,Water,0.999685,3.457481e-10,2.582375e-08,1.015880e-10,2.064834e-08,1.479738e-11
11,13,-25,-45,6.399054e-04,9.993600e-01,0.000640,1.000000,-7.35419,-0.00064,Water,0.999360,4.915330e-10,2.255884e-08,2.066247e-10,1.947763e-08,2.113738e-11
11,14,-25,-35,1.359692e-03,9.986402e-01,0.001360,1.000000,-6.60050,-0.00136,Water,0.998640,1.205357e-09,2.625191e-08,4.268528e-10,1.913698e-08,5.802521e-11
11,15,-25,-25,1.899319e-03,9.981006e-01,0.001899,1.000000,-6.26626,-0.00190,Water,0.998101,1.326936e-09,2.281952e-08,6.766955e-10,2.051945e-08,5.713832e-11
11,16,-25,-15,7.953088e-03,9.920468e-01,0.007953,1.000000,-4.83420,-0.00799,Water,0.992047,5.139646e-09,2.245920e-08,2.068931e-09,1.668367e-08,2.189510e-10
11,17,-25,-5,7.659628e-02,9.234030e-01,0.076596,0.999999,-2.56921,-0.07969,Water,0.923403,3.167184e-08,2.480987e-08,2.351174e-08,1.778324e-08,1.386339e-09
11,18,-25,5,3.604508e-01,6.395480e-01,0.360451,0.999999,-1.02040,-0.44699,Water,0.639548,1.388089e-07,1.744064e-08,9.173362e-08,1.084673e-08,5.045017e-09
11,19,-25,15,5.693811e-01,4.306168e-01,0.569382,0.999998,-0.56321,-0.84254,Land,0.569381,2.363772e-07,1.243130e-08,1.550350e-07,8.149816e-09,9.556821e-09
11,20,-25,25,5.562820e-01,4.437165e-01,0.556283,0.999998,-0.58648,-0.81257,Land,0.556282,2.521408e-07,1.398535e-08,1.448517e-07,8.360341e-09,7.140947e-09
11,21,-25,35,3.133041e-01,6.866934e-01,0.313305,0.999997,-1.16058,-0.37587,Water,0.686693,1.974584e-07,2.421983e-08,1.019621e-07,1.574548e-08,6.541259e-09
11,22,-25,45,5.718188e-01,4.281778e-01,0.571821,0.999997,-0.55893,-0.84822,Land,0.571819,2.750493e-07,1.528988e-08,1.785225e-07,8.981501e-09,9.441048e-09
11,23,-25,55,2.111945e-01,7.888032e-01,0.211195,0.999998,-1.55498,-0.23724,Water,0.788803,1.171931e-07,2.497328e-08,6.375072e-08,1.678342e-08,4.004442e-09
11,24,-25,65,3.528023e-02,9.647184e-01,0.035280,0.999999,-3.34443,-0.03592,Water,0.964718,2.545881e-08,3.008341e-08,8.856163e-09,1.789148e-08,1.138143e-09
11,25,-25,75,1.016631e-02,9.898330e-01,0.010166,0.999999,-4.58868,-0.01022,Water,0.989833,1.150728e-08,2.702690e-08,2.584705e-09,1.861748e-08,4.229197e-10
11,26,-25,85,1.121030e-03,9.988788e-01,0.001121,1.000000,-6.79351,-0.00112,Water,0.998879,1.616858e-09,2.883534e-08,3.241336e-10,2.109441e-08,6.771621e-11
11,27,-25,95,1.109324e-03,9.988903e-01,0.001109,1.000000,-6.80400,-0.00111,Water,0.998890,2.184040e-09,2.758718e-08,2.500477e-10,1.637139e-08,6.749391e-11
11,28,-25,105,2.382669e-01,7.617301e-01,0.238268,0.999997,-1.43436,-0.27216,Water,0.761730,1.450816e-07,2.258182e-08,6.990524e-08,1.667981e-08,5.084912e-09
11,29,-25,115,7.359005e-01,2.640965e-01,0.735903,0.999997,-0.30666,-1.33144,Land,0.735901,3.239325e-07,8.806952e-09,2.074335e-07,5.663887e-09,1.050923e-08
11,30,-25,125,4.785951e-03,9.952136e-01,0.004786,1.000000,-5.34207,-0.00480,Water,0.995214,4.403120e-09,2.644645e-08,1.516199e-09,2.256474e-08,1.785091e-10
11,31,-25,135,1.204600e-01,8.795384e-01,0.120460,0.999998,-2.11644,-0.12836,Water,0.879538,1.015652e-07,3.425461e-08,3.666616e-08,2.140820e-08,2.991753e-09
11,32,-25,145,5.364237e-01,4.635742e-01,0.536425,0.999998,-0.62283,-0.76879,Land,0.536424,2.184831e-07,1.457533e-08,1.486485e-07,1.014189e-08,9.078175e-09
11,33,-25,155,9.300317e-02,9.069955e-01,0.093003,0.999999,-2.37512,-0.09762,Water,0.906996,5.376766e-08,3.198194e-08,2.804864e-08,2.207142e-08,2.092052e-09
11,34,-25,165,3.300515e-02,9.669943e-01,0.033005,0.999999,-3.41109,-0.03356,Water,0.966994,2.248178e-08,3.215831e-08,9.193972e-09,1.928398e-08,9.100383e-10
11,35,-25,175,5.306204e-02,9.469373e-01,0.053062,0.999999,-2.93629,-0.05452,Water,0.946937,2.671551e-08,2.331351e-08,1.299365e-08,1.610045e-08,1.154764e-09
12,0,-35,-175,3.950431e-03,9.960494e-01,0.003950,1.000000,-5.53393,-0.00396,Water,0.996049,2.298548e-09,2.404173e-08,7.494888e-10,1.700556e-08,1.168757e-10
12,1,-35,-165,1.003991e-03,9.989959e-01,0.001004,1.000000,-6.90377,-0.00100,Water,0.998996,1.004163e-09,3.567579e-08,1.812282e-10,1.602443e-08,4.676722e-11
12,2,-35,-155,8.759709e-03,9.912401e-01,0.008760,1.000000,-4.73759,-0.00880,Water,0.991240,4.011002e-09,3.023643e-08,1.451058e-09,1.548470e-08,2.454847e-10
12,3,-35,-145,1.412533e-02,9.858745e-01,0.014125,1.000000,-4.25979,-0.01423,Water,0.985875,7.277594e-09,2.765670e-08,2.752271e-09,1.659601e-08,4.027139e-10
12,4,-35,-135,1.206196e-02,9.879378e-01,0.012062,1.000000,-4.41770,-0.01214,Water,0.987938,7.397645e-09,3.285255e-08,2.622972e-09,1.976159e-08,3.883885e-10
12,5,-35,-125,2.461152e-03,9.975387e-01,0.002461,1.000000,-6.00713,-0.00246,Water,0.997539,1.231034e-09,2.426346e-08,4.217659e-10,1.555452e-08,7.417411e-11
12,6,-35,-115,3.812073e-02,9.618789e-01,0.038121,1.000000,-3.26700,-0.03887,Water,0.961879,1.376603e-08,2.592722e-08,7.680769e-09,1.511704e-08,7.581239e-10
12,7,-35,-105,1.887349e-02,9.811262e-01,0.018873,1.000000,-3.97000,-0.01905,Water,0.981126,6.466961e-09,2.130188e-08,3.213136e-09,1.399230e-08,3.999740e-10
12,8,-35,-95,1.976532e-05,9.999802e-01,0.000020,1.000000,-10.83158,-0.00002,Water,0.999980,2.836474e-11,2.261723e-08,2.658467e-12,1.090773e-08,1.403773e-12
12,9,-35,-85,2.544785e-05,9.999745e-01,0.000025,1.000000,-10.57888,-0.00003,Water,0.999974,2.608268e-11,2.663253e-08,4.987679e-12,1.537019e-08,1.765097e-12
12,10,-35,-75,1.167008e-03,9.988329e-01,0.001167,1.000000,-6.75331,-0.00117,Water,0.998833,7.201951e-10,2.887694e-08,2.211896e-10,1.506627e-08,4.292039e-11
12,11,-35,-65,3.335413e-03,9.966643e-01,0.003335,1.000000,-5.70316,-0.00334,Water,0.996664,1.774733e-09,2.945758e-08,5.489055e-10,1.515881e-08,1.112323e-10
12,12,-35,-55,8.953407e-04,9.991045e-01,0.000895,1.000000,-7.01831,-0.00090,Water,0.999104,7.324197e-10,3.400229e-08,2.159144e-10,2.111246e-08,3.344681e-11
12,13,-35,-45,8.870463e-04,9.991128e-01,0.000887,1.000000,-7.02761,-0.00089,Water,0.999113,7.719185e-10,3.231542e-08,2.221671e-10,1.939938e-08,3.831014e-11
12,14,-35,-35,7.238337e-04,9.992760e-01,0.000724,1.000000,-7.23095,-0.00072,Water,0.999276,6.516289e-10,3.016173e-08,1.913815e-10,2.044617e-08,3.317653e-11
12,15,-35,-25,4.127126e-03,9.958727e-01,0.004127,1.000000,-5.49017,-0.00414,Water,0.995873,2.579683e-09,3.431033e-08,1.055077e-09,1.914249e-08,1.394299e-10
12,16,-35,-15,3.160773e-03,9.968391e-01,0.003161,1.000000,-5.75694,-0.00317,Water,0.996839,2.018475e-09,2.542688e-08,7.462358e-10,1.766965e-08,1.229917e-10
12,17,-35,-5,5.663691e-02,9.433626e-01,0.056637,1.000000,-2.87109,-0.05830,Water,0.943363,2.254487e-08,2.834526e-08,1.418382e-08,1.707485e-08,1.016204e-09
12,18,-35,5,2.002409e-01,7.997583e-01,0.200241,0.999999,-1.60823,-0.22345,Water,0.799758,7.340145e-08,2.710702e-08,4.427719e-08,1.416404e-08,2.878824e-09
12,19,-35,15,1.154418e-01,8.845567e-01,0.115442,0.999999,-2.15899,-0.12267,Water,0.884557,6.262586e-08,3.422587e-08,3.007052e-08,1.867345e-08,2.738530e-09
12,20,-35,25,1.698747e-01,8.301234e-01,0.169875,0.999998,-1.77269,-0.18618,Water,0.830123,9.944854e-08,4.070887e-08,5.562758e-08,2.240619e-08,4.155549e-09
12,21,-35,35,4.311483e-02,9.568842e-01,0.043115,0.999999,-3.14389,-0.04407,Water,0.956884,3.537101e-08,3.670869e-08,1.137996e-08,2.088405e-08,1.262867e-09
12,22,-35,45,5.531789e-02,9.446796e-01,0.055318,0.999997,-2.89466,-0.05691,Water,0.944680,3.715726e-08,4.141131e-08,1.603482e-08,2.281582e-08,1.697611e-09
12,23,-35,55,4.163280e-02,9.583657e-01,0.041633,0.999998,-3.17887,-0.04253,Water,0.958366,2.639921e-08,3.477134e-08,1.019863e-08,1.914733e-08,1.144176e-09
12,24,-35,65,1.724283e-02,9.827566e-01,0.017243,0.999999,-4.06036,-0.01739,Water,0.982757,1.162234e-08,3.126960e-08,3.449240e-09,1.881884e-08,5.298163e-10
12,25,-35,75,4.739281e-03,9.952598e-01,0.004739,0.999999,-5.35187,-0.00475,Water,0.995260,5.624327e-09,3.684475e-08,1.000921e-09,1.765600e-08,2.403034e-10
12,26,-35,85,2.117799e-04,9.997881e-01,0.000212,1.000000,-8.45996,-0.00021,Water,0.999788,3.999685e-10,3.395567e-08,4.974497e-11,1.972564e-08,1.557840e-11
12,27,-35,95,3.585968e-04,9.996411e-01,0.000359,1.000000,-7.93331,-0.00036,Water,0.999641,7.575344e-10,3.426921e-08,7.042580e-11,1.533465e-08,2.647449e-11
12,28,-35,105,3.164898e-01,6.835079e-01,0.316491,0.999998,-1.15046,-0.38052,Water,0.683508,1.409488e-07,2.065076e-08,6.102970e-08,1.193607e-08,6.265667e-09
12,29,-35,115,8.127531e-01,1.872420e-01,0.812757,0.999995,-0.20733,-1.67535,Land,0.812753,3.009361e-07,9.106881e-09,1.893793e-07,3.945937e-09,1.301374e-08
12,30,-35,125,1.260264e-01,8.739725e-01,0.126027,0.999999,-2.07126,-0.13471,Water,0.873972,6.023528e-08,2.714551e-08,2.331913e-08,1.536153e-08,2.753545e-09
12,31,-35,135,4.854688e-01,5.145286e-01,0.485470,0.999997,-0.72264,-0.66450,Water,0.514529,2.304638e-07,2.415585e-08,1.044643e-07,1.171539e-08,1.027067e-08
12,32,-35,145,2.200244e-01,7.799739e-01,0.220025,0.999998,-1.51402,-0.24849,Water,0.779974,1.278215e-07,3.511490e-08,4.988293e-08,1.849522e-08,5.913018e-09
12,33,-35,155,1.403213e-01,8.596769e-01,0.140322,0.999998,-1.96382,-0.15120,Water,0.859677,6.800735e-08,3.982709e-08,3.160573e-08,2.032257e-08,3.232364e-09
12,34,-35,165,4.188283e-02,9.581158e-01,0.041883,0.999999,-3.17288,-0.04279,Water,0.958116,2.628853e-08,4.461385e-08,9.525016e-09,2.025269e-08,1.224791e-09
12,35,-35,175,5.380176e-02,9.461978e-01,0.053802,1.000000,-2.92245,-0.05530,Water,0.946198,1.995892e-08,2.235472e-08,1.005836e-08,1.612462e-08,1.225131e-09
13,0,-45,-175,5.890481e-03,9.941094e-01,0.005890,1.000000,-5.13442,-0.00591,Water,0.994109,2.461588e-09,2.416972e-08,1.206532e-09,1.677922e-08,1.646238e-10
13,1,-45,-165,9.061753e-04,9.990937e-01,0.000906,1.000000,-7.00628,-0.00091,Water,0.999094,6.248730e-10,3.152062e-08,2.183759e-10,1.759726e-08,3.289910e-11
13,2,-45,-155,9.570120e-04,9.990429e-01,0.000957,1.000000,-6.95169,-0.00096,Water,0.999043,7.571663e-10,3.684342e-08,2.352909e-10,1.849137e-08,3.437377e-11
13,3,-45,-145,1.226260e-02,9.877370e-01,0.012263,1.000000,-4.40120,-0.01234,Water,0.987737,6.552368e-09,3.650138e-08,3.092217e-09,2.147005e-08,3.864602e-10
13,4,-45,-135,1.293653e-03,9.987061e-01,0.001294,1.000000,-6.65029,-0.00129,Water,0.998706,1.050620e-09,3.731608e-08,3.318160e-10,2.022176e-08,5.849733e-11
13,5,-45,-125,6.360287e-04,9.993639e-01,0.000636,1.000000,-7.36027,-0.00064,Water,0.999364,3.185420e-10,2.715754e-08,1.498545e-10,1.668729e-08,2.336336e-11
13,6,-45,-115,1.021945e-03,9.989779e-01,0.001022,1.000000,-6.88605,-0.00102,Water,0.998978,6.417950e-10,2.965312e-08,2.791399e-10,2.048636e-08,3.850979e-11
13,7,-45,-105,2.473790e-03,9.975260e-01,0.002474,1.000000,-6.00200,-0.00248,Water,0.997526,1.451252e-09,3.156218e-08,6.318539e-10,1.840451e-08,8.886599e-11
13,8,-45,-95,1.090944e-04,9.998908e-01,0.000109,1.000000,-9.12330,-0.00011,Water,0.999891,1.323426e-10,2.996668e-08,1.850937e-11,1.257826e-08,7.207111e-12
13,9,-45,-85,2.478250e-04,9.997521e-01,0.000248,1.000000,-8.30279,-0.00025,Water,0.999752,1.469571e-10,2.677088e-08,5.056180e-11,1.472277e-08,1.149916e-11
13,10,-45,-75,3.911279e-04,9.996088e-01,0.000391,1.000000,-7.84648,-0.00039,Water,0.999609,2.804774e-10,2.934300e-08,9.059270e-11,1.653737e-08,1.950071e-11
13,11,-45,-65,8.261969e-04,9.991737e-01,0.000826,1.000000,-7.09868,-0.00083,Water,0.999174,5.744195e-10,3.679740e-08,2.036835e-10,1.870644e-08,3.616879e-11
13,12,-45,-55,4.451203e-04,9.995547e-01,0.000445,1.000000,-7.71717,-0.00045,Water,0.999555,3.757669e-10,3.636564e-08,1.243739e-10,2.085190e-08,2.095402e-11
13,13,-45,-45,1.616012e-04,9.998383e-01,0.000162,1.000000,-8.73038,-0.00016,Water,0.999838,1.494346e-10,2.917237e-08,3.956965e-11,1.674085e-08,9.370728e-12
13,14,-45,-35,2.452261e-03,9.975475e-01,0.002452,1.000000,-6.01074,-0.00246,Water,0.997548,1.638074e-09,3.740883e-08,7.466522e-10,2.240017e-08,1.110229e-10
13,15,-45,-25,1.272410e-03,9.987274e-01,0.001272,1.000000,-6.66684,-0.00127,Water,0.998727,1.055949e-09,3.650538e-08,3.942858e-10,2.221859e-08,5.244779e-11
13,16,-45,-15,2.047591e-03,9.979522e-01,0.002048,1.000000,-6.19109,-0.00205,Water,0.997952,1.413206e-09,3.322369e-08,6.117203e-10,1.997215e-08,9.139111e-11
13,17,-45,-5,5.078205e-03,9.949216e-01,0.005078,1.000000,-5.28280,-0.00509,Water,0.994922,3.426448e-09,3.854688e-08,1.609473e-09,1.942663e-08,1.576603e-10
13,18,-45,5,2.263865e-02,9.773611e-01,0.022639,1.000000,-3.78810,-0.02290,Water,0.977361,1.149828e-08,3.217100e-08,5.973325e-09,1.672559e-08,4.672240e-10
13,19,-45,15,1.812037e-02,9.818792e-01,0.018120,1.000000,-4.01072,-0.01829,Water,0.981879,1.256892e-08,4.059185e-08,5.405897e-09,2.090335e-08,6.172312e-10
13,20,-45,25,9.725358e-03,9.902743e-01,0.009725,1.000000,-4.63302,-0.00977,Water,0.990274,7.484710e-09,4.097735e-08,2.757644e-09,2.042690e-08,3.468405e-10
13,21,-45,35,3.454924e-03,9.965447e-01,0.003455,1.000000,-5.66795,-0.00346,Water,0.996545,3.833077e-09,4.849348e-08,1.171665e-09,2.429645e-08,1.739649e-10
13,22,-45,45,7.779230e-03,9.922204e-01,0.007779,1.000000,-4.85630,-0.00781,Water,0.992220,6.584960e-09,3.996154e-08,2.570423e-09,2.317132e-08,3.268138e-10
13,23,-45,55,5.782905e-03,9.942167e-01,0.005783,1.000000,-5.15285,-0.00580,Water,0.994217,4.859816e-09,4.377612e-08,1.774970e-09,2.324710e-08,2.235172e-10
13,24,-45,65,2.686503e-03,9.973131e-01,0.002687,1.000000,-5.91951,-0.00269,Water,0.997313,2.694834e-09,4.527330e-08,8.022530e-10,2.448902e-08,1.224470e-10
13,25,-45,75,2.131401e-03,9.978681e-01,0.002131,1.000000,-6.15098,-0.00213,Water,0.997868,2.399510e-09,3.748486e-08,6.840168e-10,2.261664e-08,1.135451e-10
13,26,-45,85,1.553112e-04,9.998445e-01,0.000155,1.000000,-8.77008,-0.00016,Water,0.999845,2.453295e-10,3.866232e-08,4.719881e-11,2.184448e-08,1.495589e-11
13,27,-45,95,6.531155e-05,9.999346e-01,0.000065,1.000000,-9.63634,-0.00007,Water,0.999935,1.313465e-10,3.606662e-08,1.500376e-11,1.591072e-08,6.204616e-12
13,28,-45,105,7.543587e-02,9.245633e-01,0.075436,0.999999,-2.58447,-0.07843,Water,0.924563,3.602787e-08,3.200451e-08,2.017137e-08,1.770602e-08,1.740725e-09
13,29,-45,115,3.441920e-02,9.655796e-01,0.034419,0.999999,-3.36914,-0.03503,Water,0.965580,2.126173e-08,4.262531e-08,1.162833e-08,2.600821e-08,1.151374e-09
13,30,-45,125,5.878630e-03,9.941210e-01,0.005879,1.000000,-5.13643,-0.00590,Water,0.994121,5.028234e-09,4.522516e-08,1.929648e-09,2.491105e-08,2.704045e-10
13,31,-45,135,9.278649e-02,9.072120e-01,0.092787,0.999998,-2.37745,-0.09738,Water,0.907212,4.705612e-08,3.757571e-08,2.783366e-08,2.207888e-08,2.461667e-09
13,32,-45,145,7.181773e-01,2.818200e-01,0.718179,0.999997,-0.33104,-1.26649,Land,0.718177,2.046147e-07,1.480257e-08,1.897433e-07,6.763786e-09,1.110855e-08
13,33,-45,155,9.966428e-02,9.003338e-01,0.099664,0.999998,-2.30595,-0.10499,Water,0.900334,4.392542e-08,4.495122e-08,2.803334e-08,2.162966e-08,2.345164e-09
13,34,-45,165,2.686149e-02,9.731379e-01,0.026862,0.999999,-3.61706,-0.02723,Water,0.973138,1.704863e-08,4.503349e-08,6.548708e-09,1.947658e-08,9.323666e-10
13,35,-45,175,1.664983e-01,8.335004e-01,0.166499,0.999999,-1.79277,-0.18212,Water,0.833500,5.276481e-08,2.674261e-08,4.038225e-08,1.631491e-08,3.223288e-09
14,0,-55,-175,2.450721e-02,9.754926e-01,0.024507,1.000000,-3.70879,-0.02481,Water,0.975493,7.873318e-09,2.334873e-08,4.203671e-09,1.183511e-08,4.093044e-10
14,1,-55,-165,4.706235e-02,9.529373e-01,0.047062,1.000000,-3.05628,-0.04821,Water,0.952937,1.469634e-08,3.202228e-08,8.556879e-09,1.384338e-08,8.297610e-10
14,2,-55,-155,1.061999e-02,9.893798e-01,0.010620,1.000000,-4.54502,-0.01068,Water,0.989380,4.527706e-09,3.627307e-08,2.352799e-09,1.532890e-08,2.443780e-10
14,3,-55,-145,3.330426e-02,9.666955e-01,0.033304,1.000000,-3.40207,-0.03387,Water,0.966696,9.697331e-09,2.990431e-08,6.916504e-09,1.525261e-08,5.827778e-10
14,4,-55,-135,2.705783e-02,9.729419e-01,0.027058,1.000000,-3.60978,-0.02743,Water,0.972942,9.298902e-09,3.170064e-08,5.598132e-09,1.565735e-08,4.557049e-10
14,5,-55,-125,3.684161e-03,9.963157e-01,0.003684,1.000000,-5.60371,-0.00369,Water,0.996316,1.429564e-09,2.844178e-08,7.776436e-10,1.538524e-08,8.401707e-11
14,6,-55,-115,9.949147e-03,9.900506e-01,0.009949,1.000000,-4.61027,-0.01000,Water,0.990051,3.351622e-09,2.948931e-08,2.385175e-09,1.627679e-08,1.772913e-10
14,7,-55,-105,1.419236e-02,9.858074e-01,0.014192,1.000000,-4.25505,-0.01429,Water,0.985807,4.075602e-09,2.806750e-08,3.379631e-09,1.674802e-08,2.520280e-10
14,8,-55,-95,8.385214e-05,9.999161e-01,0.000084,1.000000,-9.38646,-0.00008,Water,0.999916,8.842093e-11,2.679530e-08,1.536071e-11,1.251745e-08,4.017236e-12
14,9,-55,-85,3.755262e-04,9.996244e-01,0.000376,1.000000,-7.88718,-0.00038,Water,0.999624,2.694292e-10,3.289993e-08,9.417082e-11,1.779292e-08,1.619691e-11
14,10,-55,-75,1.206364e-02,9.879362e-01,0.012064,1.000000,-4.41756,-0.01214,Water,0.987936,3.668085e-09,2.804952e-08,2.766625e-09,1.515975e-08,2.317596e-10
14,11,-55,-65,1.501875e-02,9.849810e-01,0.015019,1.000000,-4.19846,-0.01513,Water,0.984981,5.075307e-09,3.228839e-08,3.258634e-09,1.548845e-08,2.602397e-10
14,12,-55,-55,1.554386e-04,9.998445e-01,0.000155,1.000000,-8.76926,-0.00016,Water,0.999844,1.104376e-10,2.618289e-08,4.103223e-11,1.767266e-08,5.069876e-12
14,13,-55,-45,1.456669e-02,9.854331e-01,0.014567,1.000000,-4.22902,-0.01467,Water,0.985433,5.250993e-09,3.463422e-08,3.560482e-09,1.638281e-08,2.520390e-10
14,14,-55,-35,1.551489e-01,8.448506e-01,0.155149,0.999999,-1.86337,-0.16860,Water,0.844851,3.664169e-08,3.308458e-08,3.525222e-08,1.329116e-08,1.737638e-09
14,15,-55,-25,3.294130e-02,9.670584e-01,0.032941,1.000000,-3.41303,-0.03350,Water,0.967058,1.116109e-08,3.612683e-08,8.092428e-09,1.650118e-08,5.526812e-10
14,16,-55,-15,2.221928e-02,9.777805e-01,0.022219,1.000000,-3.80679,-0.02247,Water,0.977780,8.507377e-09,3.436027e-08,6.287212e-09,1.853396e-08,4.099257e-10
14,17,-55,-5,1.883519e-01,8.116476e-01,0.188352,1.000000,-1.66944,-0.20869,Water,0.811648,5.682254e-08,3.010205e-08,4.462835e-08,1.247869e-08,2.241393e-09
14,18,-55,5,7.892600e-01,2.107388e-01,0.789261,0.999999,-0.23666,-1.55714,Land,0.789260,1.532791e-07,9.089854e-09,1.643392e-07,3.196638e-09,6.179748e-09
14,19,-55,15,6.701328e-01,3.298659e-01,0.670134,0.999999,-0.40028,-1.10907,Land,0.670133,1.616485e-07,1.363464e-08,1.613494e-07,5.426092e-09,7.092823e-09
14,20,-55,25,6.954792e-01,3.045193e-01,0.695480,0.999998,-0.36315,-1.18902,Land,0.695479,2.017894e-07,1.609922e-08,1.681354e-07,5.183723e-09,8.697941e-09
14,21,-55,35,3.431012e-01,6.568971e-01,0.343102,0.999998,-1.06973,-0.42023,Water,0.656897,1.379122e-07,3.189722e-08,9.569363e-08,1.351371e-08,6.056641e-09
14,22,-55,45,7.917696e-01,2.082289e-01,0.791771,0.999999,-0.23348,-1.56912,Land,0.791770,2.352463e-07,1.091799e-08,1.726151e-07,3.492050e-09,8.290474e-09
14,23,-55,55,4.334648e-02,9.566531e-01,0.043346,1.000000,-3.13853,-0.04431,Water,0.956653,2.837901e-08,4.181534e-08,1.147587e-08,1.737695e-08,9.111498e-10
14,24,-55,65,1.540315e-01,8.459672e-01,0.154032,0.999999,-1.87060,-0.16727,Water,0.845967,6.975562e-08,4.168843e-08,4.391560e-08,1.829351e-08,3.223145e-09
14,25,-55,75,2.107381e-01,7.892605e-01,0.210738,0.999999,-1.55714,-0.23666,Water,0.789261,9.216066e-08,3.596406e-08,4.239048e-08,1.135042e-08,4.138835e-09
14,26,-55,85,6.843523e-03,9.931558e-01,0.006844,0.999999,-4.98445,-0.00687,Water,0.993156,5.899648e-09,4.473449e-08,1.786750e-09,1.991992e-08,2.565480e-10
14,27,-55,95,3.871978e-03,9.961277e-01,0.003872,1.000000,-5.55399,-0.00388,Water,0.996128,3.971923e-09,3.672968e-08,9.122373e-10,1.757164e-08,1.542504e-10
14,28,-55,105,5.960433e-01,4.039544e-01,0.596045,0.999998,-0.51744,-0.90645,Land,0.596043,1.898135e-07,1.926074e-08,1.286643e-07,7.239853e-09,9.303286e-09
14,29,-55,115,7.977857e-01,2.022095e-01,0.797790,0.999995,-0.22592,-1.59845,Land,0.797786,2.079563e-07,1.085447e-08,1.819857e-07,4.032083e-09,9.920915e-09
14,30,-55,125,1.066411e-01,8.933582e-01,0.106641,0.999999,-2.23829,-0.11277,Water,0.893358,3.985216e-08,3.402727e-08,2.196450e-08,1.542569e-08,1.956632e-09
14,31,-55,135,8.166187e-01,1.833795e-01,0.816620,0.999998,-0.20258,-1.69620,Land,0.816619,1.955816e-07,9.022210e-09,1.793341e-07,3.623045e-09,9.206565e-09
14,32,-55,145,9.063705e-01,9.362800e-02,0.906372,0.999999,-0.09831,-2.36843,Land,0.906371,2.083725e-07,5.501620e-09,2.089811e-07,1.869163e-09,8.921839e-09
14,33,-55,155,7.063443e-01,2.936539e-01,0.706346,0.999998,-0.34765,-1.22535,Land,0.706344,1.781524e-07,1.353931e-08,1.516876e-07,5.576495e-09,8.173553e-09
14,34,-55,165,5.159459e-01,4.840526e-01,0.515947,0.999999,-0.66175,-0.72556,Land,0.515946,1.472308e-07,2.458353e-08,1.101022e-07,8.503296e-09,6.810056e-09
14,35,-55,175,4.035415e-01,5.964571e-01,0.403542,0.999999,-0.90748,-0.51675,Water,0.596457,1.242946e-07,2.562944e-08,1.043924e-07,1.211975e-08,5.590533e-09
15,0,-65,-175,2.250080e-02,9.774990e-01,0.022501,1.000000,-3.79420,-0.02276,Water,0.977499,7.624102e-09,2.317185e-08,3.728334e-09,1.149863e-08,4.943027e-10
15,1,-65,-165,7.418942e-02,9.258103e-01,0.074189,1.000000,-2.60113,-0.07709,Water,0.925810,1.982635e-08,2.716461e-08,1.089170e-08,9.864920e-09,1.286743e-09
15,2,-65,-155,1.023082e-01,8.976915e-01,0.102308,1.000000,-2.27977,-0.10793,Water,0.897692,2.890761e-08,2.937830e-08,1.688358e-08,1.085026e-08,1.822519e-09
15,3,-65,-145,1.898414e-02,9.810157e-01,0.018984,1.000000,-3.96415,-0.01917,Water,0.981016,7.196508e-09,3.233406e-08,4.090979e-09,1.414595e-08,4.926544e-10
15,4,-65,-135,1.158228e-02,9.884176e-01,0.011582,1.000000,-4.45828,-0.01165,Water,0.988418,4.551637e-09,2.642389e-08,2.094363e-09,1.299101e-08,2.990146e-10
15,5,-65,-125,4.255928e-03,9.957439e-01,0.004256,1.000000,-5.45944,-0.00427,Water,0.995744,1.844771e-09,2.987788e-08,7.948954e-10,1.197114e-08,1.164661e-10
15,6,-65,-115,4.692197e-03,9.953077e-01,0.004692,1.000000,-5.36185,-0.00470,Water,0.995308,1.927042e-09,2.667984e-08,8.186578e-10,1.207243e-08,1.449715e-10
15,7,-65,-105,2.072785e-02,9.792720e-01,0.020728,1.000000,-3.87628,-0.02095,Water,0.979272,6.646083e-09,2.910546e-08,3.389958e-09,1.053230e-08,4.302718e-10
15,8,-65,-95,5.846521e-04,9.994153e-01,0.000585,1.000000,-7.44449,-0.00058,Water,0.999415,5.159167e-10,2.626001e-08,8.100049e-11,9.504779e-09,2.598563e-11
15,9,-65,-85,4.189793e-03,9.958101e-01,0.004190,1.000000,-5.47510,-0.00420,Water,0.995810,1.655680e-09,2.985771e-08,6.592879e-10,1.064552e-08,1.119723e-10
15,10,-65,-75,8.502164e-03,9.914977e-01,0.008502,1.000000,-4.76743,-0.00854,Water,0.991498,3.408825e-09,2.649107e-08,1.466028e-09,1.132222e-08,2.013495e-10
15,11,-65,-65,2.272093e-01,7.727904e-01,0.227209,1.000000,-1.48188,-0.25775,Water,0.772790,4.411761e-08,2.244719e-08,2.860916e-08,6.900450e-09,2.759792e-09
15,12,-65,-55,7.459965e-03,9.925399e-01,0.007460,1.000000,-4.89820,-0.00749,Water,0.992540,2.724374e-09,2.924746e-08,1.422314e-09,1.390764e-08,1.798270e-10
15,13,-65,-45,1.056179e-02,9.894381e-01,0.010562,1.000000,-4.55051,-0.01062,Water,0.989438,4.084102e-09,3.278192e-08,2.074592e-09,1.306970e-08,2.790293e-10
15,14,-65,-35,2.682025e-02,9.731796e-01,0.026820,1.000000,-3.61860,-0.02719,Water,0.973180,9.066220e-09,3.157675e-08,5.285617e-09,1.333010e-08,6.737555e-10
15,15,-65,-25,2.451059e-02,9.754893e-01,0.024511,1.000000,-3.70865,-0.02482,Water,0.975489,7.810680e-09,2.824217e-08,4.262604e-09,1.048429e-08,5.304610e-10
15,16,-65,-15,1.347726e-02,9.865226e-01,0.013477,1.000000,-4.30675,-0.01357,Water,0.986523,6.100587e-09,3.377217e-08,2.532589e-09,1.098601e-08,3.360841e-10
15,17,-65,-5,1.343086e-01,8.656911e-01,0.134309,1.000000,-2.00762,-0.14423,Water,0.865691,3.116242e-08,2.630724e-08,2.423971e-08,9.862881e-09,1.914017e-09
15,18,-65,5,1.525128e-01,8.474869e-01,0.152513,1.000000,-1.88051,-0.16548,Water,0.847487,3.995465e-08,2.888968e-08,2.587314e-08,9.119107e-09,2.090543e-09
15,19,-65,15,2.670263e-01,7.329730e-01,0.267026,0.999999,-1.32041,-0.31065,Water,0.732973,9.308836e-08,2.918047e-08,5.141102e-08,9.363714e-09,5.089060e-09
15,20,-65,25,4.044942e-01,5.955049e-01,0.404495,0.999999,-0.90512,-0.51835,Water,0.595505,1.162891e-07,2.544641e-08,7.381949e-08,7.277458e-09,6.992859e-09
15,21,-65,35,1.848938e-01,8.151054e-01,0.184894,0.999999,-1.68797,-0.20444,Water,0.815105,7.375898e-08,3.821606e-08,3.759402e-08,1.133835e-08,4.628447e-09
15,22,-65,45,1.411518e-01,8.588476e-01,0.141152,0.999999,-1.95792,-0.15216,Water,0.858848,5.291874e-08,3.603572e-08,2.640627e-08,1.125511e-08,2.693046e-09
15,23,-65,55,1.301968e-01,8.698027e-01,0.130197,0.999999,-2.03871,-0.13949,Water,0.869803,4.509277e-08,3.359278e-08,2.551810e-08,1.184994e-08,2.539113e-09
15,24,-65,65,8.905260e-01,1.094730e-01,0.890527,0.999999,-0.11594,-2.21208,Land,0.890526,1.801450e-07,4.302919e-09,1.512371e-07,1.319978e-09,9.568500e-09
15,25,-65,75,1.817919e-01,8.182074e-01,0.181792,0.999999,-1.70489,-0.20064,Water,0.818207,7.344809e-08,3.189252e-08,3.423239e-08,9.972725e-09,4.397460e-09
15,26,-65,85,4.162021e-02,9.583793e-01,0.041620,1.000000,-3.17917,-0.04251,Water,0.958379,1.964153e-08,3.739635e-08,8.489084e-09,1.360547e-08,1.010884e-09
15,27,-65,95,1.785087e-02,9.821488e-01,0.017851,1.000000,-4.02570,-0.01801,Water,0.982149,1.211229e-08,3.162370e-08,2.612565e-09,1.073046e-08,7.223696e-10
15,28,-65,105,7.368107e-01,2.631874e-01,0.736812,0.999998,-0.30542,-1.33489,Land,0.736811,1.915112e-07,1.152427e-08,1.211422e-07,3.016054e-09,1.152708e-08
15,29,-65,115,3.957832e-01,6.042160e-01,0.395784,0.999999,-0.92689,-0.50382,Water,0.604216,1.131486e-07,2.508717e-08,6.274722e-08,7.136274e-09,6.668163e-09
15,30,-65,125,6.021494e-02,9.397846e-01,0.060215,1.000000,-2.80983,-0.06210,Water,0.939785,2.374046e-08,3.772702e-08,1.124007e-08,1.318259e-08,1.747689e-09
15,31,-65,135,5.168397e-01,4.831592e-01,0.516840,0.999999,-0.66002,-0.72741,Land,0.516840,1.338741e-07,1.955322e-08,9.954485e-08,7.189869e-09,8.039794e-09
15,32,-65,145,8.938396e-01,1.061590e-01,0.893841,0.999999,-0.11223,-2.24282,Land,0.893840,1.764176e-07,5.226523e-09,1.525268e-07,1.470945e-09,1.047381e-08
15,33,-65,155,8.285707e-01,1.714280e-01,0.828572,0.999999,-0.18805,-1.76359,Land,0.828571,1.718914e-07,8.188642e-09,1.478990e-07,2.499768e-09,9.598322e-09
15,34,-65,165,7.834396e-01,2.165589e-01,0.783441,0.999999,-0.24406,-1.52989,Land,0.783440,1.328532e-07,7.764387e-09,1.319433e-07,2.975376e-09,8.323079e-09
15,35,-65,175,5.856652e-01,4.143336e-01,0.585666,0.999999,-0.53501,-0.88108,Land,0.585665,1.048524e-07,1.183288e-08,9.695816e-08,5.507978e-09,7.844871e-09
16,0,-75,-175,2.387759e-02,9.761222e-01,0.023878,1.000000,-3.73482,-0.02417,Water,0.976122,8.412322e-09,2.218543e-08,4.025774e-09,1.098759e-08,7.216163e-10
16,1,-75,-165,9.387581e-03,9.906123e-01,0.009388,1.000000,-4.66837,-0.00943,Water,0.990612,3.416927e-09,2.371709e-08,1.590726e-09,1.194487e-08,3.182301e-10
16,2,-75,-155,1.323161e-03,9.986767e-01,0.001323,1.000000,-6.62773,-0.00132,Water,0.998677,7.565063e-10,2.401144e-08,2.614147e-10,1.428093e-08,6.007178e-11
16,3,-75,-145,4.715629e-03,9.952843e-01,0.004716,1.000000,-5.35687,-0.00473,Water,0.995284,1.793598e-09,1.902108e-08,8.544116e-10,1.277614e-08,1.640810e-10
16,4,-75,-135,9.215134e-04,9.990784e-01,0.000922,1.000000,-6.98949,-0.00092,Water,0.999078,4.727516e-10,2.116497e-08,1.718933e-10,1.348222e-08,4.346144e-11
16,5,-75,-125,5.088717e-04,9.994910e-01,0.000509,1.000000,-7.58331,-0.00051,Water,0.999491,2.508058e-10,2.000031e-08,9.728568e-11,1.254082e-08,2.406901e-11
16,6,-75,-115,1.371245e-03,9.986287e-01,0.001371,1.000000,-6.59204,-0.00137,Water,0.998629,6.679937e-10,2.030158e-08,2.839978e-10,1.311699e-08,6.462015e-11
16,7,-75,-105,5.250521e-03,9.947493e-01,0.005251,1.000000,-5.24943,-0.00526,Water,0.994749,2.082309e-09,2.182963e-08,1.146439e-09,1.371609e-08,2.064949e-10
16,8,-75,-95,1.605287e-04,9.998394e-01,0.000161,1.000000,-8.73704,-0.00016,Water,0.999839,1.376245e-10,2.049042e-08,2.621150e-11,1.025598e-08,1.260538e-11
16,9,-75,-85,1.253825e-03,9.987461e-01,0.001254,1.000000,-6.68156,-0.00125,Water,0.998746,5.718839e-10,2.427773e-08,2.520066e-10,1.367328e-08,6.233889e-11
16,10,-75,-75,1.329548e-03,9.986704e-01,0.001330,1.000000,-6.62292,-0.00133,Water,0.998670,6.783849e-10,1.957887e-08,2.853084e-10,1.329676e-08,6.315874e-11
16,11,-75,-65,5.449907e-03,9.945500e-01,0.005450,1.000000,-5.21216,-0.00546,Water,0.994550,1.997749e-09,2.194288e-08,9.884353e-10,1.145576e-08,1.852432e-10
16,12,-75,-55,8.319576e-04,9.991679e-01,0.000832,1.000000,-7.09173,-0.00083,Water,0.999168,5.416021e-10,2.866675e-08,2.032457e-10,1.515627e-08,4.627223e-11
16,13,-75,-45,1.867296e-03,9.981326e-01,0.001867,1.000000,-6.28326,-0.00187,Water,0.998133,8.844965e-10,2.334347e-08,4.175763e-10,1.526179e-08,8.004195e-11
16,14,-75,-35,2.919564e-03,9.970803e-01,0.002920,1.000000,-5.83632,-0.00292,Water,0.997080,1.144619e-09,1.946462e-08,6.165495e-10,1.326876e-08,1.204571e-10
16,15,-75,-25,1.236001e-03,9.987639e-01,0.001236,1.000000,-6.69587,-0.00124,Water,0.998764,6.374430e-10,2.038356e-08,2.599066e-10,1.337927e-08,5.878303e-11
16,16,-75,-15,3.493369e-03,9.965065e-01,0.003493,1.000000,-5.65689,-0.00350,Water,0.996507,1.619742e-09,2.253595e-08,7.741191e-10,1.324065e-08,1.454904e-10
16,17,-75,-5,9.969835e-03,9.900300e-01,0.009970,1.000000,-4.60819,-0.01002,Water,0.990030,3.649404e-09,2.038664e-08,2.145341e-09,1.326728e-08,3.187342e-10
16,18,-75,5,2.183455e-02,9.781653e-01,0.021835,1.000000,-3.82426,-0.02208,Water,0.978165,6.990364e-09,2.319167e-08,4.539789e-09,1.323788e-08,4.937300e-10
16,19,-75,15,2.611182e-02,9.738879e-01,0.026112,1.000000,-3.64537,-0.02646,Water,0.973888,1.302574e-08,2.807404e-08,6.230515e-09,1.487876e-08,9.789565e-10
16,20,-75,25,3.272410e-02,9.672757e-01,0.032724,1.000000,-3.41964,-0.03327,Water,0.967276,1.236579e-08,2.759366e-08,6.816363e-09,1.272180e-08,1.155687e-09
16,21,-75,35,3.203616e-02,9.679635e-01,0.032036,1.000000,-3.44089,-0.03256,Water,0.967963,1.468285e-08,2.664041e-08,7.155360e-09,1.373561e-08,1.335018e-09
16,22,-75,45,1.869070e-02,9.813091e-01,0.018691,1.000000,-3.97973,-0.01887,Water,0.981309,8.532494e-09,2.404270e-08,3.577754e-09,1.263853e-08,7.491846e-10
16,23,-75,55,5.981055e-03,9.940188e-01,0.005981,1.000000,-5.11916,-0.00600,Water,0.994019,3.220919e-09,2.969210e-08,1.263615e-09,1.460626e-08,2.770289e-10
16,24,-75,65,9.711996e-03,9.902878e-01,0.009712,1.000000,-4.63439,-0.00976,Water,0.990288,4.422880e-09,2.469361e-08,1.979552e-09,1.278697e-08,3.794224e-10
16,25,-75,75,1.851867e-02,9.814811e-01,0.018519,1.000000,-3.98898,-0.01869,Water,0.981481,9.112533e-09,2.540558e-08,3.563459e-09,1.329375e-08,8.649284e-10
16,26,-75,85,7.073523e-03,9.929263e-01,0.007074,1.000000,-4.95140,-0.00710,Water,0.992926,4.013713e-09,3.078889e-08,1.538375e-09,1.415103e-08,3.397813e-10
16,27,-75,95,2.263309e-03,9.977365e-01,0.002263,1.000000,-6.09093,-0.00227,Water,0.997737,1.831557e-09,2.434208e-08,4.467805e-10,1.321216e-08,1.511481e-10
16,28,-75,105,7.745381e-02,9.225456e-01,0.077454,0.999999,-2.55807,-0.08062,Water,0.922546,2.912703e-08,2.583925e-08,1.509754e-08,1.335775e-08,2.422654e-09
16,29,-75,115,6.218402e-02,9.378155e-01,0.062184,0.999999,-2.77766,-0.06420,Water,0.937815,2.194747e-08,2.472224e-08,1.490736e-08,1.615305e-08,2.149113e-09
16,30,-75,125,4.566453e-03,9.954334e-01,0.004566,1.000000,-5.38902,-0.00458,Water,0.995433,2.496667e-09,2.231142e-08,9.169183e-10,1.391271e-08,2.556755e-10
16,31,-75,135,5.964134e-02,9.403580e-01,0.059641,0.999999,-2.81941,-0.06149,Water,0.940358,1.981895e-08,2.458861e-08,1.211986e-08,1.413514e-08,1.944580e-09
16,32,-75,145,1.616161e-01,8.383832e-01,0.161616,0.999999,-1.82253,-0.17628,Water,0.838383,4.366599e-08,2.485926e-08,3.393053e-08,1.373249e-08,4.045658e-09
16,33,-75,155,5.703505e-02,9.429645e-01,0.057035,1.000000,-2.86409,-0.05873,Water,0.942965,1.941306e-08,2.593759e-08,1.067484e-08,1.316468e-08,1.765341e-09
16,34,-75,165,1.496696e-01,8.503297e-01,0.149670,0.999999,-1.89933,-0.16213,Water,0.850330,3.957729e-08,2.380055e-08,3.164767e-08,1.225834e-08,4.136838e-09
16,35,-75,175,2.934161e-01,7.065831e-01,0.293416,0.999999,-1.22616,-0.34731,Water,0.706583,6.325091e-08,1.522403e-08,4.669215e-08,8.525033e-09,5.233401e-09
17,0,-85,-175,1.050090e-02,9.894990e-01,0.010501,1.000000,-4.55629,-0.01056,Water,0.989499,3.266433e-09,2.218678e-08,1.743287e-09,1.335779e-08,3.320491e-10
17,1,-85,-165,1.620984e-03,9.983789e-01,0.001621,1.000000,-6.42472,-0.00162,Water,0.998379,7.984276e-10,2.849829e-08,2.940435e-10,1.414030e-08,7.658274e-11
17,2,-85,-155,1.097806e-03,9.989021e-01,0.001098,1.000000,-6.81444,-0.00110,Water,0.998902,4.997277e-10,2.905120e-08,1.893145e-10,1.319250e-08,5.344386e-11
17,3,-85,-145,1.083076e-03,9.989168e-01,0.001083,1.000000,-6.82795,-0.00108,Water,0.998917,4.947767e-10,2.999327e-08,2.150408e-10,1.638835e-08,4.936961e-11
17,4,-85,-135,3.624919e-04,9.996374e-01,0.000362,1.000000,-7.92251,-0.00036,Water,0.999637,2.217950e-10,2.956863e-08,7.408473e-11,1.646225e-08,2.250051e-11
17,5,-85,-125,1.425957e-04,9.998573e-01,0.000143,1.000000,-8.85550,-0.00014,Water,0.999857,8.939058e-11,2.697514e-08,2.402618e-11,1.306028e-08,9.616342e-12
17,6,-85,-115,1.221545e-04,9.998778e-01,0.000122,1.000000,-9.01022,-0.00012,Water,0.999878,7.613235e-11,2.352139e-08,2.291408e-11,1.439741e-08,9.247200e-12
17,7,-85,-105,3.198335e-04,9.996801e-01,0.000320,1.000000,-8.04771,-0.00032,Water,0.999680,2.103972e-10,3.065249e-08,5.929864e-11,1.351025e-08,2.143901e-11
17,8,-85,-95,2.844303e-05,9.999715e-01,0.000028,1.000000,-10.46761,-0.00003,Water,0.999972,3.297250e-11,2.516720e-08,4.417966e-12,1.169393e-08,2.694104e-12
17,9,-85,-85,8.645002e-04,9.991354e-01,0.000865,1.000000,-7.05336,-0.00086,Water,0.999135,4.529961e-10,2.584506e-08,1.432767e-10,1.341507e-08,4.739458e-11
17,10,-85,-75,5.074708e-04,9.994925e-01,0.000507,1.000000,-7.58607,-0.00051,Water,0.999492,2.683382e-10,2.839219e-08,9.264664e-11,1.474266e-08,3.155867e-11
17,11,-85,-65,3.014774e-04,9.996985e-01,0.000301,1.000000,-8.10682,-0.00030,Water,0.999698,1.802321e-10,2.938725e-08,4.901664e-11,1.301149e-08,1.730414e-11
17,12,-85,-55,5.760450e-05,9.999423e-01,0.000058,1.000000,-9.76191,-0.00006,Water,0.999942,3.509012e-11,2.431460e-08,1.141389e-11,1.574523e-08,3.620357e-12
17,13,-85,-45,1.618480e-04,9.998381e-01,0.000162,1.000000,-8.72885,-0.00016,Water,0.999838,1.082383e-10,3.089177e-08,3.350574e-11,1.563132e-08,1.172142e-11
17,14,-85,-35,3.818859e-04,9.996180e-01,0.000382,1.000000,-7.87039,-0.00038,Water,0.999618,2.605942e-10,3.017119e-08,8.169815e-11,1.653557e-08,2.668426e-11
17,15,-85,-25,1.739450e-04,9.998260e-01,0.000174,1.000000,-8.65677,-0.00017,Water,0.999826,1.269679e-10,2.964356e-08,3.924791e-11,1.646935e-08,1.233841e-11
17,16,-85,-15,1.568393e-04,9.998431e-01,0.000157,1.000000,-8.76029,-0.00016,Water,0.999843,1.052725e-10,3.081190e-08,3.333323e-11,1.473023e-08,1.294498e-11
17,17,-85,-5,9.578878e-04,9.990421e-01,0.000958,1.000000,-6.95078,-0.00096,Water,0.999042,4.228666e-10,2.409925e-08,1.824581e-10,1.283429e-08,3.793168e-11
17,18,-85,5,1.957343e-02,9.804265e-01,0.019573,1.000000,-3.93358,-0.01977,Water,0.980426,4.366393e-09,2.343457e-08,3.500014e-09,1.218114e-08,4.628024e-10
17,19,-85,15,7.393825e-03,9.926061e-01,0.007394,1.000000,-4.90711,-0.00742,Water,0.992606,3.103325e-09,3.287835e-08,1.448367e-09,1.521903e-08,3.139941e-10
17,20,-85,25,2.402310e-03,9.975976e-01,0.002402,1.000000,-6.03132,-0.00241,Water,0.997598,1.251090e-09,3.130961e-08,4.675892e-10,1.484022e-08,1.197913e-10
17,21,-85,35,4.752456e-03,9.952474e-01,0.004752,1.000000,-5.34909,-0.00476,Water,0.995247,2.531833e-09,3.391065e-08,1.030683e-09,1.615498e-08,2.465335e-10
17,22,-85,45,8.308295e-04,9.991691e-01,0.000831,1.000000,-7.09309,-0.00083,Water,0.999169,5.504613e-10,3.073058e-08,1.818889e-10,1.713706e-08,5.890476e-11
17,23,-85,55,1.273802e-03,9.987261e-01,0.001274,1.000000,-6.66575,-0.00127,Water,0.998726,7.639199e-10,3.344702e-08,2.628826e-10,1.720677e-08,7.797863e-11
17,24,-85,65,3.019394e-03,9.969805e-01,0.003019,1.000000,-5.80270,-0.00302,Water,0.996980,1.527919e-09,3.573267e-08,6.410789e-10,1.843441e-08,1.807070e-10
17,25,-85,75,2.560724e-03,9.974392e-01,0.002561,1.000000,-5.96747,-0.00256,Water,0.997439,1.308248e-09,2.794656e-08,4.909421e-10,1.483070e-08,1.506251e-10
17,26,-85,85,5.768415e-02,9.423156e-01,0.057684,1.000000,-2.85277,-0.05942,Water,0.942316,1.742265e-08,2.552539e-08,1.034144e-08,1.508538e-08,1.971030e-09
17,27,-85,95,1.534013e-03,9.984659e-01,0.001534,1.000000,-6.47987,-0.00154,Water,0.998466,9.784921e-10,2.795559e-08,2.448627e-10,1.330881e-08,1.002149e-10
17,28,-85,105,1.202184e-02,9.879780e-01,0.012022,1.000000,-4.42103,-0.01209,Water,0.987978,4.802682e-09,3.382522e-08,2.698823e-09,1.882869e-08,4.892792e-10
17,29,-85,115,5.463052e-03,9.945368e-01,0.005463,1.000000,-5.20975,-0.00548,Water,0.994537,2.829961e-09,3.714223e-08,1.278243e-09,2.020008e-08,3.529238e-10
17,30,-85,125,5.220782e-04,9.994778e-01,0.000522,1.000000,-7.55769,-0.00052,Water,0.999478,4.195635e-10,3.585943e-08,1.268552e-10,2.009400e-08,4.865906e-11
17,31,-85,135,9.665257e-03,9.903345e-01,0.009665,1.000000,-4.63922,-0.00971,Water,0.990335,4.848944e-09,3.781813e-08,1.971006e-09,1.737335e-08,4.743759e-10
17,32,-85,145,1.961204e-02,9.803877e-01,0.019612,1.000000,-3.93161,-0.01981,Water,0.980388,7.287441e-09,3.306035e-08,4.098525e-09,1.879433e-08,8.374952e-10
17,33,-85,155,3.130595e-02,9.686938e-01,0.031306,1.000000,-3.46395,-0.03181,Water,0.968694,1.295440e-08,3.861144e-08,6.323977e-09,1.784904e-08,1.265266e-09
17,34,-85,165,6.025338e-02,9.397463e-01,0.060253,1.000000,-2.80920,-0.06215,Water,0.939746,1.679982e-08,2.903945e-08,1.026226e-08,1.483439e-08,1.778127e-09
17,35,-85,175,5.744657e-02,9.425532e-01,0.057447,1.000000,-2.85690,-0.05916,Water,0.942553,1.688101e-08,2.663705e-08,9.792237e-09,1.301504e-08,1.725521e-09
