row,col,lat,lon,p_land,p_water,p_land_vs_water,mass_land_water,logp_land,logp_water,argmax_token,argmax_prob,p_land_lower,p_water_lower,p_land_space,p_water_space,p_land_upper
0,0,85,-175,1.100214e-01,8.899786e-01,0.110021,1.000000,-2.20708,-0.11656,Water,0.889979,6.439758e-09,1.163517e-08,7.109845e-09,4.665829e-09,5.618515e-10
0,1,85,-165,6.936423e-02,9.306357e-01,0.069364,1.000000,-2.66838,-0.07189,Water,0.930636,5.545875e-09,1.504291e-08,5.069427e-09,6.776415e-09,5.002706e-10
0,2,85,-155,3.275806e-02,9.672419e-01,0.032758,1.000000,-3.41861,-0.03331,Water,0.967242,2.891054e-09,1.588222e-08,2.813969e-09,7.770137e-09,3.179030e-10
0,3,85,-145,5.813765e-02,9.418623e-01,0.058138,1.000000,-2.84494,-0.05990,Water,0.941862,3.649045e-09,1.346178e-08,4.774791e-09,6.416843e-09,3.256818e-10
0,4,85,-135,7.053271e-03,9.929467e-01,0.007053,1.000000,-4.95426,-0.00708,Water,0.992947,7.648796e-10,1.123303e-08,6.520897e-10,6.990863e-09,6.725990e-11
0,5,85,-125,2.320612e-01,7.679387e-01,0.232061,1.000000,-1.46075,-0.26405,Water,0.767939,1.575467e-08,1.378428e-08,1.761984e-08,5.228193e-09,1.469712e-09
0,6,85,-115,2.094747e-01,7.905251e-01,0.209475,1.000000,-1.56315,-0.23506,Water,0.790525,1.669887e-08,1.542515e-08,1.918428e-08,5.715067e-09,1.734322e-09
0,7,85,-105,5.383655e-02,9.461634e-01,0.053837,1.000000,-2.92180,-0.05534,Water,0.946163,3.784568e-09,1.270616e-08,4.363528e-09,5.250785e-09,2.819847e-10
0,8,85,-95,9.718751e-03,9.902812e-01,0.009719,1.000000,-4.63370,-0.00977,Water,0.990281,8.644203e-10,1.357929e-08,9.134975e-10,6.095768e-09,6.971770e-11
0,9,85,-85,1.033030e-03,9.989669e-01,0.001033,1.000000,-6.87526,-0.00103,Water,0.998967,1.235230e-10,1.059861e-08,1.203568e-10,8.018904e-09,1.213460e-11
0,10,85,-75,2.261469e-02,9.773853e-01,0.022615,1.000000,-3.78916,-0.02287,Water,0.977385,1.820570e-09,1.391077e-08,2.009065e-09,6.223596e-09,1.624996e-10
0,11,85,-65,2.668824e-01,7.331175e-01,0.266882,1.000000,-1.32095,-0.31045,Water,0.733117,1.883743e-08,1.379112e-08,2.220371e-08,4.772569e-09,1.385841e-09
0,12,85,-55,1.969135e-02,9.803086e-01,0.019691,1.000000,-3.92758,-0.01989,Water,0.980309,1.655119e-09,1.175684e-08,1.796550e-09,5.766520e-09,1.504963e-10
0,13,85,-45,9.429677e-03,9.905703e-01,0.009430,1.000000,-4.66389,-0.00947,Water,0.990570,8.005460e-10,1.159825e-08,9.523997e-10,6.765674e-09,9.645526e-11
0,14,85,-35,1.371282e-03,9.986287e-01,0.001371,1.000000,-6.59201,-0.00137,Water,0.998629,1.948160e-10,1.159203e-08,1.536730e-10,7.030492e-09,1.977958e-11
0,15,85,-25,3.204876e-03,9.967951e-01,0.003205,1.000000,-5.74308,-0.00321,Water,0.996795,3.867500e-10,1.228045e-08,3.184099e-10,6.474130e-09,3.430651e-11
0,16,85,-15,1.033784e-06,9.999989e-01,0.000001,1.000000,-13.78228,-0.00000,Water,0.999999,4.062995e-13,7.149477e-09,1.053281e-13,5.949619e-09,4.257955e-14
0,17,85,-5,1.877976e-06,9.999981e-01,0.000002,1.000000,-13.18532,-0.00000,Water,0.999998,7.848518e-13,9.075505e-09,1.906477e-13,6.159093e-09,9.133116e-14
0,18,85,5,8.238563e-02,9.176143e-01,0.082386,1.000000,-2.49634,-0.08598,Water,0.917614,5.838364e-09,2.119038e-08,7.548375e-09,5.924889e-09,2.993146e-10
0,19,85,15,1.011540e-01,8.988459e-01,0.101154,1.000000,-2.29111,-0.10664,Water,0.898846,6.372968e-09,1.641977e-08,8.936455e-09,5.315742e-09,3.382242e-10
0,20,85,25,9.834406e-01,1.655922e-02,0.983441,1.000000,-0.01670,-4.10081,Land,0.983441,3.619250e-08,5.685734e-10,6.004663e-08,8.618578e-11,1.678903e-09
0,21,85,35,8.880184e-01,1.119814e-01,0.888019,1.000000,-0.11876,-2.18942,Land,0.888018,3.648469e-08,2.902017e-09,6.451207e-08,5.893355e-10,1.895600e-09
0,22,85,45,9.802556e-01,1.974414e-02,0.980256,1.000000,-0.01994,-3.92490,Land,0.980256,3.154992e-08,6.582099e-10,7.081031e-08,1.154264e-10,1.545355e-09
0,23,85,55,9.994911e-01,5.087203e-04,0.999491,1.000000,-0.00051,-7.58361,Land,0.999491,2.452912e-08,1.829053e-11,5.094553e-08,2.332834e-12,1.234691e-09
0,24,85,65,9.975586e-01,2.441209e-03,0.997559,1.000000,-0.00244,-6.01526,Land,0.997559,1.977192e-08,7.194118e-11,5.203665e-08,1.117091e-11,1.195771e-09
0,25,85,75,3.793002e-01,6.206996e-01,0.379300,1.000000,-0.96943,-0.47691,Water,0.620700,2.389308e-08,1.457274e-08,3.333507e-08,3.807425e-09,1.141823e-09
0,26,85,85,9.458577e-01,5.414204e-02,0.945858,1.000000,-0.05566,-2.91614,Land,0.945858,3.009859e-08,1.486487e-09,7.188643e-08,3.305976e-10,1.869305e-09
0,27,85,95,1.780466e-02,9.821953e-01,0.017805,1.000000,-4.02830,-0.01797,Water,0.982195,1.627136e-09,1.435089e-08,1.547952e-09,5.069638e-09,9.702625e-11
0,28,85,105,8.898615e-03,9.911013e-01,0.008899,1.000000,-4.72186,-0.00894,Water,0.991101,9.809674e-10,1.455556e-08,9.247117e-10,5.904064e-09,5.970532e-11
0,29,85,115,9.688119e-01,3.118782e-02,0.968812,1.000000,-0.03168,-3.46773,Land,0.968812,3.628496e-08,8.811592e-10,6.738650e-08,1.722828e-10,2.090348e-09
0,30,85,125,1.461294e-04,9.998538e-01,0.000146,1.000000,-8.83102,-0.00015,Water,0.999854,4.111534e-11,1.425400e-08,1.688600e-11,6.351312e-09,3.321058e-12
0,31,85,135,5.317162e-02,9.468283e-01,0.053172,1.000000,-2.93423,-0.05464,Water,0.946828,4.158408e-09,1.315132e-08,4.464624e-09,5.812902e-09,2.670640e-10
0,32,85,145,5.987475e-01,4.012523e-01,0.598748,1.000000,-0.51292,-0.91316,Land,0.598747,3.656819e-08,8.760260e-09,4.546890e-08,2.431124e-09,2.480251e-09
0,33,85,155,7.694362e-01,2.305635e-01,0.769436,1.000000,-0.26210,-1.46723,Land,0.769436,4.609463e-08,6.024312e-09,6.072839e-08,1.458457e-09,2.827969e-09
0,34,85,165,8.095912e-01,1.904086e-01,0.809591,1.000000,-0.21123,-1.65858,Land,0.809591,3.980009e-08,5.129580e-09,6.552020e-08,1.378403e-09,2.225532e-09
0,35,85,175,9.874372e-01,1.256266e-02,0.987437,1.000000,-0.01264,-4.37703,Land,0.987437,2.265168e-08,2.698044e-10,5.117797e-08,6.217319e-11,1.444945e-09
1,0,75,-175,2.331313e-02,9.766868e-01,0.023313,1.000000,-3.75874,-0.02359,Water,0.976687,2.288936e-09,1.105973e-08,2.055329e-09,6.189103e-09,2.070398e-10
1,1,75,-165,1.093442e-02,9.890655e-01,0.010934,1.000000,-4.51584,-0.01099,Water,0.989066,1.767745e-09,1.509555e-08,1.057789e-09,8.166939e-09,1.337921e-10
1,2,75,-155,4.216296e-03,9.957836e-01,0.004216,1.000000,-5.46880,-0.00423,Water,0.995784,8.540482e-10,1.806584e-08,4.626583e-10,9.147971e-09,7.506302e-11
1,3,75,-145,3.224867e-01,6.775131e-01,0.322487,1.000000,-1.13169,-0.38933,Water,0.677513,2.436223e-08,1.294179e-08,2.688682e-08,5.275147e-09,1.878821e-09
1,4,75,-135,1.952021e-02,9.804797e-01,0.019520,1.000000,-3.93630,-0.01971,Water,0.980480,2.392894e-09,1.287219e-08,1.597990e-09,6.493677e-09,1.419690e-10
1,5,75,-125,1.769200e-03,9.982308e-01,0.001769,1.000000,-6.33723,-0.00177,Water,0.998231,4.108716e-10,1.808548e-08,2.097030e-10,8.980875e-09,3.421976e-11
1,6,75,-115,4.628095e-02,9.537190e-01,0.046281,1.000000,-3.07302,-0.04739,Water,0.953719,5.845978e-09,1.698917e-08,4.349013e-09,7.221987e-09,4.951375e-10
1,7,75,-105,2.114673e-03,9.978853e-01,0.002115,1.000000,-6.15886,-0.00212,Water,0.997885,3.028471e-10,1.232466e-08,2.142434e-10,6.443100e-09,2.233743e-11
1,8,75,-95,9.447296e-03,9.905527e-01,0.009447,1.000000,-4.66203,-0.00949,Water,0.990553,1.208210e-09,1.533361e-08,9.354846e-10,6.430642e-09,8.456361e-11
1,9,75,-85,6.704312e-05,9.999329e-01,0.000067,1.000000,-9.61017,-0.00007,Water,0.999933,1.733083e-11,1.110292e-08,7.915751e-12,7.472313e-09,1.376194e-12
1,10,75,-75,4.328782e-04,9.995671e-01,0.000433,1.000000,-7.74505,-0.00043,Water,0.999567,7.314682e-11,1.015999e-08,4.505198e-11,6.859114e-09,5.599081e-12
1,11,75,-65,2.258798e-02,9.774120e-01,0.022588,1.000000,-3.79034,-0.02285,Water,0.977412,3.261939e-09,1.651130e-08,2.249031e-09,7.165342e-09,2.195901e-10
1,12,75,-55,1.792151e-02,9.820784e-01,0.017922,1.000000,-4.02175,-0.01808,Water,0.982078,2.996118e-09,1.940315e-08,1.856932e-09,7.278362e-09,1.596363e-10
1,13,75,-45,3.356821e-02,9.664317e-01,0.033568,1.000000,-3.39418,-0.03414,Water,0.966432,5.732659e-09,2.103622e-08,3.945094e-09,8.124815e-09,3.095534e-10
1,14,75,-35,6.248370e-02,9.375162e-01,0.062484,1.000000,-2.77285,-0.06452,Water,0.937516,8.458450e-09,1.906305e-08,6.289324e-09,6.437096e-09,5.326439e-10
1,15,75,-25,3.757579e-02,9.624241e-01,0.037576,1.000000,-3.28140,-0.03830,Water,0.962424,4.258675e-09,1.642555e-08,3.712662e-09,6.424162e-09,2.476035e-10
1,16,75,-15,6.103081e-04,9.993897e-01,0.000610,1.000000,-7.40155,-0.00061,Water,0.999390,1.197965e-10,1.223070e-08,6.685190e-11,6.671580e-09,7.217430e-12
1,17,75,-5,1.426704e-03,9.985733e-01,0.001427,1.000000,-6.55239,-0.00143,Water,0.998573,2.737814e-10,1.311583e-08,1.605458e-10,6.492672e-09,1.500761e-11
1,18,75,5,3.174493e-01,6.825504e-01,0.317449,1.000000,-1.14744,-0.38192,Water,0.682550,2.953259e-08,2.347942e-08,2.775177e-08,4.471640e-09,8.956835e-10
1,19,75,15,9.392363e-01,6.076342e-02,0.939237,1.000000,-0.06269,-2.80077,Land,0.939236,5.005040e-08,1.659976e-09,6.369050e-08,3.212259e-10,1.467374e-09
1,20,75,25,9.831700e-01,1.682967e-02,0.983170,1.000000,-0.01697,-4.08461,Land,0.983170,4.794487e-08,6.164533e-10,6.969208e-08,9.936734e-11,1.481643e-09
1,21,75,35,9.110768e-01,8.892281e-02,0.911077,1.000000,-0.09313,-2.41999,Land,0.911077,5.764489e-08,3.309521e-09,6.314302e-08,5.031124e-10,2.080052e-09
1,22,75,45,6.813263e-02,9.318672e-01,0.068133,1.000000,-2.68630,-0.07056,Water,0.931867,7.538490e-09,2.222080e-08,6.619078e-09,5.858566e-09,2.925411e-10
1,23,75,55,9.707897e-01,2.920993e-02,0.970790,1.000000,-0.02965,-3.53325,Land,0.970790,5.859034e-08,1.211868e-09,6.926711e-08,1.947278e-10,1.677504e-09
1,24,75,65,6.392838e-01,3.607158e-01,0.639284,1.000000,-0.44741,-1.01966,Land,0.639284,5.329684e-08,1.229254e-08,5.081964e-08,2.422988e-09,1.879453e-09
1,25,75,75,8.542004e-03,9.914579e-01,0.008542,1.000000,-4.76276,-0.00858,Water,0.991458,1.073445e-09,1.576201e-08,9.325539e-10,6.538752e-09,4.343316e-11
1,26,75,85,1.629310e-02,9.837068e-01,0.016293,1.000000,-4.11701,-0.01643,Water,0.983707,2.107834e-09,1.833136e-08,1.557011e-09,6.152815e-09,8.989482e-11
1,27,75,95,6.861667e-05,9.999314e-01,0.000069,1.000000,-9.58698,-0.00007,Water,0.999931,2.133421e-11,1.402666e-08,6.983164e-12,5.815928e-09,1.189476e-12
1,28,75,105,1.195429e-02,9.880457e-01,0.011954,1.000000,-4.42666,-0.01203,Water,0.988046,2.049283e-09,1.839199e-08,1.177947e-09,6.117538e-09,7.641892e-11
1,29,75,115,8.529064e-01,1.470932e-01,0.852907,1.000000,-0.15911,-1.91669,Land,0.852906,7.819519e-08,5.281219e-09,7.032123e-08,9.771062e-10,2.483074e-09
1,30,75,125,3.403807e-03,9.965961e-01,0.003404,1.000000,-5.68286,-0.00341,Water,0.996596,7.187510e-10,2.112354e-08,3.574080e-10,6.806779e-09,2.762666e-11
1,31,75,135,7.366829e-03,9.926331e-01,0.007367,1.000000,-4.91077,-0.00739,Water,0.992633,1.363273e-09,1.852686e-08,6.874072e-10,6.602795e-09,5.244229e-11
1,32,75,145,9.894419e-02,9.010557e-01,0.098944,1.000000,-2.31320,-0.10419,Water,0.901056,1.326163e-08,2.271943e-08,9.387042e-09,6.281724e-09,5.236485e-10
1,33,75,155,5.534255e-02,9.446573e-01,0.055343,1.000000,-2.89421,-0.05693,Water,0.944657,8.964482e-09,2.277389e-08,6.296063e-09,7.857981e-09,3.964336e-10
1,34,75,165,2.757679e-02,9.724231e-01,0.027577,1.000000,-3.59078,-0.02796,Water,0.972423,4.443686e-09,2.290855e-08,2.846998e-09,8.041551e-09,2.066091e-10
1,35,75,175,4.874236e-01,5.125762e-01,0.487424,1.000000,-0.71862,-0.66831,Water,0.512576,2.867122e-08,9.935911e-09,3.686249e-08,3.063395e-09,1.388063e-09
2,0,65,-175,7.976656e-01,2.023341e-01,0.797666,1.000000,-0.22607,-1.59783,Land,0.797666,4.269125e-08,4.520347e-09,4.878210e-08,9.931116e-10,2.689720e-09
2,1,65,-165,7.747549e-01,2.252448e-01,0.774755,1.000000,-0.25521,-1.49057,Land,0.774755,4.857624e-08,5.441046e-09,4.928722e-08,1.308379e-09,2.569433e-09
2,2,65,-155,9.012244e-01,9.877527e-02,0.901225,1.000000,-0.10400,-2.31491,Land,0.901224,4.922993e-08,2.968930e-09,5.433947e-08,5.769152e-10,2.933200e-09
2,3,65,-145,9.927419e-01,7.257841e-03,0.992742,1.000000,-0.00728,-4.92567,Land,0.992742,3.996996e-08,2.762901e-10,4.988347e-08,3.482548e-11,1.994266e-09
2,4,65,-135,3.795813e-01,6.204185e-01,0.379581,1.000000,-0.96869,-0.47736,Water,0.620418,2.862177e-08,1.284288e-08,2.902967e-08,4.002987e-09,1.557061e-09
2,5,65,-125,9.951695e-01,4.830252e-03,0.995170,1.000000,-0.00484,-5.33286,Land,0.995169,4.531260e-08,1.767520e-10,5.095507e-08,2.362821e-11,2.630787e-09
2,6,65,-115,9.968350e-01,3.164717e-03,0.996835,1.000000,-0.00317,-5.75569,Land,0.996835,3.803646e-08,1.044055e-10,5.059217e-08,1.502456e-11,2.476873e-09
2,7,65,-105,9.834087e-01,1.659106e-02,0.983409,1.000000,-0.01673,-4.09889,Land,0.983409,4.583371e-08,5.140632e-10,5.795261e-08,7.437746e-11,2.372868e-09
2,8,65,-95,9.190713e-01,8.092846e-02,0.919072,1.000000,-0.08439,-2.51419,Land,0.919071,4.992351e-08,2.488496e-09,6.467055e-08,4.622294e-10,2.335301e-09
2,9,65,-85,8.054299e-01,1.945697e-01,0.805430,1.000000,-0.21638,-1.63696,Land,0.805430,4.884817e-08,5.294402e-09,6.524762e-08,1.270981e-09,2.661127e-09
2,10,65,-75,9.892066e-01,1.079312e-02,0.989207,1.000000,-0.01085,-4.52885,Land,0.989207,4.301837e-08,3.453720e-10,6.041275e-08,5.426253e-11,2.271201e-09
2,11,65,-65,5.229762e-03,9.947702e-01,0.005230,1.000000,-5.25339,-0.00524,Water,0.994770,6.625127e-10,1.265940e-08,4.841244e-10,6.408767e-09,3.780026e-11
2,12,65,-55,1.563130e-01,8.436868e-01,0.156313,1.000000,-1.85589,-0.16997,Water,0.843687,1.873376e-08,1.933470e-08,1.528862e-08,6.386337e-09,9.481549e-10
2,13,65,-45,2.698040e-01,7.301958e-01,0.269804,1.000000,-1.31006,-0.31444,Water,0.730196,2.503011e-08,1.619781e-08,2.567765e-08,5.112221e-09,1.209977e-09
2,14,65,-35,5.917783e-01,4.082213e-01,0.591779,1.000000,-0.52462,-0.89595,Land,0.591778,5.188669e-08,1.210508e-08,5.169278e-08,2.739889e-09,2.446189e-09
2,15,65,-25,8.980193e-01,1.019804e-01,0.898020,1.000000,-0.10756,-2.28297,Land,0.898019,5.854055e-08,2.876939e-09,6.887640e-08,6.219883e-10,2.567990e-09
2,16,65,-15,5.667954e-02,9.433204e-01,0.056680,1.000000,-2.87034,-0.05835,Water,0.943320,6.890718e-09,2.044577e-08,5.473417e-09,6.162291e-09,3.541175e-10
2,17,65,-5,3.863841e-02,9.613615e-01,0.038638,1.000000,-3.25351,-0.03940,Water,0.961362,5.472784e-09,2.123172e-08,4.478016e-09,6.801539e-09,2.733041e-10
2,18,65,5,8.128420e-01,1.871576e-01,0.812842,1.000000,-0.20722,-1.67580,Land,0.812842,7.623765e-08,1.046430e-08,7.389644e-08,1.465459e-09,2.162432e-09
2,19,65,15,9.268686e-01,7.313107e-02,0.926869,1.000000,-0.07594,-2.61550,Land,0.926869,5.516796e-08,2.622103e-09,7.706689e-08,4.911379e-10,1.964299e-09
2,20,65,25,9.895365e-01,1.046311e-02,0.989537,1.000000,-0.01052,-4.55990,Land,0.989537,5.821893e-08,5.356524e-10,7.827716e-08,7.182283e-11,1.657059e-09
2,21,65,35,9.846819e-01,1.531774e-02,0.984682,1.000000,-0.01544,-4.17874,Land,0.984682,6.653384e-08,8.031737e-10,7.108759e-08,1.000970e-10,2.147372e-09
2,22,65,45,9.731636e-01,2.683608e-02,0.973164,1.000000,-0.02720,-3.61801,Land,0.973164,4.581722e-08,9.116840e-10,6.663824e-08,1.422304e-10,1.669523e-09
2,23,65,55,9.938019e-01,6.197732e-03,0.993802,1.000000,-0.00622,-5.08357,Land,0.993802,5.387084e-08,3.029639e-10,8.366786e-08,4.684284e-11,1.616218e-09
2,24,65,65,1.427495e-02,9.857250e-01,0.014275,1.000000,-4.24925,-0.01438,Water,0.985725,1.838340e-09,2.328059e-08,1.580377e-09,7.233965e-09,6.510093e-11
2,25,65,75,8.838221e-01,1.161775e-01,0.883822,1.000000,-0.12350,-2.15264,Land,0.883822,5.870079e-08,4.179309e-09,6.469193e-08,6.514803e-10,1.999636e-09
2,26,65,85,9.895871e-01,1.041267e-02,0.989587,1.000000,-0.01047,-4.56473,Land,0.989587,4.057124e-08,4.133385e-10,6.029655e-08,5.629603e-11,1.496440e-09
2,27,65,95,3.043016e-01,6.956982e-01,0.304302,1.000000,-1.18974,-0.36284,Water,0.695698,2.337304e-08,1.579395e-08,1.941119e-08,3.143194e-09,8.147162e-10
2,28,65,105,6.298536e-01,3.701461e-01,0.629854,1.000000,-0.46227,-0.99386,Land,0.629854,3.971127e-08,9.093308e-09,4.955107e-08,2.060456e-09,1.563168e-09
2,29,65,115,9.972495e-01,2.750194e-03,0.997250,1.000000,-0.00275,-5.89608,Land,0.997250,4.339577e-08,1.257036e-10,6.572562e-08,1.624151e-11,1.949950e-09
2,30,65,125,1.046734e-02,9.895326e-01,0.010467,1.000000,-4.55950,-0.01052,Water,0.989533,2.196545e-09,2.879760e-08,1.154645e-09,6.662631e-09,1.002615e-10
2,31,65,135,3.118998e-01,6.881000e-01,0.311900,1.000000,-1.16507,-0.37382,Water,0.688100,2.407281e-08,1.630856e-08,2.171225e-08,4.123135e-09,1.020427e-09
2,32,65,145,9.801548e-01,1.984494e-02,0.980155,1.000000,-0.02004,-3.91981,Land,0.980155,5.070459e-08,7.299769e-10,5.957574e-08,9.687270e-11,1.898207e-09
2,33,65,155,9.873750e-01,1.262466e-02,0.987375,1.000000,-0.01271,-4.37210,Land,0.987375,5.010785e-08,4.637078e-10,6.512126e-08,7.213014e-11,2.025860e-09
2,34,65,165,8.671994e-01,1.328002e-01,0.867200,1.000000,-0.14249,-2.01891,Land,0.867199,4.906875e-08,3.854704e-09,5.369489e-08,7.118608e-10,1.915050e-09
2,35,65,175,9.757971e-01,2.420265e-02,0.975797,1.000000,-0.02450,-3.72129,Land,0.975797,3.280115e-08,5.380674e-10,4.983857e-08,1.028910e-10,1.686771e-09
3,0,55,-175,7.338400e-01,2.661597e-01,0.733840,1.000000,-0.30946,-1.32366,Land,0.733840,5.417793e-08,7.533214e-09,5.795318e-08,1.860186e-09,3.252298e-09
3,1,55,-165,7.405701e-01,2.594296e-01,0.740570,1.000000,-0.30034,-1.34927,Land,0.740570,5.359685e-08,8.170108e-09,5.619280e-08,1.978211e-09,2.826828e-09
3,2,55,-155,9.400653e-01,5.993428e-02,0.940066,1.000000,-0.06181,-2.81451,Land,0.940065,6.409419e-08,2.472021e-09,7.433170e-08,5.353814e-10,3.251245e-09
3,3,55,-145,9.750016e-01,2.499811e-02,0.975002,1.000000,-0.02532,-3.68896,Land,0.975002,4.733326e-08,9.715091e-10,5.340369e-08,1.374106e-10,2.673061e-09
3,4,55,-135,5.519661e-01,4.480337e-01,0.551966,1.000000,-0.59427,-0.80289,Land,0.551966,4.738963e-08,1.160695e-08,4.341490e-08,3.353901e-09,2.508758e-09
3,5,55,-125,9.878842e-01,1.211549e-02,0.987885,1.000000,-0.01219,-4.41327,Land,0.987884,4.993433e-08,4.999060e-10,6.050219e-08,7.713167e-11,3.048083e-09
3,6,55,-115,9.995299e-01,4.698852e-04,0.999530,1.000000,-0.00047,-7.66302,Land,0.999530,3.458239e-08,1.989100e-11,4.721716e-08,2.238901e-12,2.279164e-09
3,7,55,-105,9.716247e-01,2.837507e-02,0.971625,1.000000,-0.02879,-3.56224,Land,0.971625,5.055474e-08,9.047794e-10,6.668938e-08,1.593221e-10,2.239534e-09
3,8,55,-95,9.991306e-01,8.691386e-04,0.999131,1.000000,-0.00087,-7.04801,Land,0.999131,3.730781e-08,4.708655e-11,5.861635e-08,4.593826e-12,1.572413e-09
3,9,55,-85,9.990122e-01,9.875903e-04,0.999012,1.000000,-0.00099,-6.92024,Land,0.999012,3.785573e-08,4.406529e-11,5.927833e-08,5.511264e-12,1.631483e-09
3,10,55,-75,9.999794e-01,2.048238e-05,0.999980,1.000000,-0.00002,-10.79595,Land,0.999979,2.247928e-08,1.141287e-12,3.566659e-08,6.939548e-14,1.193858e-09
3,11,55,-65,8.861733e-01,1.138263e-01,0.886174,1.000000,-0.12084,-2.17308,Land,0.886173,7.501430e-08,3.891006e-09,7.744720e-08,8.691319e-10,3.230886e-09
3,12,55,-55,7.985541e-02,9.201445e-01,0.079855,1.000000,-2.52754,-0.08322,Water,0.920144,1.151722e-08,2.482277e-08,9.249956e-09,7.907034e-09,4.549294e-10
3,13,55,-45,5.605569e-01,4.394427e-01,0.560557,1.000000,-0.57882,-0.82225,Land,0.560557,5.493732e-08,1.403826e-08,5.470884e-08,3.601433e-09,2.597917e-09
3,14,55,-35,8.976301e-01,1.023695e-01,0.897630,1.000000,-0.10800,-2.27917,Land,0.897630,7.259935e-08,3.312074e-09,7.327084e-08,7.572767e-10,3.402246e-09
3,15,55,-25,8.973547e-01,1.026450e-01,0.897355,1.000000,-0.10830,-2.27648,Land,0.897355,6.285096e-08,3.069116e-09,7.158132e-08,6.999539e-10,2.646430e-09
3,16,55,-15,7.300243e-02,9.269975e-01,0.073002,1.000000,-2.61726,-0.07580,Water,0.926997,8.769003e-09,2.213181e-08,7.470087e-09,7.307461e-09,4.077512e-10
3,17,55,-5,1.308258e-01,8.691741e-01,0.130826,1.000000,-2.03389,-0.14021,Water,0.869174,1.626518e-08,2.464549e-08,1.507451e-08,7.000198e-09,7.027486e-10
3,18,55,5,7.914760e-01,2.085237e-01,0.791476,1.000000,-0.23386,-1.56770,Land,0.791476,5.181310e-08,1.033197e-08,7.766089e-08,1.776081e-09,1.502472e-09
3,19,55,15,9.986962e-01,1.303548e-03,0.998696,1.000000,-0.00130,-6.64267,Land,0.998696,3.152552e-08,6.149860e-11,5.628903e-08,6.389377e-12,9.766648e-10
3,20,55,25,9.946927e-01,5.306985e-03,0.994693,1.000000,-0.00532,-5.23873,Land,0.994693,5.284296e-08,3.232761e-10,8.325059e-08,4.596291e-11,1.564566e-09
3,21,55,35,9.958179e-01,4.181778e-03,0.995818,1.000000,-0.00419,-5.47702,Land,0.995818,4.258572e-08,2.267436e-10,6.915879e-08,2.898589e-11,1.382603e-09
3,22,55,45,6.683365e-01,3.316631e-01,0.668337,1.000000,-0.40296,-1.10364,Land,0.668337,5.474713e-08,1.273032e-08,6.242786e-08,2.415002e-09,1.621331e-09
3,23,55,55,9.987656e-01,1.234217e-03,0.998766,1.000000,-0.00124,-6.69732,Land,0.998766,2.860410e-08,6.528603e-11,5.344418e-08,5.851976e-12,8.489820e-10
3,24,55,65,7.900091e-01,2.099906e-01,0.790009,1.000000,-0.23571,-1.56069,Land,0.790009,4.505082e-08,7.262455e-09,6.423784e-08,1.441578e-09,1.660782e-09
3,25,55,75,9.991434e-01,8.564062e-04,0.999144,1.000000,-0.00086,-7.06277,Land,0.999143,3.595350e-08,4.037392e-11,5.757090e-08,4.571508e-12,1.212667e-09
3,26,55,85,9.913389e-01,8.660897e-03,0.991339,1.000000,-0.00870,-4.74894,Land,0.991339,3.517350e-08,3.184222e-10,6.541425e-08,4.903903e-11,1.197912e-09
3,27,55,95,7.736994e-01,2.263003e-01,0.773700,1.000000,-0.25657,-1.48589,Land,0.773699,4.174362e-08,7.835423e-09,5.609691e-08,1.270064e-09,1.893942e-09
3,28,55,105,6.592447e-01,3.407550e-01,0.659245,1.000000,-0.41666,-1.07659,Land,0.659245,5.291789e-08,1.273760e-08,6.035971e-08,2.277437e-09,2.036926e-09
3,29,55,115,9.924581e-01,7.541609e-03,0.992458,1.000000,-0.00757,-4.88732,Land,0.992458,4.729381e-08,3.128277e-10,7.390730e-08,5.206918e-11,1.612605e-09
3,30,55,125,1.719968e-01,8.280030e-01,0.171997,1.000000,-1.76028,-0.18874,Water,0.828003,2.091193e-08,2.791343e-08,1.644220e-08,5.738406e-09,7.786051e-10
3,31,55,135,7.187067e-01,2.812929e-01,0.718707,1.000000,-0.33030,-1.26836,Land,0.718707,6.370634e-08,9.701387e-09,6.705579e-08,2.434925e-09,2.309046e-09
3,32,55,145,9.899138e-01,1.008590e-02,0.989914,1.000000,-0.01014,-4.59662,Land,0.989914,4.517933e-08,3.805145e-10,5.788961e-08,5.489595e-11,1.877941e-09
3,33,55,155,9.684865e-01,3.151322e-02,0.968487,1.000000,-0.03202,-3.45735,Land,0.968486,4.679046e-08,1.128861e-09,6.202939e-08,1.820133e-10,2.303342e-09
3,34,55,165,9.266112e-01,7.338851e-02,0.926611,1.000000,-0.07622,-2.61199,Land,0.926611,5.577743e-08,2.644450e-09,6.507102e-08,5.116478e-10,2.080056e-09
3,35,55,175,9.336317e-01,6.636797e-02,0.933632,1.000000,-0.06867,-2.71254,Land,0.933632,5.072894e-08,2.170931e-09,6.715598e-08,4.038886e-10,2.041845e-09
4,0,45,-175,6.335677e-01,3.664320e-01,0.633568,1.000000,-0.45639,-1.00394,Land,0.633568,4.353630e-08,9.269697e-09,4.079993e-08,2.346748e-09,3.353038e-09
4,1,45,-165,4.014466e-01,5.985531e-01,0.401447,1.000000,-0.91268,-0.51324,Water,0.598553,3.499230e-08,1.854829e-08,3.226385e-08,5.419298e-09,2.489388e-09
4,2,45,-155,5.714142e-01,4.285854e-01,0.571414,1.000000,-0.55964,-0.84727,Land,0.571414,3.631868e-08,1.338262e-08,5.076791e-08,4.332306e-09,2.825038e-09
4,3,45,-145,9.645131e-01,3.548663e-02,0.964513,1.000000,-0.03613,-3.33860,Land,0.964513,4.020513e-08,1.263314e-09,6.296687e-08,2.518385e-10,2.677967e-09
4,4,45,-135,2.356940e-01,7.643058e-01,0.235694,1.000000,-1.44522,-0.26879,Water,0.764306,1.932277e-08,1.785333e-08,2.263261e-08,6.516786e-09,1.135662e-09
4,5,45,-125,9.788255e-01,2.117423e-02,0.978826,1.000000,-0.02140,-3.85497,Land,0.978825,4.686793e-08,8.168814e-10,6.532248e-08,1.467529e-10,3.310260e-09
4,6,45,-115,9.973162e-01,2.683541e-03,0.997316,1.000000,-0.00269,-5.92062,Land,0.997316,3.829861e-08,1.105372e-10,6.374564e-08,1.813587e-11,2.539100e-09
4,7,45,-105,9.791660e-01,2.083372e-02,0.979166,1.000000,-0.02105,-3.87118,Land,0.979166,5.084626e-08,7.339346e-10,7.093520e-08,1.300140e-10,2.538410e-09
4,8,45,-95,9.743484e-01,2.565135e-02,0.974349,1.000000,-0.02599,-3.66316,Land,0.974348,4.332528e-08,8.636540e-10,6.432783e-08,1.472336e-10,2.419790e-09
4,9,45,-85,9.930526e-01,6.947099e-03,0.993053,1.000000,-0.00697,-4.96943,Land,0.993053,4.064473e-08,2.587716e-10,6.286708e-08,4.069090e-11,2.115367e-09
4,10,45,-75,9.991394e-01,8.604667e-04,0.999140,1.000000,-0.00086,-7.05804,Land,0.999139,2.859243e-08,3.289784e-11,4.694624e-08,3.448932e-12,1.723448e-09
4,11,45,-65,8.586136e-01,1.413860e-01,0.858614,1.000000,-0.15244,-1.95626,Land,0.858614,7.137954e-08,5.061198e-09,7.306556e-08,1.145791e-09,4.131664e-09
4,12,45,-55,3.295425e-01,6.704572e-01,0.329543,1.000000,-1.11005,-0.39980,Water,0.670457,3.781331e-08,2.506879e-08,3.399463e-08,5.962327e-09,1.944706e-09
4,13,45,-45,6.608786e-01,3.391209e-01,0.660879,1.000000,-0.41419,-1.08140,Land,0.660879,5.970713e-08,1.280620e-08,6.774343e-08,3.259844e-09,2.614941e-09
4,14,45,-35,8.613015e-01,1.386981e-01,0.861302,1.000000,-0.14931,-1.97546,Land,0.861301,6.962048e-08,4.886624e-09,7.979607e-08,1.198769e-09,4.026779e-09
4,15,45,-25,8.927624e-01,1.072371e-01,0.892763,1.000000,-0.11343,-2.23271,Land,0.892762,7.183271e-08,3.970277e-09,8.178509e-08,8.502624e-10,3.661716e-09
4,16,45,-15,5.223576e-02,9.477641e-01,0.052236,1.000000,-2.95199,-0.05365,Water,0.947764,5.758037e-09,2.534650e-08,5.171423e-09,7.297760e-09,3.445145e-10
4,17,45,-5,9.997123e-02,9.000286e-01,0.099971,1.000000,-2.30287,-0.10533,Water,0.900029,1.156363e-08,2.539956e-08,1.092209e-08,7.746856e-09,6.237880e-10
4,18,45,5,8.624580e-01,1.375414e-01,0.862458,0.999999,-0.14797,-1.98383,Land,0.862458,6.293077e-08,1.064888e-08,8.592630e-08,1.225217e-09,1.566565e-09
4,19,45,15,9.994290e-01,5.707593e-04,0.999429,1.000000,-0.00057,-7.46854,Land,0.999429,2.443496e-08,3.305887e-11,4.905381e-08,2.830841e-12,9.266360e-10
4,20,45,25,9.992461e-01,7.536510e-04,0.999246,1.000000,-0.00075,-7.19058,Land,0.999246,4.034056e-08,5.350123e-11,5.755003e-08,4.409787e-12,1.267949e-09
4,21,45,35,9.960646e-01,3.935015e-03,0.996065,1.000000,-0.00394,-5.53784,Land,0.996065,4.391122e-08,2.792879e-10,6.985744e-08,2.917118e-11,1.333064e-09
4,22,45,45,9.969985e-01,3.001259e-03,0.996999,1.000000,-0.00301,-5.80872,Land,0.996998,3.517287e-08,1.740435e-10,7.066355e-08,1.784254e-11,9.316094e-10
4,23,45,55,9.635907e-01,3.640880e-02,0.963591,1.000000,-0.03709,-3.31294,Land,0.963591,6.358521e-08,2.410196e-09,9.070921e-08,3.508004e-10,1.847257e-09
4,24,45,65,9.652027e-01,3.479686e-02,0.965203,1.000000,-0.03542,-3.35823,Land,0.965203,4.722435e-08,1.790731e-09,7.488245e-08,2.588152e-10,1.789478e-09
4,25,45,75,9.987800e-01,1.219791e-03,0.998780,1.000000,-0.00122,-6.70908,Land,0.998780,2.510310e-08,4.647854e-11,4.784200e-08,5.351870e-12,9.326566e-10
4,26,45,85,9.999051e-01,9.466351e-05,0.999905,1.000000,-0.00009,-9.26518,Land,0.999905,2.369039e-08,6.135460e-12,4.704096e-08,4.270774e-13,1.039748e-09
4,27,45,95,7.738349e-01,2.261647e-01,0.773835,1.000000,-0.25640,-1.48649,Land,0.773835,4.738667e-08,8.237884e-09,5.048636e-08,1.139551e-09,1.907053e-09
4,28,45,105,9.772319e-01,2.276780e-02,0.977232,1.000000,-0.02303,-3.78241,Land,0.977232,4.706256e-08,9.703145e-10,7.294407e-08,1.519488e-10,1.784280e-09
4,29,45,115,9.989390e-01,1.060653e-03,0.998939,1.000000,-0.00106,-6.84887,Land,0.998939,4.038575e-08,7.311313e-11,6.991273e-08,7.364395e-12,1.564283e-09
4,30,45,125,4.070588e-01,5.929408e-01,0.407059,1.000000,-0.89880,-0.52266,Water,0.592941,4.824503e-08,3.206887e-08,4.209845e-08,4.830827e-09,1.838625e-09
4,31,45,135,6.935927e-01,3.064069e-01,0.693593,1.000000,-0.36587,-1.18284,Land,0.693593,5.573377e-08,1.359325e-08,6.067536e-08,2.583041e-09,2.045463e-09
4,32,45,145,9.961239e-01,3.875835e-03,0.996124,1.000000,-0.00388,-5.55299,Land,0.996124,4.269772e-08,1.809810e-10,5.926092e-08,2.409017e-11,1.602432e-09
4,33,45,155,9.929714e-01,7.028333e-03,0.992972,1.000000,-0.00705,-4.95781,Land,0.992971,3.741435e-08,2.912512e-10,7.034954e-08,4.744472e-11,1.684862e-09
4,34,45,165,8.164089e-01,1.835907e-01,0.816409,1.000000,-0.20284,-1.69505,Land,0.816409,5.516624e-08,6.982301e-09,6.705141e-08,1.471452e-09,2.247620e-09
4,35,45,175,9.744406e-01,2.555913e-02,0.974441,1.000000,-0.02589,-3.66676,Land,0.974441,3.461406e-08,7.389305e-10,5.225136e-08,1.202953e-10,1.660337e-09
5,0,35,-175,1.122419e-01,8.877580e-01,0.112242,1.000000,-2.18710,-0.11906,Water,0.887758,1.154894e-08,1.526652e-08,1.055885e-08,7.822161e-09,1.046944e-09
5,1,35,-165,1.423473e-01,8.576525e-01,0.142347,1.000000,-1.94949,-0.15356,Water,0.857653,1.716552e-08,2.152185e-08,1.077476e-08,7.051774e-09,1.192659e-09
5,2,35,-155,2.844230e-01,7.155768e-01,0.284423,1.000000,-1.25729,-0.33467,Water,0.715577,2.882800e-08,1.877750e-08,2.555272e-08,6.926537e-09,2.353859e-09
5,3,35,-145,2.904569e-01,7.095429e-01,0.290457,1.000000,-1.23630,-0.34313,Water,0.709543,2.530735e-08,1.774204e-08,2.315164e-08,5.948976e-09,1.986964e-09
5,4,35,-135,4.286642e-02,9.571335e-01,0.042866,1.000000,-3.14967,-0.04381,Water,0.957133,5.127799e-09,1.641728e-08,4.183049e-09,8.192543e-09,4.833842e-10
5,5,35,-125,6.370941e-01,3.629056e-01,0.637094,1.000000,-0.45084,-1.01361,Land,0.637094,4.889796e-08,8.433381e-09,4.987475e-08,2.718913e-09,3.608548e-09
5,6,35,-115,9.997975e-01,2.022819e-04,0.999798,1.000000,-0.00020,-8.50585,Land,0.999798,3.331866e-08,8.513558e-12,4.588859e-08,1.060839e-12,2.406489e-09
5,7,35,-105,9.234106e-01,7.658902e-02,0.923411,1.000000,-0.07968,-2.56930,Land,0.923411,6.883049e-08,2.402995e-09,7.708679e-08,5.445495e-10,4.214589e-09
5,8,35,-95,7.125579e-01,2.874418e-01,0.712558,1.000000,-0.33889,-1.24673,Land,0.712558,5.858582e-08,7.606521e-09,6.073688e-08,2.143260e-09,3.073793e-09
5,9,35,-85,9.208705e-01,7.912909e-02,0.920871,1.000000,-0.08244,-2.53667,Land,0.920871,6.690673e-08,2.664117e-09,7.789791e-08,6.702839e-10,3.664576e-09
5,10,35,-75,8.943141e-01,1.056855e-01,0.894314,1.000000,-0.11170,-2.24729,Land,0.894314,7.000701e-08,3.670397e-09,7.677790e-08,8.555470e-10,4.101925e-09
5,11,35,-65,2.302605e-01,7.697392e-01,0.230261,1.000000,-1.46854,-0.26170,Water,0.769739,3.021677e-08,2.201650e-08,2.357309e-08,7.606930e-09,2.005014e-09
5,12,35,-55,5.367840e-02,9.463215e-01,0.053678,1.000000,-2.92474,-0.05517,Water,0.946321,7.245850e-09,1.846566e-08,5.657321e-09,8.292211e-09,4.725442e-10
5,13,35,-45,1.118099e-02,9.888189e-01,0.011181,1.000000,-4.49354,-0.01124,Water,0.988819,1.918361e-09,2.031061e-08,1.515324e-09,1.084403e-08,1.351618e-10
5,14,35,-35,1.825105e-03,9.981748e-01,0.001825,1.000000,-6.30612,-0.00183,Water,0.998175,4.605817e-10,2.007611e-08,2.181705e-10,9.212697e-09,2.910208e-11
5,15,35,-25,5.414873e-01,4.585124e-01,0.541487,1.000000,-0.61344,-0.77977,Land,0.541487,5.731641e-08,1.314663e-08,5.829780e-08,4.794657e-09,2.978246e-09
5,16,35,-15,5.390048e-03,9.946099e-01,0.005390,1.000000,-5.22320,-0.00540,Water,0.994610,7.795439e-10,1.795901e-08,5.911664e-10,8.104725e-09,5.368644e-11
5,17,35,-5,3.953586e-02,9.604641e-01,0.039536,1.000000,-3.23055,-0.04034,Water,0.960464,5.655081e-09,2.302711e-08,4.646555e-09,9.542335e-09,3.184943e-10
5,18,35,5,9.517954e-01,4.820409e-02,0.951796,1.000000,-0.04941,-3.03231,Land,0.951795,7.063020e-08,3.285968e-09,7.830602e-08,5.137467e-10,2.252044e-09
5,19,35,15,9.854116e-01,1.458811e-02,0.985412,1.000000,-0.01470,-4.22755,Land,0.985412,4.228853e-08,7.014663e-10,6.164315e-08,1.020890e-10,1.419446e-09
5,20,35,25,9.932533e-01,6.746239e-03,0.993254,1.000000,-0.00677,-4.99877,Land,0.993253,6.542355e-08,4.256099e-10,7.507632e-08,5.700091e-11,1.829755e-09
5,21,35,35,9.505867e-01,4.941293e-02,0.950587,1.000000,-0.05068,-3.00754,Land,0.950587,5.341837e-08,2.339683e-09,7.744463e-08,3.964718e-10,1.962567e-09
5,22,35,45,1.099951e-02,9.890004e-01,0.011000,1.000000,-4.50990,-0.01106,Water,0.989000,1.606499e-09,3.795183e-08,1.315247e-09,8.983916e-09,5.842228e-11
5,23,35,55,9.764801e-01,2.351943e-02,0.976481,1.000000,-0.02380,-3.74993,Land,0.976480,5.802861e-08,1.289673e-09,8.002779e-08,2.072429e-10,1.763195e-09
5,24,35,65,5.523169e-01,4.476827e-01,0.552317,1.000000,-0.59363,-0.80367,Land,0.552317,4.253347e-08,1.718757e-08,4.855558e-08,3.748542e-09,1.609358e-09
5,25,35,75,2.039526e-01,7.960471e-01,0.203953,1.000000,-1.58987,-0.22810,Water,0.796047,2.629791e-08,3.278551e-08,2.032862e-08,7.305118e-09,9.498851e-10
5,26,35,85,7.243920e-01,2.756076e-01,0.724392,1.000000,-0.32242,-1.28878,Land,0.724392,4.926846e-08,1.070404e-08,6.750390e-08,2.517830e-09,2.119931e-09
5,27,35,95,6.755424e-03,9.932445e-01,0.006755,1.000000,-4.99741,-0.00678,Water,0.993245,1.187533e-09,2.195600e-08,5.937370e-10,6.530674e-09,5.451490e-11
5,28,35,105,9.395789e-01,6.042078e-02,0.939579,1.000000,-0.06232,-2.80642,Land,0.939579,5.709193e-08,2.078883e-09,6.536751e-08,3.693349e-10,2.025639e-09
5,29,35,115,9.966531e-01,3.346476e-03,0.996654,1.000000,-0.00335,-5.69985,Land,0.996653,5.489365e-08,1.692015e-10,7.095966e-08,2.666959e-11,2.224898e-09
5,30,35,125,8.272109e-01,1.727887e-01,0.827211,1.000000,-0.18970,-1.75569,Land,0.827211,8.462805e-08,6.574137e-09,6.322229e-08,1.246300e-09,2.639656e-09
5,31,35,135,9.511911e-01,4.880850e-02,0.951191,1.000000,-0.05004,-3.01985,Land,0.951191,6.251989e-08,1.935379e-09,6.817764e-08,4.044290e-10,2.252409e-09
5,32,35,145,9.585725e-01,4.142710e-02,0.958573,1.000000,-0.04231,-3.18382,Land,0.958572,6.989792e-08,1.701106e-09,6.213779e-08,2.777763e-10,3.052285e-09
5,33,35,155,9.725896e-01,2.741002e-02,0.972590,1.000000,-0.02779,-3.59685,Land,0.972590,6.014521e-08,1.038860e-09,6.655741e-08,2.163857e-10,2.798211e-09
5,34,35,165,9.343985e-01,6.560107e-02,0.934399,1.000000,-0.06785,-2.72416,Land,0.934399,7.269586e-08,2.878038e-09,7.473130e-08,5.764415e-10,2.889820e-09
5,35,35,175,6.571154e-01,3.428842e-01,0.657116,1.000000,-0.41990,-1.07036,Land,0.657115,4.850907e-08,9.620110e-09,5.463736e-08,2.820714e-09,2.377319e-09
6,0,25,-175,3.157721e-02,9.684227e-01,0.031577,1.000000,-3.45532,-0.03209,Water,0.968423,3.663664e-09,1.499659e-08,2.817824e-09,6.573642e-09,3.022546e-10
6,1,25,-165,3.126653e-02,9.687334e-01,0.031267,1.000000,-3.46521,-0.03177,Water,0.968733,5.381702e-09,2.415797e-08,3.297407e-09,1.028449e-08,4.219586e-10
6,2,25,-155,2.274974e-02,9.772502e-01,0.022750,1.000000,-3.78320,-0.02301,Water,0.977250,4.004892e-09,2.602071e-08,2.558291e-09,1.054497e-08,2.930085e-10
6,3,25,-145,4.487157e-03,9.955128e-01,0.004487,1.000000,-5.40654,-0.00450,Water,0.995513,8.311471e-10,2.142069e-08,5.065074e-10,1.004703e-08,6.594403e-11
6,4,25,-135,9.763229e-04,9.990236e-01,0.000976,1.000000,-6.93172,-0.00098,Water,0.999024,2.501478e-10,1.686763e-08,1.231977e-10,1.037434e-08,2.379957e-11
6,5,25,-125,1.178788e-01,8.821211e-01,0.117879,1.000000,-2.13810,-0.12543,Water,0.882121,1.698650e-08,2.514127e-08,1.256710e-08,8.908539e-09,1.242874e-09
6,6,25,-115,9.926391e-01,7.360582e-03,0.992639,1.000000,-0.00739,-4.91162,Land,0.992639,5.685991e-08,2.925309e-10,7.121934e-08,5.316452e-11,3.906920e-09
6,7,25,-105,1.815555e-01,8.184444e-01,0.181556,1.000000,-1.70619,-0.20035,Water,0.818444,2.057482e-08,1.930479e-08,1.816875e-08,6.615522e-09,1.247192e-09
6,8,25,-95,2.111542e-01,7.888456e-01,0.211154,1.000000,-1.55517,-0.23718,Water,0.788846,2.469044e-08,2.315704e-08,2.142706e-08,6.681182e-09,1.539736e-09
6,9,25,-85,1.046977e-01,8.953021e-01,0.104698,1.000000,-2.25668,-0.11059,Water,0.895302,1.412338e-08,2.300700e-08,9.626426e-09,7.376980e-09,9.890464e-10
6,10,25,-75,1.179406e-02,9.882059e-01,0.011794,1.000000,-4.44016,-0.01186,Water,0.988206,2.066601e-09,2.425633e-08,1.255843e-09,8.019250e-09,1.302106e-10
6,11,25,-65,3.007273e-02,9.699272e-01,0.030073,1.000000,-3.50414,-0.03053,Water,0.969927,4.948661e-09,2.122815e-08,2.804130e-09,7.593901e-09,3.387312e-10
6,12,25,-55,4.178426e-02,9.582156e-01,0.041784,1.000000,-3.17524,-0.04268,Water,0.958216,9.161091e-09,3.090609e-08,5.599208e-09,1.066828e-08,5.092362e-10
6,13,25,-45,3.943623e-03,9.960563e-01,0.003944,1.000000,-5.53566,-0.00395,Water,0.996056,8.647825e-10,2.177193e-08,4.844102e-10,8.701852e-09,5.328916e-11
6,14,25,-35,4.518211e-02,9.548178e-01,0.045182,1.000000,-3.09705,-0.04623,Water,0.954818,8.509737e-09,3.055754e-08,4.972669e-09,8.515615e-09,4.504768e-10
6,15,25,-25,7.329675e-02,9.267031e-01,0.073297,1.000000,-2.61324,-0.07612,Water,0.926703,1.118491e-08,2.740182e-08,8.712345e-09,9.141682e-09,5.696043e-10
6,16,25,-15,1.910460e-04,9.998089e-01,0.000191,1.000000,-8.56300,-0.00019,Water,0.999809,5.502811e-11,1.516186e-08,2.142260e-11,7.451150e-09,4.676064e-12
6,17,25,-5,4.006954e-03,9.959930e-01,0.004007,1.000000,-5.51972,-0.00402,Water,0.995993,9.742738e-10,2.287180e-08,5.114993e-10,9.860202e-09,6.243394e-11
6,18,25,5,4.637912e-01,5.362083e-01,0.463791,1.000000,-0.76832,-0.62323,Water,0.536208,5.883439e-08,4.205980e-08,5.509875e-08,6.498151e-09,1.582316e-09
6,19,25,15,9.832225e-01,1.677718e-02,0.983223,1.000000,-0.01692,-4.08774,Land,0.983222,4.775221e-08,9.506837e-10,7.994291e-08,1.391956e-10,1.351282e-09
6,20,25,25,9.827499e-01,1.724975e-02,0.982750,1.000000,-0.01740,-4.05996,Land,0.982750,5.093328e-08,8.641671e-10,8.324377e-08,1.290026e-10,1.094756e-09
6,21,25,35,9.553331e-01,4.466652e-02,0.955333,1.000000,-0.04570,-3.10853,Land,0.955333,6.647445e-08,2.426375e-09,7.923814e-08,3.522484e-10,2.239763e-09
6,22,25,45,4.322138e-02,9.567785e-01,0.043221,1.000000,-3.14142,-0.04418,Water,0.956778,6.159271e-09,4.296259e-08,5.868693e-09,9.206337e-09,2.018244e-10
6,23,25,55,4.754776e-01,5.245220e-01,0.475478,1.000000,-0.74344,-0.64527,Water,0.524522,4.951208e-08,2.910654e-08,5.502850e-08,5.454622e-09,1.580922e-09
6,24,25,65,1.013620e-01,8.986379e-01,0.101362,1.000000,-2.28906,-0.10688,Water,0.898638,1.425067e-08,3.875639e-08,1.023301e-08,7.906194e-09,5.036928e-10
6,25,25,75,1.341242e-01,8.658756e-01,0.134124,1.000000,-2.00899,-0.14401,Water,0.865876,2.128978e-08,4.092339e-08,1.537516e-08,8.243964e-09,7.496453e-10
6,26,25,85,7.974062e-01,2.025934e-01,0.797406,1.000000,-0.22639,-1.59655,Land,0.797406,6.135550e-08,8.943000e-09,7.639239e-08,1.846137e-09,2.231437e-09
6,27,25,95,3.085652e-01,6.914345e-01,0.308565,1.000000,-1.17582,-0.36899,Water,0.691434,4.299411e-08,2.960496e-08,2.349690e-08,4.912477e-09,1.358920e-09
6,28,25,105,9.362495e-01,6.375002e-02,0.936250,1.000000,-0.06587,-2.75279,Land,0.936250,9.154848e-08,3.257735e-09,7.903496e-08,5.028614e-10,2.314914e-09
6,29,25,115,9.966861e-01,3.313558e-03,0.996686,1.000000,-0.00332,-5.70973,Land,0.996686,6.116304e-08,1.876041e-10,6.981682e-08,2.467500e-11,2.294020e-09
6,30,25,125,5.452334e-01,4.547661e-01,0.545234,1.000000,-0.60654,-0.78797,Land,0.545233,7.601214e-08,2.163311e-08,5.258363e-08,4.160689e-09,2.417903e-09
6,31,25,135,7.367437e-01,2.632558e-01,0.736744,1.000000,-0.30552,-1.33463,Land,0.736744,7.404009e-08,1.141095e-08,6.433966e-08,2.346658e-09,2.828980e-09
6,32,25,145,9.853993e-01,1.460029e-02,0.985400,1.000000,-0.01471,-4.22671,Land,0.985399,7.240136e-08,7.476797e-10,7.597444e-08,1.101285e-10,2.596516e-09
6,33,25,155,9.210901e-01,7.890949e-02,0.921090,1.000000,-0.08220,-2.53945,Land,0.921090,7.362084e-08,3.605004e-09,7.726443e-08,6.684913e-10,2.979995e-09
6,34,25,165,8.916589e-01,1.083406e-01,0.891659,1.000000,-0.11467,-2.22247,Land,0.891659,6.191286e-08,4.566533e-09,7.786273e-08,9.390596e-10,2.446435e-09
6,35,25,175,9.002098e-01,9.978978e-02,0.900210,1.000000,-0.10513,-2.30469,Land,0.900210,5.359981e-08,3.909488e-09,7.411822e-08,8.059517e-10,2.731637e-09
7,0,15,-175,1.806492e-01,8.193507e-01,0.180649,1.000000,-1.71120,-0.19924,Water,0.819351,1.565442e-08,1.299194e-08,1.611989e-08,6.029539e-09,1.116828e-09
7,1,15,-165,1.463020e-01,8.536978e-01,0.146302,1.000000,-1.92208,-0.15818,Water,0.853698,1.755734e-08,1.946604e-08,1.665647e-08,9.344433e-09,1.135088e-09
7,2,15,-155,3.952161e-01,6.047836e-01,0.395216,1.000000,-0.92832,-0.50288,Water,0.604784,3.762615e-08,1.602633e-08,4.095888e-08,6.328919e-09,2.276645e-09
7,3,15,-145,6.955655e-02,9.304433e-01,0.069557,1.000000,-2.66562,-0.07209,Water,0.930443,1.016955e-08,2.206106e-08,7.796090e-09,8.214358e-09,6.577722e-10
7,4,15,-135,1.868697e-03,9.981313e-01,0.001869,1.000000,-6.28251,-0.00187,Water,0.998131,3.772188e-10,1.267170e-08,2.300704e-10,9.252055e-09,2.715967e-11
7,5,15,-125,1.321917e-01,8.678081e-01,0.132192,1.000000,-2.02350,-0.14178,Water,0.867808,2.013854e-08,2.232009e-08,1.545619e-08,8.734206e-09,1.276112e-09
7,6,15,-115,9.758621e-01,2.413760e-02,0.975862,1.000000,-0.02443,-3.72398,Land,0.975862,6.895525e-08,7.040096e-10,7.524170e-08,1.685169e-10,3.767747e-09
7,7,15,-105,3.744188e-01,6.255809e-01,0.374419,1.000000,-0.98238,-0.46907,Water,0.625581,3.883714e-08,1.382226e-08,4.219633e-08,5.248071e-09,1.977501e-09
7,8,15,-95,4.449399e-02,9.555059e-01,0.044494,1.000000,-3.11240,-0.04551,Water,0.955506,6.747230e-09,2.015930e-08,5.218322e-09,8.153348e-09,4.275028e-10
7,9,15,-85,2.152428e-02,9.784757e-01,0.021524,1.000000,-3.83857,-0.02176,Water,0.978476,3.535823e-09,1.773366e-08,2.788734e-09,9.258260e-09,2.072308e-10
7,10,15,-75,8.588749e-03,9.914112e-01,0.008589,1.000000,-4.75730,-0.00863,Water,0.991411,1.705580e-09,1.809355e-08,9.927123e-10,7.751868e-09,1.144353e-10
7,11,15,-65,1.628198e-02,9.837179e-01,0.016282,1.000000,-4.11770,-0.01642,Water,0.983718,3.460057e-09,2.112181e-08,1.980659e-09,9.390675e-09,2.121222e-10
7,12,15,-55,2.616504e-02,9.738348e-01,0.026165,1.000000,-3.64333,-0.02651,Water,0.973835,5.334830e-09,2.151852e-08,3.422043e-09,9.241666e-09,3.263641e-10
7,13,15,-45,8.559370e-03,9.914405e-01,0.008559,1.000000,-4.76073,-0.00860,Water,0.991441,1.913910e-09,1.731880e-08,1.222284e-09,1.017788e-08,1.248277e-10
7,14,15,-35,2.981687e-01,7.018310e-01,0.298169,1.000000,-1.21010,-0.35406,Water,0.701831,4.198939e-08,1.946860e-08,3.802074e-08,6.972623e-09,2.633036e-09
7,15,15,-25,3.111230e-02,9.688876e-01,0.031112,1.000000,-3.47015,-0.03161,Water,0.968888,5.747797e-09,2.181889e-08,4.979240e-09,1.139744e-08,2.878872e-10
7,16,15,-15,2.569811e-02,9.743018e-01,0.025698,1.000000,-3.66134,-0.02603,Water,0.974302,3.225862e-09,1.563446e-08,3.481847e-09,8.111626e-09,1.580945e-10
7,17,15,-5,5.844310e-05,9.999415e-01,0.000058,1.000000,-9.74746,-0.00006,Water,0.999942,2.054179e-11,1.375569e-08,9.888407e-12,9.974878e-09,1.507813e-12
7,18,15,5,8.015268e-03,9.919846e-01,0.008015,1.000000,-4.82641,-0.00805,Water,0.991985,1.487753e-09,3.223595e-08,1.044476e-09,8.522879e-09,3.990020e-11
7,19,15,15,9.259338e-01,7.406584e-02,0.925934,1.000000,-0.07695,-2.60280,Land,0.925934,5.198618e-08,2.185919e-09,7.608888e-08,4.669215e-10,1.396546e-09
7,20,15,25,7.339695e-01,2.660300e-01,0.733970,1.000000,-0.30929,-1.32415,Land,0.733969,6.451909e-08,1.036058e-08,7.786883e-08,2.122643e-09,1.983800e-09
7,21,15,35,8.280554e-01,1.719441e-01,0.828056,0.999999,-0.18868,-1.76059,Land,0.828055,6.941359e-08,7.337142e-09,7.905160e-08,1.393168e-09,2.502391e-09
7,22,15,45,2.269549e-01,7.730449e-01,0.226955,1.000000,-1.48300,-0.25742,Water,0.773045,2.256880e-08,2.582516e-08,2.674259e-08,6.285504e-09,8.055502e-10
7,23,15,55,3.360475e-01,6.639522e-01,0.336048,1.000000,-1.09050,-0.40955,Water,0.663952,4.131879e-08,2.746755e-08,4.348753e-08,6.856791e-09,1.200268e-09
7,24,15,65,2.446089e-01,7.553909e-01,0.244609,1.000000,-1.40809,-0.28052,Water,0.755391,3.103023e-08,2.620644e-08,2.641949e-08,6.682046e-09,1.145481e-09
7,25,15,75,9.487504e-02,9.051248e-01,0.094875,1.000000,-2.35519,-0.09968,Water,0.905125,1.456823e-08,2.352511e-08,1.074546e-08,7.494120e-09,4.240953e-10
7,26,15,85,9.130325e-01,8.696706e-02,0.913033,1.000000,-0.09098,-2.44223,Land,0.913033,7.053621e-08,3.022466e-09,8.542928e-08,6.169075e-10,2.666956e-09
7,27,15,95,2.649574e-01,7.350423e-01,0.264957,1.000000,-1.32819,-0.30783,Water,0.735042,3.903156e-08,2.244590e-08,2.366002e-08,5.190305e-09,1.115658e-09
7,28,15,105,8.376565e-01,1.623431e-01,0.837657,1.000000,-0.17715,-1.81804,Land,0.837656,8.592369e-08,5.277372e-09,7.820845e-08,1.034110e-09,2.167127e-09
7,29,15,115,9.642877e-01,3.571175e-02,0.964288,0.999999,-0.03637,-3.33228,Land,0.964288,8.997415e-08,1.507084e-09,9.838227e-08,2.838394e-10,2.884133e-09
7,30,15,125,1.153380e-01,8.846617e-01,0.115338,1.000000,-2.15989,-0.12255,Water,0.884662,2.823368e-08,3.202750e-08,1.589737e-08,8.248925e-09,9.396965e-10
7,31,15,135,2.254605e-01,7.745392e-01,0.225461,1.000000,-1.48961,-0.25549,Water,0.774539,2.951011e-08,1.796463e-08,2.411128e-08,7.011726e-09,1.086558e-09
7,32,15,145,7.846173e-01,2.153822e-01,0.784618,1.000000,-0.24256,-1.53534,Land,0.784617,8.486457e-08,8.351632e-09,9.197653e-08,2.110230e-09,3.388230e-09
7,33,15,155,8.656147e-01,1.343849e-01,0.865615,1.000000,-0.14432,-2.00705,Land,0.865615,7.870517e-08,4.256648e-09,8.263474e-08,1.075948e-09,2.769643e-09
7,34,15,165,2.640950e-01,7.359047e-01,0.264095,1.000000,-1.33145,-0.30665,Water,0.735905,3.272198e-08,2.229042e-08,2.933666e-08,6.757382e-09,1.315138e-09
7,35,15,175,6.654459e-01,3.345536e-01,0.665446,1.000000,-0.40730,-1.09496,Land,0.665446,6.412362e-08,1.135090e-08,7.121433e-08,3.040473e-09,2.558134e-09
8,0,5,-175,3.552277e-01,6.447721e-01,0.355228,1.000000,-1.03500,-0.43886,Water,0.644772,3.635429e-08,1.704733e-08,3.292100e-08,5.712003e-09,2.018201e-09
8,1,5,-165,2.143083e-01,7.856914e-01,0.214308,1.000000,-1.54034,-0.24119,Water,0.785691,3.258047e-08,2.741396e-08,2.165411e-08,8.224728e-09,1.763383e-09
8,2,5,-155,8.694698e-01,1.305298e-01,0.869470,1.000000,-0.13987,-2.03615,Land,0.869470,5.781544e-08,4.643420e-09,6.244476e-08,1.095433e-09,3.091497e-09
8,3,5,-145,2.828851e-01,7.171146e-01,0.282885,1.000000,-1.26271,-0.33252,Water,0.717115,3.076869e-08,2.477715e-08,2.858335e-08,7.432444e-09,1.786667e-09
8,4,5,-135,1.792070e-02,9.820792e-01,0.017921,1.000000,-4.02180,-0.01808,Water,0.982079,3.649783e-09,2.396813e-08,2.308978e-09,1.044136e-08,2.129719e-10
8,5,5,-125,7.624458e-01,2.375537e-01,0.762446,1.000000,-0.27122,-1.43736,Land,0.762446,8.231139e-08,1.110707e-08,7.545024e-08,2.599832e-09,4.544598e-09
8,6,5,-115,9.774341e-01,2.256558e-02,0.977434,1.000000,-0.02282,-3.79133,Land,0.977434,7.538131e-08,1.048445e-09,7.565311e-08,1.805671e-10,4.060446e-09
8,7,5,-105,7.306410e-01,2.693585e-01,0.730641,1.000000,-0.31383,-1.31171,Land,0.730641,8.368459e-08,1.135526e-08,7.902617e-08,2.718451e-09,4.153374e-09
8,8,5,-95,8.693788e-01,1.306207e-01,0.869379,1.000000,-0.13998,-2.03546,Land,0.869379,8.850257e-08,6.903860e-09,9.227911e-08,1.573052e-09,4.242051e-09
8,9,5,-85,4.155313e-01,5.844683e-01,0.415531,1.000000,-0.87820,-0.53705,Water,0.584468,6.460708e-08,2.959502e-08,5.371840e-08,7.997926e-09,3.238927e-09
8,10,5,-75,2.628617e-01,7.371380e-01,0.262862,1.000000,-1.33613,-0.30498,Water,0.737138,3.897031e-08,2.846065e-08,3.060916e-08,8.005341e-09,1.882375e-09
8,11,5,-65,4.397949e-02,9.560203e-01,0.043979,1.000000,-3.12403,-0.04498,Water,0.956020,1.125247e-08,4.277187e-08,7.294968e-09,1.481456e-08,5.235938e-10
8,12,5,-55,1.137010e-01,8.862987e-01,0.113701,1.000000,-2.17418,-0.12070,Water,0.886299,2.340508e-08,3.915249e-08,1.775057e-08,1.213839e-08,9.822408e-10
8,13,5,-45,4.698168e-02,9.530181e-01,0.046982,1.000000,-3.05800,-0.04812,Water,0.953018,1.009152e-08,3.199911e-08,6.322198e-09,1.217688e-08,4.807663e-10
8,14,5,-35,1.353856e-01,8.646141e-01,0.135386,1.000000,-1.99963,-0.14547,Water,0.864614,2.810983e-08,3.813073e-08,1.845402e-08,1.122827e-08,1.287082e-09
8,15,5,-25,4.255789e-01,5.744206e-01,0.425579,0.999999,-0.85430,-0.55439,Water,0.574421,7.602439e-08,3.142155e-08,6.497293e-08,7.838528e-09,2.905773e-09
8,16,5,-15,1.875357e-02,9.812463e-01,0.018754,1.000000,-3.97637,-0.01893,Water,0.981246,3.050637e-09,2.753243e-08,2.571497e-09,1.071282e-08,1.449257e-10
8,17,5,-5,1.502795e-02,9.849719e-01,0.015028,1.000000,-4.19784,-0.01514,Water,0.984972,3.726215e-09,3.179139e-08,2.438599e-09,1.314335e-08,1.425529e-10
8,18,5,5,8.658381e-01,1.341614e-01,0.865839,0.999999,-0.14406,-2.00871,Land,0.865838,6.415113e-08,7.438266e-09,1.181620e-07,1.560820e-09,1.011105e-09
8,19,5,15,4.673761e-01,5.326233e-01,0.467376,0.999999,-0.76062,-0.62994,Water,0.532623,5.757111e-08,3.145444e-08,5.639978e-08,5.904762e-09,1.293388e-09
8,20,5,25,1.944968e-01,8.055028e-01,0.194497,1.000000,-1.63734,-0.21629,Water,0.805503,3.393855e-08,3.625220e-08,2.853892e-08,9.756310e-09,7.471763e-10
8,21,5,35,6.487433e-01,3.512561e-01,0.648744,0.999999,-0.43272,-1.04624,Land,0.648743,6.346492e-08,1.518323e-08,7.987447e-08,4.405578e-09,1.818889e-09
8,22,5,45,1.160961e-01,8.839037e-01,0.116096,1.000000,-2.15334,-0.12341,Water,0.883904,1.413368e-08,3.532624e-08,1.351164e-08,7.971402e-09,5.051788e-10
8,23,5,55,4.818345e-01,5.181649e-01,0.481835,0.999999,-0.73015,-0.65746,Water,0.518165,6.611700e-08,3.617099e-08,7.056412e-08,7.569902e-09,1.383800e-09
8,24,5,65,5.155874e-02,9.484410e-01,0.051559,1.000000,-2.96503,-0.05294,Water,0.948441,1.021558e-08,5.124309e-08,7.656106e-09,1.211525e-08,2.405881e-10
8,25,5,75,2.489383e-01,7.510614e-01,0.248938,1.000000,-1.39055,-0.28627,Water,0.751061,4.081193e-08,3.846994e-08,3.101363e-08,8.557272e-09,9.708369e-10
8,26,5,85,9.401821e-01,5.981746e-02,0.940183,1.000000,-0.06168,-2.81646,Land,0.940182,8.033282e-08,3.970425e-09,9.371369e-08,6.242231e-10,2.827653e-09
8,27,5,95,7.356108e-01,2.643886e-01,0.735611,0.999999,-0.30705,-1.33034,Land,0.735611,1.132417e-07,1.834059e-08,7.387437e-08,2.720288e-09,2.830681e-09
8,28,5,105,8.587690e-01,1.412304e-01,0.858769,0.999999,-0.15226,-1.95736,Land,0.858769,1.036458e-07,6.795701e-09,9.263292e-08,1.293089e-09,1.999295e-09
8,29,5,115,9.310781e-01,6.892127e-02,0.931079,0.999999,-0.07141,-2.67479,Land,0.931078,1.164888e-07,4.267520e-09,9.187455e-08,6.371621e-10,3.498702e-09
8,30,5,125,2.434265e-01,7.565729e-01,0.243427,0.999999,-1.41294,-0.27896,Water,0.756573,6.326929e-08,4.400343e-08,2.961099e-08,7.495018e-09,1.802930e-09
8,31,5,135,7.273846e-01,2.726148e-01,0.727385,0.999999,-0.31830,-1.29970,Land,0.727385,9.937925e-08,1.598340e-08,8.127606e-08,3.286668e-09,2.964560e-09
8,32,5,145,9.534270e-01,4.657259e-02,0.953427,1.000000,-0.04769,-3.06674,Land,0.953427,9.076971e-08,2.610120e-09,9.677749e-08,4.434571e-10,2.781524e-09
8,33,5,155,8.853735e-01,1.146261e-01,0.885374,1.000000,-0.12175,-2.16608,Land,0.885373,8.846951e-08,5.433361e-09,7.095355e-08,1.020816e-09,3.144774e-09
8,34,5,165,8.589253e-01,1.410741e-01,0.858926,0.999999,-0.15207,-1.95847,Land,0.858925,9.358790e-08,9.296694e-09,1.046217e-07,1.797001e-09,3.541951e-09
8,35,5,175,9.441676e-01,5.583196e-02,0.944168,1.000000,-0.05745,-2.88541,Land,0.944168,6.159340e-08,2.350640e-09,9.063190e-08,5.377669e-10,2.682990e-09
9,0,-5,-175,3.385581e-06,9.999966e-01,0.000003,1.000000,-12.59599,-0.00000,Water,0.999997,1.186669e-12,7.755486e-09,2.764602e-13,4.828920e-09,1.068763e-13
9,1,-5,-165,5.796970e-07,9.999994e-01,0.000001,1.000000,-14.36076,-0.00000,Water,0.999999,4.324460e-13,1.203637e-08,5.494652e-14,5.477223e-09,3.654079e-14
9,2,-5,-155,3.102924e-06,9.999969e-01,0.000003,1.000000,-12.68317,-0.00000,Water,0.999997,1.548574e-12,1.141372e-08,2.899291e-13,5.765633e-09,1.236317e-13
9,3,-5,-145,1.777864e-07,9.999998e-01,0.000000,1.000000,-15.54268,-0.00000,Water,1.000000,1.490804e-13,1.287944e-08,1.500966e-14,4.814753e-09,1.402615e-14
9,4,-5,-135,1.497468e-08,1.000000e+00,0.000000,1.000000,-18.01690,-0.00000,Water,1.000000,1.594323e-14,1.017223e-08,1.318033e-15,5.464100e-09,2.063931e-15
9,5,-5,-125,1.619292e-07,9.999998e-01,0.000000,1.000000,-15.63611,-0.00000,Water,1.000000,1.572586e-13,1.307379e-08,1.567360e-14,4.679293e-09,1.444314e-14
9,6,-5,-115,7.431975e-06,9.999925e-01,0.000007,1.000000,-11.80972,-0.00001,Water,0.999993,4.542429e-12,1.405135e-08,7.776250e-13,5.691886e-09,2.780599e-13
9,7,-5,-105,1.365228e-07,9.999998e-01,0.000000,1.000000,-15.80677,-0.00000,Water,1.000000,9.514315e-14,8.916227e-09,1.431275e-14,4.628829e-09,9.245352e-15
9,8,-5,-95,8.652514e-08,9.999999e-01,0.000000,1.000000,-16.26283,-0.00000,Water,1.000000,9.080415e-14,1.413764e-08,1.027171e-14,6.457702e-09,8.716063e-15
9,9,-5,-85,3.158986e-08,9.999999e-01,0.000000,1.000000,-17.27043,-0.00000,Water,1.000000,3.642005e-14,1.290224e-08,3.566812e-15,6.049453e-09,4.661966e-15
9,10,-5,-75,1.974601e-08,1.000000e+00,0.000000,1.000000,-17.74031,-0.00000,Water,1.000000,2.251617e-14,1.218160e-08,2.122294e-15,6.162723e-09,2.083563e-15
9,11,-5,-65,3.845312e-08,9.999999e-01,0.000000,1.000000,-17.07383,-0.00000,Water,1.000000,3.667816e-14,1.282285e-08,4.032653e-15,5.906242e-09,3.881587e-15
9,12,-5,-55,3.671744e-07,9.999996e-01,0.000000,1.000000,-14.81743,-0.00000,Water,1.000000,3.520341e-13,1.701919e-08,4.739290e-14,7.047425e-09,2.935329e-14
9,13,-5,-45,7.362816e-08,9.999999e-01,0.000000,1.000000,-16.42424,-0.00000,Water,1.000000,6.881556e-14,1.285292e-08,9.071824e-15,6.209838e-09,6.604149e-15
9,14,-5,-35,5.615894e-07,9.999994e-01,0.000001,1.000000,-14.39249,-0.00000,Water,0.999999,4.678461e-13,1.311004e-08,7.110453e-14,5.888758e-09,3.516557e-14
9,15,-5,-25,8.143972e-07,9.999992e-01,0.000001,1.000000,-14.02082,-0.00000,Water,0.999999,6.435699e-13,1.500357e-08,1.261457e-13,7.034529e-09,4.750578e-14
9,16,-5,-15,4.856248e-09,1.000000e+00,0.000000,1.000000,-19.14300,-0.00000,Water,1.000000,6.381146e-15,1.174122e-08,5.388271e-16,5.423129e-09,6.479196e-16
9,17,-5,-5,5.597992e-08,9.999999e-01,0.000000,1.000000,-16.69827,-0.00000,Water,1.000000,4.722184e-14,1.127682e-08,8.176209e-15,6.457259e-09,2.886936e-15
9,18,-5,5,9.024394e-07,9.999991e-01,0.000001,1.000000,-13.91816,-0.00000,Water,0.999999,4.915999e-13,1.719483e-08,1.516304e-13,7.764786e-09,2.937556e-14
9,19,-5,15,9.924660e-08,9.999999e-01,0.000000,1.000000,-16.12566,-0.00000,Water,1.000000,8.365837e-14,1.562520e-08,1.316798e-14,6.176656e-09,8.672169e-15
9,20,-5,25,7.629963e-07,9.999992e-01,0.000001,1.000000,-14.08601,-0.00000,Water,0.999999,7.198011e-13,1.930455e-08,1.247702e-13,7.831033e-09,4.574568e-14
9,21,-5,35,3.847803e-06,9.999961e-01,0.000004,1.000000,-12.46801,-0.00000,Water,0.999996,2.872895e-12,2.453861e-08,5.100683e-13,7.874985e-09,1.963927e-13
9,22,-5,45,4.471442e-07,9.999995e-01,0.000000,1.000000,-14.62038,-0.00000,Water,1.000000,3.049403e-13,1.972808e-08,6.262715e-14,7.639000e-09,2.794496e-14
9,23,-5,55,7.927991e-07,9.999992e-01,0.000001,1.000000,-14.04770,-0.00000,Water,0.999999,6.612577e-13,2.614562e-08,1.096721e-13,8.579505e-09,3.800114e-14
9,24,-5,65,2.603488e-07,9.999997e-01,0.000000,1.000000,-15.16124,-0.00000,Water,1.000000,2.346360e-13,1.974593e-08,3.181105e-14,7.183491e-09,2.028678e-14
9,25,-5,75,2.451116e-07,9.999997e-01,0.000000,1.000000,-15.22155,-0.00000,Water,1.000000,2.415511e-13,1.836946e-08,3.368637e-14,6.372930e-09,1.973960e-14
9,26,-5,85,8.867236e-08,9.999999e-01,0.000000,1.000000,-16.23832,-0.00000,Water,1.000000,9.243294e-14,2.050012e-08,1.197926e-14,7.136146e-09,1.169621e-14
9,27,-5,95,1.745317e-07,9.999998e-01,0.000000,1.000000,-15.56116,-0.00000,Water,1.000000,2.056311e-13,1.558713e-08,1.647153e-14,5.118967e-09,1.638135e-14
9,28,-5,105,1.173224e-06,9.999988e-01,0.000001,1.000000,-13.65576,-0.00000,Water,0.999999,1.058316e-12,1.538300e-08,1.562859e-13,5.887373e-09,7.596309e-14
9,29,-5,115,1.445450e-06,9.999985e-01,0.000001,1.000000,-13.44709,-0.00000,Water,0.999999,1.480989e-12,1.686266e-08,2.202343e-13,6.777499e-09,1.174690e-13
9,30,-5,125,4.488745e-08,9.999999e-01,0.000000,1.000000,-16.91911,-0.00000,Water,1.000000,8.876948e-14,1.649753e-08,6.290969e-15,6.728410e-09,7.456162e-15
9,31,-5,135,7.310048e-08,9.999999e-01,0.000000,1.000000,-16.43143,-0.00000,Water,1.000000,9.687637e-14,1.307251e-08,8.183558e-15,6.610552e-09,8.624547e-15
9,32,-5,145,2.070807e-06,9.999979e-01,0.000002,1.000000,-13.08757,-0.00000,Water,0.999998,1.774624e-12,1.531507e-08,3.145027e-13,6.961323e-09,1.355786e-13
9,33,-5,155,1.883134e-06,9.999981e-01,0.000002,1.000000,-13.18257,-0.00000,Water,0.999998,1.432152e-12,1.382472e-08,2.253099e-13,6.572196e-09,1.196017e-13
9,34,-5,165,8.093188e-06,9.999919e-01,0.000008,1.000000,-11.72449,-0.00001,Water,0.999992,4.290335e-12,1.284073e-08,9.656268e-13,6.301758e-09,2.768805e-13
9,35,-5,175,9.045756e-05,9.999095e-01,0.000090,1.000000,-9.31063,-0.00009,Water,0.999910,2.302306e-11,9.455546e-09,8.768955e-12,6.113908e-09,2.195182e-12
10,0,-15,-175,1.840239e-05,9.999816e-01,0.000018,1.000000,-10.90303,-0.00002,Water,0.999982,5.743365e-12,7.792974e-09,1.414189e-12,4.448627e-09,4.235980e-13
10,1,-15,-165,1.943448e-05,9.999805e-01,0.000019,1.000000,-10.84846,-0.00002,Water,0.999981,7.298078e-12,1.070921e-08,1.763398e-12,5.510642e-09,4.968100e-13
10,2,-15,-155,2.988959e-04,9.997011e-01,0.000299,1.000000,-8.11542,-0.00030,Water,0.999701,9.619981e-11,1.496590e-08,2.579393e-11,5.511172e-09,5.464355e-12
10,3,-15,-145,2.325811e-06,9.999977e-01,0.000002,1.000000,-12.97144,-0.00000,Water,0.999998,1.221056e-12,1.134380e-08,2.172415e-13,5.334815e-09,1.062153e-13
10,4,-15,-135,1.065427e-07,9.999999e-01,0.000000,1.000000,-16.05472,-0.00000,Water,1.000000,8.431781e-14,8.970643e-09,9.557653e-15,5.430405e-09,9.205559e-15
10,5,-15,-125,6.050945e-07,9.999994e-01,0.000001,1.000000,-14.31788,-0.00000,Water,0.999999,4.649727e-13,1.011353e-08,5.572166e-14,5.012817e-09,4.406731e-14
10,6,-15,-115,7.634063e-06,9.999923e-01,0.000008,1.000000,-11.78289,-0.00001,Water,0.999992,4.049106e-12,1.022762e-08,6.128694e-13,4.187561e-09,2.961162e-13
10,7,-15,-105,7.555468e-07,9.999992e-01,0.000001,1.000000,-14.09582,-0.00000,Water,0.999999,5.014595e-13,9.120877e-09,7.195056e-14,4.452730e-09,3.740315e-14
10,8,-15,-95,4.110636e-07,9.999996e-01,0.000000,1.000000,-14.70452,-0.00000,Water,1.000000,2.233390e-13,9.612058e-09,3.725478e-14,4.474338e-09,2.095264e-14
10,9,-15,-85,8.010529e-08,9.999999e-01,0.000000,1.000000,-16.33992,-0.00000,Water,1.000000,6.441227e-14,1.010495e-08,8.391602e-15,5.131226e-09,6.411230e-15
10,10,-15,-75,2.279247e-07,9.999997e-01,0.000000,1.000000,-15.29425,-0.00000,Water,1.000000,1.767004e-13,1.165166e-08,2.176832e-14,4.846901e-09,1.428067e-14
10,11,-15,-65,4.972751e-07,9.999995e-01,0.000000,1.000000,-14.51412,-0.00000,Water,0.999999,3.369390e-13,9.721485e-09,5.529283e-14,5.208729e-09,2.618423e-14
10,12,-15,-55,2.107851e-06,9.999979e-01,0.000002,1.000000,-13.06984,-0.00000,Water,0.999998,1.206039e-12,1.155398e-08,2.335855e-13,5.638710e-09,8.937717e-14
10,13,-15,-45,2.090222e-07,9.999998e-01,0.000000,1.000000,-15.38083,-0.00000,Water,1.000000,1.574291e-13,9.903456e-09,2.311467e-14,5.310218e-09,1.356450e-14
10,14,-15,-35,1.953915e-05,9.999804e-01,0.000020,1.000000,-10.84309,-0.00002,Water,0.999980,9.191419e-12,1.375368e-08,1.929749e-12,4.817820e-09,5.931436e-13
10,15,-15,-25,1.338875e-06,9.999986e-01,0.000001,1.000000,-13.52368,-0.00000,Water,0.999999,8.848618e-13,1.339622e-08,1.701555e-13,6.126805e-09,6.295033e-14
10,16,-15,-15,1.721512e-04,9.998278e-01,0.000172,1.000000,-8.66714,-0.00017,Water,0.999828,3.933596e-11,1.060028e-08,1.731847e-11,4.982353e-09,2.022483e-12
10,17,-15,-5,5.167510e-08,9.999999e-01,0.000000,1.000000,-16.77829,-0.00000,Water,1.000000,5.477416e-14,1.450195e-08,7.014576e-15,5.808145e-09,4.353328e-15
10,18,-15,5,2.035694e-06,9.999979e-01,0.000002,1.000000,-13.10467,-0.00000,Water,0.999998,1.403999e-12,2.071334e-08,2.939278e-13,6.562574e-09,7.353158e-14
10,19,-15,15,6.025704e-06,9.999939e-01,0.000006,1.000000,-12.01948,-0.00001,Water,0.999994,2.539928e-12,1.407879e-08,8.760095e-13,7.101087e-09,1.670571e-13
10,20,-15,25,1.213448e-06,9.999988e-01,0.000001,1.000000,-13.62204,-0.00000,Water,0.999999,8.582905e-13,1.900888e-08,1.748202e-13,6.570069e-09,5.683196e-14
10,21,-15,35,2.310702e-06,9.999977e-01,0.000002,1.000000,-12.97796,-0.00000,Water,0.999998,1.546529e-12,1.739062e-08,2.668637e-13,5.879231e-09,1.035389e-13
10,22,-15,45,3.183059e-07,9.999997e-01,0.000000,1.000000,-14.96025,-0.00000,Water,1.000000,1.633929e-13,1.374471e-08,3.504616e-14,5.789529e-09,1.545696e-14
10,23,-15,55,7.286230e-07,9.999992e-01,0.000001,1.000000,-14.13211,-0.00000,Water,0.999999,4.896554e-13,1.499068e-08,8.719263e-14,6.412322e-09,3.990394e-14
10,24,-15,65,1.939655e-07,9.999998e-01,0.000000,1.000000,-15.45559,-0.00000,Water,1.000000,1.713204e-13,1.394695e-08,1.963109e-14,5.250004e-09,1.521975e-14
10,25,-15,75,5.852172e-07,9.999994e-01,0.000001,1.000000,-14.35128,-0.00000,Water,0.999999,3.793028e-13,1.259809e-08,6.615590e-14,5.003122e-09,3.276457e-14
10,26,-15,85,5.384717e-07,9.999994e-01,0.000001,1.000000,-14.43453,-0.00000,Water,0.999999,3.553515e-13,1.671932e-08,6.076611e-14,5.656611e-09,3.902889e-14
10,27,-15,95,7.273719e-07,9.999992e-01,0.000001,1.000000,-14.13383,-0.00000,Water,0.999999,7.370000e-13,1.215460e-08,7.455478e-14,4.785508e-09,5.045283e-14
10,28,-15,105,5.225526e-05,9.999477e-01,0.000052,1.000000,-9.85937,-0.00005,Water,0.999948,2.515466e-11,1.533973e-08,7.458045e-12,5.913790e-09,1.324376e-12
10,29,-15,115,2.671879e-04,9.997328e-01,0.000267,1.000000,-8.22756,-0.00027,Water,0.999733,9.388922e-11,1.480731e-08,3.673509e-11,6.576345e-09,5.714937e-12
10,30,-15,125,2.482125e-06,9.999975e-01,0.000002,1.000000,-12.90640,-0.00000,Water,0.999997,2.483874e-12,1.624754e-08,3.417342e-13,5.675285e-09,1.629424e-13
10,31,-15,135,2.319702e-06,9.999977e-01,0.000002,1.000000,-12.97407,-0.00000,Water,0.999998,1.728483e-12,1.305522e-08,2.513922e-13,5.890804e-09,1.327225e-13
10,32,-15,145,1.417747e-04,9.998582e-01,0.000142,1.000000,-8.86127,-0.00014,Water,0.999858,5.409463e-11,1.442998e-08,1.843973e-11,6.070231e-09,3.388145e-12
10,33,-15,155,2.545097e-04,9.997455e-01,0.000255,1.000000,-8.27617,-0.00025,Water,0.999745,1.004626e-10,1.632112e-08,3.001158e-11,6.827365e-09,5.812099e-12
10,34,-15,165,3.196226e-04,9.996803e-01,0.000320,1.000000,-8.04837,-0.00032,Water,0.999680,8.707755e-11,1.450487e-08,3.216138e-11,5.620332e-09,5.427948e-12
10,35,-15,175,2.736914e-04,9.997263e-01,0.000274,1.000000,-8.20351,-0.00027,Water,0.999726,6.777069e-11,1.133560e-08,2.732841e-11,5.572449e-09,4.998649e-12
11,0,-25,-175,2.563873e-06,9.999974e-01,0.000003,1.000000,-12.87399,-0.00000,Water,0.999997,1.120597e-12,9.673430e-09,2.175914e-13,4.831181e-09,1.130159e-13
11,1,-25,-165,5.364727e-07,9.999994e-01,0.000001,1.000000,-14.43825,-0.00000,Water,0.999999,3.491017e-13,1.093022e-08,3.979081e-14,4.366374e-09,3.652020e-14
11,2,-25,-155,2.768873e-07,9.999997e-01,0.000000,1.000000,-15.09966,-0.00000,Water,1.000000,2.295666e-13,1.375746e-08,2.469656e-14,5.104186e-09,2.274574e-14
11,3,-25,-145,1.950908e-07,9.999998e-01,0.000000,1.000000,-15.44980,-0.00000,Water,1.000000,1.393505e-13,1.375696e-08,1.775086e-14,5.039086e-09,1.576360e-14
11,4,-25,-135,1.478439e-08,1.000000e+00,0.000000,1.000000,-18.02969,-0.00000,Water,1.000000,1.278140e-14,9.098244e-09,1.138397e-15,4.695387e-09,2.034969e-15
11,5,-25,-125,8.265141e-08,9.999999e-01,0.000000,1.000000,-16.30863,-0.00000,Water,1.000000,6.746467e-14,1.130626e-08,7.717270e-15,4.722799e-09,7.835182e-15
11,6,-25,-115,3.438188e-06,9.999965e-01,0.000003,1.000000,-12.58057,-0.00000,Water,0.999997,2.227055e-12,1.574314e-08,3.406030e-13,5.207075e-09,2.173299e-13
11,7,-25,-105,2.188704e-08,1.000000e+00,0.000000,1.000000,-17.63737,-0.00000,Water,1.000000,1.827604e-14,8.597564e-09,1.927714e-15,3.871200e-09,2.168208e-15
11,8,-25,-95,1.322863e-08,1.000000e+00,0.000000,1.000000,-18.14088,-0.00000,Water,1.000000,1.887999e-14,1.197482e-08,1.336083e-15,5.066032e-09,2.150863e-15
11,9,-25,-85,4.412220e-09,1.000000e+00,0.000000,1.000000,-19.23889,-0.00000,Water,1.000000,5.868320e-15,1.063966e-08,4.507482e-16,4.910663e-09,7.247552e-16
11,10,-25,-75,3.350048e-08,9.999999e-01,0.000000,1.000000,-17.21171,-0.00000,Water,1.000000,2.843492e-14,1.165338e-08,2.776234e-15,4.355405e-09,2.586481e-15
11,11,-25,-65,6.434063e-08,9.999999e-01,0.000000,1.000000,-16.55907,-0.00000,Water,1.000000,5.911732e-14,1.180467e-08,6.977773e-15,5.689399e-09,5.939198e-15
11,12,-25,-55,2.563031e-07,9.999997e-01,0.000000,1.000000,-15.17690,-0.00000,Water,1.000000,1.623329e-13,1.187198e-08,2.289224e-14,4.957008e-09,1.381119e-14
11,13,-25,-45,4.834523e-08,9.999999e-01,0.000000,1.000000,-16.84490,-0.00000,Water,1.000000,4.064849e-14,1.260107e-08,4.928974e-15,5.071039e-09,4.299328e-15
11,14,-25,-35,2.207028e-07,9.999998e-01,0.000000,1.000000,-15.32645,-0.00000,Water,1.000000,2.087841e-13,1.325977e-08,2.663749e-14,5.901140e-09,1.795086e-14
11,15,-25,-25,5.966720e-07,9.999994e-01,0.000001,1.000000,-14.33190,-0.00000,Water,0.999999,3.989673e-13,1.351890e-08,7.130763e-14,5.834935e-09,2.809642e-14
11,16,-25,-15,4.730807e-08,9.999999e-01,0.000000,1.000000,-16.86658,-0.00000,Water,1.000000,4.337781e-14,1.250316e-08,5.013933e-15,4.577197e-09,3.755180e-15
11,17,-25,-5,1.250678e-08,1.000000e+00,0.000000,1.000000,-18.19699,-0.00000,Water,1.000000,1.680729e-14,1.511123e-08,1.574674e-15,5.621379e-09,1.381085e-15
11,18,-25,5,5.768079e-05,9.999423e-01,0.000058,1.000000,-9.76059,-0.00006,Water,0.999942,3.679349e-11,2.990946e-08,9.354701e-12,8.855616e-09,1.415291e-12
11,19,-25,15,2.654649e-06,9.999973e-01,0.000003,1.000000,-12.83920,-0.00000,Water,0.999997,1.470148e-12,1.656218e-08,3.406019e-13,6.442283e-09,1.286640e-13
11,20,-25,25,1.183221e-05,9.999881e-01,0.000012,1.000000,-11.34469,-0.00001,Water,0.999988,7.472116e-12,2.224248e-08,1.624413e-12,6.654409e-09,4.239483e-13
11,21,-25,35,7.876152e-06,9.999921e-01,0.000008,1.000000,-11.75167,-0.00001,Water,0.999992,5.583818e-12,2.126266e-08,1.059149e-12,6.425964e-09,3.343486e-13
11,22,-25,45,2.798563e-07,9.999997e-01,0.000000,1.000000,-15.08899,-0.00000,Water,1.000000,2.379789e-13,2.262237e-08,3.537713e-14,6.670510e-09,2.044258e-14
11,23,-25,55,3.548203e-07,9.999996e-01,0.000000,1.000000,-14.85165,-0.00000,Water,1.000000,3.775727e-13,2.166656e-08,4.719850e-14,7.389499e-09,2.551224e-14
11,24,-25,65,2.667266e-08,9.999999e-01,0.000000,1.000000,-17.43963,-0.00000,Water,1.000000,3.679430e-14,1.648149e-08,3.068957e-15,5.570998e-09,2.993628e-15
11,25,-25,75,2.770426e-07,9.999997e-01,0.000000,1.000000,-15.09909,-0.00000,Water,1.000000,2.446342e-13,1.661385e-08,3.073765e-14,5.186900e-09,2.124370e-14
11,26,-25,85,4.256208e-09,1.000000e+00,0.000000,1.000000,-19.27489,-0.00000,Water,1.000000,4.651330e-15,1.379298e-08,4.654132e-16,6.161525e-09,7.138034e-16
11,27,-25,95,7.231443e-09,1.000000e+00,0.000000,1.000000,-18.74483,-0.00000,Water,1.000000,1.588033e-14,1.413150e-08,6.376891e-16,4.740542e-09,1.449087e-15
11,28,-25,105,7.433410e-05,9.999256e-01,0.000074,1.000000,-9.50694,-0.00007,Water,0.999926,3.897564e-11,1.838660e-08,8.993056e-12,5.354461e-09,2.019989e-12
11,29,-25,115,2.088387e-04,9.997911e-01,0.000209,1.000000,-8.47395,-0.00021,Water,0.999791,1.073265e-10,2.249911e-08,2.616843e-11,6.265368e-09,6.713881e-12
11,30,-25,125,1.932776e-06,9.999980e-01,0.000002,1.000000,-13.15655,-0.00000,Water,0.999998,1.786082e-12,1.721946e-08,2.851442e-13,6.844359e-09,1.382446e-13
11,31,-25,135,2.113257e-06,9.999979e-01,0.000002,1.000000,-13.06728,-0.00000,Water,0.999998,1.527055e-12,1.340485e-08,2.014082e-13,5.300675e-09,1.328100e-13
11,32,-25,145,1.284626e-03,9.987153e-01,0.001285,1.000000,-6.65729,-0.00129,Water,0.998715,4.557725e-10,2.126794e-08,1.606698e-10,6.898581e-09,2.751500e-11
11,33,-25,155,2.310818e-05,9.999769e-01,0.000023,1.000000,-10.67532,-0.00002,Water,0.999977,1.379412e-11,1.806412e-08,3.116946e-12,7.680787e-09,1.164682e-12
11,34,-25,165,1.039783e-03,9.989602e-01,0.001040,1.000000,-6.86874,-0.00104,Water,0.998960,2.659022e-10,1.839500e-08,9.167976e-11,5.473462e-09,2.144438e-11
11,35,-25,175,3.356201e-04,9.996644e-01,0.000336,1.000000,-7.99953,-0.00034,Water,0.999664,7.643966e-11,1.095486e-08,2.917432e-11,5.115513e-09,7.016100e-12
12,0,-35,-175,4.121677e-06,9.999959e-01,0.000004,1.000000,-12.39925,-0.00000,Water,0.999996,1.338714e-12,8.253037e-09,3.170579e-13,4.158516e-09,1.351613e-13
12,1,-35,-165,1.711783e-06,9.999983e-01,0.000002,1.000000,-13.27797,-0.00000,Water,0.999998,9.474203e-13,1.182843e-08,1.366135e-13,4.850658e-09,8.099678e-14
12,2,-35,-155,1.466010e-06,9.999985e-01,0.000001,1.000000,-13.43297,-0.00000,Water,0.999999,9.712430e-13,1.387640e-08,1.261281e-13,5.078262e-09,9.223979e-14
12,3,-35,-145,3.277685e-07,9.999997e-01,0.000000,1.000000,-14.93096,-0.00000,Water,1.000000,2.001162e-13,1.191829e-08,2.698713e-14,4.394984e-09,2.509650e-14
12,4,-35,-135,2.786557e-08,1.000000e+00,0.000000,1.000000,-17.39587,-0.00000,Water,1.000000,2.238875e-14,8.771986e-09,2.103053e-15,4.806597e-09,3.114374e-15
12,5,-35,-125,1.199794e-07,9.999999e-01,0.000000,1.000000,-15.93595,-0.00000,Water,1.000000,8.465371e-14,1.178126e-08,9.540396e-15,4.412708e-09,1.063562e-14
12,6,-35,-115,3.362516e-06,9.999966e-01,0.000003,1.000000,-12.60282,-0.00000,Water,0.999997,1.896071e-12,1.210453e-08,2.683897e-13,4.406688e-09,1.772595e-13
12,7,-35,-105,5.190041e-08,9.999999e-01,0.000000,1.000000,-16.77394,-0.00000,Water,1.000000,4.520043e-14,9.246527e-09,3.636450e-15,3.508321e-09,4.280668e-15
12,8,-35,-95,3.549637e-08,9.999999e-01,0.000000,1.000000,-17.15384,-0.00000,Water,1.000000,3.220071e-14,9.807608e-09,2.760859e-15,4.334025e-09,3.400572e-15
12,9,-35,-85,1.026293e-08,1.000000e+00,0.000000,1.000000,-18.39473,-0.00000,Water,1.000000,1.030860e-14,1.030488e-08,8.205686e-16,4.299748e-09,1.132576e-15
12,10,-35,-75,5.551367e-08,9.999999e-01,0.000000,1.000000,-16.70664,-0.00000,Water,1.000000,4.620552e-14,1.082211e-08,4.997969e-15,4.975224e-09,4.330570e-15
12,11,-35,-65,9.785694e-08,9.999999e-01,0.000000,1.000000,-16.13976,-0.00000,Water,1.000000,7.983202e-14,1.066884e-08,8.835701e-15,4.929045e-09,7.982634e-15
12,12,-35,-55,2.976505e-07,9.999997e-01,0.000000,1.000000,-15.02735,-0.00000,Water,1.000000,1.839069e-13,1.109922e-08,2.873949e-14,5.412990e-09,1.591336e-14
12,13,-35,-45,6.645118e-08,9.999999e-01,0.000000,1.000000,-16.52680,-0.00000,Water,1.000000,6.030861e-14,1.128933e-08,6.304428e-15,5.393986e-09,6.197259e-15
12,14,-35,-35,3.707549e-08,9.999999e-01,0.000000,1.000000,-17.11031,-0.00000,Water,1.000000,3.846071e-14,1.186445e-08,3.568796e-15,4.931349e-09,3.246353e-15
12,15,-35,-25,7.786062e-07,9.999992e-01,0.000001,1.000000,-14.06576,-0.00000,Water,0.999999,5.440914e-13,1.336682e-08,8.214739e-14,5.299570e-09,4.509224e-14
12,16,-35,-15,2.370253e-08,1.000000e+00,0.000000,1.000000,-17.55768,-0.00000,Water,1.000000,2.041967e-14,1.094253e-08,2.116451e-15,4.294961e-09,1.805820e-15
12,17,-35,-5,5.954757e-09,1.000000e+00,0.000000,1.000000,-18.93908,-0.00000,Water,1.000000,9.067915e-15,1.445989e-08,6.403809e-16,5.461829e-09,7.891286e-16
12,18,-35,5,1.189526e-06,9.999988e-01,0.000001,1.000000,-13.64196,-0.00000,Water,0.999999,1.071071e-12,2.105974e-08,1.585047e-13,6.808221e-09,6.198514e-14
12,19,-35,15,3.233672e-07,9.999997e-01,0.000000,1.000000,-14.94448,-0.00000,Water,1.000000,2.234967e-13,1.408462e-08,3.878209e-14,5.284654e-09,1.974355e-14
12,20,-35,25,3.324369e-06,9.999966e-01,0.000003,1.000000,-12.61423,-0.00000,Water,0.999997,2.493760e-12,1.907014e-08,4.194598e-13,5.356496e-09,1.552240e-13
12,21,-35,35,6.161104e-07,9.999993e-01,0.000001,1.000000,-14.29984,-0.00000,Water,0.999999,5.072187e-13,1.965289e-08,7.503898e-14,6.229016e-09,4.378179e-14
12,22,-35,45,6.605791e-08,9.999999e-01,0.000000,1.000000,-16.53273,-0.00000,Water,1.000000,5.909663e-14,1.906889e-08,7.330365e-15,6.369297e-09,5.839145e-15
12,23,-35,55,1.571428e-07,9.999998e-01,0.000000,1.000000,-15.66611,-0.00000,Water,1.000000,1.554164e-13,1.706207e-08,1.620202e-14,5.435265e-09,1.240863e-14
12,24,-35,65,1.197213e-07,9.999999e-01,0.000000,1.000000,-15.93810,-0.00000,Water,1.000000,1.219531e-13,1.621609e-08,1.138856e-14,4.677768e-09,1.115055e-14
12,25,-35,75,1.642663e-07,9.999998e-01,0.000000,1.000000,-15.62178,-0.00000,Water,1.000000,1.288071e-13,1.268431e-08,1.628375e-14,4.746169e-09,1.252404e-14
12,26,-35,85,3.782360e-09,1.000000e+00,0.000000,1.000000,-19.39292,-0.00000,Water,1.000000,4.799295e-15,1.354012e-08,2.963138e-16,4.497622e-09,6.540397e-16
12,27,-35,95,9.007661e-09,1.000000e+00,0.000000,1.000000,-18.52519,-0.00000,Water,1.000000,1.555163e-14,1.197309e-08,7.487647e-16,4.240375e-09,1.329274e-15
12,28,-35,105,1.049566e-05,9.999895e-01,0.000010,1.000000,-11.46455,-0.00001,Water,0.999989,6.645947e-12,1.574290e-08,1.271807e-12,5.344141e-09,3.993749e-13
12,29,-35,115,6.562605e-06,9.999934e-01,0.000007,1.000000,-11.93412,-0.00001,Water,0.999993,5.031823e-12,1.796121e-08,8.454050e-13,6.053511e-09,3.534617e-13
12,30,-35,125,2.402057e-07,9.999997e-01,0.000000,1.000000,-15.24177,-0.00000,Water,1.000000,2.747474e-13,1.490191e-08,2.619680e-14,4.997926e-09,2.389865e-14
12,31,-35,135,4.342484e-07,9.999995e-01,0.000000,1.000000,-14.64965,-0.00000,Water,1.000000,3.392858e-13,1.122517e-08,4.173209e-14,5.662181e-09,2.712049e-14
12,32,-35,145,1.075471e-04,9.998924e-01,0.000108,1.000000,-9.13758,-0.00011,Water,0.999892,4.699679e-11,1.781712e-08,1.263462e-11,6.501746e-09,3.553394e-12
12,33,-35,155,1.701225e-05,9.999830e-01,0.000017,1.000000,-10.98158,-0.00002,Water,0.999983,1.037827e-11,1.822703e-08,2.039124e-12,6.372543e-09,6.887339e-13
12,34,-35,165,1.142042e-04,9.998858e-01,0.000114,1.000000,-9.07752,-0.00011,Water,0.999886,4.151493e-11,1.695525e-08,1.106133e-11,5.322784e-09,3.150821e-12
12,35,-35,175,6.921286e-05,9.999308e-01,0.000069,1.000000,-9.57832,-0.00007,Water,0.999931,1.888948e-11,1.048516e-08,6.889585e-12,5.795140e-09,2.075287e-12
13,0,-45,-175,1.819912e-06,9.999982e-01,0.000002,1.000000,-13.21672,-0.00000,Water,0.999998,6.550807e-13,8.372397e-09,1.454557e-13,4.173210e-09,6.662867e-14
13,1,-45,-165,3.129457e-07,9.999997e-01,0.000000,1.000000,-14.97724,-0.00000,Water,1.000000,1.733441e-13,9.708534e-09,2.158649e-14,3.852489e-09,1.960719e-14
13,2,-45,-155,1.341340e-07,9.999998e-01,0.000000,1.000000,-15.82443,-0.00000,Water,1.000000,9.280444e-14,1.098922e-08,1.133788e-14,4.683222e-09,1.200983e-14
13,3,-45,-145,1.891123e-07,9.999998e-01,0.000000,1.000000,-15.48092,-0.00000,Water,1.000000,1.018690e-13,1.130892e-08,1.637024e-14,4.770747e-09,1.141066e-14
13,4,-45,-135,2.479890e-08,1.000000e+00,0.000000,1.000000,-17.51247,-0.00000,Water,1.000000,1.672024e-14,7.622092e-09,1.754968e-15,4.076545e-09,2.273194e-15
13,5,-45,-125,3.527331e-08,9.999999e-01,0.000000,1.000000,-17.16014,-0.00000,Water,1.000000,2.191197e-14,8.981019e-09,2.785181e-15,3.722783e-09,3.376439e-15
13,6,-45,-115,3.906509e-07,9.999996e-01,0.000000,1.000000,-14.75545,-0.00000,Water,1.000000,2.506064e-13,1.142619e-08,3.009358e-14,4.145062e-09,2.649571e-14
13,7,-45,-105,1.086772e-08,1.000000e+00,0.000000,1.000000,-18.33747,-0.00000,Water,1.000000,8.420399e-15,8.049781e-09,7.699418e-16,3.708354e-09,1.141357e-15
13,8,-45,-95,3.304993e-08,9.999999e-01,0.000000,1.000000,-17.22525,-0.00000,Water,1.000000,2.755655e-14,8.967907e-09,2.374131e-15,3.861215e-09,2.906700e-15
13,9,-45,-85,3.960592e-09,1.000000e+00,0.000000,1.000000,-19.34687,-0.00000,Water,1.000000,4.014407e-15,9.462680e-09,3.215159e-16,4.237343e-09,4.755613e-16
13,10,-45,-75,8.143849e-08,9.999999e-01,0.000000,1.000000,-16.32342,-0.00000,Water,1.000000,5.746971e-14,1.201037e-08,8.032907e-15,5.267317e-09,6.771783e-15
13,11,-45,-65,3.870530e-08,9.999999e-01,0.000000,1.000000,-17.06729,-0.00000,Water,1.000000,2.846393e-14,9.635061e-09,3.361025e-15,4.542669e-09,3.529254e-15
13,12,-45,-55,8.482647e-09,1.000000e+00,0.000000,1.000000,-18.58524,-0.00000,Water,1.000000,8.565906e-15,1.185689e-08,7.515361e-16,4.682330e-09,9.571085e-16
13,13,-45,-45,1.989008e-06,9.999980e-01,0.000002,1.000000,-13.12787,-0.00000,Water,0.999998,7.504522e-13,1.024642e-08,1.922082e-13,4.682195e-09,4.661297e-14
13,14,-45,-35,1.837521e-07,9.999998e-01,0.000000,1.000000,-15.50968,-0.00000,Water,1.000000,1.353453e-13,1.106295e-08,1.885580e-14,4.836078e-09,1.168297e-14
13,15,-45,-25,2.109917e-07,9.999998e-01,0.000000,1.000000,-15.37145,-0.00000,Water,1.000000,1.790399e-13,1.264803e-08,2.126166e-14,4.823651e-09,1.625077e-14
13,16,-45,-15,9.700282e-09,1.000000e+00,0.000000,1.000000,-18.45111,-0.00000,Water,1.000000,8.073736e-15,1.008574e-08,8.039855e-16,3.855931e-09,9.306582e-16
13,17,-45,-5,1.968883e-09,1.000000e+00,0.000000,1.000000,-20.04580,-0.00000,Water,1.000000,2.995573e-15,1.376612e-08,1.929173e-16,4.753853e-09,2.721097e-16
13,18,-45,5,2.161668e-06,9.999978e-01,0.000002,1.000000,-13.04463,-0.00000,Water,0.999998,1.691505e-12,2.210069e-08,2.764890e-13,6.038811e-09,9.637369e-14
13,19,-45,15,7.021320e-07,9.999993e-01,0.000001,1.000000,-14.16914,-0.00000,Water,0.999999,4.708063e-13,1.923171e-08,1.007086e-13,5.853673e-09,4.239666e-14
13,20,-45,25,1.418722e-05,9.999858e-01,0.000014,1.000000,-11.16317,-0.00001,Water,0.999986,6.452356e-12,1.830003e-08,1.653468e-12,5.020643e-09,4.249399e-13
13,21,-45,35,2.258066e-06,9.999977e-01,0.000002,1.000000,-13.00100,-0.00000,Water,0.999998,1.249981e-12,1.907969e-08,2.653421e-13,5.844694e-09,9.614198e-14
13,22,-45,45,1.928832e-05,9.999807e-01,0.000019,1.000000,-10.85601,-0.00002,Water,0.999981,7.176113e-12,1.882758e-08,2.349951e-12,6.109750e-09,4.853524e-13
13,23,-45,55,4.802659e-07,9.999995e-01,0.000000,1.000000,-14.54893,-0.00000,Water,0.999999,3.359975e-13,1.740117e-08,5.020968e-14,5.293238e-09,2.630958e-14
13,24,-45,65,3.083779e-07,9.999997e-01,0.000000,1.000000,-14.99194,-0.00000,Water,1.000000,2.471106e-13,1.896081e-08,3.153792e-14,4.778560e-09,2.051597e-14
13,25,-45,75,1.078845e-05,9.999892e-01,0.000011,1.000000,-11.43703,-0.00001,Water,0.999989,3.877389e-12,1.448584e-08,1.035369e-12,4.246861e-09,2.810700e-13
13,26,-45,85,9.253395e-08,9.999999e-01,0.000000,1.000000,-16.19569,-0.00000,Water,1.000000,6.550759e-14,1.561853e-08,9.751470e-15,5.058114e-09,7.357553e-15
13,27,-45,95,1.033399e-06,9.999989e-01,0.000001,1.000000,-13.78266,-0.00000,Water,0.999999,9.037112e-13,1.537617e-08,1.044635e-13,4.702570e-09,6.564154e-14
13,28,-45,105,4.518519e-05,9.999548e-01,0.000045,1.000000,-10.00474,-0.00005,Water,0.999955,1.785450e-11,1.596199e-08,4.700409e-12,4.239949e-09,1.185798e-12
13,29,-45,115,8.495801e-06,9.999915e-01,0.000008,1.000000,-11.67594,-0.00001,Water,0.999991,6.364838e-12,2.270341e-08,1.231179e-12,6.076346e-09,4.483844e-13
13,30,-45,125,1.066419e-06,9.999989e-01,0.000001,1.000000,-13.75120,-0.00000,Water,0.999999,8.913786e-13,2.066238e-08,1.753084e-13,7.339039e-09,8.962283e-14
13,31,-45,135,6.472787e-07,9.999993e-01,0.000001,1.000000,-14.25049,-0.00000,Water,0.999999,3.702259e-13,1.241281e-08,6.256195e-14,4.697372e-09,3.599435e-14
13,32,-45,145,1.545289e-04,9.998454e-01,0.000155,1.000000,-8.77513,-0.00015,Water,0.999845,4.183342e-11,1.565656e-08,1.961875e-11,6.647257e-09,3.866891e-12
13,33,-45,155,4.010288e-06,9.999960e-01,0.000004,1.000000,-12.42665,-0.00000,Water,0.999996,2.369638e-12,1.640677e-08,5.205761e-13,6.640273e-09,2.396225e-13
13,34,-45,165,4.337790e-05,9.999566e-01,0.000043,1.000000,-10.04556,-0.00004,Water,0.999957,1.682999e-11,1.892162e-08,4.660513e-12,6.067842e-09,1.381084e-12
13,35,-45,175,7.120901e-05,9.999288e-01,0.000071,1.000000,-9.54989,-0.00007,Water,0.999929,1.941741e-11,1.015902e-08,6.956399e-12,5.142667e-09,1.880682e-12
14,0,-55,-175,1.677421e-05,9.999832e-01,0.000017,1.000000,-10.99567,-0.00002,Water,0.999983,3.734449e-12,8.320152e-09,1.244750e-12,3.855932e-09,3.124023e-13
14,1,-55,-165,3.674199e-06,9.999963e-01,0.000004,1.000000,-12.51418,-0.00000,Water,0.999996,1.849783e-12,1.264890e-08,3.219146e-13,5.101473e-09,1.514608e-13
14,2,-55,-155,1.225581e-05,9.999877e-01,0.000012,1.000000,-11.30951,-0.00001,Water,0.999988,4.917869e-12,1.456109e-08,1.098596e-12,4.980813e-09,4.344258e-13
14,3,-55,-145,9.325644e-06,9.999907e-01,0.000009,1.000000,-11.58274,-0.00001,Water,0.999991,3.194755e-12,1.243659e-08,7.305000e-13,4.315960e-09,3.012359e-13
14,4,-55,-135,7.344035e-07,9.999992e-01,0.000001,1.000000,-14.12421,-0.00000,Water,0.999999,3.390347e-13,9.696890e-09,5.863128e-14,4.459180e-09,3.665876e-14
14,5,-55,-125,1.545601e-06,9.999984e-01,0.000002,1.000000,-13.38010,-0.00000,Water,0.999998,6.533738e-13,1.101569e-08,1.178636e-13,3.942482e-09,6.408455e-14
14,6,-55,-115,1.182571e-05,9.999882e-01,0.000012,1.000000,-11.34523,-0.00001,Water,0.999988,5.519617e-12,1.291019e-08,1.038319e-12,4.478035e-09,4.359209e-13
14,7,-55,-105,1.421352e-07,9.999998e-01,0.000000,1.000000,-15.76649,-0.00000,Water,1.000000,7.675525e-14,7.778504e-09,1.057906e-14,3.751708e-09,7.939556e-15
14,8,-55,-95,1.459521e-06,9.999985e-01,0.000001,1.000000,-13.43740,-0.00000,Water,0.999999,6.238677e-13,8.634050e-09,1.024060e-13,3.764089e-09,4.600873e-14
14,9,-55,-85,2.212626e-07,9.999998e-01,0.000000,1.000000,-15.32392,-0.00000,Water,1.000000,1.047041e-13,8.177465e-09,1.742760e-14,3.756434e-09,1.057763e-14
14,10,-55,-75,1.414266e-06,9.999986e-01,0.000001,1.000000,-13.46890,-0.00000,Water,0.999999,6.709382e-13,1.115609e-08,1.250282e-13,4.556077e-09,4.685970e-14
14,11,-55,-65,9.654801e-07,9.999990e-01,0.000001,1.000000,-13.85064,-0.00000,Water,0.999999,4.364281e-13,8.960700e-09,7.829562e-14,4.049449e-09,4.113859e-14
14,12,-55,-55,4.087557e-07,9.999996e-01,0.000000,1.000000,-14.71015,-0.00000,Water,1.000000,1.694928e-13,8.546011e-09,3.786207e-14,4.733818e-09,1.342637e-14
14,13,-55,-45,1.352831e-06,9.999986e-01,0.000001,1.000000,-13.51331,-0.00000,Water,0.999999,5.232094e-13,1.068704e-08,1.354141e-13,4.636714e-09,4.085363e-14
14,14,-55,-35,2.224296e-05,9.999777e-01,0.000022,1.000000,-10.71349,-0.00002,Water,0.999978,7.174107e-12,1.148235e-08,2.108413e-12,4.545671e-09,5.406721e-13
14,15,-55,-25,1.484495e-05,9.999851e-01,0.000015,1.000000,-11.11785,-0.00001,Water,0.999985,5.880685e-12,1.258398e-08,1.602381e-12,4.763403e-09,3.640272e-13
14,16,-55,-15,1.250516e-07,9.999999e-01,0.000000,1.000000,-15.89454,-0.00000,Water,1.000000,7.189724e-14,9.713167e-09,1.102588e-14,3.846799e-09,6.778845e-15
14,17,-55,-5,1.559829e-07,9.999998e-01,0.000000,1.000000,-15.67352,-0.00000,Water,1.000000,9.966733e-14,1.209351e-08,1.766351e-14,4.826265e-09,7.711980e-15
14,18,-55,5,3.356698e-06,9.999966e-01,0.000003,1.000000,-12.60455,-0.00000,Water,0.999997,2.261367e-12,1.876718e-08,4.500198e-13,5.852887e-09,1.170754e-13
14,19,-55,15,5.000447e-07,9.999995e-01,0.000001,1.000000,-14.50857,-0.00000,Water,0.999999,3.337677e-13,1.399584e-08,5.751486e-14,4.471284e-09,3.273119e-14
14,20,-55,25,1.746138e-05,9.999825e-01,0.000017,1.000000,-10.95552,-0.00002,Water,0.999983,9.835034e-12,1.943794e-08,2.364423e-12,5.865466e-09,6.633765e-13
14,21,-55,35,1.945080e-05,9.999805e-01,0.000019,1.000000,-10.84762,-0.00002,Water,0.999981,8.513135e-12,1.639973e-08,2.298905e-12,5.101363e-09,6.211884e-13
14,22,-55,45,1.599818e-06,9.999984e-01,0.000002,1.000000,-13.34562,-0.00000,Water,0.999998,8.487634e-13,1.531849e-08,1.620065e-13,4.879070e-09,7.612870e-14
14,23,-55,55,2.098744e-06,9.999979e-01,0.000002,1.000000,-13.07417,-0.00000,Water,0.999998,1.195310e-12,1.614880e-08,2.480600e-13,5.943805e-09,9.542775e-14
14,24,-55,65,5.143095e-07,9.999995e-01,0.000001,1.000000,-14.48044,-0.00000,Water,0.999999,2.915797e-13,1.338609e-08,4.859384e-14,4.244435e-09,2.498516e-14
14,25,-55,75,2.704322e-05,9.999729e-01,0.000027,1.000000,-10.51807,-0.00003,Water,0.999973,1.087139e-11,1.392122e-08,2.900180e-12,4.749057e-09,7.417839e-13
14,26,-55,85,8.618746e-07,9.999991e-01,0.000001,1.000000,-13.96416,-0.00000,Water,0.999999,4.588635e-13,1.428689e-08,7.443698e-14,4.206506e-09,5.323993e-14
14,27,-55,95,1.336750e-07,9.999998e-01,0.000000,1.000000,-15.82785,-0.00000,Water,1.000000,1.870098e-13,1.250373e-08,1.208935e-14,4.337531e-09,1.286935e-14
14,28,-55,105,1.981787e-06,9.999980e-01,0.000002,1.000000,-13.13151,-0.00000,Water,0.999998,1.293525e-12,1.436729e-08,2.255640e-13,4.758715e-09,9.882516e-14
14,29,-55,115,3.684901e-05,9.999631e-01,0.000037,1.000000,-10.20868,-0.00004,Water,0.999963,1.718392e-11,1.483452e-08,4.718674e-12,5.552971e-09,1.187021e-12
14,30,-55,125,3.867430e-08,9.999999e-01,0.000000,1.000000,-17.06809,-0.00000,Water,1.000000,4.550041e-14,1.109103e-08,4.159552e-15,5.019814e-09,5.169739e-15
14,31,-55,135,7.060197e-07,9.999993e-01,0.000001,1.000000,-14.16362,-0.00000,Water,0.999999,5.280379e-13,1.204859e-08,7.148670e-14,5.123477e-09,5.245684e-14
14,32,-55,145,6.570837e-05,9.999343e-01,0.000066,1.000000,-9.63028,-0.00007,Water,0.999934,2.963377e-11,1.606833e-08,7.220468e-12,5.698496e-09,2.188447e-12
14,33,-55,155,1.234115e-05,9.999876e-01,0.000012,1.000000,-11.30257,-0.00001,Water,0.999988,5.084645e-12,1.337345e-08,1.270544e-12,5.472199e-09,4.586159e-13
14,34,-55,165,2.802174e-04,9.997197e-01,0.000280,1.000000,-8.17994,-0.00028,Water,0.999720,8.064450e-11,1.619353e-08,2.920990e-11,6.071799e-09,6.188003e-12
14,35,-55,175,2.659771e-04,9.997340e-01,0.000266,1.000000,-8.23210,-0.00027,Water,0.999734,6.417294e-11,1.195541e-08,2.513466e-11,5.405950e-09,6.229278e-12
15,0,-65,-175,1.588188e-05,9.999841e-01,0.000016,1.000000,-11.05033,-0.00002,Water,0.999984,4.030811e-12,9.364461e-09,1.180021e-12,3.901053e-09,2.960940e-13
15,1,-65,-165,1.134184e-05,9.999886e-01,0.000011,1.000000,-11.38701,-0.00001,Water,0.999989,3.286631e-12,1.012062e-08,7.844194e-13,3.961280e-09,2.453350e-13
15,2,-65,-155,1.655275e-05,9.999834e-01,0.000017,1.000000,-11.00896,-0.00002,Water,0.999983,5.833631e-12,1.278127e-08,1.228284e-12,4.270482e-09,3.898462e-13
15,3,-65,-145,9.738279e-06,9.999902e-01,0.000010,1.000000,-11.53945,-0.00001,Water,0.999990,3.898260e-12,1.485137e-08,7.540707e-13,4.609516e-09,2.664904e-13
15,4,-65,-135,2.430131e-07,9.999997e-01,0.000000,1.000000,-15.23015,-0.00000,Water,1.000000,1.830477e-13,1.064226e-08,1.910356e-14,5.008805e-09,1.868806e-14
15,5,-65,-125,7.384276e-07,9.999992e-01,0.000001,1.000000,-14.11874,-0.00000,Water,0.999999,4.420396e-13,1.223249e-08,5.881788e-14,4.299195e-09,4.502345e-14
15,6,-65,-115,1.345015e-05,9.999865e-01,0.000013,1.000000,-11.21652,-0.00001,Water,0.999987,5.758025e-12,1.332600e-08,1.187185e-12,4.745626e-09,4.629835e-13
15,7,-65,-105,1.300274e-07,9.999999e-01,0.000000,1.000000,-15.85552,-0.00000,Water,1.000000,9.602032e-14,1.070292e-08,9.683549e-15,3.773662e-09,8.840758e-15
15,8,-65,-95,2.272453e-07,9.999998e-01,0.000000,1.000000,-15.29724,-0.00000,Water,1.000000,1.235305e-13,1.023222e-08,1.449704e-14,3.330035e-09,1.071349e-14
15,9,-65,-85,3.768270e-08,9.999999e-01,0.000000,1.000000,-17.09406,-0.00000,Water,1.000000,2.437220e-14,9.321804e-09,2.533488e-15,3.965422e-09,2.134007e-15
15,10,-65,-75,1.997931e-07,9.999998e-01,0.000000,1.000000,-15.42598,-0.00000,Water,1.000000,1.325266e-13,1.214601e-08,1.899163e-14,5.185248e-09,1.206591e-14
15,11,-65,-65,1.062563e-07,9.999999e-01,0.000000,1.000000,-16.05741,-0.00000,Water,1.000000,7.469645e-14,9.836589e-09,8.599973e-15,4.497132e-09,6.066171e-15
15,12,-65,-55,2.588811e-07,9.999997e-01,0.000000,1.000000,-15.16690,-0.00000,Water,1.000000,1.693328e-13,1.294488e-08,2.277900e-14,5.185792e-09,1.331941e-14
15,13,-65,-45,2.765410e-07,9.999997e-01,0.000000,1.000000,-15.10091,-0.00000,Water,1.000000,1.464802e-13,1.096225e-08,2.363174e-14,4.553459e-09,1.476782e-14
15,14,-65,-35,1.536632e-06,9.999984e-01,0.000002,1.000000,-13.38592,-0.00000,Water,0.999998,8.548381e-13,1.488629e-08,1.396923e-13,4.501322e-09,6.675532e-14
15,15,-65,-25,3.503299e-06,9.999965e-01,0.000004,1.000000,-12.56181,-0.00000,Water,0.999996,1.798999e-12,1.430304e-08,3.301010e-13,4.764620e-09,1.269708e-13
15,16,-65,-15,5.237875e-08,9.999999e-01,0.000000,1.000000,-16.76476,-0.00000,Water,1.000000,4.453532e-14,1.234755e-08,4.405374e-15,4.677563e-09,3.750420e-15
15,17,-65,-5,4.760251e-08,9.999999e-01,0.000000,1.000000,-16.86038,-0.00000,Water,1.000000,5.361795e-14,1.745643e-08,5.034733e-15,5.892480e-09,3.572756e-15
15,18,-65,5,2.673873e-07,9.999997e-01,0.000000,1.000000,-15.13457,-0.00000,Water,1.000000,2.913538e-13,2.215944e-08,2.828481e-14,5.916918e-09,2.002853e-14
15,19,-65,15,8.329696e-08,9.999999e-01,0.000000,1.000000,-16.30085,-0.00000,Water,1.000000,8.290030e-14,1.543080e-08,8.064893e-15,5.174509e-09,8.316918e-15
15,20,-65,25,5.338718e-07,9.999994e-01,0.000001,1.000000,-14.44311,-0.00000,Water,0.999999,5.069044e-13,1.761170e-08,6.185474e-14,5.616521e-09,3.936157e-14
15,21,-65,35,3.275429e-07,9.999996e-01,0.000000,1.000000,-14.93165,-0.00000,Water,1.000000,2.783048e-13,1.877490e-08,2.847404e-14,4.576148e-09,2.639367e-14
15,22,-65,45,1.026698e-07,9.999999e-01,0.000000,1.000000,-16.09175,-0.00000,Water,1.000000,8.263114e-14,1.857416e-08,9.889638e-15,5.939964e-09,8.735661e-15
15,23,-65,55,2.414225e-07,9.999997e-01,0.000000,1.000000,-15.23672,-0.00000,Water,1.000000,1.914873e-13,1.623655e-08,2.206703e-14,5.096151e-09,1.693111e-14
15,24,-65,65,2.926817e-07,9.999997e-01,0.000000,1.000000,-15.04418,-0.00000,Water,1.000000,2.287431e-13,1.570600e-08,2.726838e-14,5.263941e-09,2.004802e-14
15,25,-65,75,1.165458e-06,9.999988e-01,0.000001,1.000000,-13.66240,-0.00000,Water,0.999999,6.993362e-13,1.294524e-08,1.222128e-13,5.258708e-09,6.115366e-14
15,26,-65,85,1.221506e-07,9.999999e-01,0.000000,1.000000,-15.91801,-0.00000,Water,1.000000,8.718204e-14,1.297620e-08,9.727515e-15,4.405870e-09,1.055731e-14
15,27,-65,95,4.671778e-08,9.999999e-01,0.000000,1.000000,-16.87914,-0.00000,Water,1.000000,6.118430e-14,1.426384e-08,4.126308e-15,4.936290e-09,5.623109e-15
15,28,-65,105,1.128910e-07,9.999999e-01,0.000000,1.000000,-15.99684,-0.00000,Water,1.000000,8.998485e-14,1.126790e-08,9.261131e-15,3.893198e-09,8.995142e-15
15,29,-65,115,7.818796e-06,9.999921e-01,0.000008,1.000000,-11.75898,-0.00001,Water,0.999992,5.045522e-12,1.789461e-08,8.689156e-13,5.775170e-09,3.918886e-13
15,30,-65,125,1.187638e-08,1.000000e+00,0.000000,1.000000,-18.24871,-0.00000,Water,1.000000,1.718133e-14,1.540010e-08,1.057126e-15,4.706056e-09,1.842556e-15
15,31,-65,135,2.570223e-07,9.999997e-01,0.000000,1.000000,-15.17410,-0.00000,Water,1.000000,1.855665e-13,1.134298e-08,2.201847e-14,4.594077e-09,2.182717e-14
15,32,-65,145,1.463813e-05,9.999853e-01,0.000015,1.000000,-11.13188,-0.00001,Water,0.999985,7.738749e-12,1.595690e-08,1.686169e-12,6.255324e-09,6.886502e-13
15,33,-65,155,8.567106e-06,9.999914e-01,0.000009,1.000000,-11.66758,-0.00001,Water,0.999991,4.534477e-12,1.781983e-08,8.967111e-13,6.006093e-09,3.859054e-13
15,34,-65,165,1.267891e-04,9.998732e-01,0.000127,1.000000,-8.97299,-0.00013,Water,0.999873,4.089340e-11,1.784586e-08,1.234587e-11,6.149192e-09,2.557047e-12
15,35,-65,175,1.284642e-04,9.998715e-01,0.000128,1.000000,-8.95986,-0.00013,Water,0.999872,3.314442e-11,1.206738e-08,1.132599e-11,5.147043e-09,2.859652e-12
16,0,-75,-175,1.069105e-06,9.999989e-01,0.000001,1.000000,-13.74869,-0.00000,Water,0.999999,4.310754e-13,8.045367e-09,8.616511e-14,4.540247e-09,5.600543e-14
16,1,-75,-165,1.180117e-07,9.999999e-01,0.000000,1.000000,-15.95248,-0.00000,Water,1.000000,6.022033e-14,7.413528e-09,9.339073e-15,4.546248e-09,8.214796e-15
16,2,-75,-155,6.456425e-08,9.999999e-01,0.000000,1.000000,-16.55561,-0.00000,Water,1.000000,6.004920e-14,1.170109e-08,5.054145e-15,5.192097e-09,8.539112e-15
16,3,-75,-145,1.179410e-07,9.999999e-01,0.000000,1.000000,-15.95308,-0.00000,Water,1.000000,8.352683e-14,9.934598e-09,9.914181e-15,4.736421e-09,1.057604e-14
16,4,-75,-135,3.265840e-08,1.000000e+00,0.000000,1.000000,-17.23716,-0.00000,Water,1.000000,2.474001e-14,7.753397e-09,2.611121e-15,4.797200e-09,3.862603e-15
16,5,-75,-125,1.010892e-08,1.000000e+00,0.000000,1.000000,-18.40985,-0.00000,Water,1.000000,7.883828e-15,8.741989e-09,7.285639e-16,4.158002e-09,1.335425e-15
16,6,-75,-115,4.634441e-08,9.999999e-01,0.000000,1.000000,-16.88717,-0.00000,Water,1.000000,3.966985e-14,9.037036e-09,3.804496e-15,4.595848e-09,6.149876e-15
16,7,-75,-105,1.352646e-08,1.000000e+00,0.000000,1.000000,-18.11862,-0.00000,Water,1.000000,1.075918e-14,8.004477e-09,8.603775e-16,3.519259e-09,1.478852e-15
16,8,-75,-95,1.891545e-07,9.999998e-01,0.000000,1.000000,-15.48070,-0.00000,Water,1.000000,1.181843e-13,1.008066e-08,1.592984e-14,4.455825e-09,1.188691e-14
16,9,-75,-85,8.816298e-10,1.000000e+00,0.000000,1.000000,-20.84925,-0.00000,Water,1.000000,1.063545e-15,7.556836e-09,6.263288e-17,4.125038e-09,1.523226e-16
16,10,-75,-75,2.250319e-06,9.999977e-01,0.000002,1.000000,-13.00444,-0.00000,Water,0.999998,9.526366e-13,1.226836e-08,2.402696e-13,4.935469e-09,6.677093e-14
16,11,-75,-65,2.346028e-08,1.000000e+00,0.000000,1.000000,-17.56796,-0.00000,Water,1.000000,2.136570e-14,1.385703e-08,2.200450e-15,5.422695e-09,3.012455e-15
16,12,-75,-55,8.794422e-08,9.999999e-01,0.000000,1.000000,-16.24656,-0.00000,Water,1.000000,6.644045e-14,1.110674e-08,9.806119e-15,6.047307e-09,8.335689e-15
16,13,-75,-45,1.272515e-07,9.999998e-01,0.000000,1.000000,-15.87710,-0.00000,Water,1.000000,9.236967e-14,1.189022e-08,1.266543e-14,5.184240e-09,9.780528e-15
16,14,-75,-35,1.062514e-06,9.999989e-01,0.000001,1.000000,-13.75487,-0.00000,Water,0.999999,5.861837e-13,1.293596e-08,1.017316e-13,4.816458e-09,5.436584e-14
16,15,-75,-25,4.503118e-07,9.999995e-01,0.000000,1.000000,-14.61333,-0.00000,Water,1.000000,3.176510e-13,1.415577e-08,4.504137e-14,5.128259e-09,2.945727e-14
16,16,-75,-15,2.332677e-09,1.000000e+00,0.000000,1.000000,-19.87625,-0.00000,Water,1.000000,2.782171e-15,9.558440e-09,1.675515e-16,4.075487e-09,3.619571e-16
16,17,-75,-5,1.507611e-08,1.000000e+00,0.000000,1.000000,-18.01015,-0.00000,Water,1.000000,1.752588e-14,1.486603e-08,1.346573e-15,4.726692e-09,1.664841e-15
16,18,-75,5,7.109995e-07,9.999993e-01,0.000001,1.000000,-14.15659,-0.00000,Water,0.999999,4.999229e-13,1.666872e-08,6.751933e-14,5.005489e-09,3.522414e-14
16,19,-75,15,3.061010e-09,1.000000e+00,0.000000,1.000000,-19.60452,-0.00000,Water,1.000000,2.992249e-15,8.314882e-09,2.061703e-16,3.732893e-09,3.798940e-16
16,20,-75,25,9.631593e-08,9.999999e-01,0.000000,1.000000,-16.15563,-0.00000,Water,1.000000,9.419563e-14,1.659207e-08,9.820494e-15,4.896960e-09,8.480930e-15
16,21,-75,35,2.214369e-08,1.000000e+00,0.000000,1.000000,-17.62571,-0.00000,Water,1.000000,1.931220e-14,1.402190e-08,1.962358e-15,4.477738e-09,2.259002e-15
16,22,-75,45,9.002529e-08,9.999999e-01,0.000000,1.000000,-16.22318,-0.00000,Water,1.000000,6.324924e-14,1.737475e-08,7.327317e-15,4.805762e-09,7.058268e-15
16,23,-75,55,5.645611e-07,9.999994e-01,0.000001,1.000000,-14.38722,-0.00000,Water,0.999999,3.777390e-13,1.615866e-08,5.133109e-14,5.146583e-09,3.212760e-14
16,24,-75,65,2.466188e-07,9.999997e-01,0.000000,1.000000,-15.21542,-0.00000,Water,1.000000,2.206133e-13,1.911182e-08,2.346477e-14,5.102765e-09,1.897092e-14
16,25,-75,75,6.461118e-07,9.999993e-01,0.000001,1.000000,-14.25229,-0.00000,Water,0.999999,3.486332e-13,1.262334e-08,6.946090e-14,6.230109e-09,3.038269e-14
16,26,-75,85,6.601644e-09,1.000000e+00,0.000000,1.000000,-18.83595,-0.00000,Water,1.000000,7.126773e-15,1.230631e-08,5.777740e-16,4.800092e-09,9.734100e-16
16,27,-75,95,2.302095e-09,1.000000e+00,0.000000,1.000000,-19.88945,-0.00000,Water,1.000000,2.565181e-15,8.974632e-09,1.481671e-16,3.677292e-09,3.319279e-16
16,28,-75,105,1.260948e-09,1.000000e+00,0.000000,1.000000,-20.49140,-0.00000,Water,1.000000,1.649467e-15,7.933480e-09,9.355976e-17,3.947883e-09,1.988217e-16
16,29,-75,115,3.242330e-08,9.999999e-01,0.000000,1.000000,-17.24439,-0.00000,Water,1.000000,3.188812e-14,1.005263e-08,3.055917e-15,5.195852e-09,4.017927e-15
16,30,-75,125,2.447805e-10,1.000000e+00,0.000000,1.000000,-22.13066,-0.00000,Water,1.000000,3.958207e-16,6.199507e-09,1.476253e-17,3.980851e-09,5.982179e-17
16,31,-75,135,8.896485e-10,1.000000e+00,0.000000,1.000000,-20.84019,-0.00000,Water,1.000000,1.058566e-15,6.060321e-09,5.700097e-17,4.081213e-09,1.996250e-16
16,32,-75,145,1.905623e-09,1.000000e+00,0.000000,1.000000,-20.07846,-0.00000,Water,1.000000,3.714274e-15,9.526897e-09,2.008475e-16,5.903741e-09,5.523646e-16
16,33,-75,155,1.317722e-09,1.000000e+00,0.000000,1.000000,-20.44736,-0.00000,Water,1.000000,1.769498e-15,6.264144e-09,1.170414e-16,5.371349e-09,4.035490e-16
16,34,-75,165,6.170218e-08,9.999999e-01,0.000000,1.000000,-16.60095,-0.00000,Water,1.000000,6.669840e-14,1.076188e-08,6.056223e-15,5.765320e-09,8.184674e-15
16,35,-75,175,5.233629e-06,9.999947e-01,0.000005,1.000000,-12.16041,-0.00001,Water,0.999995,2.788738e-12,7.564295e-09,4.589657e-13,5.201428e-09,3.444155e-13
17,0,-85,-175,1.423760e-06,9.999986e-01,0.000001,1.000000,-13.46221,-0.00000,Water,0.999999,5.648056e-13,8.847336e-09,1.123308e-13,4.299627e-09,6.487603e-14
17,1,-85,-165,8.785266e-07,9.999991e-01,0.000001,1.000000,-13.94502,-0.00000,Water,0.999999,4.182632e-13,1.030322e-08,6.626929e-14,4.509188e-09,4.420991e-14
17,2,-85,-155,1.866387e-07,9.999998e-01,0.000000,1.000000,-15.49409,-0.00000,Water,1.000000,1.351784e-13,1.175943e-08,1.765002e-14,5.665326e-09,1.680470e-14
17,3,-85,-145,1.072219e-06,9.999989e-01,0.000001,1.000000,-13.74578,-0.00000,Water,0.999999,4.384405e-13,1.104997e-08,8.889621e-14,4.623733e-09,4.762007e-14
17,4,-85,-135,8.313585e-08,9.999999e-01,0.000000,1.000000,-16.30279,-0.00000,Water,1.000000,5.237195e-14,8.751114e-09,6.305360e-15,4.303604e-09,7.724980e-15
17,5,-85,-125,1.132297e-07,9.999999e-01,0.000000,1.000000,-15.99385,-0.00000,Water,1.000000,8.525974e-14,1.129469e-08,9.681518e-15,4.447131e-09,1.163821e-14
17,6,-85,-115,1.172828e-06,9.999988e-01,0.000001,1.000000,-13.65609,-0.00000,Water,0.999999,6.161881e-13,1.085120e-08,9.661387e-14,4.383912e-09,5.994745e-14
17,7,-85,-105,2.275064e-07,9.999998e-01,0.000000,1.000000,-15.29609,-0.00000,Water,1.000000,1.426042e-13,9.135315e-09,1.581505e-14,3.135303e-09,1.288530e-14
17,8,-85,-95,1.493454e-06,9.999985e-01,0.000001,1.000000,-13.41442,-0.00000,Water,0.999998,6.489697e-13,9.855788e-09,1.379585e-13,4.488865e-09,5.676213e-14
17,9,-85,-85,7.942650e-06,9.999920e-01,0.000008,1.000000,-11.74326,-0.00001,Water,0.999992,2.112066e-12,9.872808e-09,7.457703e-13,4.693165e-09,1.466407e-13
17,10,-85,-75,1.050548e-06,9.999989e-01,0.000001,1.000000,-13.76620,-0.00000,Water,0.999999,4.652262e-13,1.107599e-08,1.017404e-13,4.726264e-09,4.280193e-14
17,11,-85,-65,5.582467e-07,9.999994e-01,0.000001,1.000000,-14.39846,-0.00000,Water,0.999999,3.094705e-13,1.091349e-08,4.978360e-14,4.420844e-09,3.137107e-14
17,12,-85,-55,8.131772e-07,9.999992e-01,0.000001,1.000000,-14.02232,-0.00000,Water,0.999999,4.601721e-13,1.276023e-08,7.769508e-14,4.716791e-09,4.414647e-14
17,13,-85,-45,5.978259e-07,9.999994e-01,0.000001,1.000000,-14.32997,-0.00000,Water,0.999999,2.783324e-13,1.142122e-08,5.608670e-14,4.429022e-09,2.726436e-14
17,14,-85,-35,6.621180e-07,9.999993e-01,0.000001,1.000000,-14.22782,-0.00000,Water,0.999999,4.480332e-13,1.119811e-08,6.560708e-14,4.395938e-09,3.747352e-14
17,15,-85,-25,6.424633e-07,9.999993e-01,0.000001,1.000000,-14.25796,-0.00000,Water,0.999999,4.125499e-13,1.352320e-08,6.656180e-14,5.086225e-09,3.417569e-14
17,16,-85,-15,3.986405e-09,1.000000e+00,0.000000,1.000000,-19.34038,-0.00000,Water,1.000000,3.976271e-15,8.545672e-09,2.925339e-16,3.679607e-09,4.748430e-16
17,17,-85,-5,1.397661e-08,1.000000e+00,0.000000,1.000000,-18.08588,-0.00000,Water,1.000000,1.685551e-14,1.263747e-08,1.427817e-15,4.624514e-09,1.971233e-15
17,18,-85,5,3.007676e-07,9.999997e-01,0.000000,1.000000,-15.01693,-0.00000,Water,1.000000,2.041963e-13,1.594584e-08,3.299194e-14,5.380022e-09,1.592402e-14
17,19,-85,15,5.789964e-07,9.999994e-01,0.000001,1.000000,-14.36197,-0.00000,Water,0.999999,3.259421e-13,1.425510e-08,6.482623e-14,4.908029e-09,3.347490e-14
17,20,-85,25,1.327523e-06,9.999986e-01,0.000001,1.000000,-13.53220,-0.00000,Water,0.999999,7.281840e-13,1.902048e-08,1.596580e-13,5.412293e-09,6.906347e-14
17,21,-85,35,1.605356e-06,9.999984e-01,0.000002,1.000000,-13.34216,-0.00000,Water,0.999998,7.800138e-13,1.638564e-08,1.522495e-13,4.265548e-09,7.225057e-14
17,22,-85,45,1.671964e-06,9.999983e-01,0.000002,1.000000,-13.30151,-0.00000,Water,0.999998,6.146735e-13,1.497971e-08,1.670004e-13,4.892340e-09,6.593965e-14
17,23,-85,55,1.517069e-05,9.999848e-01,0.000015,1.000000,-11.09615,-0.00002,Water,0.999985,5.298718e-12,1.740002e-08,1.543813e-12,5.120179e-09,3.969758e-13
17,24,-85,65,4.033932e-06,9.999959e-01,0.000004,1.000000,-12.42077,-0.00000,Water,0.999996,1.571384e-12,1.450092e-08,3.420546e-13,4.369258e-09,1.263845e-13
17,25,-85,75,3.191393e-05,9.999681e-01,0.000032,1.000000,-10.35247,-0.00003,Water,0.999968,9.738108e-12,1.731973e-08,3.443159e-12,5.538137e-09,8.551024e-13
17,26,-85,85,2.269325e-05,9.999773e-01,0.000023,1.000000,-10.69344,-0.00002,Water,0.999977,6.764960e-12,1.638092e-08,2.436573e-12,5.882757e-09,5.185813e-13
17,27,-85,95,9.064417e-07,9.999991e-01,0.000001,1.000000,-13.91374,-0.00000,Water,0.999999,4.666045e-13,1.110268e-08,7.683297e-14,3.997091e-09,4.598090e-14
17,28,-85,105,4.932095e-08,9.999999e-01,0.000000,1.000000,-16.82492,-0.00000,Water,1.000000,4.716400e-14,1.122273e-08,5.270728e-15,4.441053e-09,5.246330e-15
17,29,-85,115,4.143970e-06,9.999958e-01,0.000004,1.000000,-12.39386,-0.00000,Water,0.999996,2.211573e-12,1.326635e-08,4.753379e-13,5.316450e-09,1.981874e-13
17,30,-85,125,1.960953e-09,1.000000e+00,0.000000,1.000000,-20.04984,-0.00000,Water,1.000000,2.495892e-15,8.633519e-09,1.713893e-16,4.780558e-09,4.270656e-16
17,31,-85,135,7.522411e-08,9.999999e-01,0.000000,1.000000,-16.40279,-0.00000,Water,1.000000,6.162037e-14,1.105903e-08,6.595746e-15,4.832925e-09,7.770873e-15
17,32,-85,145,4.361684e-07,9.999995e-01,0.000000,1.000000,-14.64524,-0.00000,Water,1.000000,2.876665e-13,1.039527e-08,4.345592e-14,4.857478e-09,3.936766e-14
17,33,-85,155,2.700376e-07,9.999997e-01,0.000000,1.000000,-15.12470,-0.00000,Water,1.000000,2.103602e-13,1.294710e-08,2.927130e-14,6.010256e-09,3.155059e-14
17,34,-85,165,1.857407e-06,9.999981e-01,0.000002,1.000000,-13.19633,-0.00000,Water,0.999998,1.049191e-12,1.349289e-08,1.946038e-13,5.705929e-09,1.207044e-13
17,35,-85,175,7.435111e-05,9.999256e-01,0.000074,1.000000,-9.50671,-0.00007,Water,0.999926,2.029611e-11,1.111246e-08,6.891218e-12,5.547226e-09,2.299406e-12
